-- Generated by Craft v2.6.2987 on Aug 1, 2017, 1:34:27 PM.

--
-- Disable foreign key checks and autocommit.
--

SET FOREIGN_KEY_CHECKS = 0;
SET SQL_MODE = "NO_AUTO_VALUE_ON_ZERO";
SET AUTOCOMMIT = 0;
SET NAMES utf8;


DROP TABLE IF EXISTS `craft_assetfiles`;


--
-- Schema for table `craft_assetfiles`
--
CREATE TABLE `craft_assetfiles` (
  `id` int(11) NOT NULL,
  `sourceId` int(11) DEFAULT NULL,
  `folderId` int(11) NOT NULL,
  `filename` varchar(255) COLLATE utf8_unicode_ci NOT NULL,
  `kind` varchar(50) COLLATE utf8_unicode_ci NOT NULL DEFAULT 'unknown',
  `width` int(11) unsigned DEFAULT NULL,
  `height` int(11) unsigned DEFAULT NULL,
  `size` bigint(20) unsigned DEFAULT NULL,
  `dateModified` datetime DEFAULT NULL,
  `dateCreated` datetime NOT NULL,
  `dateUpdated` datetime NOT NULL,
  `uid` char(36) COLLATE utf8_unicode_ci NOT NULL DEFAULT '0',
  PRIMARY KEY (`id`),
  UNIQUE KEY `craft_assetfiles_filename_folderId_unq_idx` (`filename`,`folderId`),
  KEY `craft_assetfiles_sourceId_fk` (`sourceId`),
  KEY `craft_assetfiles_folderId_fk` (`folderId`)
) ENGINE=InnoDB DEFAULT CHARSET=utf8 COLLATE=utf8_unicode_ci;

--
-- Data for table `craft_assetfiles`
--

INSERT INTO `craft_assetfiles` (`id`, `sourceId`, `folderId`, `filename`, `kind`, `width`, `height`, `size`, `dateModified`, `dateCreated`, `dateUpdated`, `uid`) VALUES
 ('29', '1', '1', 'cbiapage.png', 'image', '1142', '3960', '710677', '2017-06-12 20:16:24', '2017-06-12 20:16:25', '2017-06-12 20:16:25', 'a2dc8998-8f56-442b-8ecd-3265c41f7145'),
 ('90', '2', '2', 'masthead-home-desktop.jpg', 'image', '1440', '800', '1411179', '2017-06-27 21:08:42', '2017-06-27 21:08:55', '2017-06-27 21:08:55', 'e259ea1b-7365-402b-8c45-0bb5ac06de43'),
 ('91', '2', '2', 'masthead-home.jpg', 'image', '375', '667', '266138', '2017-06-27 21:08:42', '2017-06-27 21:08:56', '2017-06-27 21:08:56', '69886e74-a3d9-4603-97fb-86f729770147'),
 ('92', '2', '2', 'masthead-work-desktop.jpg', 'image', '1440', '522', '1066317', '2017-06-27 21:08:43', '2017-06-27 21:08:56', '2017-06-27 21:08:56', '9f2ad7fb-8716-4ca5-8d91-3690fd0b5ec5'),
 ('165', '2', '2', 'masthead-work.jpg', 'image', '375', '549', '320239', '2017-07-11 16:36:27', '2017-07-11 16:36:28', '2017-07-11 16:36:38', '078f601e-8c36-4f06-83be-5f4a7ab55e61'),
 ('173', '3', '3', 'call-to-action-background-desktop.jpg', 'image', '1440', '300', '359386', '2017-07-11 18:14:19', '2017-07-11 18:14:19', '2017-07-11 18:14:19', 'cd6acd28-a5b9-402c-93ee-6f67e6422b09'),
 ('174', '3', '3', 'call-to-action-background-mobile.jpg', 'image', '375', '348', '144413', '2017-07-11 18:14:23', '2017-07-11 18:14:23', '2017-07-11 18:14:23', '93bf0d5b-29f0-4ee2-ba95-8bf3094c022f'),
 ('175', '9', '9', 'agawam-athletic-facility.jpg', 'image', '1440', '800', '1236388', '2017-07-11 18:46:05', '2017-07-11 18:46:05', '2017-07-11 18:46:05', '96d79e8d-bca6-4da0-9a1c-c5193ce2c7c7'),
 ('199', '2', '2', 'education-masthead-mobile.jpg', 'image', '375', '667', '387634', '2017-07-18 14:48:32', '2017-07-18 14:48:32', '2017-07-18 14:48:32', 'd7288f10-e316-4702-95f4-f988d6208220'),
 ('200', '2', '2', 'education-masthead-desktop.jpg', 'image', '1440', '800', '1755366', '2017-07-18 14:48:40', '2017-07-18 14:48:40', '2017-07-18 14:48:40', 'fced3dd1-b7ac-49a6-919d-3456b1f0a183'),
 ('225', '3', '3', 'athletic-facility.jpg', 'image', '976', '712', '998532', '2017-07-25 20:35:48', '2017-07-25 20:35:51', '2017-07-25 20:35:51', 'f46ffc1f-0fa0-4729-ac66-e5642e0b53b2'),
 ('227', '1', '1', 'athletic-facility.jpg', 'image', '976', '712', '998532', '2017-07-25 21:00:59', '2017-07-25 21:01:01', '2017-07-25 21:01:01', '86337623-a51a-4625-b3d8-8d9c6005dc49'),
 ('228', '3', '3', 'MP_3991-worthingtonimages.com-2017_RT.jpg', 'image', '1280', '853', '156409', '2017-07-27 19:07:17', '2017-07-26 18:16:31', '2017-07-27 19:07:21', 'd7f67155-f742-4c16-9441-cb884c083136'),
 ('229', '3', '3', 'concept-site-plan.png', 'image', '1280', '871', '1445745', '2017-07-26 18:17:12', '2017-07-26 18:17:12', '2017-07-26 18:17:12', '2672d9fd-f787-42ae-ad3c-50582b1cac29'),
 ('230', '3', '3', 'concept-gateway.png', 'image', '699', '439', '409419', '2017-07-26 18:17:21', '2017-07-26 18:17:21', '2017-07-26 18:17:21', '0fd69cb9-af59-469e-aaba-37577de1acfd'),
 ('231', '3', '3', 'IMG_3459.jpg', 'image', '1280', '960', '166708', '2017-07-26 18:18:11', '2017-07-26 18:18:11', '2017-07-26 18:18:11', 'd00242fc-3d3d-4b76-94fc-f9587a8f560e'),
 ('232', '1', '1', 'IMG_6096-worthingtonimages.com-2017_RT.jpg', 'image', '1280', '853', '156582', '2017-07-26 18:18:30', '2017-07-26 18:18:30', '2017-07-26 18:18:30', '22ea6610-8d09-4151-a5c4-2bfb52953157'),
 ('233', '1', '1', 'IMG_5849-worthingtonimages.com-2017_RT.jpg', 'image', '1280', '853', '195851', '2017-07-26 18:18:46', '2017-07-26 18:18:46', '2017-07-26 18:18:46', '0df5542c-fbc4-473c-91f3-19d94c95fe20'),
 ('234', '1', '1', 'IMG_5629-worthingtonimages.com-2017_RT.jpg', 'image', '1280', '853', '137626', '2017-07-26 18:18:59', '2017-07-26 18:18:59', '2017-07-26 18:18:59', '9394a764-01d1-4661-abec-09d39cdc557c'),
 ('235', '1', '1', 'MP_4218-worthingtonimages.com-2017_RT.jpg', 'image', '1280', '853', '228268', '2017-07-26 18:19:11', '2017-07-26 18:19:11', '2017-07-26 18:19:11', 'b9aa8124-dc6c-4272-9b1a-4602ad970e5e'),
 ('243', '2', '2', 'DSC1084.jpg', 'image', '1280', '850', '233650', '2017-07-26 18:48:35', '2017-07-26 18:48:35', '2017-07-26 18:48:35', '2686bb99-0832-44bc-a3dc-88f133370dc8'),
 ('244', '3', '3', 'z-roundabout-s.jpg', 'image', '1280', '960', '201954', '2017-07-26 18:50:57', '2017-07-26 18:50:58', '2017-07-26 18:50:58', '336f540f-a482-4563-9eb8-1df0f86525f7'),
 ('248', '9', '9', 'IMG_5691-worthingtonimages.com-2017_RT.jpg', 'image', '1280', '853', '169981', '2017-07-26 18:55:50', '2017-07-26 18:55:50', '2017-07-26 18:55:50', '1e4919f6-8634-4b8e-924d-4031f9f382f2'),
 ('255', '10', '10', 'DW3A5121.jpg', 'image', '1280', '855', '220726', '2017-07-26 19:23:15', '2017-07-26 19:23:15', '2017-07-26 19:23:15', '8c9a1488-d368-495c-8815-daf65da74db8'),
 ('272', '10', '10', 'Mark-Arigoni.jpg', 'image', '643', '667', '72601', '2017-07-26 19:38:58', '2017-07-26 19:39:00', '2017-07-26 19:39:00', 'ffeda7ba-2045-4ce9-bc01-54d766bd7145'),
 ('273', '3', '3', 'Call-To-Action-Panel.png', 'image', '1439', '304', '336387', '2017-07-26 19:40:45', '2017-07-26 19:40:45', '2017-07-26 19:40:45', 'b66dc436-642d-43fb-aaf9-2757be6f0fa7'),
 ('310', '2', '2', 'IMG_5691-worthingtonimages.com-2017_RT.jpg', 'image', '1280', '853', '169981', '2017-07-26 20:08:19', '2017-07-26 20:08:19', '2017-07-26 20:08:19', 'd06fc219-f2aa-4aa5-97c3-0cd49691cf6e'),
 ('385', '3', '3', 'Call-To-Action-Panel_170726_205322.png', 'image', '1439', '304', '336387', '2017-07-26 20:53:22', '2017-07-26 20:53:22', '2017-07-26 20:53:22', '05998f4d-b207-4de2-b5f6-9b7a87b2d0ce'),
 ('407', '2', '2', '1S3A7516.jpg', 'image', '5760', '3840', '14366874', '2017-07-27 17:52:01', '2017-07-27 17:52:02', '2017-07-27 17:52:02', 'c373b9cb-61c2-41e0-87ee-bfcf0d29b00b'),
 ('408', '3', '3', '1S3A7398.jpg', 'image', '5760', '3840', '14497017', '2017-07-27 17:56:04', '2017-07-27 17:56:05', '2017-07-27 17:56:05', '716fa906-b048-4709-8b40-3cf474747f74'),
 ('409', '3', '3', 'Arigoni-Family.jpg', 'image', '1280', '960', '187880', '2017-07-27 18:00:35', '2017-07-27 18:00:35', '2017-07-27 18:00:35', 'd704b7fe-cec9-4a11-868d-39d1ad4974f5'),
 ('410', '3', '3', 'IMG_2876.jpg', 'image', '1280', '960', '452051', '2017-07-27 18:00:43', '2017-07-27 18:00:43', '2017-07-27 18:00:43', '3e9a645e-a263-48ed-8879-e42ef73b42b3'),
 ('411', '1', '1', '1S3A7566.jpg', 'image', '5760', '3840', '13962760', '2017-07-27 18:07:42', '2017-07-27 18:07:43', '2017-07-27 18:07:43', '3c8dc763-6da9-4000-b492-791b18534a84'),
 ('412', '1', '1', '1S3A7581.jpg', 'image', '5760', '3840', '11620407', '2017-07-27 18:08:09', '2017-07-27 18:08:09', '2017-07-27 18:08:09', '7d6a67e7-3a27-4d6e-9f2e-46af75d28060'),
 ('413', '1', '1', '1S3A7647.jpg', 'image', '5760', '3840', '16815730', '2017-07-27 18:08:31', '2017-07-27 18:08:32', '2017-07-27 18:08:32', 'e4cf88ea-c750-477a-830e-27e7f3c711a7'),
 ('414', '1', '1', '1S3A7712.jpg', 'image', '5760', '3840', '14962424', '2017-07-27 18:09:04', '2017-07-27 18:09:05', '2017-07-27 18:09:05', '02215a1d-794b-4ef1-8165-2b135e876251'),
 ('415', '1', '1', 'DSC_0926.jpg', 'image', '1280', '851', '147173', '2017-07-27 18:09:27', '2017-07-27 18:09:27', '2017-07-27 18:09:27', '9613e044-bfbd-41ff-8c27-67bd7489b1d0'),
 ('416', '1', '1', 'DSC_0938.jpg', 'image', '1280', '851', '282642', '2017-07-27 18:09:48', '2017-07-27 18:09:48', '2017-07-27 18:09:48', '22cf5ce5-e4e4-4bd7-b270-267bb84e5ee1'),
 ('417', '3', '3', '20170623_163956.jpg', 'image', '1280', '960', '333737', '2017-07-27 18:11:25', '2017-07-27 18:11:25', '2017-07-27 18:11:25', '994fc7b2-5691-4871-a0f0-70bfb7e8c1fa'),
 ('418', '3', '3', '1S3A7532.jpg', 'image', '5760', '3840', '14279501', '2017-07-27 18:12:34', '2017-07-27 18:12:35', '2017-07-27 18:12:35', '89727632-4e86-480a-ae1f-53e8eddd290a'),
 ('440', '3', '3', 'Community_Day_9-10-2016.jpg', 'image', '3992', '2242', '8929471', '2017-07-27 18:30:49', '2017-07-27 18:30:49', '2017-07-27 18:30:49', 'eafda3fe-bfa3-4db2-bdf8-4cd746ae0c93'),
 ('447', '2', '2', 'mmi-office.jpg', 'image', '5760', '3840', '2673122', '2017-07-27 18:41:07', '2017-07-27 18:41:07', '2017-07-27 18:41:07', 'd42ce1fc-1e87-47ea-a213-35200b8ea34c'),
 ('454', '2', '2', '1S3A7503.jpg', 'image', '4877', '3226', '9251717', '2017-07-27 18:56:02', '2017-07-27 18:56:02', '2017-07-27 18:56:02', '119723cc-e1a9-455b-9592-16958495784a'),
 ('455', '2', '2', '1S3A7436.jpg', 'image', '5760', '3840', '11777229', '2017-07-27 18:57:29', '2017-07-27 18:57:30', '2017-07-27 18:57:30', 'c8d3803a-51ed-4be0-bccc-0c508c23f888'),
 ('501', '5', '5', 'shutterstock_406114573.jpg', 'image', '5184', '3456', '14089322', '2017-07-27 20:05:54', '2017-07-27 20:05:55', '2017-07-27 20:05:55', '73c054cb-700c-44dc-abed-339753d4e840'),
 ('502', '5', '5', 'shutterstock_406114573-1.jpg', 'image', '500', '334', '267482', '2017-07-27 20:06:03', '2017-07-27 20:06:03', '2017-07-27 20:06:03', '725090b4-85f3-4197-8627-cfe5feaeb057'),
 ('503', '5', '5', 'shutterstock_375806350.jpg', 'image', '500', '334', '193181', '2017-07-27 20:08:31', '2017-07-27 20:08:31', '2017-07-27 20:08:31', 'f5020f73-f7e2-474d-a14d-5c2309dbe441'),
 ('505', '5', '5', 'lorem_logo1.png', 'image', '263', '263', '54232', '2017-07-27 20:21:00', '2017-07-27 20:21:00', '2017-07-27 20:21:00', '9ffadd40-ca1b-4ccd-a78b-10ffade615bf'),
 ('506', '5', '5', 'lorem_logo2.png', 'image', '250', '250', '76218', '2017-07-27 20:21:00', '2017-07-27 20:21:01', '2017-07-27 20:21:01', '22efeca9-de8e-4026-a217-bb69a11f0915'),
 ('507', '5', '5', 'lorem_logo3.png', 'image', '286', '261', '74101', '2017-07-27 20:21:01', '2017-07-27 20:21:01', '2017-07-27 20:21:01', '343a83e4-0dde-4476-ac9e-c3cb5361cb47'),
 ('508', '5', '5', 'lorem_logo4.png', 'image', '272', '259', '81795', '2017-07-27 20:21:01', '2017-07-27 20:21:01', '2017-07-27 20:21:01', '1959eab5-f1fc-47bc-952e-b337a01155e3'),
 ('509', '5', '5', 'lorem_logo5.png', 'image', '256', '223', '56936', '2017-07-27 20:21:02', '2017-07-27 20:21:02', '2017-07-27 20:21:02', '6092783a-388a-4a37-bb75-aa7d6d5c6ca7'),
 ('510', '5', '5', 'lorem_logo6.png', 'image', '252', '251', '76929', '2017-07-27 20:21:02', '2017-07-27 20:21:02', '2017-07-27 20:21:02', 'e064c90f-cb70-4989-8232-2e632cb2ef30'),
 ('511', '5', '5', 'lorem_logo7.png', 'image', '250', '249', '63064', '2017-07-27 20:21:03', '2017-07-27 20:21:03', '2017-07-27 20:21:03', 'c6c14109-bed2-49c1-97bd-070edb4e6b2e'),
 ('748', '9', '9', 'gunnery-mobile.jpg', 'image', '375', '667', '328943', '2017-07-31 13:10:01', '2017-07-31 13:10:01', '2017-07-31 13:10:01', '50dce1d4-2c20-4f4c-8e61-9a86635a4004'),
 ('749', '9', '9', 'gunnery-desktop.jpg', 'image', '1440', '800', '1458178', '2017-07-31 13:10:13', '2017-07-31 13:10:13', '2017-07-31 13:10:13', '10d9588f-d68d-4459-962b-a66af3a2fd23'),
 ('957', '9', '9', 'McGinnis_Blossoms.jpg', 'image', '640', '360', '101206', '2017-07-31 19:34:00', '2017-07-31 19:34:00', '2017-07-31 19:34:00', '9339b9e8-80df-4a69-ac73-89d19b63fc86'),
 ('958', '9', '9', '09_2013_TONGVA-319.0.JPG', 'image', '900', '600', '151315', '2017-07-31 19:36:01', '2017-07-31 19:36:02', '2017-07-31 19:36:02', '5a40ab97-97bc-47d2-96f9-df08f3ea107e');



DROP TABLE IF EXISTS `craft_assetfolders`;


--
-- Schema for table `craft_assetfolders`
--
CREATE TABLE `craft_assetfolders` (
  `id` int(11) NOT NULL AUTO_INCREMENT,
  `parentId` int(11) DEFAULT NULL,
  `sourceId` int(11) DEFAULT NULL,
  `name` varchar(255) COLLATE utf8_unicode_ci NOT NULL,
  `path` varchar(255) COLLATE utf8_unicode_ci DEFAULT NULL,
  `dateCreated` datetime NOT NULL,
  `dateUpdated` datetime NOT NULL,
  `uid` char(36) COLLATE utf8_unicode_ci NOT NULL DEFAULT '0',
  PRIMARY KEY (`id`),
  UNIQUE KEY `craft_assetfolders_name_parentId_sourceId_unq_idx` (`name`,`parentId`,`sourceId`),
  KEY `craft_assetfolders_parentId_fk` (`parentId`),
  KEY `craft_assetfolders_sourceId_fk` (`sourceId`)
) ENGINE=InnoDB AUTO_INCREMENT=11 DEFAULT CHARSET=utf8 COLLATE=utf8_unicode_ci;

--
-- Data for table `craft_assetfolders`
--

INSERT INTO `craft_assetfolders` (`id`, `parentId`, `sourceId`, `name`, `path`, `dateCreated`, `dateUpdated`, `uid`) VALUES
 ('1', NULL, '1', 'Gallery', '', '2017-06-12 20:00:29', '2017-06-27 14:21:18', '7ea37e55-3820-4f1f-b831-1fd06f0d8d62'),
 ('2', NULL, '2', 'Mastheads', '', '2017-06-12 20:03:34', '2017-06-12 20:03:34', 'e90f19ea-7242-4522-9d50-ed204ff03551'),
 ('3', NULL, '3', 'Miscellaneous', '', '2017-06-15 18:31:22', '2017-06-15 18:31:22', '1da129e6-568a-42f5-9177-ddb278d3f65f'),
 ('4', NULL, '4', 'Resources', '', '2017-06-15 18:58:34', '2017-06-15 18:58:34', '402c32cd-27cc-4ed2-97a3-c03ba70f0f3f'),
 ('5', NULL, '5', 'Logos', '', '2017-06-15 19:25:13', '2017-07-19 15:47:16', 'fc16d2a2-9921-4d35-9cf6-5d39ccba9a8b'),
 ('6', NULL, '6', 'Resumes', '', '2017-06-15 20:22:14', '2017-06-15 20:22:14', 'cca1db4c-eca1-458b-b9a8-5e043cf7ca17'),
 ('9', NULL, '9', 'Featured', '', '2017-07-11 18:44:25', '2017-07-11 18:44:25', '568d6bf4-046e-49cf-a14f-dcca6b157138'),
 ('10', NULL, '10', 'Portraits', '', '2017-07-17 19:33:46', '2017-07-17 19:33:46', '4df82b52-0f64-457a-a3da-ad556ac52980');



DROP TABLE IF EXISTS `craft_assetindexdata`;


--
-- Schema for table `craft_assetindexdata`
--
CREATE TABLE `craft_assetindexdata` (
  `id` int(11) NOT NULL AUTO_INCREMENT,
  `sessionId` varchar(36) COLLATE utf8_unicode_ci NOT NULL DEFAULT '',
  `sourceId` int(10) NOT NULL,
  `offset` int(10) NOT NULL,
  `uri` varchar(255) COLLATE utf8_unicode_ci DEFAULT NULL,
  `size` varchar(255) COLLATE utf8_unicode_ci DEFAULT NULL,
  `recordId` int(10) DEFAULT NULL,
  `dateCreated` datetime NOT NULL,
  `dateUpdated` datetime NOT NULL,
  `uid` char(36) COLLATE utf8_unicode_ci NOT NULL DEFAULT '0',
  PRIMARY KEY (`id`),
  UNIQUE KEY `craft_assetindexdata_sessionId_sourceId_offset_unq_idx` (`sessionId`,`sourceId`,`offset`),
  KEY `craft_assetindexdata_sourceId_fk` (`sourceId`)
) ENGINE=InnoDB DEFAULT CHARSET=utf8 COLLATE=utf8_unicode_ci;

DROP TABLE IF EXISTS `craft_assetsources`;


--
-- Schema for table `craft_assetsources`
--
CREATE TABLE `craft_assetsources` (
  `id` int(11) NOT NULL AUTO_INCREMENT,
  `name` varchar(255) COLLATE utf8_unicode_ci NOT NULL,
  `handle` varchar(255) COLLATE utf8_unicode_ci NOT NULL,
  `type` varchar(150) COLLATE utf8_unicode_ci NOT NULL,
  `settings` text COLLATE utf8_unicode_ci,
  `sortOrder` smallint(6) unsigned DEFAULT NULL,
  `fieldLayoutId` int(10) DEFAULT NULL,
  `dateCreated` datetime NOT NULL,
  `dateUpdated` datetime NOT NULL,
  `uid` char(36) COLLATE utf8_unicode_ci NOT NULL DEFAULT '0',
  PRIMARY KEY (`id`),
  UNIQUE KEY `craft_assetsources_name_unq_idx` (`name`),
  UNIQUE KEY `craft_assetsources_handle_unq_idx` (`handle`),
  KEY `craft_assetsources_fieldLayoutId_fk` (`fieldLayoutId`)
) ENGINE=InnoDB AUTO_INCREMENT=11 DEFAULT CHARSET=utf8 COLLATE=utf8_unicode_ci;

--
-- Data for table `craft_assetsources`
--

INSERT INTO `craft_assetsources` (`id`, `name`, `handle`, `type`, `settings`, `sortOrder`, `fieldLayoutId`, `dateCreated`, `dateUpdated`, `uid`) VALUES
 ('1', 'Gallery', 'gallery', 'Local', '{\"path\":\"{basePath}uploads\\/gallery\\/\",\"publicURLs\":\"1\",\"url\":\"{baseUrl}uploads\\/gallery\\/\"}', '1', '843', '2017-06-12 20:00:29', '2017-06-27 14:21:18', '6467022a-82f5-456f-be8e-6856566be579'),
 ('2', 'Mastheads', 'mastheads', 'Local', '{\"path\":\"{basePath}uploads\\/mastheads\\/\",\"publicURLs\":\"1\",\"url\":\"{baseUrl}uploads\\/mastheads\\/\"}', '2', '725', '2017-06-12 20:03:34', '2017-06-26 18:48:39', 'd47ee864-e653-405d-b1c5-b5468b182a7c'),
 ('3', 'Miscellaneous', 'miscellaneous', 'Local', '{\"path\":\"{basePath}uploads\\/miscellaneous\\/\",\"publicURLs\":\"1\",\"url\":\"{baseUrl}uploads\\/miscellaneous\\/\"}', '3', '1384', '2017-06-15 18:31:22', '2017-07-11 18:13:45', '16824e0b-e549-4fdf-88ad-5e096cc24922'),
 ('4', 'Resources', 'resources', 'Local', '{\"path\":\"{basePath}uploads\\/resources\\/\",\"publicURLs\":\"1\",\"url\":\"{baseUrl}uploads\\/resources\\/\"}', '4', '729', '2017-06-15 18:58:34', '2017-06-26 18:50:31', 'c64bcc54-4323-48ec-96ac-046dbb8a310b'),
 ('5', 'Logos', 'logos', 'Local', '{\"path\":\"{basePath}uploads\\/logos\\/\",\"publicURLs\":\"1\",\"url\":\"{baseUrl}uploads\\/logos\\/\"}', '5', '2369', '2017-06-15 19:25:13', '2017-07-19 15:47:15', '44d47c72-012f-413f-87db-0032816094f7'),
 ('6', 'Resumes', 'resumes', 'Local', '{\"path\":\"{basePath}uploads\\/resumes\\/\",\"publicURLs\":\"1\",\"url\":\"{baseUrl}uploads\\/resumes\\/\"}', '6', '730', '2017-06-15 20:22:14', '2017-06-26 18:50:46', '4eea7d72-334c-4c45-b9c4-45a3aaa5c8f6'),
 ('9', 'Featured', 'featured', 'Local', '{\"path\":\"{basePath}uploads\\/featured\\/\",\"publicURLs\":\"1\",\"url\":\"{baseUrl}uploads\\/featured\\/\"}', '7', '1386', '2017-07-11 18:44:25', '2017-07-11 18:44:25', '23208f32-19d7-49a6-9cc1-d3a9cb3996df'),
 ('10', 'Portraits', 'portraits', 'Local', '{\"path\":\"{basePath}uploads\\/portraits\\/\",\"publicURLs\":\"1\",\"url\":\"{baseUrl}uploads\\/portraits\\/\"}', '8', '1846', '2017-07-17 19:33:46', '2017-07-17 19:33:46', '1dc0c06d-1919-444c-960b-3bd3fa86b0c0');



DROP TABLE IF EXISTS `craft_assettransformindex`;


--
-- Schema for table `craft_assettransformindex`
--
CREATE TABLE `craft_assettransformindex` (
  `id` int(11) NOT NULL AUTO_INCREMENT,
  `fileId` int(11) NOT NULL,
  `filename` varchar(255) COLLATE utf8_unicode_ci DEFAULT NULL,
  `format` varchar(255) COLLATE utf8_unicode_ci DEFAULT NULL,
  `location` varchar(255) COLLATE utf8_unicode_ci NOT NULL,
  `sourceId` int(11) DEFAULT NULL,
  `fileExists` tinyint(1) DEFAULT NULL,
  `inProgress` tinyint(1) DEFAULT NULL,
  `dateIndexed` datetime DEFAULT NULL,
  `dateCreated` datetime NOT NULL,
  `dateUpdated` datetime NOT NULL,
  `uid` char(36) COLLATE utf8_unicode_ci NOT NULL DEFAULT '0',
  PRIMARY KEY (`id`),
  KEY `craft_assettransformindex_sourceId_fileId_location_idx` (`sourceId`,`fileId`,`location`)
) ENGINE=InnoDB DEFAULT CHARSET=utf8 COLLATE=utf8_unicode_ci;

DROP TABLE IF EXISTS `craft_assettransforms`;


--
-- Schema for table `craft_assettransforms`
--
CREATE TABLE `craft_assettransforms` (
  `id` int(11) NOT NULL AUTO_INCREMENT,
  `name` varchar(255) COLLATE utf8_unicode_ci NOT NULL,
  `handle` varchar(255) COLLATE utf8_unicode_ci NOT NULL,
  `mode` enum('stretch','fit','crop') COLLATE utf8_unicode_ci NOT NULL DEFAULT 'crop',
  `position` enum('top-left','top-center','top-right','center-left','center-center','center-right','bottom-left','bottom-center','bottom-right') COLLATE utf8_unicode_ci NOT NULL DEFAULT 'center-center',
  `height` int(10) DEFAULT NULL,
  `width` int(10) DEFAULT NULL,
  `format` varchar(255) COLLATE utf8_unicode_ci DEFAULT NULL,
  `quality` int(10) DEFAULT NULL,
  `dimensionChangeTime` datetime DEFAULT NULL,
  `dateCreated` datetime NOT NULL,
  `dateUpdated` datetime NOT NULL,
  `uid` char(36) COLLATE utf8_unicode_ci NOT NULL DEFAULT '0',
  PRIMARY KEY (`id`),
  UNIQUE KEY `craft_assettransforms_name_unq_idx` (`name`),
  UNIQUE KEY `craft_assettransforms_handle_unq_idx` (`handle`)
) ENGINE=InnoDB DEFAULT CHARSET=utf8 COLLATE=utf8_unicode_ci;

DROP TABLE IF EXISTS `craft_categories`;


--
-- Schema for table `craft_categories`
--
CREATE TABLE `craft_categories` (
  `id` int(11) NOT NULL,
  `groupId` int(11) NOT NULL,
  `dateCreated` datetime NOT NULL,
  `dateUpdated` datetime NOT NULL,
  `uid` char(36) COLLATE utf8_unicode_ci NOT NULL DEFAULT '0',
  PRIMARY KEY (`id`),
  KEY `craft_categories_groupId_fk` (`groupId`)
) ENGINE=InnoDB DEFAULT CHARSET=utf8 COLLATE=utf8_unicode_ci;

--
-- Data for table `craft_categories`
--

INSERT INTO `craft_categories` (`id`, `groupId`, `dateCreated`, `dateUpdated`, `uid`) VALUES
 ('41', '3', '2017-06-15 16:39:26', '2017-06-28 21:10:11', 'a06f7c87-8b14-4360-bc9c-90852f9b0190'),
 ('42', '3', '2017-06-15 16:39:39', '2017-06-28 21:10:32', 'b548319e-73fd-4211-acf2-cdb418933875'),
 ('158', '3', '2017-06-28 21:10:47', '2017-06-28 21:10:47', 'd7f2d29f-d458-4897-9f14-6fbbec335e24'),
 ('457', '3', '2017-07-27 19:13:07', '2017-07-27 19:13:07', 'a99bc829-926b-486b-b93e-8cfae36ee4b4'),
 ('458', '3', '2017-07-27 19:38:10', '2017-07-27 19:38:10', '6a7679ff-b132-4f74-b21a-db8239a742b0');



DROP TABLE IF EXISTS `craft_categorygroups`;


--
-- Schema for table `craft_categorygroups`
--
CREATE TABLE `craft_categorygroups` (
  `id` int(11) NOT NULL AUTO_INCREMENT,
  `structureId` int(11) NOT NULL,
  `fieldLayoutId` int(11) DEFAULT NULL,
  `name` varchar(255) COLLATE utf8_unicode_ci NOT NULL,
  `handle` varchar(255) COLLATE utf8_unicode_ci NOT NULL,
  `hasUrls` tinyint(1) unsigned NOT NULL DEFAULT '1',
  `template` varchar(500) COLLATE utf8_unicode_ci DEFAULT NULL,
  `dateCreated` datetime NOT NULL,
  `dateUpdated` datetime NOT NULL,
  `uid` char(36) COLLATE utf8_unicode_ci NOT NULL DEFAULT '0',
  PRIMARY KEY (`id`),
  UNIQUE KEY `craft_categorygroups_name_unq_idx` (`name`),
  UNIQUE KEY `craft_categorygroups_handle_unq_idx` (`handle`),
  KEY `craft_categorygroups_structureId_fk` (`structureId`),
  KEY `craft_categorygroups_fieldLayoutId_fk` (`fieldLayoutId`)
) ENGINE=InnoDB AUTO_INCREMENT=7 DEFAULT CHARSET=utf8 COLLATE=utf8_unicode_ci;

--
-- Data for table `craft_categorygroups`
--

INSERT INTO `craft_categorygroups` (`id`, `structureId`, `fieldLayoutId`, `name`, `handle`, `hasUrls`, `template`, `dateCreated`, `dateUpdated`, `uid`) VALUES
 ('3', '5', '2762', 'Roles', 'roles', '0', NULL, '2017-06-15 16:38:54', '2017-07-25 14:51:27', 'dc2dad0b-66e4-4d62-89e7-9d1a9f76adad'),
 ('6', '8', '2764', 'News', 'news', '1', '', '2017-07-25 14:53:32', '2017-07-25 14:53:32', '73a3aeff-6788-47f5-bdf4-cc983312d52f');



DROP TABLE IF EXISTS `craft_categorygroups_i18n`;


--
-- Schema for table `craft_categorygroups_i18n`
--
CREATE TABLE `craft_categorygroups_i18n` (
  `id` int(11) NOT NULL AUTO_INCREMENT,
  `groupId` int(11) NOT NULL,
  `locale` char(12) COLLATE utf8_unicode_ci NOT NULL,
  `urlFormat` text COLLATE utf8_unicode_ci,
  `nestedUrlFormat` text COLLATE utf8_unicode_ci,
  `dateCreated` datetime NOT NULL,
  `dateUpdated` datetime NOT NULL,
  `uid` char(36) COLLATE utf8_unicode_ci NOT NULL DEFAULT '0',
  PRIMARY KEY (`id`),
  UNIQUE KEY `craft_categorygroups_i18n_groupId_locale_unq_idx` (`groupId`,`locale`),
  KEY `craft_categorygroups_i18n_locale_fk` (`locale`)
) ENGINE=InnoDB AUTO_INCREMENT=7 DEFAULT CHARSET=utf8 COLLATE=utf8_unicode_ci;

--
-- Data for table `craft_categorygroups_i18n`
--

INSERT INTO `craft_categorygroups_i18n` (`id`, `groupId`, `locale`, `urlFormat`, `nestedUrlFormat`, `dateCreated`, `dateUpdated`, `uid`) VALUES
 ('3', '3', 'en_us', NULL, NULL, '2017-06-15 16:38:54', '2017-06-15 16:38:54', '968ade21-dee3-452a-9791-c54d7899f6fd'),
 ('6', '6', 'en_us', 'news/{slug}', '{parent.uri}/{slug}', '2017-07-25 14:53:32', '2017-07-25 14:53:32', '58ad3581-360e-41d0-8a5c-bbd6cdad4262');



DROP TABLE IF EXISTS `craft_content`;


--
-- Schema for table `craft_content`
--
CREATE TABLE `craft_content` (
  `id` int(11) NOT NULL AUTO_INCREMENT,
  `elementId` int(11) NOT NULL,
  `locale` char(12) COLLATE utf8_unicode_ci NOT NULL,
  `title` varchar(255) COLLATE utf8_unicode_ci DEFAULT NULL,
  `field_body` text COLLATE utf8_unicode_ci,
  `field_startDate` datetime DEFAULT NULL,
  `field_about` text COLLATE utf8_unicode_ci,
  `field_expertise` text COLLATE utf8_unicode_ci,
  `field_heading` text COLLATE utf8_unicode_ci,
  `field_phone` text COLLATE utf8_unicode_ci,
  `field_aboutTheLocation` text COLLATE utf8_unicode_ci,
  `field_isHeaderquarters` tinyint(1) unsigned NOT NULL DEFAULT '0',
  `field_practiceAreaIcon` text COLLATE utf8_unicode_ci,
  `field_serviceColor` varchar(255) COLLATE utf8_unicode_ci DEFAULT NULL,
  `field_address` text COLLATE utf8_unicode_ci,
  `field_client` text COLLATE utf8_unicode_ci,
  `field_excerpt` text COLLATE utf8_unicode_ci,
  `field_boardMember` tinyint(1) unsigned NOT NULL DEFAULT '0',
  `field_practiceLead` tinyint(1) unsigned NOT NULL DEFAULT '0',
  `dateCreated` datetime NOT NULL,
  `dateUpdated` datetime NOT NULL,
  `uid` char(36) COLLATE utf8_unicode_ci NOT NULL DEFAULT '0',
  PRIMARY KEY (`id`),
  UNIQUE KEY `craft_content_elementId_locale_unq_idx` (`elementId`,`locale`),
  KEY `craft_content_title_idx` (`title`),
  KEY `craft_content_locale_fk` (`locale`)
) ENGINE=InnoDB AUTO_INCREMENT=216 DEFAULT CHARSET=utf8 COLLATE=utf8_unicode_ci;

--
-- Data for table `craft_content`
--

INSERT INTO `craft_content` (`id`, `elementId`, `locale`, `title`, `field_body`, `field_startDate`, `field_about`, `field_expertise`, `field_heading`, `field_phone`, `field_aboutTheLocation`, `field_isHeaderquarters`, `field_practiceAreaIcon`, `field_serviceColor`, `field_address`, `field_client`, `field_excerpt`, `field_boardMember`, `field_practiceLead`, `dateCreated`, `dateUpdated`, `uid`) VALUES
 ('1', '1', 'en_us', NULL, NULL, NULL, NULL, NULL, NULL, NULL, NULL, '0', NULL, NULL, NULL, NULL, NULL, '0', '0', '2017-06-09 17:32:21', '2017-06-09 17:32:21', '8f8edc73-b17d-4ad2-ab48-5c0f243a06d4'),
 ('3', '3', 'en_us', 'We just installed Craft!', '<p>Craft is the CMS that’s powering Mmi.ads.dsdev. It’s beautiful, powerful, flexible, and easy-to-use, and it’s made by Pixel &amp; Tonic. We can’t wait to dive in and see what it’s capable of!</p><!--pagebreak--><p>This is even more captivating content, which you couldn’t see on the News index page because it was entered after a Page Break, and the News index template only likes to show the content on the first page.</p><p>Craft: a nice alternative to Word, if you’re making a website.</p>', NULL, NULL, NULL, NULL, NULL, NULL, '0', NULL, NULL, NULL, NULL, NULL, '0', '0', '2017-06-09 17:32:25', '2017-06-09 17:55:35', '888322b8-352c-441c-b0bb-c5f39b33a1b6'),
 ('27', '27', 'en_us', 'About', NULL, NULL, NULL, NULL, NULL, NULL, NULL, '0', NULL, NULL, NULL, NULL, NULL, '0', '0', '2017-06-09 20:32:02', '2017-06-16 15:40:22', '2104094f-f6bc-480a-85e7-89f2a2200fb2'),
 ('28', '28', 'en_us', 'Homepage', NULL, NULL, NULL, NULL, NULL, NULL, NULL, '0', NULL, NULL, NULL, NULL, NULL, '0', '0', '2017-06-09 20:34:58', '2017-06-27 21:10:29', '317d033a-e858-4644-a424-4cce74e45883'),
 ('29', '29', 'en_us', 'Cbiapage', NULL, NULL, NULL, NULL, NULL, NULL, NULL, '0', NULL, NULL, NULL, NULL, NULL, '0', '0', '2017-06-12 20:16:25', '2017-06-12 20:16:25', '8f5f463b-1509-4a58-a4dd-e9750bdd8e60'),
 ('31', '35', 'en_us', 'Joanne Samson', NULL, '1994-09-02 00:00:00', '', '', NULL, NULL, NULL, '0', NULL, NULL, NULL, NULL, NULL, '0', '0', '2017-06-15 15:05:59', '2017-07-25 14:21:28', 'a0fb85b4-af69-420a-8e6f-20cf5f1a6ecd'),
 ('33', '41', 'en_us', 'Board Member', NULL, NULL, NULL, NULL, NULL, NULL, NULL, '0', NULL, NULL, NULL, NULL, NULL, '0', '0', '2017-06-15 16:39:26', '2017-06-28 21:10:11', '1bd192e3-30a3-4174-bf8e-d5e2c31d76ef'),
 ('34', '42', 'en_us', 'Practice lead', NULL, NULL, NULL, NULL, NULL, NULL, NULL, '0', NULL, NULL, NULL, NULL, NULL, '0', '0', '2017-06-15 16:39:39', '2017-06-28 21:10:32', '1bc90a96-325a-4b91-8ac6-596092543300'),
 ('41', '53', 'en_us', 'The Gunnery Athletic Fields Redesign', NULL, NULL, NULL, NULL, NULL, NULL, NULL, '0', NULL, NULL, '{\"name\":\"\",\"street\":\"\",\"street2\":\"\",\"city\":\"Washington\",\"region\":\"CT\",\"postalCode\":\"\",\"country\":\"US\",\"__model__\":\"Craft\\\\VzAddress_AddressModel\"}', 'The Gunnery Preparatory Boarding School', NULL, '0', '0', '2017-06-16 01:49:49', '2017-07-31 22:03:32', '5c18d937-c3b1-40b0-a023-a08fb4067175'),
 ('54', '90', 'en_us', 'Masthead Home Desktop', NULL, NULL, NULL, NULL, NULL, NULL, NULL, '0', NULL, NULL, NULL, NULL, NULL, '0', '0', '2017-06-27 21:08:55', '2017-06-27 21:08:55', '66ec3ef5-c313-46b5-ac1c-6af9f823de2c'),
 ('55', '91', 'en_us', 'Masthead Home', NULL, NULL, NULL, NULL, NULL, NULL, NULL, '0', NULL, NULL, NULL, NULL, NULL, '0', '0', '2017-06-27 21:08:55', '2017-06-27 21:08:56', '539b227a-cc63-4176-ac19-c61a35fa352a'),
 ('56', '92', 'en_us', 'Masthead Work Desktop', NULL, NULL, NULL, NULL, NULL, NULL, NULL, '0', NULL, NULL, NULL, NULL, NULL, '0', '0', '2017-06-27 21:08:56', '2017-06-27 21:08:56', 'fffd61ff-96c4-42e7-8c8d-fa6f6594047e'),
 ('72', '139', 'en_us', 'Agawam High School Athletic Facility Renovation ', NULL, NULL, NULL, NULL, NULL, NULL, NULL, '0', NULL, NULL, '{\"name\":\"\",\"street\":\"\",\"street2\":\"\",\"city\":\"Agawam\",\"region\":\"Massachusetts \",\"postalCode\":\"\",\"country\":\"US\",\"__model__\":\"Craft\\\\VzAddress_AddressModel\"}', 'Agawam High School ', NULL, '0', '0', '2017-06-28 15:54:55', '2017-07-31 22:03:33', '5df74c12-7361-4545-bc4c-68e78387c496'),
 ('73', '147', 'en_us', 'About ', NULL, NULL, NULL, NULL, NULL, NULL, NULL, '0', NULL, NULL, NULL, NULL, NULL, '0', '0', '2017-06-28 19:29:30', '2017-06-28 19:29:30', '23c98066-67ed-4350-aba8-5b462ea35a62'),
 ('79', '158', 'en_us', 'Vice President', NULL, NULL, NULL, NULL, NULL, NULL, NULL, '0', NULL, NULL, NULL, NULL, NULL, '0', '0', '2017-06-28 21:10:47', '2017-06-28 21:10:47', '00ec5e3a-9c48-4e27-8513-72a285abed24'),
 ('80', '160', 'en_us', 'Work', NULL, NULL, NULL, NULL, NULL, NULL, NULL, '0', NULL, NULL, NULL, NULL, NULL, '0', '0', '2017-07-09 19:15:34', '2017-07-11 19:49:08', 'edc63ba9-7e7d-4c11-920f-ee8c55e7c6d5'),
 ('82', '165', 'en_us', 'Masthead Work', NULL, NULL, NULL, NULL, NULL, NULL, NULL, '0', NULL, NULL, NULL, NULL, NULL, '0', '0', '2017-07-11 16:36:28', '2017-07-11 16:37:08', '1947423f-11c4-48c0-bf3e-b75be02e5017'),
 ('83', '166', 'en_us', 'Contact', NULL, NULL, NULL, NULL, NULL, NULL, NULL, '0', NULL, NULL, NULL, NULL, NULL, '0', '0', '2017-07-11 16:38:22', '2017-07-11 16:38:22', '22a5ea3c-0b10-4911-a8ca-43d47e66b2d1'),
 ('88', '173', 'en_us', 'Call To Action Background Desktop', NULL, NULL, NULL, NULL, NULL, NULL, NULL, '0', NULL, NULL, NULL, NULL, NULL, '0', '0', '2017-07-11 18:14:19', '2017-07-11 18:14:19', '17310b12-8611-45bf-abec-a11dbe41663a'),
 ('89', '174', 'en_us', 'Call To Action Background Mobile', NULL, NULL, NULL, NULL, NULL, NULL, NULL, '0', NULL, NULL, NULL, NULL, NULL, '0', '0', '2017-07-11 18:14:23', '2017-07-11 18:14:23', 'bbdccce5-208c-4414-91d9-e9d2334eb1d9'),
 ('90', '175', 'en_us', 'Agawam Athletic Facility', NULL, NULL, NULL, NULL, NULL, NULL, NULL, '0', NULL, NULL, NULL, NULL, NULL, '0', '0', '2017-07-11 18:46:05', '2017-07-11 18:46:05', '48b03968-8f96-41c9-aef2-235c1d5de48f'),
 ('91', '199', 'en_us', 'Education Masthead Mobile', NULL, NULL, NULL, NULL, NULL, NULL, NULL, '0', NULL, NULL, NULL, NULL, NULL, '0', '0', '2017-07-18 14:48:32', '2017-07-18 14:48:32', '98552313-f64c-4045-b852-7fa975af7a09'),
 ('92', '200', 'en_us', 'Education Masthead Desktop', NULL, NULL, NULL, NULL, NULL, NULL, NULL, '0', NULL, NULL, NULL, NULL, NULL, '0', '0', '2017-07-18 14:48:40', '2017-07-18 14:48:40', 'fb5d3537-0b60-4a2c-baf1-07e950c325df'),
 ('94', '221', 'en_us', 'UI', NULL, NULL, NULL, NULL, NULL, NULL, NULL, '0', NULL, NULL, NULL, NULL, NULL, '0', '0', '2017-07-25 14:39:15', '2017-07-27 21:09:20', '3407ab5f-8a1d-43d8-90df-f8ef6f94a700'),
 ('96', '225', 'en_us', 'Athletic Facility', NULL, NULL, NULL, NULL, NULL, NULL, NULL, '0', NULL, NULL, NULL, NULL, NULL, '0', '0', '2017-07-25 20:35:51', '2017-07-25 20:35:51', 'e7d4c5e7-af85-4de5-835b-3bc31ca3e294'),
 ('98', '227', 'en_us', 'Athletic Facility', NULL, NULL, NULL, NULL, NULL, NULL, NULL, '0', NULL, NULL, NULL, NULL, NULL, '0', '0', '2017-07-25 21:01:01', '2017-07-25 21:01:01', 'c0088971-b4a6-49ec-b628-959eedd167aa'),
 ('99', '228', 'en_us', 'Mp 3991 Worthingtonimages Com 2017 Rt', NULL, NULL, NULL, NULL, NULL, NULL, NULL, '0', NULL, NULL, NULL, NULL, NULL, '0', '0', '2017-07-26 18:16:31', '2017-07-27 19:07:21', '503d7955-4e78-4263-9a26-c3d8419e0245'),
 ('100', '229', 'en_us', 'Concept Site Plan', NULL, NULL, NULL, NULL, NULL, NULL, NULL, '0', NULL, NULL, NULL, NULL, NULL, '0', '0', '2017-07-26 18:17:12', '2017-07-26 18:17:12', '6431e83e-7e42-44d3-84ae-c948c4ea551d'),
 ('101', '230', 'en_us', 'Concept Gateway', NULL, NULL, NULL, NULL, NULL, NULL, NULL, '0', NULL, NULL, NULL, NULL, NULL, '0', '0', '2017-07-26 18:17:21', '2017-07-26 18:17:21', 'c1388c17-3475-4c92-9eb7-62b66f7ef6d4'),
 ('102', '231', 'en_us', 'Img 3459', NULL, NULL, NULL, NULL, NULL, NULL, NULL, '0', NULL, NULL, NULL, NULL, NULL, '0', '0', '2017-07-26 18:18:11', '2017-07-26 18:18:11', 'ac61cad5-dc9a-4df0-9d11-573d710c18a8'),
 ('103', '232', 'en_us', 'Img 6096 Worthingtonimages Com 2017 Rt', NULL, NULL, NULL, NULL, NULL, NULL, NULL, '0', NULL, NULL, NULL, NULL, NULL, '0', '0', '2017-07-26 18:18:30', '2017-07-26 18:18:30', '567f407c-7f63-4f29-96fb-3d7d19064986'),
 ('104', '233', 'en_us', 'Img 5849 Worthingtonimages Com 2017 Rt', NULL, NULL, NULL, NULL, NULL, NULL, NULL, '0', NULL, NULL, NULL, NULL, NULL, '0', '0', '2017-07-26 18:18:46', '2017-07-26 18:18:46', 'd4fcc6b5-8fee-417b-a925-f0dbfcc8b735'),
 ('105', '234', 'en_us', 'Img 5629 Worthingtonimages Com 2017 Rt', NULL, NULL, NULL, NULL, NULL, NULL, NULL, '0', NULL, NULL, NULL, NULL, NULL, '0', '0', '2017-07-26 18:18:59', '2017-07-26 18:18:59', 'a0e6cfd3-77e6-4f0d-8b99-1e1d0cbdc5da'),
 ('106', '235', 'en_us', 'Mp 4218 Worthingtonimages Com 2017 Rt', NULL, NULL, NULL, NULL, NULL, NULL, NULL, '0', NULL, NULL, NULL, NULL, NULL, '0', '0', '2017-07-26 18:19:11', '2017-07-26 18:19:11', 'd79118e4-a16f-41a6-8f38-982532a74280'),
 ('107', '243', 'en_us', 'Dsc1084', NULL, NULL, NULL, NULL, NULL, NULL, NULL, '0', NULL, NULL, NULL, NULL, NULL, '0', '0', '2017-07-26 18:48:35', '2017-07-26 18:48:35', '3693136c-603f-499d-a227-17f67bb185e6'),
 ('108', '244', 'en_us', 'Z Roundabout S', NULL, NULL, NULL, NULL, NULL, NULL, NULL, '0', NULL, NULL, NULL, NULL, NULL, '0', '0', '2017-07-26 18:50:58', '2017-07-26 18:50:58', 'fa883585-0944-4f4d-a5a6-b6e608a99feb'),
 ('109', '248', 'en_us', 'Img 5691 Worthingtonimages Com 2017 Rt', NULL, NULL, NULL, NULL, NULL, NULL, NULL, '0', NULL, NULL, NULL, NULL, NULL, '0', '0', '2017-07-26 18:55:50', '2017-07-26 18:55:50', '9292c55a-9f73-4238-9e0c-51542f7434bf'),
 ('110', '255', 'en_us', 'Dw3 A5121', NULL, NULL, NULL, NULL, NULL, NULL, NULL, '0', NULL, NULL, NULL, NULL, NULL, '0', '0', '2017-07-26 19:23:15', '2017-07-26 19:23:15', 'daa6d108-140e-4b57-a1a9-bc79c546adf5'),
 ('112', '272', 'en_us', 'Mark  Arigoni', NULL, NULL, NULL, NULL, NULL, NULL, NULL, '0', NULL, NULL, NULL, NULL, NULL, '0', '0', '2017-07-26 19:39:00', '2017-07-26 19:39:00', '703a7bb8-7539-4170-af97-b56f8b576956'),
 ('113', '273', 'en_us', 'Call To Action Panel', NULL, NULL, NULL, NULL, NULL, NULL, NULL, '0', NULL, NULL, NULL, NULL, NULL, '0', '0', '2017-07-26 19:40:45', '2017-07-26 19:40:45', '64c69be6-85a8-494b-adbf-1aaeeff6b4d3'),
 ('114', '274', 'en_us', 'Mark Arigoni', NULL, NULL, '<p>Mark is a Principal of Milone &amp; MacBroom and is the Regional Manager of the firm’s Massachusetts office. He is responsible for the project development and management of design, coordination, specifications, cost estimates, construction documents, and permit applications for various projects located throughout New England. Project assignments have included the design of greenways, streetscapes, passive and active parks, environmental restorations, recreational facilities, athletic facilities, urban redevelopment and revitalizations, and commercial site developments. These projects have included several environmental restoration components such as brownfield redevelopment design, dam removal design, dam bypass channel design, and river restoration/fish passage design.</p>', '<p>Graduating with a B.S. in Landscape Architecture from the University of Connecticut, Mark is a licensed Landscape Architect in Connecticut, Massachusetts, and Maine. In addition, Mark is a member of the following professional organizations:</p>\n<ul><li><p>Council of Landscape Architectural Registration Board (CLARB)</p></li><li><p>Connecticut Board of Landscape Architects 2015-Present</p></li><li><p>Committee on Nominations CLARB, 2016-Present</p></li></ul>', NULL, NULL, NULL, '0', NULL, NULL, NULL, NULL, NULL, '0', '0', '2017-07-26 19:42:07', '2017-07-31 13:13:19', '086d7c39-b3e2-4502-866b-f12106ddeddf'),
 ('115', '310', 'en_us', 'Img 5691 Worthingtonimages Com 2017 Rt', NULL, NULL, NULL, NULL, NULL, NULL, NULL, '0', NULL, NULL, NULL, NULL, NULL, '0', '0', '2017-07-26 20:08:19', '2017-07-26 20:08:19', 'ee60c4a2-498f-47c7-a792-933d0c55b806'),
 ('116', '385', 'en_us', 'Call To Action Panel', NULL, NULL, NULL, NULL, NULL, NULL, NULL, '0', NULL, NULL, NULL, NULL, NULL, '0', '0', '2017-07-26 20:53:22', '2017-07-26 20:53:22', '0283039c-2562-4bb8-9f06-3cfb36de202e'),
 ('117', '407', 'en_us', '1 S3 A7516', NULL, NULL, NULL, NULL, NULL, NULL, NULL, '0', NULL, NULL, NULL, NULL, NULL, '0', '0', '2017-07-27 17:52:02', '2017-07-27 17:52:02', 'c52305af-310c-4a8d-81a3-4c5fe74578be'),
 ('118', '408', 'en_us', '1 S3 A7398', NULL, NULL, NULL, NULL, NULL, NULL, NULL, '0', NULL, NULL, NULL, NULL, NULL, '0', '0', '2017-07-27 17:56:05', '2017-07-27 17:56:05', '6a0e8771-deaf-4167-ba61-318510136b18'),
 ('119', '409', 'en_us', 'Arigoni Family', NULL, NULL, NULL, NULL, NULL, NULL, NULL, '0', NULL, NULL, NULL, NULL, NULL, '0', '0', '2017-07-27 18:00:35', '2017-07-27 18:00:35', '03d17d19-ae69-4221-b623-dcbce3f58990'),
 ('120', '410', 'en_us', 'Img 2876', NULL, NULL, NULL, NULL, NULL, NULL, NULL, '0', NULL, NULL, NULL, NULL, NULL, '0', '0', '2017-07-27 18:00:43', '2017-07-27 18:00:43', '4e4fd240-f8a7-47f0-91ba-cf413ac9e806'),
 ('121', '411', 'en_us', '1 S3 A7566', NULL, NULL, NULL, NULL, NULL, NULL, NULL, '0', NULL, NULL, NULL, NULL, NULL, '0', '0', '2017-07-27 18:07:43', '2017-07-27 18:07:43', '6663792e-e7a7-458b-b23d-1af7fb84b84c'),
 ('122', '412', 'en_us', '1 S3 A7581', NULL, NULL, NULL, NULL, NULL, NULL, NULL, '0', NULL, NULL, NULL, NULL, NULL, '0', '0', '2017-07-27 18:08:09', '2017-07-27 18:08:09', '129c1635-1128-4f38-896f-d55bd23cc475'),
 ('123', '413', 'en_us', '1 S3 A7647', NULL, NULL, NULL, NULL, NULL, NULL, NULL, '0', NULL, NULL, NULL, NULL, NULL, '0', '0', '2017-07-27 18:08:32', '2017-07-27 18:08:32', '820ab939-4b1d-4ea3-8b94-e38ecbec3656'),
 ('124', '414', 'en_us', '1 S3 A7712', NULL, NULL, NULL, NULL, NULL, NULL, NULL, '0', NULL, NULL, NULL, NULL, NULL, '0', '0', '2017-07-27 18:09:05', '2017-07-27 18:09:05', '49e4fd37-4ce0-4700-b6d7-e0a96aaa6082'),
 ('125', '415', 'en_us', 'Dsc 0926', NULL, NULL, NULL, NULL, NULL, NULL, NULL, '0', NULL, NULL, NULL, NULL, NULL, '0', '0', '2017-07-27 18:09:27', '2017-07-27 18:09:27', 'dea24314-451b-4711-9621-00e2706a3ea6'),
 ('126', '416', 'en_us', 'Dsc 0938', NULL, NULL, NULL, NULL, NULL, NULL, NULL, '0', NULL, NULL, NULL, NULL, NULL, '0', '0', '2017-07-27 18:09:48', '2017-07-27 18:09:48', '6dcae91d-e088-4ce7-bcd7-53faf02f385a'),
 ('127', '417', 'en_us', '20170623 163956', NULL, NULL, NULL, NULL, NULL, NULL, NULL, '0', NULL, NULL, NULL, NULL, NULL, '0', '0', '2017-07-27 18:11:25', '2017-07-27 18:11:25', '23e75321-2cf1-4ffd-af03-9c7717f4d9b0'),
 ('128', '418', 'en_us', '1 S3 A7532', NULL, NULL, NULL, NULL, NULL, NULL, NULL, '0', NULL, NULL, NULL, NULL, NULL, '0', '0', '2017-07-27 18:12:35', '2017-07-27 18:12:35', '2156d57b-13d3-401f-8eaf-a15187bb0f66'),
 ('129', '419', 'en_us', 'Careers ', NULL, NULL, NULL, NULL, NULL, NULL, NULL, '0', NULL, NULL, NULL, NULL, NULL, '0', '0', '2017-07-27 18:15:03', '2017-07-27 18:34:35', '849e5566-e72f-4238-94af-9527089f106e'),
 ('130', '440', 'en_us', 'Community Day 9 10 2016', NULL, NULL, NULL, NULL, NULL, NULL, NULL, '0', NULL, NULL, NULL, NULL, NULL, '0', '0', '2017-07-27 18:30:49', '2017-07-27 18:30:49', '7eb17528-ecc6-4eee-af75-53558c8e1ec9'),
 ('131', '447', 'en_us', 'Mmi Office', NULL, NULL, NULL, NULL, NULL, NULL, NULL, '0', NULL, NULL, NULL, NULL, NULL, '0', '0', '2017-07-27 18:41:07', '2017-07-27 18:41:07', 'ee5cd485-ca9d-445a-a894-51039dd0bc2c'),
 ('132', '454', 'en_us', '1 S3 A7503', NULL, NULL, NULL, NULL, NULL, NULL, NULL, '0', NULL, NULL, NULL, NULL, NULL, '0', '0', '2017-07-27 18:56:02', '2017-07-27 18:56:02', 'cdb20856-a745-4021-bb13-3e68ac0b5cb6'),
 ('133', '455', 'en_us', '1 S3 A7436', NULL, NULL, NULL, NULL, NULL, NULL, NULL, '0', NULL, NULL, NULL, NULL, NULL, '0', '0', '2017-07-27 18:57:30', '2017-07-27 18:57:30', '458aa31d-03d2-409b-bb67-c28a310ba3f1'),
 ('135', '457', 'en_us', 'Director of LA', NULL, NULL, NULL, NULL, NULL, NULL, NULL, '0', NULL, NULL, NULL, NULL, NULL, '0', '0', '2017-07-27 19:13:07', '2017-07-27 19:13:07', 'b4e8e519-a8f1-406e-b561-174c9de3e65f'),
 ('136', '458', 'en_us', 'Principal', NULL, NULL, NULL, NULL, NULL, NULL, NULL, '0', NULL, NULL, NULL, NULL, NULL, '0', '0', '2017-07-27 19:38:10', '2017-07-27 19:38:10', '54972bc3-5f7c-4bc0-98e9-4aee5d9f92dc'),
 ('137', '501', 'en_us', 'Shutterstock 406114573', NULL, NULL, NULL, NULL, NULL, NULL, NULL, '0', NULL, NULL, NULL, NULL, NULL, '0', '0', '2017-07-27 20:05:55', '2017-07-27 20:05:55', '3d642e81-77b3-4335-a208-b5bb5ad2c118'),
 ('138', '502', 'en_us', 'Shutterstock 406114573 1', NULL, NULL, NULL, NULL, NULL, NULL, NULL, '0', NULL, NULL, NULL, NULL, NULL, '0', '0', '2017-07-27 20:06:03', '2017-07-27 20:06:03', 'fe4c6532-ccd8-4b6d-a26b-7dc87b88629d'),
 ('139', '503', 'en_us', 'Shutterstock 375806350', NULL, NULL, NULL, NULL, NULL, NULL, NULL, '0', NULL, NULL, NULL, NULL, NULL, '0', '0', '2017-07-27 20:08:31', '2017-07-27 20:08:31', '3ab775c3-2eb6-4ebe-bcd2-dad521d02763'),
 ('140', '505', 'en_us', 'Lorem Logo1', NULL, NULL, NULL, NULL, NULL, NULL, NULL, '0', NULL, NULL, NULL, NULL, NULL, '0', '0', '2017-07-27 20:21:00', '2017-07-27 20:21:00', 'b9322e6b-06ec-4ae6-8b98-20779e820cc9'),
 ('141', '506', 'en_us', 'Lorem Logo2', NULL, NULL, NULL, NULL, NULL, NULL, NULL, '0', NULL, NULL, NULL, NULL, NULL, '0', '0', '2017-07-27 20:21:00', '2017-07-27 20:21:00', 'c380886a-3841-464d-96ba-b48a9ecf6bd0'),
 ('142', '507', 'en_us', 'Lorem Logo3', NULL, NULL, NULL, NULL, NULL, NULL, NULL, '0', NULL, NULL, NULL, NULL, NULL, '0', '0', '2017-07-27 20:21:01', '2017-07-27 20:21:01', 'a8056cf9-ff4c-41f3-ae1f-d91512d624d2'),
 ('143', '508', 'en_us', 'Lorem Logo4', NULL, NULL, NULL, NULL, NULL, NULL, NULL, '0', NULL, NULL, NULL, NULL, NULL, '0', '0', '2017-07-27 20:21:01', '2017-07-27 20:21:01', '7a71702c-a038-470d-afd3-31272b80e63e'),
 ('144', '509', 'en_us', 'Lorem Logo5', NULL, NULL, NULL, NULL, NULL, NULL, NULL, '0', NULL, NULL, NULL, NULL, NULL, '0', '0', '2017-07-27 20:21:02', '2017-07-27 20:21:02', '0cf01d3e-b6b4-4803-8a2d-4d11728513a9'),
 ('145', '510', 'en_us', 'Lorem Logo6', NULL, NULL, NULL, NULL, NULL, NULL, NULL, '0', NULL, NULL, NULL, NULL, NULL, '0', '0', '2017-07-27 20:21:02', '2017-07-27 20:21:02', 'ba9176f1-a5fc-432d-9b3c-4ff8a2942288'),
 ('146', '511', 'en_us', 'Lorem Logo7', NULL, NULL, NULL, NULL, NULL, NULL, NULL, '0', NULL, NULL, NULL, NULL, NULL, '0', '0', '2017-07-27 20:21:03', '2017-07-27 20:21:03', '8160ff2f-d9f3-44ec-82b2-749d33a07a1d'),
 ('147', '546', 'en_us', '2017-07-27 21:26:19', NULL, NULL, NULL, NULL, NULL, NULL, NULL, '0', NULL, NULL, NULL, NULL, NULL, '0', '0', '2017-07-27 21:26:19', '2017-07-27 21:26:19', '17d0ecbf-e6cc-4d73-a111-7df1b8f4f1df'),
 ('153', '748', 'en_us', 'Gunnery Mobile', NULL, NULL, NULL, NULL, NULL, NULL, NULL, '0', NULL, NULL, NULL, NULL, NULL, '0', '0', '2017-07-31 13:10:01', '2017-07-31 13:10:01', 'c775df20-e47d-44f1-9a26-a61c54de0578'),
 ('154', '749', 'en_us', 'Gunnery Desktop', NULL, NULL, NULL, NULL, NULL, NULL, NULL, '0', NULL, NULL, NULL, NULL, NULL, '0', '0', '2017-07-31 13:10:13', '2017-07-31 13:10:13', 'b00bf9a5-c310-42ec-b866-05f73c22bb79'),
 ('161', '910', 'en_us', 'Centre Square', NULL, NULL, NULL, NULL, NULL, NULL, NULL, '0', NULL, NULL, '{\"name\":\"\",\"street\":\"\",\"street2\":\"\",\"city\":\"Bristol\",\"region\":\"Connecticut\",\"postalCode\":\"\",\"country\":\"US\",\"__model__\":\"Craft\\\\VzAddress_AddressModel\"}', 'City of Bristol', NULL, '0', '0', '2017-07-31 19:29:34', '2017-07-31 22:03:33', 'ad7fc9aa-c13b-4327-88f8-b59e9aa24ecd'),
 ('162', '957', 'en_us', 'Mc Ginnis Blossoms', NULL, NULL, NULL, NULL, NULL, NULL, NULL, '0', NULL, NULL, NULL, NULL, NULL, '0', '0', '2017-07-31 19:34:00', '2017-07-31 19:34:00', '82364acd-87d4-4282-9cd9-7e4a23f64bec'),
 ('163', '958', 'en_us', '09 2013 Tongva 319 0', NULL, NULL, NULL, NULL, NULL, NULL, NULL, '0', NULL, NULL, NULL, NULL, NULL, '0', '0', '2017-07-31 19:36:02', '2017-07-31 19:36:02', 'c47ae0ad-3009-4227-bd0a-3ae13dcc6bae'),
 ('164', '959', 'en_us', NULL, NULL, NULL, NULL, NULL, NULL, NULL, NULL, '0', NULL, NULL, NULL, NULL, NULL, '0', '0', '2017-07-31 20:44:43', '2017-07-31 20:44:43', '776d8fe9-83b1-44e2-9bff-ba65d8e6edf7'),
 ('165', '960', 'en_us', 'Education', NULL, NULL, NULL, NULL, NULL, NULL, NULL, '0', NULL, NULL, NULL, NULL, NULL, '0', '0', '2017-07-31 21:27:17', '2017-07-31 21:27:17', '5d288880-da12-4795-9308-a622ee0d3531'),
 ('166', '961', 'en_us', 'Public Education', NULL, NULL, NULL, NULL, NULL, NULL, NULL, '0', NULL, NULL, NULL, NULL, NULL, '0', '0', '2017-07-31 21:27:38', '2017-07-31 21:27:38', 'db43873e-92d6-4f66-9f0a-7665434a58c8'),
 ('167', '962', 'en_us', 'Higher Education', NULL, NULL, NULL, NULL, NULL, NULL, NULL, '0', NULL, NULL, NULL, NULL, NULL, '0', '0', '2017-07-31 21:27:49', '2017-07-31 21:27:49', 'ba2ff4cd-2ce9-486a-8649-fde74c5f76e4'),
 ('168', '963', 'en_us', 'Independent Schools', NULL, NULL, NULL, NULL, NULL, NULL, NULL, '0', NULL, NULL, NULL, NULL, NULL, '0', '0', '2017-07-31 21:28:01', '2017-07-31 21:28:01', 'ee20c1b5-5d1e-42c9-9319-82cdd0121d08'),
 ('169', '964', 'en_us', 'Development', NULL, NULL, NULL, NULL, NULL, NULL, NULL, '0', NULL, NULL, NULL, NULL, NULL, '0', '0', '2017-07-31 21:28:16', '2017-07-31 21:28:16', 'edfcf778-87d3-4df2-b73d-ff7a9dbc91f0'),
 ('170', '965', 'en_us', 'Residential', NULL, NULL, NULL, NULL, NULL, NULL, NULL, '0', NULL, NULL, NULL, NULL, NULL, '0', '0', '2017-07-31 21:28:32', '2017-07-31 21:28:32', '43c85c2e-ae09-452d-a1a4-5dcc50d0bef1'),
 ('171', '966', 'en_us', 'Corporate & Industrial', NULL, NULL, NULL, NULL, NULL, NULL, NULL, '0', NULL, NULL, NULL, NULL, NULL, '0', '0', '2017-07-31 21:28:52', '2017-07-31 21:28:52', '1d0d2782-9b5f-4c7b-8a65-5148ac7eabb4'),
 ('172', '967', 'en_us', 'Healthcare', NULL, NULL, NULL, NULL, NULL, NULL, NULL, '0', NULL, NULL, NULL, NULL, NULL, '0', '0', '2017-07-31 21:29:01', '2017-07-31 21:29:01', '337b6237-a917-4e62-a5f7-dc65435346d5'),
 ('173', '968', 'en_us', 'Mixed Use & Commercial', NULL, NULL, NULL, NULL, NULL, NULL, NULL, '0', NULL, NULL, NULL, NULL, NULL, '0', '0', '2017-07-31 21:29:19', '2017-07-31 21:29:19', '4f6b15e1-b30c-479a-9d9f-36bb1dd2e37b'),
 ('174', '969', 'en_us', 'Civic', NULL, NULL, NULL, NULL, NULL, NULL, NULL, '0', NULL, NULL, NULL, NULL, NULL, '0', '0', '2017-07-31 21:29:27', '2017-07-31 21:29:27', '2cfd4891-cb1e-4c06-ae51-071fbca6a3c9'),
 ('175', '970', 'en_us', 'Utilities', NULL, NULL, NULL, NULL, NULL, NULL, NULL, '0', NULL, NULL, NULL, NULL, NULL, '0', '0', '2017-07-31 21:29:37', '2017-07-31 21:29:37', '8ce2bdf3-6585-4572-b72b-9511427bff1c'),
 ('176', '971', 'en_us', 'Transportation', NULL, NULL, NULL, NULL, NULL, NULL, NULL, '0', NULL, NULL, NULL, NULL, NULL, '0', '0', '2017-07-31 21:29:45', '2017-07-31 21:29:45', '264d494d-eb91-43c7-8890-f3ad3e755492'),
 ('177', '972', 'en_us', 'Environment', NULL, NULL, NULL, NULL, NULL, NULL, NULL, '0', NULL, NULL, NULL, NULL, NULL, '0', '0', '2017-07-31 21:29:53', '2017-07-31 21:29:53', '8f56d7ad-d12f-4a2f-a3a9-576e511f089c'),
 ('178', '973', 'en_us', 'Community', NULL, NULL, NULL, NULL, NULL, NULL, NULL, '0', NULL, NULL, NULL, NULL, NULL, '0', '0', '2017-07-31 21:30:00', '2017-07-31 21:30:00', 'f98a9a3b-8bce-407d-8458-e03cc09142f1'),
 ('179', '974', 'en_us', 'Engineering', NULL, NULL, NULL, NULL, NULL, NULL, NULL, '0', NULL, NULL, NULL, NULL, '', '0', '0', '2017-07-31 21:30:36', '2017-07-31 21:30:36', 'a48e67db-906c-4660-bbfb-40c77908dd9b'),
 ('180', '975', 'en_us', 'Civil Engineering', NULL, NULL, NULL, NULL, NULL, NULL, NULL, '0', NULL, NULL, NULL, NULL, '', '0', '0', '2017-07-31 21:31:24', '2017-07-31 21:31:24', 'eeaadf79-3337-4f25-bb4a-98d7c3f317bd'),
 ('181', '976', 'en_us', 'Transportation Engineering', NULL, NULL, NULL, NULL, NULL, NULL, NULL, '0', NULL, NULL, NULL, NULL, '', '0', '0', '2017-07-31 21:32:27', '2017-07-31 21:32:27', '472416c2-f228-43c6-8f0d-4e03486e96b8'),
 ('182', '977', 'en_us', 'Water Resources', NULL, NULL, NULL, NULL, NULL, NULL, NULL, '0', NULL, NULL, NULL, NULL, '', '0', '0', '2017-07-31 21:32:35', '2017-07-31 21:32:35', '9d7cefa9-1228-41ba-adcb-406afb1f6b7f'),
 ('183', '978', 'en_us', 'Structural Engineering', NULL, NULL, NULL, NULL, NULL, NULL, NULL, '0', NULL, NULL, NULL, NULL, '', '0', '0', '2017-07-31 21:32:44', '2017-07-31 21:32:44', '05a10f38-33b6-452c-a1a5-985ee522a59a'),
 ('184', '979', 'en_us', 'Geotechnical Engineering', NULL, NULL, NULL, NULL, NULL, NULL, NULL, '0', NULL, NULL, NULL, NULL, '', '0', '0', '2017-07-31 21:32:56', '2017-07-31 21:32:56', '49e664ca-2692-4593-bd2a-4294a9db3935'),
 ('185', '980', 'en_us', 'Water & Wastewater', NULL, NULL, NULL, NULL, NULL, NULL, NULL, '0', NULL, NULL, NULL, NULL, '', '0', '0', '2017-07-31 21:33:07', '2017-07-31 21:33:07', '6ffe5efe-52c0-4fc8-927d-9b7e1c452f1d');
INSERT INTO `craft_content` (`id`, `elementId`, `locale`, `title`, `field_body`, `field_startDate`, `field_about`, `field_expertise`, `field_heading`, `field_phone`, `field_aboutTheLocation`, `field_isHeaderquarters`, `field_practiceAreaIcon`, `field_serviceColor`, `field_address`, `field_client`, `field_excerpt`, `field_boardMember`, `field_practiceLead`, `dateCreated`, `dateUpdated`, `uid`) VALUES
 ('186', '981', 'en_us', 'Utility', NULL, NULL, NULL, NULL, NULL, NULL, NULL, '0', NULL, NULL, NULL, NULL, '', '0', '0', '2017-07-31 21:33:14', '2017-07-31 21:33:14', '5e769942-5d4a-48d2-82cb-9a04a29a0ad2'),
 ('187', '982', 'en_us', 'Environmental Science', NULL, NULL, NULL, NULL, NULL, NULL, NULL, '0', NULL, NULL, NULL, NULL, '', '0', '0', '2017-07-31 21:33:26', '2017-07-31 21:33:26', '9c45892d-be01-4881-89e2-028d4ee0142a'),
 ('188', '983', 'en_us', 'Natural Resource Management', NULL, NULL, NULL, NULL, NULL, NULL, NULL, '0', NULL, NULL, NULL, NULL, '', '0', '0', '2017-07-31 21:34:04', '2017-07-31 21:34:04', '1701bd3a-7026-4065-aa15-e0f9362e6180'),
 ('189', '984', 'en_us', 'Building Sciences', NULL, NULL, NULL, NULL, NULL, NULL, NULL, '0', NULL, NULL, NULL, NULL, '', '0', '0', '2017-07-31 21:34:16', '2017-07-31 21:34:16', '1fe8bffb-0fa5-46f0-aa0a-0281c9654629'),
 ('190', '985', 'en_us', 'Environmental Impact & Permitting', NULL, NULL, NULL, NULL, NULL, NULL, NULL, '0', NULL, NULL, NULL, NULL, '', '0', '0', '2017-07-31 21:34:35', '2017-07-31 21:34:35', '49556c18-067e-4622-b2f3-e31147a4998b'),
 ('191', '986', 'en_us', 'Environmental Site Assessment & Remediation', NULL, NULL, NULL, NULL, NULL, NULL, NULL, '0', NULL, NULL, NULL, NULL, '', '0', '0', '2017-07-31 21:35:03', '2017-07-31 21:35:03', '2736e238-207e-447b-bd58-ebf4c62fc622'),
 ('192', '987', 'en_us', 'Industrial Permitting', NULL, NULL, NULL, NULL, NULL, NULL, NULL, '0', NULL, NULL, NULL, NULL, '', '0', '0', '2017-07-31 21:35:15', '2017-07-31 21:35:15', 'f2d421a1-d3d9-42c9-8848-8d59e9ebd210'),
 ('193', '988', 'en_us', 'Landscape Architecture', NULL, NULL, NULL, NULL, NULL, NULL, NULL, '0', NULL, NULL, NULL, NULL, '', '0', '0', '2017-07-31 21:35:31', '2017-07-31 21:35:31', '351ac8ae-2c21-4dd9-b8dd-4b4ecad98915'),
 ('194', '989', 'en_us', 'Master Planning & Site Design', NULL, NULL, NULL, NULL, NULL, NULL, NULL, '0', NULL, NULL, NULL, NULL, '', '0', '0', '2017-07-31 21:35:51', '2017-07-31 21:36:16', '1451f7c9-1904-477f-98fe-e0facc4d5062'),
 ('195', '990', 'en_us', 'Parks & Recreation', NULL, NULL, NULL, NULL, NULL, NULL, NULL, '0', NULL, NULL, NULL, NULL, '', '0', '0', '2017-07-31 21:36:25', '2017-07-31 21:36:25', '752bb32c-1899-4b64-a0c9-c37f59aff939'),
 ('196', '991', 'en_us', 'Athletic Facilities', NULL, NULL, NULL, NULL, NULL, NULL, NULL, '0', NULL, NULL, NULL, NULL, '', '0', '0', '2017-07-31 21:36:37', '2017-07-31 21:36:37', '894ae481-e120-4d5d-ab93-d04fadedf6f7'),
 ('197', '992', 'en_us', 'Bikes & Greenways', NULL, NULL, NULL, NULL, NULL, NULL, NULL, '0', NULL, NULL, NULL, NULL, '', '0', '0', '2017-07-31 21:36:59', '2017-07-31 21:36:59', 'b05bc4d2-15df-468f-a15c-188ff3a887fa'),
 ('198', '993', 'en_us', 'Planning', NULL, NULL, NULL, NULL, NULL, NULL, NULL, '0', NULL, NULL, NULL, NULL, '', '0', '0', '2017-07-31 21:37:10', '2017-07-31 21:37:10', '7b6ce82e-06b5-4548-af6c-e2142c702fb1'),
 ('199', '994', 'en_us', 'Community & Land Use', NULL, NULL, NULL, NULL, NULL, NULL, NULL, '0', NULL, NULL, NULL, NULL, '', '0', '0', '2017-07-31 21:37:30', '2017-07-31 21:37:30', 'd9de4576-c978-415b-96b5-58b1124ea8d6'),
 ('200', '995', 'en_us', 'Redevelopment & Economic Development', NULL, NULL, NULL, NULL, NULL, NULL, NULL, '0', NULL, NULL, NULL, NULL, '', '0', '0', '2017-07-31 21:37:44', '2017-07-31 21:37:44', '0c4631d4-58cb-4c98-a773-8d2f6f676542'),
 ('201', '996', 'en_us', 'School Enrollment Projections & Redistricting', NULL, NULL, NULL, NULL, NULL, NULL, NULL, '0', NULL, NULL, NULL, NULL, '', '0', '0', '2017-07-31 21:38:11', '2017-07-31 21:38:11', 'e147d15c-cdf6-4b02-ac68-222b59e6fa26'),
 ('202', '997', 'en_us', 'Transportation Planning', NULL, NULL, NULL, NULL, NULL, NULL, NULL, '0', NULL, NULL, NULL, NULL, '', '0', '0', '2017-07-31 21:38:23', '2017-07-31 21:38:23', '063f9975-1eec-4b4a-b856-3050f454af0e'),
 ('203', '998', 'en_us', 'Hazard Mitigation', NULL, NULL, NULL, NULL, NULL, NULL, NULL, '0', NULL, NULL, NULL, NULL, '', '0', '0', '2017-07-31 21:38:36', '2017-07-31 21:38:36', '320cadfa-5c22-475a-847b-b6dcbfdfcf5c'),
 ('204', '999', 'en_us', 'Coastal Resilience', NULL, NULL, NULL, NULL, NULL, NULL, NULL, '0', NULL, NULL, NULL, NULL, '', '0', '0', '2017-07-31 21:38:47', '2017-07-31 21:38:47', '9b2c6df1-6bc2-410c-8035-d9b10b69d482'),
 ('205', '1000', 'en_us', 'Construction Services', NULL, NULL, NULL, NULL, NULL, NULL, NULL, '0', NULL, NULL, NULL, NULL, '', '0', '0', '2017-07-31 21:38:57', '2017-07-31 21:38:57', '4b38c6dd-ae84-40f5-a208-cb2eb7305e80'),
 ('206', '1001', 'en_us', 'Project Administration', NULL, NULL, NULL, NULL, NULL, NULL, NULL, '0', NULL, NULL, NULL, NULL, '', '0', '0', '2017-07-31 21:39:22', '2017-07-31 21:39:22', '699a7ed3-47ff-4aa9-b730-668942a9604d'),
 ('207', '1002', 'en_us', 'Resident Engineering', NULL, NULL, NULL, NULL, NULL, NULL, NULL, '0', NULL, NULL, NULL, NULL, '', '0', '0', '2017-07-31 21:39:34', '2017-07-31 21:39:34', '4cb113e3-2b86-4f73-85d8-1f23ddc19162'),
 ('208', '1003', 'en_us', 'Value Engineering', NULL, NULL, NULL, NULL, NULL, NULL, NULL, '0', NULL, NULL, NULL, NULL, '', '0', '0', '2017-07-31 21:39:43', '2017-07-31 21:39:43', '9bb157f3-85b6-4969-b448-20a124461798'),
 ('209', '1004', 'en_us', 'Land Surveying', NULL, NULL, NULL, NULL, NULL, NULL, NULL, '0', NULL, NULL, NULL, NULL, '', '0', '0', '2017-07-31 21:39:54', '2017-07-31 21:39:54', '7759e7dc-cb35-4f62-8d41-66ec3afdfe5c'),
 ('210', '1005', 'en_us', 'Connecticut', NULL, NULL, NULL, NULL, NULL, '{\"type\":\"tel\",\"tel\":\"2032711773\",\"customText\":\"(203) 271-1773\"}', '', '0', NULL, NULL, '{\"name\":\"Connecticut\",\"street\":\"99 Realty Drive\",\"street2\":\"\",\"city\":\"Cheshire\",\"region\":\"CT\",\"postalCode\":\"06410\",\"country\":\"US\",\"__model__\":\"Craft\\\\VzAddress_AddressModel\"}', NULL, '', '0', '0', '2017-07-31 21:49:09', '2017-07-31 21:49:16', '101ed9d7-aed4-4db7-a95e-b6ae133e9f02'),
 ('211', '1006', 'en_us', 'Maine', NULL, NULL, NULL, NULL, NULL, '{\"type\":\"tel\",\"tel\":\"2075419544\",\"customText\":\"(207) 541-9544\"}', '', '0', NULL, NULL, '{\"name\":\"Maine\",\"street\":\"121 Middle Street\",\"street2\":\"Suite 201\",\"city\":\"Portland\",\"region\":\"ME\",\"postalCode\":\"04101\",\"country\":\"US\",\"__model__\":\"Craft\\\\VzAddress_AddressModel\"}', NULL, '', '0', '0', '2017-07-31 21:50:25', '2017-07-31 21:50:25', '0af6263e-fe51-492d-990a-a8631846bd6c'),
 ('212', '1007', 'en_us', 'Massachusetts', NULL, NULL, NULL, NULL, NULL, '{\"type\":\"tel\",\"tel\":\"4132416920\",\"customText\":\"(413) 241-6920\"}', '', '0', NULL, NULL, '{\"name\":\"Massachusetts\",\"street\":\"1350 Main Street\",\"street2\":\"Suite 1012\",\"city\":\"Springfield\",\"region\":\"MA\",\"postalCode\":\"01103\",\"country\":\"US\",\"__model__\":\"Craft\\\\VzAddress_AddressModel\"}', NULL, '', '0', '0', '2017-07-31 21:51:31', '2017-07-31 21:51:31', 'c0687a81-2ff4-4a7f-b9c0-1025a62c56bb'),
 ('213', '1008', 'en_us', 'New Hampshire', NULL, NULL, NULL, NULL, NULL, '{\"type\":\"tel\",\"tel\":\"6032182320\",\"customText\":\"(603) 218-2320\"}', '', '0', NULL, NULL, '{\"name\":\"New Hampshire\",\"street\":\"1 Sundial Avenue\",\"street2\":\"Suite 505N\",\"city\":\"Manchester\",\"region\":\"NH\",\"postalCode\":\"03103\",\"country\":\"US\",\"__model__\":\"Craft\\\\VzAddress_AddressModel\"}', NULL, '', '0', '0', '2017-07-31 21:52:23', '2017-07-31 21:52:23', 'f270e00c-787a-4934-8d68-c2a10b1b515d'),
 ('214', '1009', 'en_us', 'New York', NULL, NULL, NULL, NULL, NULL, '{\"type\":\"tel\",\"tel\":\"8456338153\",\"customText\":\"(845) 633-8153\"}', '', '0', NULL, NULL, '{\"name\":\"New York\",\"street\":\"231 Main Street\",\"street2\":\"Suite 102\",\"city\":\"New Paltz\",\"region\":\"NY\",\"postalCode\":\"12561\",\"country\":\"US\",\"__model__\":\"Craft\\\\VzAddress_AddressModel\"}', NULL, '', '0', '0', '2017-07-31 21:54:08', '2017-07-31 21:54:08', '9b115117-15b2-401a-8d76-8449db6b8ad7'),
 ('215', '1010', 'en_us', 'Vermont', NULL, NULL, NULL, NULL, NULL, '{\"type\":\"tel\",\"tel\":\"8028828335\",\"customText\":\"(802) 882-8335\"}', '', '0', NULL, NULL, '{\"name\":\"Vermont\",\"street\":\"1 South Main Street\",\"street2\":\"\",\"city\":\"Waterbury\",\"region\":\"VT\",\"postalCode\":\"05676\",\"country\":\"US\",\"__model__\":\"Craft\\\\VzAddress_AddressModel\"}', NULL, '', '0', '0', '2017-07-31 21:55:04', '2017-07-31 21:55:04', '3cf98cc7-dbb6-4366-a7ba-b146c2968fee');



DROP TABLE IF EXISTS `craft_deprecationerrors`;


--
-- Schema for table `craft_deprecationerrors`
--
CREATE TABLE `craft_deprecationerrors` (
  `id` int(11) NOT NULL AUTO_INCREMENT,
  `key` varchar(255) COLLATE utf8_unicode_ci NOT NULL,
  `fingerprint` varchar(255) COLLATE utf8_unicode_ci NOT NULL,
  `lastOccurrence` datetime NOT NULL,
  `file` varchar(255) COLLATE utf8_unicode_ci NOT NULL,
  `line` smallint(6) unsigned NOT NULL,
  `class` varchar(255) COLLATE utf8_unicode_ci DEFAULT NULL,
  `method` varchar(255) COLLATE utf8_unicode_ci DEFAULT NULL,
  `template` varchar(255) COLLATE utf8_unicode_ci DEFAULT NULL,
  `templateLine` smallint(6) unsigned DEFAULT NULL,
  `message` varchar(255) COLLATE utf8_unicode_ci DEFAULT NULL,
  `traces` text COLLATE utf8_unicode_ci,
  `dateCreated` datetime NOT NULL,
  `dateUpdated` datetime NOT NULL,
  `uid` char(36) COLLATE utf8_unicode_ci NOT NULL DEFAULT '0',
  PRIMARY KEY (`id`),
  UNIQUE KEY `craft_deprecationerrors_key_fingerprint_unq_idx` (`key`,`fingerprint`)
) ENGINE=InnoDB DEFAULT CHARSET=utf8 COLLATE=utf8_unicode_ci;

DROP TABLE IF EXISTS `craft_elementindexsettings`;


--
-- Schema for table `craft_elementindexsettings`
--
CREATE TABLE `craft_elementindexsettings` (
  `id` int(11) NOT NULL AUTO_INCREMENT,
  `type` varchar(150) COLLATE utf8_unicode_ci NOT NULL,
  `settings` text COLLATE utf8_unicode_ci,
  `dateCreated` datetime NOT NULL,
  `dateUpdated` datetime NOT NULL,
  `uid` char(36) COLLATE utf8_unicode_ci NOT NULL DEFAULT '0',
  PRIMARY KEY (`id`),
  UNIQUE KEY `craft_elementindexsettings_type_unq_idx` (`type`)
) ENGINE=InnoDB AUTO_INCREMENT=5 DEFAULT CHARSET=utf8 COLLATE=utf8_unicode_ci;

--
-- Data for table `craft_elementindexsettings`
--

INSERT INTO `craft_elementindexsettings` (`id`, `type`, `settings`, `dateCreated`, `dateUpdated`, `uid`) VALUES
 ('1', 'Category', '{\"sources\":{\"group:2\":{\"tableAttributes\":{\"1\":\"link\"}},\"group:1\":{\"tableAttributes\":{\"1\":\"link\"}},\"group:3\":{\"tableAttributes\":{\"1\":\"link\"}}},\"sourceOrder\":[[\"key\",\"group:1\"],[\"key\",\"group:2\"],[\"key\",\"group:4\"],[\"key\",\"group:3\"],[\"key\",\"group:6\"]]}', '2017-06-15 16:37:59', '2017-07-31 21:46:36', '8cb86173-8c50-4a28-8b26-dd25eafcaeeb'),
 ('2', 'Asset', '{\"sourceOrder\":[[\"key\",\"folder:1\"],[\"key\",\"folder:2\"],[\"key\",\"folder:3\"],[\"key\",\"folder:4\"],[\"key\",\"folder:5\"],[\"key\",\"folder:6\"],[\"key\",\"folder:7\"],[\"heading\",\"Case Study Images\"]],\"sources\":{\"folder:3\":{\"tableAttributes\":{\"1\":\"filename\",\"2\":\"size\",\"3\":\"dateModified\"}},\"folder:4\":{\"tableAttributes\":{\"1\":\"filename\",\"2\":\"size\",\"3\":\"dateModified\"}}}}', '2017-07-11 18:29:45', '2017-07-11 18:29:45', 'ceef2397-35a3-4b39-b5b3-542d160ef18c');



DROP TABLE IF EXISTS `craft_elements`;


--
-- Schema for table `craft_elements`
--
CREATE TABLE `craft_elements` (
  `id` int(11) NOT NULL AUTO_INCREMENT,
  `type` varchar(150) COLLATE utf8_unicode_ci NOT NULL,
  `enabled` tinyint(1) unsigned NOT NULL DEFAULT '1',
  `archived` tinyint(1) unsigned NOT NULL DEFAULT '0',
  `dateCreated` datetime NOT NULL,
  `dateUpdated` datetime NOT NULL,
  `uid` char(36) COLLATE utf8_unicode_ci NOT NULL DEFAULT '0',
  PRIMARY KEY (`id`),
  KEY `craft_elements_type_idx` (`type`),
  KEY `craft_elements_enabled_idx` (`enabled`),
  KEY `craft_elements_archived_dateCreated_idx` (`archived`,`dateCreated`)
) ENGINE=InnoDB AUTO_INCREMENT=1011 DEFAULT CHARSET=utf8 COLLATE=utf8_unicode_ci;

--
-- Data for table `craft_elements`
--

INSERT INTO `craft_elements` (`id`, `type`, `enabled`, `archived`, `dateCreated`, `dateUpdated`, `uid`) VALUES
 ('1', 'User', '1', '0', '2017-06-09 17:32:21', '2017-06-09 17:32:21', 'dcad5cb0-fd9f-4b81-a8ce-db6e7a81edca'),
 ('3', 'Entry', '1', '0', '2017-06-09 17:32:25', '2017-06-09 17:55:35', 'da780abd-0fb6-4413-b39a-78b284a30cc1'),
 ('27', 'Navee_Node', '1', '0', '2017-06-09 20:32:02', '2017-06-16 15:40:22', 'b9c18767-4e1b-4dd0-84a7-6bccf8889bec'),
 ('28', 'Entry', '1', '0', '2017-06-09 20:34:58', '2017-06-27 21:10:29', '53cda700-f01d-4f44-a6b0-526f54c9b613'),
 ('29', 'Asset', '1', '0', '2017-06-12 20:16:25', '2017-06-12 20:16:25', 'c5cebcfe-6f73-4942-ae5b-839e96964fff'),
 ('30', 'MatrixBlock', '1', '0', '2017-06-12 20:16:38', '2017-06-27 21:10:29', '9813a6e1-a23a-424c-995d-89cd78b2fcf0'),
 ('31', 'SuperTable_Block', '1', '0', '2017-06-12 20:16:38', '2017-06-27 21:10:29', '0662ab94-22fb-4bb3-97d6-f278fc0bae43'),
 ('35', 'Entry', '1', '0', '2017-06-15 15:05:59', '2017-07-25 14:21:28', '8f984bc8-69b2-4af0-8591-5ca05ab3f7e7'),
 ('36', 'MatrixBlock', '1', '0', '2017-06-15 15:05:59', '2017-06-15 16:17:13', '74ff0d3f-28c6-484b-9ac4-6b0185e9da3a'),
 ('37', 'MatrixBlock', '1', '0', '2017-06-15 15:05:59', '2017-06-15 16:17:13', 'fff7b311-7d62-4451-82ed-b8b7f74b37f0'),
 ('38', 'SuperTable_Block', '1', '0', '2017-06-15 16:04:27', '2017-06-28 21:11:02', 'fb9d0c27-725c-43b5-ab41-41b598d8c85b'),
 ('39', 'MatrixBlock', '1', '0', '2017-06-15 16:17:13', '2017-06-15 16:17:13', 'c82e5f27-ab3a-42ec-b0de-c697eee6727a'),
 ('41', 'Category', '1', '0', '2017-06-15 16:39:26', '2017-06-28 21:10:11', '49ad43d7-f398-4ea0-a183-3522b7940741'),
 ('42', 'Category', '1', '0', '2017-06-15 16:39:39', '2017-06-28 21:10:32', 'ee04da97-9356-45d1-947a-ba91ac8b7315'),
 ('53', 'Entry', '1', '0', '2017-06-16 01:49:49', '2017-07-31 22:03:32', 'acc2ef87-de03-4649-90ff-2db5863820ac'),
 ('90', 'Asset', '1', '0', '2017-06-27 21:08:55', '2017-06-27 21:08:55', '715afa21-e892-4e2e-97b2-923d0b5fe1de'),
 ('91', 'Asset', '1', '0', '2017-06-27 21:08:55', '2017-06-27 21:08:56', '50db850e-d1ba-40d1-b151-5e4fbf91eb8c'),
 ('92', 'Asset', '1', '0', '2017-06-27 21:08:56', '2017-06-27 21:08:56', '0bda6b47-e1d1-489f-a19c-959912d69b9e'),
 ('139', 'Entry', '1', '0', '2017-06-28 15:54:55', '2017-07-31 22:03:33', '44c81384-862c-4385-b1c9-de06ac57a412'),
 ('143', 'MatrixBlock', '1', '0', '2017-06-28 15:54:56', '2017-07-27 14:39:30', '33698da1-cbfd-4f2b-b6d0-cbb2695bbae6'),
 ('144', 'MatrixBlock', '1', '0', '2017-06-28 15:54:56', '2017-07-27 14:39:30', '66bd1893-f703-4b2f-867f-888311df450a'),
 ('145', 'MatrixBlock', '1', '0', '2017-06-28 15:57:44', '2017-07-27 14:39:30', 'b9d8e44c-ad3d-4950-aded-1906f946068d'),
 ('147', 'Entry', '1', '0', '2017-06-28 19:29:30', '2017-06-28 19:29:30', '179e854f-0035-4f31-a9f4-13a80c440b64'),
 ('148', 'MatrixBlock', '1', '0', '2017-06-28 19:29:30', '2017-06-28 19:29:30', '6d3bd814-8c82-4f46-8059-8d42bed96632'),
 ('149', 'SuperTable_Block', '1', '0', '2017-06-28 19:29:30', '2017-06-28 19:29:30', '2655aee7-d664-4098-a195-11db33101d22'),
 ('150', 'MatrixBlock', '1', '0', '2017-06-28 19:29:30', '2017-06-28 19:29:30', 'afd950a3-695b-48ac-956a-f98b24216aa8'),
 ('151', 'MatrixBlock', '1', '0', '2017-06-28 19:29:30', '2017-06-28 19:29:30', '402efd57-8beb-47f8-88b5-cab70cf23e7a'),
 ('152', 'MatrixBlock', '1', '0', '2017-06-28 19:29:30', '2017-06-28 19:29:30', '3cd97d72-83cb-4605-a523-eb026f1e3d48'),
 ('158', 'Category', '1', '0', '2017-06-28 21:10:47', '2017-06-28 21:10:47', '49fa44ee-c4fe-43c0-9ef6-3dca13f40328'),
 ('159', 'SuperTable_Block', '1', '0', '2017-06-28 21:31:48', '2017-07-27 14:39:30', 'ce4ee2d3-79e2-4de7-84d6-8b0662c26a56'),
 ('160', 'Entry', '1', '0', '2017-07-09 19:15:34', '2017-07-11 19:49:08', 'e757177f-2cef-4885-977b-de906589f834'),
 ('161', 'MatrixBlock', '1', '0', '2017-07-09 19:15:34', '2017-07-11 19:49:08', '2713448b-2998-4454-8cd6-6f8d71dbd890'),
 ('162', 'SuperTable_Block', '1', '0', '2017-07-09 19:15:34', '2017-07-11 19:49:09', 'c38804de-5e65-4379-8597-1d6e0d916929'),
 ('163', 'MatrixBlock', '1', '0', '2017-07-09 19:15:34', '2017-07-11 19:49:09', 'ae7f1a30-a80f-4769-99dd-a33d3ab36b82'),
 ('165', 'Asset', '1', '0', '2017-07-11 16:36:28', '2017-07-11 16:37:08', '6c226c00-7761-4a85-bace-41ea86d56c99'),
 ('166', 'Entry', '1', '0', '2017-07-11 16:38:22', '2017-07-11 16:38:22', '050def7d-9b33-4a3b-9b1c-bb96463c9b6c'),
 ('167', 'MatrixBlock', '1', '0', '2017-07-11 16:38:26', '2017-07-11 19:49:09', '0e29dd3f-951b-4a3a-9fb2-c8cab116672a'),
 ('173', 'Asset', '1', '0', '2017-07-11 18:14:19', '2017-07-11 18:14:19', 'bfda35ac-d7bf-4387-818c-0b40be69ab35'),
 ('174', 'Asset', '1', '0', '2017-07-11 18:14:23', '2017-07-11 18:14:23', '6a691a7e-4c20-4c90-8650-144701586d43'),
 ('175', 'Asset', '1', '0', '2017-07-11 18:46:05', '2017-07-11 18:46:05', 'e0b7d8b2-669c-4626-941c-f3c2bb0675b5'),
 ('176', 'MatrixBlock', '1', '0', '2017-07-13 16:21:56', '2017-07-27 14:39:30', 'd5577112-3b10-4148-9724-fb5c247cc6a5'),
 ('177', 'SuperTable_Block', '1', '0', '2017-07-13 16:21:56', '2017-07-27 14:39:30', 'd0f35064-e47e-4221-bd72-0f9dd2af4dbe'),
 ('178', 'MatrixBlock', '1', '0', '2017-07-17 16:12:28', '2017-07-27 14:39:30', '48b6e040-9bd6-4a7c-9e40-36a3669c9c0b'),
 ('179', 'SuperTable_Block', '1', '0', '2017-07-17 16:12:28', '2017-07-27 14:39:30', 'f8f82aee-d813-4e23-a002-ac3b4ecf8706'),
 ('180', 'SuperTable_Block', '1', '0', '2017-07-17 16:12:28', '2017-07-27 14:39:30', 'bfbdff96-dde0-4df5-846a-62168c359c0f'),
 ('181', 'SuperTable_Block', '1', '0', '2017-07-17 16:12:28', '2017-07-27 14:39:30', 'ae4bf53a-09d1-45df-9ef6-25cebcb3d17b'),
 ('182', 'SuperTable_Block', '1', '0', '2017-07-17 16:12:28', '2017-07-27 14:39:31', 'afcd28b4-d5fd-427b-abb4-6174947c0fe8'),
 ('183', 'SuperTable_Block', '1', '0', '2017-07-17 16:12:28', '2017-07-27 14:39:31', 'bb21a86d-2bce-4ac4-91d5-a59c13fa8d32'),
 ('184', 'SuperTable_Block', '1', '0', '2017-07-17 16:12:28', '2017-07-27 14:39:30', 'e4cc5310-2c29-4412-a510-aef095efd313'),
 ('185', 'SuperTable_Block', '1', '0', '2017-07-17 16:12:28', '2017-07-27 14:39:31', '2f722371-c33b-497b-8804-1ca284b22de0'),
 ('186', 'SuperTable_Block', '1', '0', '2017-07-17 16:12:28', '2017-07-27 14:39:31', '1edc38d5-c00a-4da7-9cac-aec5b5d79e82'),
 ('187', 'SuperTable_Block', '1', '0', '2017-07-17 16:12:28', '2017-07-27 14:39:31', '9e08e3a7-ef1b-4d79-86f0-b25ed2ab65b3'),
 ('188', 'SuperTable_Block', '1', '0', '2017-07-17 16:12:28', '2017-07-27 14:39:30', '81e20446-edc8-4d07-be47-376cea3309d9'),
 ('189', 'SuperTable_Block', '1', '0', '2017-07-17 16:12:28', '2017-07-27 14:39:31', 'ebe6fcaa-af82-44fa-a8c6-4402c2c71e07'),
 ('190', 'SuperTable_Block', '1', '0', '2017-07-17 16:12:28', '2017-07-27 14:39:31', '7a41af64-5aaa-4155-b3c7-116c7a4f71c9'),
 ('191', 'SuperTable_Block', '1', '0', '2017-07-17 16:12:28', '2017-07-27 14:39:31', '0b87fbf2-8872-4fe7-8a33-5763def5f215'),
 ('192', 'SuperTable_Block', '1', '0', '2017-07-17 16:12:28', '2017-07-27 14:39:31', 'e39fae31-f1fd-491e-89a9-07f46ce9fe82'),
 ('193', 'SuperTable_Block', '1', '0', '2017-07-17 16:12:28', '2017-07-27 14:39:31', '5f041088-c51e-4e3c-af5b-854a9cbe0c0c'),
 ('195', 'MatrixBlock', '0', '0', '2017-07-17 16:12:28', '2017-07-27 14:39:31', 'b0cec021-ca8e-4347-b1d5-d34ecff8fa90'),
 ('196', 'MatrixBlock', '1', '0', '2017-07-17 16:12:28', '2017-07-27 14:39:31', '2fb86917-e937-4479-bb67-4d5fbabb4e6b'),
 ('197', 'MatrixBlock', '1', '0', '2017-07-17 19:08:55', '2017-07-27 14:39:31', '84d979af-245d-401a-89fb-11f4336f254d'),
 ('198', 'SuperTable_Block', '1', '0', '2017-07-17 19:08:55', '2017-07-27 14:39:31', '1c5cc473-0fbd-491e-895a-b644996c32c4'),
 ('199', 'Asset', '1', '0', '2017-07-18 14:48:32', '2017-07-18 14:48:32', 'b8306b2f-e8f2-43f7-ac12-6c6896225d1c'),
 ('200', 'Asset', '1', '0', '2017-07-18 14:48:40', '2017-07-18 14:48:40', 'ced6e452-6d98-47f5-b70b-5bdfcd3d97ef'),
 ('221', 'Entry', '1', '0', '2017-07-25 14:39:15', '2017-07-27 21:09:20', '117afb92-a667-40fb-9a1c-4f3d0c9c3419'),
 ('222', 'MatrixBlock', '1', '0', '2017-07-25 19:50:10', '2017-07-27 21:09:20', '660ab449-8ff2-4b9d-9271-7740c7eb3f83'),
 ('223', 'SuperTable_Block', '1', '0', '2017-07-25 19:50:10', '2017-07-27 21:09:20', '3c7f1280-6c3e-4b2c-906c-3b778d3032a7'),
 ('225', 'Asset', '1', '0', '2017-07-25 20:35:51', '2017-07-25 20:35:51', '65f023aa-d9b4-4949-837a-c432d595b5bf'),
 ('227', 'Asset', '1', '0', '2017-07-25 21:01:01', '2017-07-25 21:01:01', 'c1a3c4c9-facc-46d5-bd99-2b03446d5435'),
 ('228', 'Asset', '1', '0', '2017-07-26 18:16:31', '2017-07-27 19:07:21', 'd9a170c1-2248-4d72-b716-b2a1ba0916d1'),
 ('229', 'Asset', '1', '0', '2017-07-26 18:17:12', '2017-07-26 18:17:12', '76e5cb26-c1ac-4f53-a7e1-880bab524f42'),
 ('230', 'Asset', '1', '0', '2017-07-26 18:17:21', '2017-07-26 18:17:21', 'd9939e44-5598-4a2c-8eb5-9497a76cdc97'),
 ('231', 'Asset', '1', '0', '2017-07-26 18:18:11', '2017-07-26 18:18:11', 'f81e08ae-8273-4b38-b0b0-bdc516d5c506'),
 ('232', 'Asset', '1', '0', '2017-07-26 18:18:30', '2017-07-26 18:18:30', 'b04bd9e0-9853-42c6-b76c-7ce9dc7bb81f'),
 ('233', 'Asset', '1', '0', '2017-07-26 18:18:46', '2017-07-26 18:18:46', '34071a4f-c2f3-4008-a4e5-52f1d8573fff'),
 ('234', 'Asset', '1', '0', '2017-07-26 18:18:59', '2017-07-26 18:18:59', '55574f07-fcf7-4380-a44d-31f7e89169d4'),
 ('235', 'Asset', '1', '0', '2017-07-26 18:19:11', '2017-07-26 18:19:11', '1400c2e0-0335-45d3-a422-ec15b5550bda'),
 ('236', 'MatrixBlock', '1', '0', '2017-07-26 18:19:20', '2017-07-27 14:39:30', '092215b3-ff6b-45eb-8256-2c5d1c6eca74'),
 ('237', 'SuperTable_Block', '1', '0', '2017-07-26 18:19:20', '2017-07-27 14:39:30', '461fd192-e365-4a6a-9731-24772613ceb0'),
 ('238', 'SuperTable_Block', '1', '0', '2017-07-26 18:19:20', '2017-07-27 14:39:30', 'bda3c63b-84cd-4460-9b1c-0468c1b02272'),
 ('239', 'SuperTable_Block', '1', '0', '2017-07-26 18:19:20', '2017-07-27 14:39:30', '5ac04564-dbaf-4490-8be4-88798d38d777'),
 ('240', 'MatrixBlock', '1', '0', '2017-07-26 18:22:31', '2017-07-27 14:39:30', '98c065b7-9504-46f2-85a0-7090c44531e6'),
 ('243', 'Asset', '1', '0', '2017-07-26 18:48:35', '2017-07-26 18:48:35', '07e1874a-6ba5-439e-949b-d6611838709e'),
 ('244', 'Asset', '1', '0', '2017-07-26 18:50:58', '2017-07-26 18:50:58', '700ede81-6af1-4416-8de1-d131fb77bf9e'),
 ('248', 'Asset', '1', '0', '2017-07-26 18:55:50', '2017-07-26 18:55:50', 'f570c317-da0d-448e-b3eb-78358a759ff2'),
 ('255', 'Asset', '1', '0', '2017-07-26 19:23:15', '2017-07-26 19:23:15', 'd753ea40-781b-46ea-a2a3-96cca775aeaf'),
 ('272', 'Asset', '1', '0', '2017-07-26 19:39:00', '2017-07-26 19:39:00', 'd998d790-e00d-4d05-888a-0024554d9c5f'),
 ('273', 'Asset', '1', '0', '2017-07-26 19:40:45', '2017-07-26 19:40:45', 'b2ed4ffb-2c19-4754-91f4-ffe97e229a24'),
 ('274', 'Entry', '1', '0', '2017-07-26 19:42:07', '2017-07-31 13:13:19', '1e468a42-3ad4-49a7-be70-a9e8ea0b2598'),
 ('275', 'SuperTable_Block', '1', '0', '2017-07-26 19:42:07', '2017-07-31 13:13:19', 'f65ceab8-584e-4a33-9564-ec19fe1e9c41'),
 ('282', 'SuperTable_Block', '1', '0', '2017-07-26 19:52:13', '2017-07-27 14:39:31', 'ede15ee9-cc34-4457-9e66-e8c84e2fe04a'),
 ('310', 'Asset', '1', '0', '2017-07-26 20:08:19', '2017-07-26 20:08:19', 'dec1be1e-d020-4e44-971b-e07b4367a9fa'),
 ('385', 'Asset', '1', '0', '2017-07-26 20:53:22', '2017-07-26 20:53:22', '14fbced7-e645-4d65-b3e9-8136f55777c4'),
 ('407', 'Asset', '1', '0', '2017-07-27 17:52:02', '2017-07-27 17:52:02', '2eebc287-ebf2-40fe-9fe8-7cd8bc62a02d'),
 ('408', 'Asset', '1', '0', '2017-07-27 17:56:05', '2017-07-27 17:56:05', '811e611d-8acd-472b-b1c4-ce2c1cd6d886'),
 ('409', 'Asset', '1', '0', '2017-07-27 18:00:35', '2017-07-27 18:00:35', 'b3a9a9c0-95a1-47ba-8a05-4a009bc892dd'),
 ('410', 'Asset', '1', '0', '2017-07-27 18:00:43', '2017-07-27 18:00:43', 'e91b3e8c-dc50-4e4e-ad50-715dc1d385c6'),
 ('411', 'Asset', '1', '0', '2017-07-27 18:07:43', '2017-07-27 18:07:43', '948058fc-7b28-46a6-87f0-7369f1fc49b7'),
 ('412', 'Asset', '1', '0', '2017-07-27 18:08:09', '2017-07-27 18:08:09', '0061d9ca-5a98-4c9a-b2cf-64709c582ee4'),
 ('413', 'Asset', '1', '0', '2017-07-27 18:08:32', '2017-07-27 18:08:32', '47964a84-976e-420b-ab7c-6e0db5a36efe');
INSERT INTO `craft_elements` (`id`, `type`, `enabled`, `archived`, `dateCreated`, `dateUpdated`, `uid`) VALUES
 ('414', 'Asset', '1', '0', '2017-07-27 18:09:05', '2017-07-27 18:09:05', '9a1f1114-7d3d-4d29-a016-a5f00441c1d5'),
 ('415', 'Asset', '1', '0', '2017-07-27 18:09:27', '2017-07-27 18:09:27', '4302ffe3-3a69-43b3-a949-d591483b2f84'),
 ('416', 'Asset', '1', '0', '2017-07-27 18:09:48', '2017-07-27 18:09:48', '43fb9340-5b5d-4d27-af68-623cfca32535'),
 ('417', 'Asset', '1', '0', '2017-07-27 18:11:25', '2017-07-27 18:11:25', 'f844d92d-7ec7-4037-85eb-d50765811530'),
 ('418', 'Asset', '1', '0', '2017-07-27 18:12:35', '2017-07-27 18:12:35', '205fd2bb-4b4c-4cc7-92cd-6bf49d86bc3e'),
 ('419', 'Entry', '1', '0', '2017-07-27 18:15:03', '2017-07-27 18:34:35', 'abf5571a-bb7a-4a85-8be6-6fb8ad938b3d'),
 ('420', 'MatrixBlock', '1', '0', '2017-07-27 18:15:03', '2017-07-27 18:34:35', '448d7697-c75a-48f6-a4b3-a4aa4eeb6066'),
 ('421', 'SuperTable_Block', '1', '0', '2017-07-27 18:15:03', '2017-07-27 18:34:35', '30bf08c8-a6e0-40dd-a58d-247163a30da2'),
 ('422', 'MatrixBlock', '1', '0', '2017-07-27 18:15:03', '2017-07-27 18:34:35', '9c8975fb-e3bb-47e6-9346-af402ab1e0a8'),
 ('423', 'MatrixBlock', '1', '0', '2017-07-27 18:15:03', '2017-07-27 18:34:35', 'cb50dffc-a2e5-4065-b01e-9762f168ab3e'),
 ('424', 'MatrixBlock', '1', '0', '2017-07-27 18:15:03', '2017-07-27 18:34:35', '4fb64a24-9fe8-414a-ab17-5d792cdbc4f8'),
 ('425', 'SuperTable_Block', '1', '0', '2017-07-27 18:15:03', '2017-07-27 18:34:35', '511341b4-17b1-4ec8-98c4-58fd8435a17f'),
 ('426', 'SuperTable_Block', '1', '0', '2017-07-27 18:15:03', '2017-07-27 18:34:35', '303c9204-4e4f-4eec-aa6c-55206c5533f8'),
 ('427', 'SuperTable_Block', '1', '0', '2017-07-27 18:15:03', '2017-07-27 18:34:35', '86ce1d1a-009d-41db-b883-8b8e1e77f91b'),
 ('428', 'SuperTable_Block', '1', '0', '2017-07-27 18:15:03', '2017-07-27 18:34:35', '2075a8db-e104-4915-81b0-964fabd2fb6a'),
 ('429', 'MatrixBlock', '1', '0', '2017-07-27 18:15:03', '2017-07-27 18:34:35', '14eeee3e-d0ca-4908-b785-00975b1b3d36'),
 ('430', 'SuperTable_Block', '1', '0', '2017-07-27 18:15:03', '2017-07-27 18:34:35', '4ef833d9-6a78-4fc8-9bd7-79974c2c67c3'),
 ('431', 'SuperTable_Block', '1', '0', '2017-07-27 18:15:03', '2017-07-27 18:34:35', '92a7c0df-ac89-423f-927f-3ba2bc669127'),
 ('432', 'SuperTable_Block', '1', '0', '2017-07-27 18:15:03', '2017-07-27 18:34:36', '46cf43b6-e89b-4249-932c-aca079d03ad7'),
 ('433', 'SuperTable_Block', '1', '0', '2017-07-27 18:15:03', '2017-07-27 18:34:36', 'f42f01e8-65d5-4c93-b1ac-1320233944e2'),
 ('434', 'SuperTable_Block', '1', '0', '2017-07-27 18:15:03', '2017-07-27 18:34:36', '892dd810-f2be-4f87-afa7-e8b85e9baf7b'),
 ('435', 'MatrixBlock', '1', '0', '2017-07-27 18:15:03', '2017-07-27 18:34:36', '513300e8-aa4e-4167-b6a0-9014043cfeac'),
 ('436', 'MatrixBlock', '1', '0', '2017-07-27 18:15:03', '2017-07-27 18:34:36', '374aa67f-3bb9-41ef-bb2b-1909bb43f6dd'),
 ('437', 'SuperTable_Block', '1', '0', '2017-07-27 18:15:03', '2017-07-27 18:34:36', 'c099d0f4-33bb-4517-a604-ab7f76883bcb'),
 ('438', 'SuperTable_Block', '1', '0', '2017-07-27 18:15:03', '2017-07-27 18:34:36', 'f36a279c-89dc-411b-a5b2-784956aeac1c'),
 ('439', 'MatrixBlock', '1', '0', '2017-07-27 18:15:03', '2017-07-27 18:34:36', '585f22fa-6381-4636-8864-5cd680b7004b'),
 ('440', 'Asset', '1', '0', '2017-07-27 18:30:49', '2017-07-27 18:30:49', '4a1e47a3-06b0-4992-bd37-8e42648991a4'),
 ('441', 'SuperTable_Block', '1', '0', '2017-07-27 18:34:36', '2017-07-27 18:34:36', '906e3667-41b2-4332-a462-a51c9fb57882'),
 ('442', 'SuperTable_Block', '1', '0', '2017-07-27 18:34:36', '2017-07-27 18:34:36', '9b00f8b3-01cc-460b-96de-20cfacdad886'),
 ('443', 'SuperTable_Block', '1', '0', '2017-07-27 18:34:36', '2017-07-27 18:34:36', '2e3e861b-a2d0-4c60-a6e4-2f6156f8116d'),
 ('444', 'SuperTable_Block', '1', '0', '2017-07-27 18:34:36', '2017-07-27 18:34:36', '95086022-c3f6-442b-ad48-16aa17cb4d6d'),
 ('447', 'Asset', '1', '0', '2017-07-27 18:41:07', '2017-07-27 18:41:07', '0371448c-da8a-4cd3-bd57-79ef8b8d722e'),
 ('450', 'MatrixBlock', '1', '0', '2017-07-27 18:54:14', '2017-07-27 21:09:21', 'e17d192b-7b0d-40fa-a572-48b332526325'),
 ('451', 'SuperTable_Block', '1', '0', '2017-07-27 18:54:14', '2017-07-27 21:09:21', 'e584cdc8-818e-409e-933a-3301d16ab5d1'),
 ('452', 'SuperTable_Block', '1', '0', '2017-07-27 18:54:14', '2017-07-27 21:09:21', '03f9f3f1-d916-46c1-b069-7590f4ab4d76'),
 ('453', 'SuperTable_Block', '1', '0', '2017-07-27 18:54:14', '2017-07-27 21:09:21', '43436817-c3c0-42fd-8736-8f17690f06d0'),
 ('454', 'Asset', '1', '0', '2017-07-27 18:56:02', '2017-07-27 18:56:02', '8ce91920-7615-4a55-ab91-9ca702510ce0'),
 ('455', 'Asset', '1', '0', '2017-07-27 18:57:30', '2017-07-27 18:57:30', '27f1747d-35df-4bc4-b795-6eb9b510b9a0'),
 ('457', 'Category', '1', '0', '2017-07-27 19:13:07', '2017-07-27 19:13:07', '20ba2a95-b2a7-4e45-b104-21af36db312d'),
 ('458', 'Category', '1', '0', '2017-07-27 19:38:10', '2017-07-27 19:38:10', '36c82507-22d6-4523-aa26-21fbb50799fe'),
 ('459', 'MatrixBlock', '1', '0', '2017-07-27 19:42:53', '2017-07-27 21:09:21', '5b7ba7f3-a223-43bf-a7fb-2f5add900cd6'),
 ('460', 'MatrixBlock', '1', '0', '2017-07-27 19:42:53', '2017-07-27 21:09:21', '447342c4-9a94-4b3a-ab08-56d5b1a1f3fc'),
 ('461', 'SuperTable_Block', '1', '0', '2017-07-27 19:42:53', '2017-07-27 21:09:21', '392bb43e-d861-4a24-9bf8-c4d745ffbd3f'),
 ('462', 'SuperTable_Block', '1', '0', '2017-07-27 19:42:53', '2017-07-27 21:09:21', 'cfb36b60-63c4-4a82-beb7-94450f6d273b'),
 ('463', 'MatrixBlock', '1', '0', '2017-07-27 19:42:53', '2017-07-27 21:09:21', '74db1f3a-324b-4faa-92aa-6750cebdbf1d'),
 ('464', 'MatrixBlock', '1', '0', '2017-07-27 19:42:53', '2017-07-27 21:09:21', '08c36557-3685-4dfc-a4fe-222917264826'),
 ('465', 'SuperTable_Block', '1', '0', '2017-07-27 19:42:53', '2017-07-27 21:09:21', '40d25773-d45f-4c8d-9789-fe42a9855807'),
 ('466', 'MatrixBlock', '1', '0', '2017-07-27 19:42:53', '2017-07-27 21:09:21', '40d01780-a4fb-406e-ab21-6fe9ce37d763'),
 ('467', 'SuperTable_Block', '1', '0', '2017-07-27 19:42:53', '2017-07-27 21:09:21', 'd01d52ff-7106-458b-a044-4939cdc38934'),
 ('468', 'SuperTable_Block', '1', '0', '2017-07-27 19:42:53', '2017-07-27 21:09:21', 'dfe93662-7177-47d3-b7e3-d5303112fe83'),
 ('469', 'SuperTable_Block', '1', '0', '2017-07-27 19:42:53', '2017-07-27 21:09:21', '9a5c1ff2-0e9a-422f-8c96-2e0a016b1d1e'),
 ('470', 'MatrixBlock', '1', '0', '2017-07-27 19:42:53', '2017-07-27 21:09:21', 'f0828100-d892-4ab7-a752-2a72d45c9e3e'),
 ('471', 'SuperTable_Block', '1', '0', '2017-07-27 19:42:53', '2017-07-27 21:09:21', '02f02ee2-a3ab-4a5f-a7a4-6826346e034b'),
 ('472', 'SuperTable_Block', '1', '0', '2017-07-27 19:42:53', '2017-07-27 21:09:21', '9dd5991d-70ad-4e80-afdf-b7525942018e'),
 ('473', 'SuperTable_Block', '1', '0', '2017-07-27 19:42:53', '2017-07-27 21:09:21', '1fa97bf5-569f-4f26-9d4e-fbc43d9611e4'),
 ('474', 'MatrixBlock', '1', '0', '2017-07-27 19:45:32', '2017-07-27 21:09:21', '205911b5-965c-49bd-9ab8-6ae9a13acf2b'),
 ('475', 'MatrixBlock', '1', '0', '2017-07-27 19:45:32', '2017-07-27 21:09:21', '6d59be16-f663-48e1-acae-0983fb76d915'),
 ('476', 'SuperTable_Block', '1', '0', '2017-07-27 19:47:41', '2017-07-27 21:09:21', '7eedac8d-e7d8-49ff-859a-da6dcace4d8c'),
 ('477', 'SuperTable_Block', '1', '0', '2017-07-27 19:47:41', '2017-07-27 21:09:21', '134ca434-fac9-48d1-86ca-c884fb0a8437'),
 ('478', 'SuperTable_Block', '1', '0', '2017-07-27 19:47:41', '2017-07-27 21:09:21', '0604ef14-492b-4e7a-ae95-5acb84d1ef03'),
 ('479', 'MatrixBlock', '1', '0', '2017-07-27 19:47:42', '2017-07-27 21:09:21', '2bed6d51-bf71-41fa-97b6-c94a5295c199'),
 ('480', 'SuperTable_Block', '1', '0', '2017-07-27 19:47:42', '2017-07-27 21:09:21', 'c136edc1-7fe1-435a-bb8e-fcca7abb4023'),
 ('481', 'SuperTable_Block', '1', '0', '2017-07-27 19:47:42', '2017-07-27 21:09:21', 'f8042e30-d6d0-4fcd-a7a9-962e270b7d57'),
 ('482', 'SuperTable_Block', '1', '0', '2017-07-27 19:47:42', '2017-07-27 21:09:21', 'abe2b539-67f7-4671-a4ff-0218d8e5aa66'),
 ('483', 'MatrixBlock', '1', '0', '2017-07-27 19:50:37', '2017-07-27 21:09:21', 'f57e2fb9-8d5a-4368-93ee-0cee15be3ca2'),
 ('484', 'SuperTable_Block', '1', '0', '2017-07-27 19:55:25', '2017-07-27 21:09:21', '592b237d-e73c-4f66-9385-51d834098c87'),
 ('485', 'SuperTable_Block', '1', '0', '2017-07-27 19:55:25', '2017-07-27 21:09:21', '96e588dc-9238-4292-ae34-4b4c4c7074d7'),
 ('486', 'SuperTable_Block', '1', '0', '2017-07-27 19:55:25', '2017-07-27 21:09:21', '01a6091a-94f8-427f-9923-b74f208b75ef'),
 ('487', 'MatrixBlock', '1', '0', '2017-07-27 19:56:42', '2017-07-27 21:09:21', '5152a7ed-6f9f-4b84-b285-6077d67f2b58'),
 ('488', 'SuperTable_Block', '1', '0', '2017-07-27 19:56:42', '2017-07-27 21:09:21', 'c018d555-7840-4d8c-8bfb-dba2e3581b74'),
 ('489', 'SuperTable_Block', '1', '0', '2017-07-27 19:56:42', '2017-07-27 21:09:21', 'b45414f3-c23c-4389-a292-cbf7d1c54e9f'),
 ('490', 'SuperTable_Block', '1', '0', '2017-07-27 19:56:42', '2017-07-27 21:09:21', '089dfd5c-4f3a-4071-9cc1-c9721f77923b'),
 ('491', 'MatrixBlock', '1', '0', '2017-07-27 19:58:50', '2017-07-27 21:09:21', 'ce2d4b5f-6170-4704-a468-4bdaace0f725'),
 ('492', 'MatrixBlock', '1', '0', '2017-07-27 20:01:12', '2017-07-27 21:09:21', 'dfb70508-0cf2-467a-b96e-d3454e9adc6e'),
 ('493', 'SuperTable_Block', '1', '0', '2017-07-27 20:01:12', '2017-07-27 21:09:21', 'ec090fbe-7217-4a12-9a04-32ccfe3f7a41'),
 ('494', 'SuperTable_Block', '1', '0', '2017-07-27 20:01:12', '2017-07-27 21:09:21', '945c62d8-6fb6-4ffa-8fa7-4e54f7b3f34a'),
 ('495', 'SuperTable_Block', '1', '0', '2017-07-27 20:01:12', '2017-07-27 21:09:21', '94a877d7-2235-4472-b54c-84d1fb910119'),
 ('496', 'MatrixBlock', '0', '0', '2017-07-27 20:01:12', '2017-07-27 21:09:21', '85c45a89-080f-4727-bdb3-03ab4323ca6c'),
 ('497', 'SuperTable_Block', '1', '0', '2017-07-27 20:01:12', '2017-07-27 21:09:21', '92bb7dc8-1af3-4ed1-ace4-6fa31b6e4ecf'),
 ('498', 'SuperTable_Block', '1', '0', '2017-07-27 20:01:12', '2017-07-27 21:09:21', '4f73d889-3bf9-4094-ac05-f4f916591657'),
 ('499', 'MatrixBlock', '1', '0', '2017-07-27 20:03:42', '2017-07-27 21:09:21', 'd9c9ec12-1d2b-45b4-938b-fe53af062add'),
 ('500', 'SuperTable_Block', '1', '0', '2017-07-27 20:03:42', '2017-07-27 21:09:21', '80048051-b37c-4642-9fa7-709d0a6b0ce6'),
 ('501', 'Asset', '1', '0', '2017-07-27 20:05:55', '2017-07-27 20:05:55', 'f561e298-4309-4767-8328-1fa3e8cb85d8'),
 ('502', 'Asset', '1', '0', '2017-07-27 20:06:03', '2017-07-27 20:06:03', 'c0c01489-5fb7-4e3d-ab54-2be23a54eb9f'),
 ('503', 'Asset', '1', '0', '2017-07-27 20:08:31', '2017-07-27 20:08:31', 'b25a35f4-6364-46f2-bede-8f315ce1fccf'),
 ('504', 'SuperTable_Block', '1', '0', '2017-07-27 20:08:37', '2017-07-27 21:09:21', '77f52244-fbdc-45e0-9ae6-8bd036ce49e9'),
 ('505', 'Asset', '1', '0', '2017-07-27 20:21:00', '2017-07-27 20:21:00', '826acba9-8d70-4d4f-b2da-e2a1913b9789'),
 ('506', 'Asset', '1', '0', '2017-07-27 20:21:00', '2017-07-27 20:21:00', '2b688e13-73d9-4f68-88cb-283a603cd2f8'),
 ('507', 'Asset', '1', '0', '2017-07-27 20:21:01', '2017-07-27 20:21:01', '5207c608-dd34-4dae-9e6a-62f47152297c'),
 ('508', 'Asset', '1', '0', '2017-07-27 20:21:01', '2017-07-27 20:21:01', 'e0cb5ae4-5df4-42df-a93d-0d14f29b91e3'),
 ('509', 'Asset', '1', '0', '2017-07-27 20:21:02', '2017-07-27 20:21:02', '0614947a-c8be-43c1-adc1-2ae62261a63e'),
 ('510', 'Asset', '1', '0', '2017-07-27 20:21:02', '2017-07-27 20:21:02', '343194a8-5088-431f-8c78-b14897b835d0'),
 ('511', 'Asset', '1', '0', '2017-07-27 20:21:03', '2017-07-27 20:21:03', '82ba97cd-275f-4384-a6cd-83b6f5c27d29'),
 ('512', 'MatrixBlock', '1', '0', '2017-07-27 20:24:00', '2017-07-27 21:09:21', '35ab6d0c-9669-416c-9291-5923cf49fb67'),
 ('513', 'SuperTable_Block', '1', '0', '2017-07-27 20:24:00', '2017-07-27 21:09:21', 'e0068ee2-e258-4b3a-8fe5-61822280d42a'),
 ('514', 'SuperTable_Block', '1', '0', '2017-07-27 20:24:00', '2017-07-27 21:09:21', '2b925d9a-e901-4c5e-92c5-9b786cc0d4fd'),
 ('515', 'SuperTable_Block', '1', '0', '2017-07-27 20:24:00', '2017-07-27 21:09:21', '91d290f0-fd51-4dc3-b4b2-195424ad23e6'),
 ('516', 'SuperTable_Block', '1', '0', '2017-07-27 20:24:00', '2017-07-27 21:09:21', '0440bf2e-dd12-4b5f-a6c7-0168c246e622'),
 ('517', 'SuperTable_Block', '1', '0', '2017-07-27 20:24:00', '2017-07-27 21:09:21', '70e20bf5-d945-4e56-a903-e945765a7bf4'),
 ('518', 'SuperTable_Block', '1', '0', '2017-07-27 20:24:00', '2017-07-27 21:09:21', '6a387adc-b127-4933-b246-8e92a192df8f');
INSERT INTO `craft_elements` (`id`, `type`, `enabled`, `archived`, `dateCreated`, `dateUpdated`, `uid`) VALUES
 ('519', 'SuperTable_Block', '1', '0', '2017-07-27 20:24:00', '2017-07-27 21:09:22', 'c4ff63e5-22b7-43e0-a75c-42797f7ab3e3'),
 ('521', 'SuperTable_Block', '1', '0', '2017-07-27 20:24:00', '2017-07-27 21:09:22', '0a29ea62-1314-4949-b1d8-0d13dcbb759d'),
 ('523', 'SuperTable_Block', '1', '0', '2017-07-27 20:24:00', '2017-07-27 21:09:22', '3b927763-5f01-4d1f-9736-eb83ecd43587'),
 ('524', 'MatrixBlock', '1', '0', '2017-07-27 20:30:19', '2017-07-27 21:09:22', 'a50c3f7b-f48e-4ef3-a427-b311c9f1f262'),
 ('525', 'SuperTable_Block', '1', '0', '2017-07-27 20:30:19', '2017-07-27 21:09:22', 'c795a1af-756b-448d-9878-6fc77ac3bb42'),
 ('526', 'SuperTable_Block', '1', '0', '2017-07-27 20:30:19', '2017-07-27 21:09:22', 'bbf0fb28-f1b1-4185-bbb7-5defc9f219f9'),
 ('527', 'SuperTable_Block', '1', '0', '2017-07-27 20:30:19', '2017-07-27 21:09:22', '53f5704a-2923-4ece-84e6-c5e19cc7ca86'),
 ('528', 'MatrixBlock', '1', '0', '2017-07-27 20:30:19', '2017-07-27 21:09:22', 'bfd1e277-f6e6-412a-b4e5-a5cebfa12dbf'),
 ('529', 'SuperTable_Block', '1', '0', '2017-07-27 20:30:19', '2017-07-27 21:09:22', 'ce8bf191-4be2-474d-b2c3-80b569138c5c'),
 ('530', 'SuperTable_Block', '1', '0', '2017-07-27 20:30:19', '2017-07-27 21:09:22', '96130610-a549-4c80-afcc-91869d73988f'),
 ('531', 'SuperTable_Block', '1', '0', '2017-07-27 20:30:19', '2017-07-27 21:09:22', 'fa62ee85-9193-4076-bdbc-e198a9e2466e'),
 ('532', 'MatrixBlock', '1', '0', '2017-07-27 20:30:19', '2017-07-27 21:09:22', 'fb2722a6-adc1-4545-86e0-86c7e3f00e6a'),
 ('533', 'SuperTable_Block', '1', '0', '2017-07-27 20:30:19', '2017-07-27 21:09:22', 'e7adf8dc-4c68-424a-8851-7c86de00fa92'),
 ('534', 'SuperTable_Block', '1', '0', '2017-07-27 20:30:19', '2017-07-27 21:09:22', '80e10613-3b9b-4c1e-99dc-12e37db29fbb'),
 ('535', 'MatrixBlock', '1', '0', '2017-07-27 20:30:19', '2017-07-27 21:09:22', 'a4de518f-a217-4d8d-9220-af02dc8a0098'),
 ('536', 'MatrixBlock', '1', '0', '2017-07-27 20:30:19', '2017-07-27 21:09:22', 'cd4f1619-fc1a-4494-a50b-cb8824e83d28'),
 ('537', 'MatrixBlock', '1', '0', '2017-07-27 20:30:19', '2017-07-27 21:09:22', '961dd317-5aff-48ea-ad4e-c24464e816e3'),
 ('538', 'MatrixBlock', '1', '0', '2017-07-27 20:30:19', '2017-07-27 21:09:22', 'a53afa14-edac-4f16-9baf-a938589410f5'),
 ('539', 'MatrixBlock', '1', '0', '2017-07-27 20:30:19', '2017-07-27 21:09:22', '613fd740-ae81-46be-a3f9-75d3edbd60d0'),
 ('540', 'MatrixBlock', '1', '0', '2017-07-27 20:30:19', '2017-07-27 21:09:22', '1806a011-ab93-4b74-a7fe-efde857e34d0'),
 ('541', 'SuperTable_Block', '1', '0', '2017-07-27 20:38:43', '2017-07-27 21:09:21', '7126acf6-db89-4c44-b7e6-0f628021cb6c'),
 ('546', 'Freeform_Submission', '1', '0', '2017-07-27 21:26:19', '2017-07-27 21:26:19', 'f371b1a7-96ea-40cd-9e53-6e622f2f079b'),
 ('748', 'Asset', '1', '0', '2017-07-31 13:10:01', '2017-07-31 13:10:01', '6acb0c94-67da-4296-aa98-139e3a2b0692'),
 ('749', 'Asset', '1', '0', '2017-07-31 13:10:13', '2017-07-31 13:10:13', 'e0dd404f-29cd-41be-9d84-1a3e2726c999'),
 ('750', 'MatrixBlock', '1', '0', '2017-07-31 13:10:18', '2017-07-31 13:10:18', '377b3cc8-5451-43d1-9a2c-c529a4069f71'),
 ('751', 'SuperTable_Block', '1', '0', '2017-07-31 13:10:18', '2017-07-31 13:10:18', '127f9487-21ab-4cf3-9ab1-7406894e1468'),
 ('910', 'Entry', '1', '0', '2017-07-31 19:29:34', '2017-07-31 22:03:33', 'd468a69a-f935-4f4d-92f9-577e536e1bc4'),
 ('911', 'MatrixBlock', '1', '0', '2017-07-31 19:29:34', '2017-07-31 19:54:48', '654232c1-79ea-473f-a933-65f0a44cbb68'),
 ('912', 'SuperTable_Block', '1', '0', '2017-07-31 19:29:34', '2017-07-31 19:54:48', 'd7dbc7bb-8ab3-4b19-ac77-000b39cd1636'),
 ('913', 'MatrixBlock', '1', '0', '2017-07-31 19:29:34', '2017-07-31 19:54:48', 'fcbb24ac-0928-4e75-bf79-0839a85de3fa'),
 ('914', 'MatrixBlock', '1', '0', '2017-07-31 19:29:34', '2017-07-31 19:54:48', '79c37758-fc12-4ff1-bbe8-230297f5a604'),
 ('915', 'MatrixBlock', '1', '0', '2017-07-31 19:29:34', '2017-07-31 19:54:48', '6313960b-3020-4bc1-a08e-5795679d1b67'),
 ('916', 'MatrixBlock', '1', '0', '2017-07-31 19:29:34', '2017-07-31 19:54:48', 'e02fa5f3-e7e1-4a4c-8065-a430cf41b09c'),
 ('917', 'MatrixBlock', '1', '0', '2017-07-31 19:29:34', '2017-07-31 19:54:48', '4c4b06b0-659e-4a19-8fcb-2c197c97c117'),
 ('918', 'SuperTable_Block', '1', '0', '2017-07-31 19:29:34', '2017-07-31 19:54:48', '5fd5a485-531b-49cd-88e6-2824912a94d6'),
 ('919', 'SuperTable_Block', '1', '0', '2017-07-31 19:29:34', '2017-07-31 19:54:48', '25013b52-de8d-4318-be23-950472708163'),
 ('920', 'SuperTable_Block', '1', '0', '2017-07-31 19:29:34', '2017-07-31 19:54:48', '8f947db4-4939-47cc-a9a6-ccb4bbcea912'),
 ('921', 'SuperTable_Block', '1', '0', '2017-07-31 19:29:34', '2017-07-31 19:54:48', '3b45f0fe-982c-4ba0-a5a6-86e0d223f757'),
 ('922', 'MatrixBlock', '1', '0', '2017-07-31 19:29:34', '2017-07-31 19:54:48', '2be74fd3-7102-4a79-82a0-18126a733989'),
 ('923', 'SuperTable_Block', '1', '0', '2017-07-31 19:29:34', '2017-07-31 19:54:48', 'a43bde33-c3b3-4f78-86ce-54b9a24e4d76'),
 ('924', 'SuperTable_Block', '1', '0', '2017-07-31 19:29:34', '2017-07-31 19:54:48', '61b041f1-16fc-441d-a1e6-bdcbfe7fed9f'),
 ('925', 'SuperTable_Block', '1', '0', '2017-07-31 19:29:34', '2017-07-31 19:54:48', 'f00ded53-14bf-46fe-96ab-038f53046616'),
 ('926', 'SuperTable_Block', '1', '0', '2017-07-31 19:29:34', '2017-07-31 19:54:48', '0ba85635-7173-44cd-b51f-d2dc652ca479'),
 ('927', 'SuperTable_Block', '1', '0', '2017-07-31 19:29:34', '2017-07-31 19:54:48', '466f0b0d-bffe-4fce-8f62-df2a525ca5b4'),
 ('928', 'SuperTable_Block', '1', '0', '2017-07-31 19:29:34', '2017-07-31 19:54:48', 'c85e21c1-c2cf-4dbb-9fc2-056223b48d72'),
 ('929', 'SuperTable_Block', '1', '0', '2017-07-31 19:29:34', '2017-07-31 19:54:48', '730fe96f-1b99-4c88-b97d-8e3fb4724854'),
 ('930', 'SuperTable_Block', '1', '0', '2017-07-31 19:29:34', '2017-07-31 19:54:48', 'ec0e929d-b775-4d73-affb-8b97cb5f73ef'),
 ('931', 'SuperTable_Block', '1', '0', '2017-07-31 19:29:34', '2017-07-31 19:54:48', 'fee843b2-c93d-4895-8b45-e9073b2f2c2f'),
 ('932', 'SuperTable_Block', '1', '0', '2017-07-31 19:29:34', '2017-07-31 19:54:48', '75d22418-2e05-444c-bbca-619bee9e4d9d'),
 ('933', 'SuperTable_Block', '1', '0', '2017-07-31 19:29:34', '2017-07-31 19:54:49', 'ec73d6b6-47b1-4303-a5a9-65938c91976d'),
 ('934', 'SuperTable_Block', '1', '0', '2017-07-31 19:29:34', '2017-07-31 19:54:49', '66b666c9-1c09-455c-ab1b-bf9745907db6'),
 ('935', 'SuperTable_Block', '1', '0', '2017-07-31 19:29:34', '2017-07-31 19:54:49', 'afe58e3c-d25b-411b-841a-cfd2a1fcd0c0'),
 ('936', 'SuperTable_Block', '1', '0', '2017-07-31 19:29:34', '2017-07-31 19:54:49', 'ad997498-84fb-4484-82f3-e9ee51c4243e'),
 ('937', 'SuperTable_Block', '1', '0', '2017-07-31 19:29:34', '2017-07-31 19:54:49', '6f42846d-3be4-4bc2-99c0-a6f2a9755dac'),
 ('938', 'MatrixBlock', '1', '0', '2017-07-31 19:29:35', '2017-07-31 19:54:49', '596ef1f3-5ea6-4a2e-89dd-7db9f8affd54'),
 ('939', 'SuperTable_Block', '1', '0', '2017-07-31 19:29:35', '2017-07-31 19:54:49', '3c98d99b-e23d-47f5-9e2c-a08e1c6ea415'),
 ('940', 'SuperTable_Block', '1', '0', '2017-07-31 19:29:35', '2017-07-31 19:54:49', '2fe70825-1434-48f3-92d7-8e95276ebb0c'),
 ('941', 'MatrixBlock', '0', '0', '2017-07-31 19:29:35', '2017-07-31 19:54:49', '500d8696-b131-40b7-a69e-0ff95e190941'),
 ('942', 'MatrixBlock', '1', '0', '2017-07-31 19:29:35', '2017-07-31 19:54:49', '9335c02d-663b-4bf8-b6df-67dcc89c64e1'),
 ('957', 'Asset', '1', '0', '2017-07-31 19:34:00', '2017-07-31 19:34:00', 'e3ecb151-86be-47e4-9009-60b12b65287b'),
 ('958', 'Asset', '1', '0', '2017-07-31 19:36:02', '2017-07-31 19:36:02', '61ef8e4a-2ef2-44b1-9b45-a8060bbba4ea'),
 ('959', 'User', '1', '0', '2017-07-31 20:44:43', '2017-07-31 20:44:43', '1cf9a0d8-0870-4e0b-a484-a87743730edb'),
 ('960', 'Entry', '1', '0', '2017-07-31 21:27:17', '2017-07-31 21:27:17', 'eed1f9e7-8806-4e3e-aae4-fa50ba4c3271'),
 ('961', 'Entry', '1', '0', '2017-07-31 21:27:38', '2017-07-31 21:27:38', 'e9775cb5-29bb-40eb-abb8-90f40840448f'),
 ('962', 'Entry', '1', '0', '2017-07-31 21:27:49', '2017-07-31 21:27:49', 'cf54f668-5266-4130-99e0-1a95ba2f3680'),
 ('963', 'Entry', '1', '0', '2017-07-31 21:28:01', '2017-07-31 21:28:01', '631f71c7-d6c6-49b7-b72a-60594995d4bb'),
 ('964', 'Entry', '1', '0', '2017-07-31 21:28:16', '2017-07-31 21:28:16', 'bc47b4bb-106c-4846-ae7d-bae2299e1580'),
 ('965', 'Entry', '1', '0', '2017-07-31 21:28:32', '2017-07-31 21:28:32', '18ed0243-e4f5-4fe3-ae35-0973b880fffd'),
 ('966', 'Entry', '1', '0', '2017-07-31 21:28:52', '2017-07-31 21:28:52', '83475dfb-c693-4ec4-9e46-650d1cdc014d'),
 ('967', 'Entry', '1', '0', '2017-07-31 21:29:01', '2017-07-31 21:29:01', '17ac72df-eb40-45a4-a1f3-aeb25558e690'),
 ('968', 'Entry', '1', '0', '2017-07-31 21:29:19', '2017-07-31 21:29:19', '488336c9-e062-43e8-8be7-da9a1a04cfe0'),
 ('969', 'Entry', '1', '0', '2017-07-31 21:29:27', '2017-07-31 21:29:27', 'f73949a1-1cee-4d2b-9ba8-d451cf2294f3'),
 ('970', 'Entry', '1', '0', '2017-07-31 21:29:37', '2017-07-31 21:29:37', 'a0c899a4-4bcc-4ff3-94ca-08ac7d9e586f'),
 ('971', 'Entry', '1', '0', '2017-07-31 21:29:45', '2017-07-31 21:29:45', 'b2d2d136-a20f-4483-87bc-9986e49b1879'),
 ('972', 'Entry', '1', '0', '2017-07-31 21:29:53', '2017-07-31 21:29:53', 'cf315879-be7c-4fd3-ba5f-aea422e327a1'),
 ('973', 'Entry', '1', '0', '2017-07-31 21:30:00', '2017-07-31 21:30:00', '938c2f63-d1db-45f1-85fd-15bbda2f6c21'),
 ('974', 'Entry', '1', '0', '2017-07-31 21:30:36', '2017-07-31 21:30:36', '7bd1c0d0-8a20-475c-bb82-2841595bc5c2'),
 ('975', 'Entry', '1', '0', '2017-07-31 21:31:24', '2017-07-31 21:31:24', '0dd521f8-eb43-4b6d-ae0e-9338daa014a1'),
 ('976', 'Entry', '1', '0', '2017-07-31 21:32:27', '2017-07-31 21:32:27', '5bc59d24-a637-45f6-adf8-f29571cf7854'),
 ('977', 'Entry', '1', '0', '2017-07-31 21:32:35', '2017-07-31 21:32:35', 'bf1feb21-d204-4992-b3a6-f4f127bc2a71'),
 ('978', 'Entry', '1', '0', '2017-07-31 21:32:44', '2017-07-31 21:32:44', 'bf08c124-4097-478c-9c4a-72b70d613b03'),
 ('979', 'Entry', '1', '0', '2017-07-31 21:32:56', '2017-07-31 21:32:56', '3793a347-ddaf-4d6c-9e0c-15f31f79be4c'),
 ('980', 'Entry', '1', '0', '2017-07-31 21:33:07', '2017-07-31 21:33:07', '4c6eedf6-494e-427e-afe1-bb9c3daff9d9'),
 ('981', 'Entry', '1', '0', '2017-07-31 21:33:14', '2017-07-31 21:33:14', '28d530fa-1850-451d-91cd-1a52a44288ef'),
 ('982', 'Entry', '1', '0', '2017-07-31 21:33:26', '2017-07-31 21:33:26', '531c0347-5896-483d-9245-0218e58017f3'),
 ('983', 'Entry', '1', '0', '2017-07-31 21:34:04', '2017-07-31 21:34:04', 'f3aa9409-c052-41ae-87bf-fa261a84b942'),
 ('984', 'Entry', '1', '0', '2017-07-31 21:34:16', '2017-07-31 21:34:16', '90319265-f646-446a-b8b1-54d263950dc9'),
 ('985', 'Entry', '1', '0', '2017-07-31 21:34:35', '2017-07-31 21:34:35', '06187982-b80d-4bb4-89e5-5c7b76decc34'),
 ('986', 'Entry', '1', '0', '2017-07-31 21:35:03', '2017-07-31 21:35:03', '51a89c9f-07be-44f9-a894-8d3845df9821'),
 ('987', 'Entry', '1', '0', '2017-07-31 21:35:15', '2017-07-31 21:35:15', 'bf7280b3-fad1-481e-837d-08f268271c66'),
 ('988', 'Entry', '1', '0', '2017-07-31 21:35:31', '2017-07-31 21:35:31', '2f7c8bd8-7719-4ae7-945e-35f5a51ff3b1'),
 ('989', 'Entry', '1', '0', '2017-07-31 21:35:51', '2017-07-31 21:36:16', '22cdd1ce-426e-42aa-9c7b-aa71b42ad5db'),
 ('990', 'Entry', '1', '0', '2017-07-31 21:36:25', '2017-07-31 21:36:25', '9b05f369-91ed-4f5e-bb89-2b65ae4d6462'),
 ('991', 'Entry', '1', '0', '2017-07-31 21:36:37', '2017-07-31 21:36:37', '4378eeb2-2cc2-4a80-b05a-d5ae7ef6ad23'),
 ('992', 'Entry', '1', '0', '2017-07-31 21:36:59', '2017-07-31 21:36:59', 'bee0f032-450a-42e0-a07b-8359273336d4'),
 ('993', 'Entry', '1', '0', '2017-07-31 21:37:10', '2017-07-31 21:37:10', 'dbe10d10-6e52-4b6f-acf1-86e42ce982bd'),
 ('994', 'Entry', '1', '0', '2017-07-31 21:37:30', '2017-07-31 21:37:30', 'c934da0b-c0e3-414e-91c2-dc85547d6759'),
 ('995', 'Entry', '1', '0', '2017-07-31 21:37:44', '2017-07-31 21:37:44', '4a05ead9-2eed-4a71-87e6-7de7cdce3925'),
 ('996', 'Entry', '1', '0', '2017-07-31 21:38:11', '2017-07-31 21:38:11', '85f9f655-0b0f-4503-ab2e-4800336a84b4'),
 ('997', 'Entry', '1', '0', '2017-07-31 21:38:23', '2017-07-31 21:38:23', 'c59ff35f-9d99-43da-a766-ee5ef0a79b82');
INSERT INTO `craft_elements` (`id`, `type`, `enabled`, `archived`, `dateCreated`, `dateUpdated`, `uid`) VALUES
 ('998', 'Entry', '1', '0', '2017-07-31 21:38:36', '2017-07-31 21:38:36', '5eb95626-ece3-42bd-91f3-2a926b29a840'),
 ('999', 'Entry', '1', '0', '2017-07-31 21:38:47', '2017-07-31 21:38:47', '5a108e42-2367-42de-89e5-ba717fe05776'),
 ('1000', 'Entry', '1', '0', '2017-07-31 21:38:57', '2017-07-31 21:38:57', 'aca3b169-35d6-49f0-8f1c-514d37646777'),
 ('1001', 'Entry', '1', '0', '2017-07-31 21:39:22', '2017-07-31 21:39:22', '1783b281-84e7-4467-a4f7-73a1705096c8'),
 ('1002', 'Entry', '1', '0', '2017-07-31 21:39:34', '2017-07-31 21:39:34', '8551ba3e-2903-41a1-bc20-89c1a695e5df'),
 ('1003', 'Entry', '1', '0', '2017-07-31 21:39:43', '2017-07-31 21:39:43', '0d3ab7cd-5ebf-4d78-8cda-efae6c573f88'),
 ('1004', 'Entry', '1', '0', '2017-07-31 21:39:54', '2017-07-31 21:39:54', '2c30cd9f-5219-4c10-9b2f-4533227e21d8'),
 ('1005', 'Entry', '1', '0', '2017-07-31 21:49:09', '2017-07-31 21:49:16', '83dd6486-abc5-4f92-8d16-a5a93223f21c'),
 ('1006', 'Entry', '1', '0', '2017-07-31 21:50:25', '2017-07-31 21:50:25', '451b776e-b618-4405-8d5e-2182f7332745'),
 ('1007', 'Entry', '1', '0', '2017-07-31 21:51:31', '2017-07-31 21:51:31', 'f61b3e64-e6d0-4c05-8b1d-d5553c87ad54'),
 ('1008', 'Entry', '1', '0', '2017-07-31 21:52:23', '2017-07-31 21:52:23', 'b5db7c7d-ea32-4f45-881a-7e8834dad3b6'),
 ('1009', 'Entry', '1', '0', '2017-07-31 21:54:08', '2017-07-31 21:54:08', '5c8132c4-7ca9-4787-98f1-bca11be25973'),
 ('1010', 'Entry', '1', '0', '2017-07-31 21:55:04', '2017-07-31 21:55:04', 'beb32e8e-2dd8-4374-8987-bb32d2c2f449');



DROP TABLE IF EXISTS `craft_elements_i18n`;


--
-- Schema for table `craft_elements_i18n`
--
CREATE TABLE `craft_elements_i18n` (
  `id` int(11) NOT NULL AUTO_INCREMENT,
  `elementId` int(11) NOT NULL,
  `locale` char(12) COLLATE utf8_unicode_ci NOT NULL,
  `slug` varchar(255) COLLATE utf8_unicode_ci DEFAULT NULL,
  `uri` varchar(255) COLLATE utf8_unicode_ci DEFAULT NULL,
  `enabled` tinyint(1) unsigned NOT NULL DEFAULT '1',
  `dateCreated` datetime NOT NULL,
  `dateUpdated` datetime NOT NULL,
  `uid` char(36) COLLATE utf8_unicode_ci NOT NULL DEFAULT '0',
  PRIMARY KEY (`id`),
  UNIQUE KEY `craft_elements_i18n_elementId_locale_unq_idx` (`elementId`,`locale`),
  UNIQUE KEY `craft_elements_i18n_uri_locale_unq_idx` (`uri`,`locale`),
  KEY `craft_elements_i18n_slug_locale_idx` (`slug`,`locale`),
  KEY `craft_elements_i18n_enabled_idx` (`enabled`),
  KEY `craft_elements_i18n_locale_fk` (`locale`)
) ENGINE=InnoDB AUTO_INCREMENT=1011 DEFAULT CHARSET=utf8 COLLATE=utf8_unicode_ci;

--
-- Data for table `craft_elements_i18n`
--

INSERT INTO `craft_elements_i18n` (`id`, `elementId`, `locale`, `slug`, `uri`, `enabled`, `dateCreated`, `dateUpdated`, `uid`) VALUES
 ('1', '1', 'en_us', '', NULL, '1', '2017-06-09 17:32:21', '2017-06-09 17:32:21', '0e3a9c4e-45c1-415e-a10d-816614530d69'),
 ('3', '3', 'en_us', 'we-just-installed-craft', 'news/2017/we-just-installed-craft', '1', '2017-06-09 17:32:25', '2017-06-09 17:55:36', '90fea180-f1fb-4894-8443-7b5c63ef01d4'),
 ('27', '27', 'en_us', 'home', NULL, '1', '2017-06-09 20:32:02', '2017-06-16 15:40:22', '41a290e3-0327-4bf8-ac1c-52160e7583f5'),
 ('28', '28', 'en_us', '__home__', '__home__', '1', '2017-06-09 20:34:58', '2017-06-27 21:10:29', 'cac33f54-cdb1-4607-8b74-2492e123d903'),
 ('29', '29', 'en_us', 'cbiapage', NULL, '1', '2017-06-12 20:16:25', '2017-06-12 20:16:25', 'a3ef646c-93f9-4974-b637-ffa03d8d967b'),
 ('30', '30', 'en_us', '', NULL, '1', '2017-06-12 20:16:38', '2017-06-27 21:10:29', 'ca9a7905-6a2e-4c9a-8a03-80683b5dd0c1'),
 ('31', '31', 'en_us', '', NULL, '1', '2017-06-12 20:16:38', '2017-06-27 21:10:29', 'eaf184e5-1036-4aed-8431-73d8ea8779b0'),
 ('35', '35', 'en_us', 'joanne-samson', 'team/joanne-samson', '1', '2017-06-15 15:05:59', '2017-07-25 14:21:28', 'ca893ca4-dedd-46eb-ad6a-bf7d70dbdabc'),
 ('36', '36', 'en_us', '', NULL, '1', '2017-06-15 15:05:59', '2017-06-15 16:17:13', '0b083fed-a563-411f-bad0-f5f3850ce5b2'),
 ('37', '37', 'en_us', '', NULL, '1', '2017-06-15 15:05:59', '2017-06-15 16:17:13', 'ab789b11-8a2f-4a6c-9855-2c52cb428bb1'),
 ('38', '38', 'en_us', '', NULL, '1', '2017-06-15 16:04:27', '2017-06-28 21:11:02', 'a02e9d76-c1f2-4bd6-87bf-217b3a8607d3'),
 ('39', '39', 'en_us', '', NULL, '1', '2017-06-15 16:17:13', '2017-06-15 16:17:13', '485f7fe0-17a6-46a3-9170-0e8614eb4620'),
 ('41', '41', 'en_us', 'board-of-directors', NULL, '1', '2017-06-15 16:39:26', '2017-06-28 21:10:11', '4cb65265-20d6-49ca-a115-7c0a833787e1'),
 ('42', '42', 'en_us', 'practice-leads', NULL, '1', '2017-06-15 16:39:39', '2017-06-28 21:10:32', '122ba9bc-8183-4ff6-b934-f21f0b88edd5'),
 ('53', '53', 'en_us', 'the-gunnery-athletic-fields-redesign', 'work/the-gunnery-athletic-fields-redesign', '1', '2017-06-16 01:49:50', '2017-07-31 22:03:33', 'efc460a4-02b8-447e-8191-caae7e48b948'),
 ('90', '90', 'en_us', 'masthead-home-desktop', NULL, '1', '2017-06-27 21:08:55', '2017-06-27 21:08:55', 'eda1cab7-d230-4fa5-a239-762f97bd4164'),
 ('91', '91', 'en_us', 'masthead-home', NULL, '1', '2017-06-27 21:08:56', '2017-06-27 21:08:56', 'be844a07-c689-4daf-9dbc-8be57a0fc478'),
 ('92', '92', 'en_us', 'masthead-work-desktop', NULL, '1', '2017-06-27 21:08:56', '2017-06-27 21:08:56', '5ce1e769-7fe0-47c9-890f-e45fe9cdd8b5'),
 ('139', '139', 'en_us', 'agawam-high-school-athletic-facility-renovation', 'work/agawam-high-school-athletic-facility-renovation', '1', '2017-06-28 15:54:56', '2017-07-31 22:03:33', '59d9edc1-8be7-4e5f-8380-0a949dad07d1'),
 ('143', '143', 'en_us', '', NULL, '1', '2017-06-28 15:54:56', '2017-07-27 14:39:30', 'bbe37acc-9236-45a6-9364-dcd99d5dcf07'),
 ('144', '144', 'en_us', '', NULL, '1', '2017-06-28 15:54:56', '2017-07-27 14:39:30', 'a5963324-2a22-4c4a-ac86-9c1de692b6dc'),
 ('145', '145', 'en_us', '', NULL, '1', '2017-06-28 15:57:44', '2017-07-27 14:39:30', '74593821-a2e7-42c1-806d-500752ed6b2c'),
 ('147', '147', 'en_us', 'about', 'about', '1', '2017-06-28 19:29:30', '2017-06-28 19:29:30', '889292a9-3668-4cba-87a6-a59f05ed21e3'),
 ('148', '148', 'en_us', '', NULL, '1', '2017-06-28 19:29:30', '2017-06-28 19:29:30', 'f0c0ece5-0351-4b23-95e4-f20644ea94ad'),
 ('149', '149', 'en_us', '', NULL, '1', '2017-06-28 19:29:30', '2017-06-28 19:29:30', '0e63d16d-6c2f-4e9d-a70d-12944473fffd'),
 ('150', '150', 'en_us', '', NULL, '1', '2017-06-28 19:29:30', '2017-06-28 19:29:30', 'aefe1c45-fc8b-4e2f-9dc8-26b62d9f87d1'),
 ('151', '151', 'en_us', '', NULL, '1', '2017-06-28 19:29:30', '2017-06-28 19:29:30', '020c88e6-f2c0-47cb-b45c-4dc86dcc377c'),
 ('152', '152', 'en_us', '', NULL, '1', '2017-06-28 19:29:30', '2017-06-28 19:29:30', 'a9c68d31-0f6b-4467-8b36-6afd00835d39'),
 ('158', '158', 'en_us', 'vice-president', NULL, '1', '2017-06-28 21:10:47', '2017-06-28 21:10:48', '678fff0f-8e42-48f9-a5b0-a3a204d8bda5'),
 ('159', '159', 'en_us', '', NULL, '1', '2017-06-28 21:31:48', '2017-07-27 14:39:30', '0b4cc27d-4fbd-4947-87d8-f20bc566f3a0'),
 ('160', '160', 'en_us', 'work', 'work', '1', '2017-07-09 19:15:34', '2017-07-11 19:49:08', '63ff6fb8-97ad-4c1b-b274-b7232a441e36'),
 ('161', '161', 'en_us', '', NULL, '1', '2017-07-09 19:15:34', '2017-07-11 19:49:09', '3081eede-4ce4-458a-a771-ad12573bb324'),
 ('162', '162', 'en_us', '', NULL, '1', '2017-07-09 19:15:34', '2017-07-11 19:49:09', '74b476f8-bebb-4384-ae14-3b4fc738dc93'),
 ('163', '163', 'en_us', '', NULL, '1', '2017-07-09 19:15:34', '2017-07-11 19:49:09', '74602df9-2ded-4b00-a667-5e55033f2711'),
 ('165', '165', 'en_us', 'masthead-casestudies', NULL, '1', '2017-07-11 16:36:28', '2017-07-11 16:37:08', '56411193-1238-41ca-b9ee-31134633ad34'),
 ('166', '166', 'en_us', 'contact', 'contact', '1', '2017-07-11 16:38:22', '2017-07-11 16:38:22', 'e9b273d1-bd9b-4ada-89da-057850d826e3'),
 ('167', '167', 'en_us', '', NULL, '1', '2017-07-11 16:38:26', '2017-07-11 19:49:09', '9686737d-6ff4-47a1-8d92-a4143cf57205'),
 ('173', '173', 'en_us', 'call-to-action-background-desktop', NULL, '1', '2017-07-11 18:14:19', '2017-07-11 18:14:19', 'cc0cfcb7-a2aa-4108-be85-cad3b17fedd4'),
 ('174', '174', 'en_us', 'call-to-action-background-mobile', NULL, '1', '2017-07-11 18:14:23', '2017-07-11 18:14:23', '2c783a8e-80f5-4281-ba8f-920deab49e55'),
 ('175', '175', 'en_us', 'agawam-athletic-facility', NULL, '1', '2017-07-11 18:46:05', '2017-07-11 18:46:05', '2badd006-7e93-47d3-b467-fcd4b73bf9dd'),
 ('176', '176', 'en_us', '', NULL, '1', '2017-07-13 16:21:56', '2017-07-27 14:39:30', '14d5f06c-a0ca-49b4-9dd3-ffbcc8a3ad2a'),
 ('177', '177', 'en_us', '', NULL, '1', '2017-07-13 16:21:56', '2017-07-27 14:39:30', '03f90c23-debd-44af-a47d-b13cfeab9f9a'),
 ('178', '178', 'en_us', '', NULL, '1', '2017-07-17 16:12:28', '2017-07-27 14:39:30', '503801d2-b14a-48bb-975f-cb9ffd00ba45'),
 ('179', '179', 'en_us', '', NULL, '1', '2017-07-17 16:12:28', '2017-07-27 14:39:30', '9f9e9505-2353-4ccf-9ac0-684f21463780'),
 ('180', '180', 'en_us', '', NULL, '1', '2017-07-17 16:12:28', '2017-07-27 14:39:30', 'c99b6040-2fcb-4df0-a59a-617595f9d6dc'),
 ('181', '181', 'en_us', '', NULL, '1', '2017-07-17 16:12:28', '2017-07-27 14:39:31', '04fd1ca6-3d55-45ab-a434-92cf948530f3'),
 ('182', '182', 'en_us', '', NULL, '1', '2017-07-17 16:12:28', '2017-07-27 14:39:31', 'a4f9f56b-038f-4147-8ac9-77f27192582a'),
 ('183', '183', 'en_us', '', NULL, '1', '2017-07-17 16:12:28', '2017-07-27 14:39:31', '56862984-c432-474b-b366-9ca359a112c8'),
 ('184', '184', 'en_us', '', NULL, '1', '2017-07-17 16:12:28', '2017-07-27 14:39:30', '1ef17ef9-a709-45be-b630-9a2ddc23ae25'),
 ('185', '185', 'en_us', '', NULL, '1', '2017-07-17 16:12:28', '2017-07-27 14:39:31', '487a7b57-b7e3-4b2d-8718-4d2210e36dd5'),
 ('186', '186', 'en_us', '', NULL, '1', '2017-07-17 16:12:28', '2017-07-27 14:39:31', 'fbc585a5-5b91-454c-b468-911bfeb984e8'),
 ('187', '187', 'en_us', '', NULL, '1', '2017-07-17 16:12:28', '2017-07-27 14:39:31', '4a88ca5f-f664-4894-8463-fc763158b67d'),
 ('188', '188', 'en_us', '', NULL, '1', '2017-07-17 16:12:28', '2017-07-27 14:39:30', 'bd74e7df-a060-43d1-a925-ab6b6a54fa8b'),
 ('189', '189', 'en_us', '', NULL, '1', '2017-07-17 16:12:28', '2017-07-27 14:39:31', '1efc9765-76b2-4989-b873-a4565c5c9620'),
 ('190', '190', 'en_us', '', NULL, '1', '2017-07-17 16:12:28', '2017-07-27 14:39:31', '21eaa057-622a-4d90-a0c5-53f3d1d27826'),
 ('191', '191', 'en_us', '', NULL, '1', '2017-07-17 16:12:28', '2017-07-27 14:39:31', 'bb81f06e-580b-4b3d-bb87-624292349ea3'),
 ('192', '192', 'en_us', '', NULL, '1', '2017-07-17 16:12:28', '2017-07-27 14:39:31', '515399c1-dbb2-427b-8e67-162b7f0d5ba1'),
 ('193', '193', 'en_us', '', NULL, '1', '2017-07-17 16:12:28', '2017-07-27 14:39:31', '252e5a07-54ac-427b-97bc-e828d978d6be'),
 ('195', '195', 'en_us', '', NULL, '1', '2017-07-17 16:12:28', '2017-07-27 14:39:31', '253444b5-5a77-432f-bdf8-54552e395949'),
 ('196', '196', 'en_us', '', NULL, '1', '2017-07-17 16:12:28', '2017-07-27 14:39:31', '30a27372-defd-4d80-be54-347673f9d266'),
 ('197', '197', 'en_us', '', NULL, '1', '2017-07-17 19:08:55', '2017-07-27 14:39:31', 'e2e495fd-6cb6-4d96-9dcc-165a18e23dd2'),
 ('198', '198', 'en_us', '', NULL, '1', '2017-07-17 19:08:55', '2017-07-27 14:39:31', '45c5cdac-bb80-4acb-b6e2-3c17c0ad0a2b'),
 ('199', '199', 'en_us', 'education-masthead-mobile', NULL, '1', '2017-07-18 14:48:32', '2017-07-18 14:48:32', 'c93d9b9e-888e-471a-a399-a75e9620865c'),
 ('200', '200', 'en_us', 'education-masthead-desktop', NULL, '1', '2017-07-18 14:48:40', '2017-07-18 14:48:40', '1f017b81-ce9f-4de6-9d2c-eb7dc8bb8f1e'),
 ('221', '221', 'en_us', 'ui', 'ui', '1', '2017-07-25 14:39:15', '2017-07-27 21:09:20', '11898352-c5d6-4791-8332-3b9c1743cda4'),
 ('222', '222', 'en_us', '', NULL, '1', '2017-07-25 19:50:10', '2017-07-27 21:09:20', '3bacd650-acc3-4e1d-aa39-fa1ab3c8fa73'),
 ('223', '223', 'en_us', '', NULL, '1', '2017-07-25 19:50:10', '2017-07-27 21:09:20', '4a2c8192-2036-467e-ab72-542829fc5dc3'),
 ('225', '225', 'en_us', 'athletic-facility', NULL, '1', '2017-07-25 20:35:51', '2017-07-25 20:35:51', '687f58b7-cf52-41ee-a0e3-c54a823f4067'),
 ('227', '227', 'en_us', 'athletic-facility', NULL, '1', '2017-07-25 21:01:01', '2017-07-25 21:01:01', '946d2a5e-49f2-4abd-b695-0e05bbec888d'),
 ('228', '228', 'en_us', 'mp-3991-worthingtonimages-com-2017-rt', NULL, '1', '2017-07-26 18:16:31', '2017-07-27 19:07:21', '7a0a9b82-8a4c-4a7c-8a98-dbecb7003350'),
 ('229', '229', 'en_us', 'concept-site-plan', NULL, '1', '2017-07-26 18:17:12', '2017-07-26 18:17:12', '74048e4d-8b04-427f-b621-28404ea1662e'),
 ('230', '230', 'en_us', 'concept-gateway', NULL, '1', '2017-07-26 18:17:21', '2017-07-26 18:17:21', 'b9e46a37-1bbd-4310-b3bd-9a7fdab05781'),
 ('231', '231', 'en_us', 'img-3459', NULL, '1', '2017-07-26 18:18:11', '2017-07-26 18:18:11', '1a19bf01-38b9-4373-ba79-6239d1729061'),
 ('232', '232', 'en_us', 'img-6096-worthingtonimages-com-2017-rt', NULL, '1', '2017-07-26 18:18:30', '2017-07-26 18:18:30', '9a7a6fb6-8027-4bba-8a96-e01881abc463'),
 ('233', '233', 'en_us', 'img-5849-worthingtonimages-com-2017-rt', NULL, '1', '2017-07-26 18:18:46', '2017-07-26 18:18:46', '89506473-c448-4c2f-893b-09015cc5af8f'),
 ('234', '234', 'en_us', 'img-5629-worthingtonimages-com-2017-rt', NULL, '1', '2017-07-26 18:18:59', '2017-07-26 18:18:59', 'c590d77c-3386-43bb-bc21-e90dcb897356'),
 ('235', '235', 'en_us', 'mp-4218-worthingtonimages-com-2017-rt', NULL, '1', '2017-07-26 18:19:11', '2017-07-26 18:19:11', 'ff83f489-f7e0-4057-8c3b-6b2ed9698825'),
 ('236', '236', 'en_us', '', NULL, '1', '2017-07-26 18:19:20', '2017-07-27 14:39:30', '60515cb7-e0f1-4663-9aac-8eefe0335bde'),
 ('237', '237', 'en_us', '', NULL, '1', '2017-07-26 18:19:20', '2017-07-27 14:39:30', '849bcf8c-d290-4f6a-b1b5-f061d1f52e5b'),
 ('238', '238', 'en_us', '', NULL, '1', '2017-07-26 18:19:20', '2017-07-27 14:39:30', '72fd53c7-04e1-4caf-8ff5-2b1e10ad71c3'),
 ('239', '239', 'en_us', '', NULL, '1', '2017-07-26 18:19:20', '2017-07-27 14:39:30', '7dcdcdfc-4459-4e73-9fc9-0c6423e0a326'),
 ('240', '240', 'en_us', '', NULL, '1', '2017-07-26 18:22:31', '2017-07-27 14:39:30', 'e455f2cb-68a8-4fc2-b169-abe906f31e77'),
 ('243', '243', 'en_us', 'dsc1084', NULL, '1', '2017-07-26 18:48:35', '2017-07-26 18:48:35', 'aa92d888-14c5-41be-bfaf-142dcf875141'),
 ('244', '244', 'en_us', 'z-roundabout-s', NULL, '1', '2017-07-26 18:50:58', '2017-07-26 18:50:58', 'a2a1787d-d30d-4413-8c44-c5925b427504'),
 ('248', '248', 'en_us', 'img-5691-worthingtonimages-com-2017-rt', NULL, '1', '2017-07-26 18:55:50', '2017-07-26 18:55:50', 'ad20e927-798d-43f2-b2fb-d985629b1d3e'),
 ('255', '255', 'en_us', 'dw3-a5121', NULL, '1', '2017-07-26 19:23:15', '2017-07-26 19:23:15', '51822a18-b610-4335-876e-3c87ccac61cd'),
 ('272', '272', 'en_us', 'mark-arigoni', NULL, '1', '2017-07-26 19:39:00', '2017-07-26 19:39:00', 'bec89a28-96f8-4600-8001-da1aeded3f53'),
 ('273', '273', 'en_us', 'call-to-action-panel', NULL, '1', '2017-07-26 19:40:45', '2017-07-26 19:40:45', 'e8462f21-e74b-40ca-af26-5dbed217de57'),
 ('274', '274', 'en_us', 'mark-arigoni-la', 'team/mark-arigoni-la', '1', '2017-07-26 19:42:07', '2017-07-31 13:13:19', 'cc6fba2c-b151-43b9-8eb6-813d9f9d3b47'),
 ('275', '275', 'en_us', '', NULL, '1', '2017-07-26 19:42:07', '2017-07-31 13:13:19', '70b78af3-1cce-4e3f-b32a-972a75ced84a'),
 ('282', '282', 'en_us', '', NULL, '1', '2017-07-26 19:52:13', '2017-07-27 14:39:31', 'b4bac1f3-9fd0-45da-9768-90f6fe212d8a'),
 ('310', '310', 'en_us', 'img-5691-worthingtonimages-com-2017-rt', NULL, '1', '2017-07-26 20:08:19', '2017-07-26 20:08:19', '4d24115d-06fa-4a16-a084-4b356c6a2e5f'),
 ('385', '385', 'en_us', 'call-to-action-panel', NULL, '1', '2017-07-26 20:53:22', '2017-07-26 20:53:22', '4b43ce1a-db92-4aa5-add0-df6c3686ed2e'),
 ('407', '407', 'en_us', '1-s3-a7516', NULL, '1', '2017-07-27 17:52:02', '2017-07-27 17:52:02', '4826bf60-39c4-4886-a798-625be48e7ebf'),
 ('408', '408', 'en_us', '1-s3-a7398', NULL, '1', '2017-07-27 17:56:05', '2017-07-27 17:56:05', '8dc18b12-c7ed-44eb-8e17-051c343e683d'),
 ('409', '409', 'en_us', 'arigoni-family', NULL, '1', '2017-07-27 18:00:35', '2017-07-27 18:00:35', '3b44013e-f223-44bb-aa02-9fac3abc2dbf'),
 ('410', '410', 'en_us', 'img-2876', NULL, '1', '2017-07-27 18:00:43', '2017-07-27 18:00:43', '7f8ef8d0-8e62-4ebb-9ff8-b4ac025d0667'),
 ('411', '411', 'en_us', '1-s3-a7566', NULL, '1', '2017-07-27 18:07:43', '2017-07-27 18:07:43', '70d79ffe-fdda-41ad-abdd-1558fda3871e'),
 ('412', '412', 'en_us', '1-s3-a7581', NULL, '1', '2017-07-27 18:08:09', '2017-07-27 18:08:09', 'f48837f0-c4b7-41b1-9ee7-108298cade13'),
 ('413', '413', 'en_us', '1-s3-a7647', NULL, '1', '2017-07-27 18:08:32', '2017-07-27 18:08:32', '716e0c05-595d-4071-b417-6911c3d5cb63');
INSERT INTO `craft_elements_i18n` (`id`, `elementId`, `locale`, `slug`, `uri`, `enabled`, `dateCreated`, `dateUpdated`, `uid`) VALUES
 ('414', '414', 'en_us', '1-s3-a7712', NULL, '1', '2017-07-27 18:09:05', '2017-07-27 18:09:05', '915adafc-46bf-47e0-8f98-81dc9d0a2f9c'),
 ('415', '415', 'en_us', 'dsc-0926', NULL, '1', '2017-07-27 18:09:27', '2017-07-27 18:09:27', '96962ed3-ad04-4dee-9fc2-2cbfe5bc6d3c'),
 ('416', '416', 'en_us', 'dsc-0938', NULL, '1', '2017-07-27 18:09:48', '2017-07-27 18:09:48', 'e9cd9aeb-496a-44c5-bed8-2fd889c095a0'),
 ('417', '417', 'en_us', '20170623-163956', NULL, '1', '2017-07-27 18:11:25', '2017-07-27 18:11:25', '258e92df-1be2-4b00-9a71-136f799aa175'),
 ('418', '418', 'en_us', '1-s3-a7532', NULL, '1', '2017-07-27 18:12:35', '2017-07-27 18:12:35', '13196ad1-f13c-432c-8657-68740f8ef7d1'),
 ('419', '419', 'en_us', 'careers', 'careers', '1', '2017-07-27 18:15:03', '2017-07-27 18:34:35', 'b7f6c298-2168-48c6-b26c-8304b6d0199d'),
 ('420', '420', 'en_us', '', NULL, '1', '2017-07-27 18:15:03', '2017-07-27 18:34:35', '7d4be84e-1619-42b3-9e71-7da0e4280759'),
 ('421', '421', 'en_us', '', NULL, '1', '2017-07-27 18:15:03', '2017-07-27 18:34:35', '48514b01-42f3-4579-a903-f7071901403e'),
 ('422', '422', 'en_us', '', NULL, '1', '2017-07-27 18:15:03', '2017-07-27 18:34:35', '7fb331e0-5896-44ff-9f04-4fe58e22e9d6'),
 ('423', '423', 'en_us', '', NULL, '1', '2017-07-27 18:15:03', '2017-07-27 18:34:35', 'c148e965-7c27-4237-b120-fa5e4fe6360c'),
 ('424', '424', 'en_us', '', NULL, '1', '2017-07-27 18:15:03', '2017-07-27 18:34:35', 'f54547e3-b43b-4188-8297-de152eef03f0'),
 ('425', '425', 'en_us', '', NULL, '1', '2017-07-27 18:15:03', '2017-07-27 18:34:35', '7ff1b8bf-3a27-4ebd-85f7-a657f8edda4f'),
 ('426', '426', 'en_us', '', NULL, '1', '2017-07-27 18:15:03', '2017-07-27 18:34:35', '1aafc255-0982-4355-a710-c80e1c7cb8c0'),
 ('427', '427', 'en_us', '', NULL, '1', '2017-07-27 18:15:03', '2017-07-27 18:34:35', '91c8fd05-4bca-464f-a16d-def533a52eea'),
 ('428', '428', 'en_us', '', NULL, '1', '2017-07-27 18:15:03', '2017-07-27 18:34:35', 'b697abf3-cf82-4c65-90ce-1dfd9dfffb4d'),
 ('429', '429', 'en_us', '', NULL, '1', '2017-07-27 18:15:03', '2017-07-27 18:34:35', '5426c9bb-6325-4600-8645-5f207458c195'),
 ('430', '430', 'en_us', '', NULL, '1', '2017-07-27 18:15:03', '2017-07-27 18:34:35', 'eddcb511-1b52-4c6c-b682-c50227d16b3b'),
 ('431', '431', 'en_us', '', NULL, '1', '2017-07-27 18:15:03', '2017-07-27 18:34:35', '238646b5-237f-4da2-97ba-558e8eeb9c96'),
 ('432', '432', 'en_us', '', NULL, '1', '2017-07-27 18:15:03', '2017-07-27 18:34:36', '26dc294c-453e-4823-aadf-019942333d2c'),
 ('433', '433', 'en_us', '', NULL, '1', '2017-07-27 18:15:03', '2017-07-27 18:34:36', 'cfca4922-dfde-4141-8e1c-bb0aeefb718b'),
 ('434', '434', 'en_us', '', NULL, '1', '2017-07-27 18:15:03', '2017-07-27 18:34:36', '8a812754-676c-4117-b419-c91311fb87e5'),
 ('435', '435', 'en_us', '', NULL, '1', '2017-07-27 18:15:03', '2017-07-27 18:34:36', '552b2966-6766-4410-aa3a-737b57a0ab08'),
 ('436', '436', 'en_us', '', NULL, '1', '2017-07-27 18:15:03', '2017-07-27 18:34:36', '8f262920-3d4f-4df1-a70e-60984ac2a9e5'),
 ('437', '437', 'en_us', '', NULL, '1', '2017-07-27 18:15:03', '2017-07-27 18:34:36', 'd20dfcd5-8c89-4531-94ab-e9c2e97addd6'),
 ('438', '438', 'en_us', '', NULL, '1', '2017-07-27 18:15:03', '2017-07-27 18:34:36', 'bbc64bb2-8d2f-4d0b-95ec-5008855123ec'),
 ('439', '439', 'en_us', '', NULL, '1', '2017-07-27 18:15:03', '2017-07-27 18:34:36', 'b7947037-b3ad-4408-9710-097601390e01'),
 ('440', '440', 'en_us', 'community-day-9-10-2016', NULL, '1', '2017-07-27 18:30:49', '2017-07-27 18:30:49', '1f01c2d0-1fce-4bfb-8d08-72ded76e17e3'),
 ('441', '441', 'en_us', '', NULL, '1', '2017-07-27 18:34:36', '2017-07-27 18:34:36', '8c29da8f-f641-403a-b17b-3dcc4930058e'),
 ('442', '442', 'en_us', '', NULL, '1', '2017-07-27 18:34:36', '2017-07-27 18:34:36', '3cb72d61-a2a5-4b0a-8640-b0179affa5dd'),
 ('443', '443', 'en_us', '', NULL, '1', '2017-07-27 18:34:36', '2017-07-27 18:34:36', 'bcf27afa-f448-45fa-83b1-a27573bd7ae2'),
 ('444', '444', 'en_us', '', NULL, '1', '2017-07-27 18:34:36', '2017-07-27 18:34:36', '6b861e62-8721-4d89-b1d5-c06dc5703006'),
 ('447', '447', 'en_us', 'mmi-office', NULL, '1', '2017-07-27 18:41:07', '2017-07-27 18:41:07', '9a33e263-508f-4fd2-87dd-861a3ee3c3a5'),
 ('450', '450', 'en_us', '', NULL, '1', '2017-07-27 18:54:14', '2017-07-27 21:09:21', '984d5ce8-94f9-435b-9890-6336908a7f88'),
 ('451', '451', 'en_us', '', NULL, '1', '2017-07-27 18:54:14', '2017-07-27 21:09:21', '3cb778c7-ef2d-41ff-ac96-bac960976bab'),
 ('452', '452', 'en_us', '', NULL, '1', '2017-07-27 18:54:14', '2017-07-27 21:09:21', '9f4a2351-8471-4486-8785-648ed054a4a3'),
 ('453', '453', 'en_us', '', NULL, '1', '2017-07-27 18:54:14', '2017-07-27 21:09:21', 'fe5692c2-e544-4d0c-98f8-af71348bb2ce'),
 ('454', '454', 'en_us', '1-s3-a7503', NULL, '1', '2017-07-27 18:56:02', '2017-07-27 18:56:02', 'f8257fed-db4b-455f-a5e0-c36344634d3c'),
 ('455', '455', 'en_us', '1-s3-a7436', NULL, '1', '2017-07-27 18:57:30', '2017-07-27 18:57:30', 'cba0663a-fce7-4103-a47e-24b30d1aef60'),
 ('457', '457', 'en_us', 'director-of-la', NULL, '1', '2017-07-27 19:13:07', '2017-07-27 19:17:22', 'ffd0c150-c08f-4096-b0b9-3d25f1d014b7'),
 ('458', '458', 'en_us', 'principal', NULL, '1', '2017-07-27 19:38:10', '2017-07-27 19:42:56', 'f17728e2-dcfa-4833-86f9-1dad26c2e5bf'),
 ('459', '459', 'en_us', '', NULL, '1', '2017-07-27 19:42:53', '2017-07-27 21:09:21', 'caa69376-5c05-4321-abd4-dd352574f19b'),
 ('460', '460', 'en_us', '', NULL, '1', '2017-07-27 19:42:53', '2017-07-27 21:09:21', 'f6b90619-2bd9-4e82-941f-0c5451107e90'),
 ('461', '461', 'en_us', '', NULL, '1', '2017-07-27 19:42:53', '2017-07-27 21:09:21', '34aac2c2-f087-4d26-82d6-85eab9db2743'),
 ('462', '462', 'en_us', '', NULL, '1', '2017-07-27 19:42:53', '2017-07-27 21:09:21', '6b49ede1-7a61-46dc-8b34-8fa36dd08699'),
 ('463', '463', 'en_us', '', NULL, '1', '2017-07-27 19:42:53', '2017-07-27 21:09:21', '2ed85401-108c-429f-bb0c-1f10bd5ab0ec'),
 ('464', '464', 'en_us', '', NULL, '1', '2017-07-27 19:42:53', '2017-07-27 21:09:21', '3369f942-754c-4fbd-a90e-67cf5bf80c91'),
 ('465', '465', 'en_us', '', NULL, '1', '2017-07-27 19:42:53', '2017-07-27 21:09:21', '38c2a7c7-e586-40f9-9e98-143e54772a5e'),
 ('466', '466', 'en_us', '', NULL, '1', '2017-07-27 19:42:53', '2017-07-27 21:09:21', '1c9912a1-546d-413f-8db4-ab4c431e269d'),
 ('467', '467', 'en_us', '', NULL, '1', '2017-07-27 19:42:53', '2017-07-27 21:09:21', 'd5a3d48b-6ccd-439c-8659-705cac0f2aa7'),
 ('468', '468', 'en_us', '', NULL, '1', '2017-07-27 19:42:53', '2017-07-27 21:09:21', '0545d9d3-8596-42a6-941c-ed2202a75780'),
 ('469', '469', 'en_us', '', NULL, '1', '2017-07-27 19:42:53', '2017-07-27 21:09:21', '1637f15d-ff04-47ca-8432-304ecb6cb762'),
 ('470', '470', 'en_us', '', NULL, '1', '2017-07-27 19:42:53', '2017-07-27 21:09:21', '7966d6a3-1796-4dfa-8f99-174288b006d9'),
 ('471', '471', 'en_us', '', NULL, '1', '2017-07-27 19:42:53', '2017-07-27 21:09:21', '78b0236e-345e-4c08-b8b4-25184de3d3ed'),
 ('472', '472', 'en_us', '', NULL, '1', '2017-07-27 19:42:53', '2017-07-27 21:09:21', '43cd3b1c-5bc5-43f0-a990-9a908953fca5'),
 ('473', '473', 'en_us', '', NULL, '1', '2017-07-27 19:42:53', '2017-07-27 21:09:21', '0696578b-9cd3-4964-826d-453a373a3e00'),
 ('474', '474', 'en_us', '', NULL, '1', '2017-07-27 19:45:32', '2017-07-27 21:09:21', '5477cf7b-68c9-49f3-b283-95a1f4945899'),
 ('475', '475', 'en_us', '', NULL, '1', '2017-07-27 19:45:32', '2017-07-27 21:09:21', '68ee06e0-9c05-49cd-85a5-ef100cddb194'),
 ('476', '476', 'en_us', '', NULL, '1', '2017-07-27 19:47:41', '2017-07-27 21:09:21', 'a3636504-c725-4677-9e8d-b246654f6763'),
 ('477', '477', 'en_us', '', NULL, '1', '2017-07-27 19:47:41', '2017-07-27 21:09:21', 'dc87185b-6985-4006-8852-fe39f975ebda'),
 ('478', '478', 'en_us', '', NULL, '1', '2017-07-27 19:47:42', '2017-07-27 21:09:21', 'e7725aae-2a8f-4fec-92b7-826e82a35687'),
 ('479', '479', 'en_us', '', NULL, '1', '2017-07-27 19:47:42', '2017-07-27 21:09:21', '133d8b45-bb4d-4740-a93e-d25b71a62906'),
 ('480', '480', 'en_us', '', NULL, '1', '2017-07-27 19:47:42', '2017-07-27 21:09:21', 'f46bbf37-ba80-4895-9edc-d8cf4df63ed0'),
 ('481', '481', 'en_us', '', NULL, '1', '2017-07-27 19:47:42', '2017-07-27 21:09:21', '24c9406a-d825-4fd5-8dcf-a6846ff9596a'),
 ('482', '482', 'en_us', '', NULL, '1', '2017-07-27 19:47:42', '2017-07-27 21:09:21', '80a77a0b-cb87-4c3d-9c7c-a04e15c5a621'),
 ('483', '483', 'en_us', '', NULL, '1', '2017-07-27 19:50:37', '2017-07-27 21:09:21', '5cdbc619-2817-412f-ac67-e6c7e5bb60bf'),
 ('484', '484', 'en_us', '', NULL, '1', '2017-07-27 19:55:25', '2017-07-27 21:09:21', '5013b2f1-538a-4b51-8192-1a25e7fac84f'),
 ('485', '485', 'en_us', '', NULL, '1', '2017-07-27 19:55:25', '2017-07-27 21:09:21', 'a38c956c-30b5-4798-a75e-d70867e45142'),
 ('486', '486', 'en_us', '', NULL, '1', '2017-07-27 19:55:25', '2017-07-27 21:09:21', '0bde4ee7-97bf-40d6-b3a6-8deef2fe9dbb'),
 ('487', '487', 'en_us', '', NULL, '1', '2017-07-27 19:56:42', '2017-07-27 21:09:21', '2341dd41-20d5-4ead-bbfc-e7ef540d7b47'),
 ('488', '488', 'en_us', '', NULL, '1', '2017-07-27 19:56:42', '2017-07-27 21:09:21', '03457a1b-5ca1-4ae7-b510-d29404f3c5c8'),
 ('489', '489', 'en_us', '', NULL, '1', '2017-07-27 19:56:42', '2017-07-27 21:09:21', 'c749b5d1-b3ed-40f4-a6a7-1bcc4e70328e'),
 ('490', '490', 'en_us', '', NULL, '1', '2017-07-27 19:56:42', '2017-07-27 21:09:21', '26c89d78-8107-4466-9560-48d88ff98c09'),
 ('491', '491', 'en_us', '', NULL, '1', '2017-07-27 19:58:50', '2017-07-27 21:09:21', '8616f5a5-f87c-4279-99e7-05c94d5f2157'),
 ('492', '492', 'en_us', '', NULL, '1', '2017-07-27 20:01:12', '2017-07-27 21:09:21', '59b6e362-e99b-4390-84c0-1fed997a7910'),
 ('493', '493', 'en_us', '', NULL, '1', '2017-07-27 20:01:12', '2017-07-27 21:09:21', '36d2319f-0718-4e33-88b4-7257b83ae808'),
 ('494', '494', 'en_us', '', NULL, '1', '2017-07-27 20:01:12', '2017-07-27 21:09:21', '4ef4ed62-8bc6-48b0-ab69-79a023a6f1a1'),
 ('495', '495', 'en_us', '', NULL, '1', '2017-07-27 20:01:12', '2017-07-27 21:09:21', '96cd4154-390b-44ef-8424-a68dc6cf7977'),
 ('496', '496', 'en_us', '', NULL, '1', '2017-07-27 20:01:12', '2017-07-27 21:09:21', 'd051ae26-6bb6-4257-ab29-bd6c9dc13749'),
 ('497', '497', 'en_us', '', NULL, '1', '2017-07-27 20:01:12', '2017-07-27 21:09:21', 'f5791496-ce62-4061-83c8-da0b80048376'),
 ('498', '498', 'en_us', '', NULL, '1', '2017-07-27 20:01:12', '2017-07-27 21:09:21', 'ca2fc45a-e6d2-447d-951f-e84dabbd602a'),
 ('499', '499', 'en_us', '', NULL, '1', '2017-07-27 20:03:42', '2017-07-27 21:09:21', '6cc9edb2-205f-4be2-94ac-c71b20e39623'),
 ('500', '500', 'en_us', '', NULL, '1', '2017-07-27 20:03:42', '2017-07-27 21:09:21', '53e208a5-99c5-4750-ab99-4a88a09f6afb'),
 ('501', '501', 'en_us', 'shutterstock-406114573', NULL, '1', '2017-07-27 20:05:55', '2017-07-27 20:05:55', '6761392c-0c08-4ba7-a4b8-6900bdc542a2'),
 ('502', '502', 'en_us', 'shutterstock-406114573-1', NULL, '1', '2017-07-27 20:06:03', '2017-07-27 20:06:03', '674dc4e1-4eab-4d44-8a62-2ba8c402f352'),
 ('503', '503', 'en_us', 'shutterstock-375806350', NULL, '1', '2017-07-27 20:08:31', '2017-07-27 20:08:31', '0006ce3e-b01f-47c5-8567-ae3a43c86fb0'),
 ('504', '504', 'en_us', '', NULL, '1', '2017-07-27 20:08:37', '2017-07-27 21:09:21', '70602343-942a-4f03-881a-13c796e7b338'),
 ('505', '505', 'en_us', 'lorem-logo1', NULL, '1', '2017-07-27 20:21:00', '2017-07-27 20:21:00', '04b0d8c6-6508-4dec-8f96-dbdbd036eac4'),
 ('506', '506', 'en_us', 'lorem-logo2', NULL, '1', '2017-07-27 20:21:01', '2017-07-27 20:21:01', 'b6999f9e-679a-4d8f-9a94-e1d9e33e44dc'),
 ('507', '507', 'en_us', 'lorem-logo3', NULL, '1', '2017-07-27 20:21:01', '2017-07-27 20:21:01', '0822f16d-63f8-44a8-a67e-bec5e7972cca'),
 ('508', '508', 'en_us', 'lorem-logo4', NULL, '1', '2017-07-27 20:21:01', '2017-07-27 20:21:01', '29ced927-8e49-4595-96cb-c0f0c6b61dcb'),
 ('509', '509', 'en_us', 'lorem-logo5', NULL, '1', '2017-07-27 20:21:02', '2017-07-27 20:21:02', '18b066bf-e90d-4960-bc10-6d51b4afed3a'),
 ('510', '510', 'en_us', 'lorem-logo6', NULL, '1', '2017-07-27 20:21:02', '2017-07-27 20:21:02', 'c0f99982-13e0-41a4-bb9c-e43bb1dd6a3b'),
 ('511', '511', 'en_us', 'lorem-logo7', NULL, '1', '2017-07-27 20:21:03', '2017-07-27 20:21:03', 'ab5a0529-e554-45bd-be25-0ca9a9a077c7'),
 ('512', '512', 'en_us', '', NULL, '1', '2017-07-27 20:24:00', '2017-07-27 21:09:21', 'fdd67ea9-2cde-4112-8540-6b73366d1bd8'),
 ('513', '513', 'en_us', '', NULL, '1', '2017-07-27 20:24:00', '2017-07-27 21:09:21', 'ae33e3d1-4939-49a8-8010-eff67875b585'),
 ('514', '514', 'en_us', '', NULL, '1', '2017-07-27 20:24:00', '2017-07-27 21:09:21', 'efd4e432-6c64-485f-aeff-4831a3b52329'),
 ('515', '515', 'en_us', '', NULL, '1', '2017-07-27 20:24:00', '2017-07-27 21:09:21', '24b6c6c8-2890-4aec-9ebd-0fc12e292204'),
 ('516', '516', 'en_us', '', NULL, '1', '2017-07-27 20:24:00', '2017-07-27 21:09:21', 'fb90ffbc-9972-482c-8ab3-dd08d2f965d0'),
 ('517', '517', 'en_us', '', NULL, '1', '2017-07-27 20:24:00', '2017-07-27 21:09:21', '7fcff82b-8062-419d-917f-383b41c0e11b'),
 ('518', '518', 'en_us', '', NULL, '1', '2017-07-27 20:24:00', '2017-07-27 21:09:21', '0f9fc98b-a2b1-422a-b812-714267d1ea16');
INSERT INTO `craft_elements_i18n` (`id`, `elementId`, `locale`, `slug`, `uri`, `enabled`, `dateCreated`, `dateUpdated`, `uid`) VALUES
 ('519', '519', 'en_us', '', NULL, '1', '2017-07-27 20:24:00', '2017-07-27 21:09:22', '5f5f584c-32c3-4e87-b84b-500be5b0e30e'),
 ('521', '521', 'en_us', '', NULL, '1', '2017-07-27 20:24:00', '2017-07-27 21:09:22', 'b697448d-61b6-48a2-bcc6-aa4912c97a47'),
 ('523', '523', 'en_us', '', NULL, '1', '2017-07-27 20:24:00', '2017-07-27 21:09:22', '6f7c75db-e253-402a-877e-32c09bf811ec'),
 ('524', '524', 'en_us', '', NULL, '1', '2017-07-27 20:30:19', '2017-07-27 21:09:22', '7451294d-2344-478b-88ed-5efb3627d5a2'),
 ('525', '525', 'en_us', '', NULL, '1', '2017-07-27 20:30:19', '2017-07-27 21:09:22', 'c501ca97-88ad-4ef8-b6ca-c720c6d14abc'),
 ('526', '526', 'en_us', '', NULL, '1', '2017-07-27 20:30:19', '2017-07-27 21:09:22', 'e2e42a44-cfed-4d2c-abc9-92eb26b508c2'),
 ('527', '527', 'en_us', '', NULL, '1', '2017-07-27 20:30:19', '2017-07-27 21:09:22', 'c574d1a2-2b85-46e8-b26e-36e866910f11'),
 ('528', '528', 'en_us', '', NULL, '1', '2017-07-27 20:30:19', '2017-07-27 21:09:22', '384cfc33-d31e-4341-855f-713eef0d25fc'),
 ('529', '529', 'en_us', '', NULL, '1', '2017-07-27 20:30:19', '2017-07-27 21:09:22', 'f531706b-f8fd-4842-9858-1ae06e0bdc29'),
 ('530', '530', 'en_us', '', NULL, '1', '2017-07-27 20:30:19', '2017-07-27 21:09:22', 'a783fee2-a9a1-4ac1-aeed-588eb0697830'),
 ('531', '531', 'en_us', '', NULL, '1', '2017-07-27 20:30:19', '2017-07-27 21:09:22', '2cf5bfdc-24f9-432d-ae37-83134167361a'),
 ('532', '532', 'en_us', '', NULL, '1', '2017-07-27 20:30:19', '2017-07-27 21:09:22', '87a2c42a-70e9-4032-aae3-2892311c9ebf'),
 ('533', '533', 'en_us', '', NULL, '1', '2017-07-27 20:30:19', '2017-07-27 21:09:22', 'ee599415-5bed-4c4e-bf7e-22efc016a8ae'),
 ('534', '534', 'en_us', '', NULL, '1', '2017-07-27 20:30:19', '2017-07-27 21:09:22', '4cc73ee7-c8bc-4330-a4a9-f85f45fff2d1'),
 ('535', '535', 'en_us', '', NULL, '1', '2017-07-27 20:30:19', '2017-07-27 21:09:22', '026d23b6-687d-4c59-bfe7-68b1b43c41a7'),
 ('536', '536', 'en_us', '', NULL, '1', '2017-07-27 20:30:19', '2017-07-27 21:09:22', '18ad8fff-4a62-4b56-849a-b5ccb4b93d50'),
 ('537', '537', 'en_us', '', NULL, '1', '2017-07-27 20:30:19', '2017-07-27 21:09:22', '65f15315-65d9-40ca-abb6-b166c59e1fbb'),
 ('538', '538', 'en_us', '', NULL, '1', '2017-07-27 20:30:19', '2017-07-27 21:09:22', 'da55e6c7-bfb1-4cb1-8b89-985b76b35956'),
 ('539', '539', 'en_us', '', NULL, '1', '2017-07-27 20:30:19', '2017-07-27 21:09:22', 'aadd6dbc-4628-4e7c-b7c0-8ae2c09ce1d0'),
 ('540', '540', 'en_us', '', NULL, '1', '2017-07-27 20:30:19', '2017-07-27 21:09:22', '0aa8d19a-6554-42d2-81c8-cc496d3560ba'),
 ('541', '541', 'en_us', '', NULL, '1', '2017-07-27 20:38:43', '2017-07-27 21:09:21', 'd01932d4-c6e2-4bdd-846a-f7c73297dc0b'),
 ('546', '546', 'en_us', '2017-07-27-212619', NULL, '1', '2017-07-27 21:26:19', '2017-07-27 21:26:19', 'fc189ca0-c762-44b1-b0c2-2680c42786be'),
 ('748', '748', 'en_us', 'gunnery-mobile', NULL, '1', '2017-07-31 13:10:01', '2017-07-31 13:10:01', 'a819f2ed-3e5b-4edc-b620-61b3690a25a2'),
 ('749', '749', 'en_us', 'gunnery-desktop', NULL, '1', '2017-07-31 13:10:13', '2017-07-31 13:10:13', '37a6a447-6235-42bc-a808-dccf6ec2e4cb'),
 ('750', '750', 'en_us', '', NULL, '1', '2017-07-31 13:10:18', '2017-07-31 13:10:18', 'e320e77d-33e7-474c-9e07-2ddfc84f5646'),
 ('751', '751', 'en_us', '', NULL, '1', '2017-07-31 13:10:18', '2017-07-31 13:10:18', '459edbf6-6ad8-42ce-b7d5-c9df52a23d7c'),
 ('910', '910', 'en_us', 'agawam-high-school-athletic-facility-renovation-1', 'work/agawam-high-school-athletic-facility-renovation-1', '1', '2017-07-31 19:29:34', '2017-07-31 22:03:34', 'a14ce6cf-d0b6-46cf-96a8-d7b8589f3e29'),
 ('911', '911', 'en_us', '', NULL, '1', '2017-07-31 19:29:34', '2017-07-31 19:54:48', 'd509168d-7861-4a23-b07f-6dc7430d574a'),
 ('912', '912', 'en_us', '', NULL, '1', '2017-07-31 19:29:34', '2017-07-31 19:54:48', 'e7506978-a6c8-403b-82d6-5155bf960b01'),
 ('913', '913', 'en_us', '', NULL, '1', '2017-07-31 19:29:34', '2017-07-31 19:54:48', 'e9d6852b-e9d4-4a64-acf9-e8d5fcaeb211'),
 ('914', '914', 'en_us', '', NULL, '1', '2017-07-31 19:29:34', '2017-07-31 19:54:48', '38c50fea-b355-4b00-bb60-2e8a0ba50c15'),
 ('915', '915', 'en_us', '', NULL, '1', '2017-07-31 19:29:34', '2017-07-31 19:54:48', '224b53f7-6008-441e-8dbe-a49f8a4607de'),
 ('916', '916', 'en_us', '', NULL, '1', '2017-07-31 19:29:34', '2017-07-31 19:54:48', '9e0c2795-fe29-4972-9efa-35f15dfd8161'),
 ('917', '917', 'en_us', '', NULL, '1', '2017-07-31 19:29:34', '2017-07-31 19:54:48', 'e97ef7cc-bcfc-4a64-82a8-7877587c152b'),
 ('918', '918', 'en_us', '', NULL, '1', '2017-07-31 19:29:34', '2017-07-31 19:54:48', 'c16220e3-4efa-4941-8e51-e6ba8c1c1077'),
 ('919', '919', 'en_us', '', NULL, '1', '2017-07-31 19:29:34', '2017-07-31 19:54:48', '3a8c0533-00a6-4e95-9960-4308fa4e3b08'),
 ('920', '920', 'en_us', '', NULL, '1', '2017-07-31 19:29:34', '2017-07-31 19:54:48', 'f21b26d1-14ff-4095-aaba-5649baa34146'),
 ('921', '921', 'en_us', '', NULL, '1', '2017-07-31 19:29:34', '2017-07-31 19:54:48', 'cc6935ef-4077-4c0f-a689-8c6bb8bfdc3f'),
 ('922', '922', 'en_us', '', NULL, '1', '2017-07-31 19:29:34', '2017-07-31 19:54:48', 'd70f212c-b238-4f1a-8338-468493d42b4c'),
 ('923', '923', 'en_us', '', NULL, '1', '2017-07-31 19:29:34', '2017-07-31 19:54:48', '08035981-091f-4dd0-bf1a-288c0f8b4a56'),
 ('924', '924', 'en_us', '', NULL, '1', '2017-07-31 19:29:34', '2017-07-31 19:54:48', '2c5e68cc-946d-4dd7-b36c-07d196e9b097'),
 ('925', '925', 'en_us', '', NULL, '1', '2017-07-31 19:29:34', '2017-07-31 19:54:48', '6c7c79fe-7cf6-4938-a87c-4c6cf27c60a4'),
 ('926', '926', 'en_us', '', NULL, '1', '2017-07-31 19:29:34', '2017-07-31 19:54:48', 'a7e002db-7ea8-4ebb-9863-b3d63e8926e9'),
 ('927', '927', 'en_us', '', NULL, '1', '2017-07-31 19:29:34', '2017-07-31 19:54:48', '51552874-8d1d-483b-9ca8-875d9bdda235'),
 ('928', '928', 'en_us', '', NULL, '1', '2017-07-31 19:29:34', '2017-07-31 19:54:48', '8fee2e4b-8de1-4271-aae4-5e869fca362f'),
 ('929', '929', 'en_us', '', NULL, '1', '2017-07-31 19:29:34', '2017-07-31 19:54:48', '639f854f-5231-4e8b-bb87-880a905e79cb'),
 ('930', '930', 'en_us', '', NULL, '1', '2017-07-31 19:29:34', '2017-07-31 19:54:48', '8e8df6ef-a26f-4ad6-add8-f78ad2f5bfce'),
 ('931', '931', 'en_us', '', NULL, '1', '2017-07-31 19:29:34', '2017-07-31 19:54:48', '873c0312-48d1-49ad-873e-65c64361f463'),
 ('932', '932', 'en_us', '', NULL, '1', '2017-07-31 19:29:34', '2017-07-31 19:54:49', '51f887d7-7c8d-42a8-ba88-87e3f0bb7580'),
 ('933', '933', 'en_us', '', NULL, '1', '2017-07-31 19:29:34', '2017-07-31 19:54:49', 'a53cd24a-2ba4-4581-baea-af767e05b65f'),
 ('934', '934', 'en_us', '', NULL, '1', '2017-07-31 19:29:34', '2017-07-31 19:54:49', '1b6c67a3-9ff5-4876-9613-1a3395369ac3'),
 ('935', '935', 'en_us', '', NULL, '1', '2017-07-31 19:29:34', '2017-07-31 19:54:49', 'dcbcc06e-219a-4752-8f66-eaf5ccefdd48'),
 ('936', '936', 'en_us', '', NULL, '1', '2017-07-31 19:29:34', '2017-07-31 19:54:49', '02fef1b6-1a4a-451a-9073-35352d4dc1ad'),
 ('937', '937', 'en_us', '', NULL, '1', '2017-07-31 19:29:35', '2017-07-31 19:54:49', '6cff79d0-ab4d-44e4-8b36-5de1f67369ed'),
 ('938', '938', 'en_us', '', NULL, '1', '2017-07-31 19:29:35', '2017-07-31 19:54:49', 'fb20b16e-98ee-42a7-95eb-25199f54c3a1'),
 ('939', '939', 'en_us', '', NULL, '1', '2017-07-31 19:29:35', '2017-07-31 19:54:49', '528501e4-dde6-4f86-9634-a336b2ab801b'),
 ('940', '940', 'en_us', '', NULL, '1', '2017-07-31 19:29:35', '2017-07-31 19:54:49', '7b425906-f80c-4267-b3e3-2d8b9e2bcd0e'),
 ('941', '941', 'en_us', '', NULL, '1', '2017-07-31 19:29:35', '2017-07-31 19:54:49', 'e4e2ba60-74c6-4152-bb1f-121b8d17e353'),
 ('942', '942', 'en_us', '', NULL, '1', '2017-07-31 19:29:35', '2017-07-31 19:54:49', '6c51de0d-e134-440b-96e3-5c541a79c2ad'),
 ('957', '957', 'en_us', 'mc-ginnis-blossoms', NULL, '1', '2017-07-31 19:34:00', '2017-07-31 19:34:00', '1abdecee-c9c0-47ba-b203-b5b19c35bf56'),
 ('958', '958', 'en_us', '09-2013-tongva-319-0', NULL, '1', '2017-07-31 19:36:02', '2017-07-31 19:36:02', '928fa25b-6f99-444d-a0ee-ce9895d2e3d5'),
 ('959', '959', 'en_us', '', NULL, '1', '2017-07-31 20:44:43', '2017-07-31 20:44:43', '79937747-bbba-4c8a-bdaf-e83b60fdb0ce'),
 ('960', '960', 'en_us', 'education', 'practice-areas/education', '1', '2017-07-31 21:27:17', '2017-07-31 21:27:17', 'af21a7a3-1a0a-4fa5-9c58-852409bed5f4'),
 ('961', '961', 'en_us', 'public-education', 'practice-areas/education/public-education', '1', '2017-07-31 21:27:38', '2017-07-31 21:27:38', 'd58b16e8-2ed6-4fe1-aeb8-4489591ffe5e'),
 ('962', '962', 'en_us', 'higher-education', 'practice-areas/education/higher-education', '1', '2017-07-31 21:27:49', '2017-07-31 21:27:49', 'ed20127e-4a80-4245-b085-6b5b14ab5cd7'),
 ('963', '963', 'en_us', 'independent-schools', 'practice-areas/education/independent-schools', '1', '2017-07-31 21:28:01', '2017-07-31 21:28:01', '9c137b67-b3aa-40f9-b8c7-da016d9bc23b'),
 ('964', '964', 'en_us', 'development', 'practice-areas/development', '1', '2017-07-31 21:28:16', '2017-07-31 21:28:16', '8ec17ce0-adf5-4299-b075-57d31776935b'),
 ('965', '965', 'en_us', 'residential', 'practice-areas/development/residential', '1', '2017-07-31 21:28:32', '2017-07-31 21:28:32', '41dd08fb-7368-45bf-a066-4a44b287b290'),
 ('966', '966', 'en_us', 'corporate-industrial', 'practice-areas/development/corporate-industrial', '1', '2017-07-31 21:28:52', '2017-07-31 21:28:52', '88895a9c-a3c3-480e-86af-ff9be2999ebb'),
 ('967', '967', 'en_us', 'healthcare', 'practice-areas/development/healthcare', '1', '2017-07-31 21:29:01', '2017-07-31 21:29:01', '68795fa6-c915-4e20-8b45-7d1927de337d'),
 ('968', '968', 'en_us', 'mixed-use-commercial', 'practice-areas/development/mixed-use-commercial', '1', '2017-07-31 21:29:19', '2017-07-31 21:29:19', '8aea4822-13e1-463b-acff-397c7e7483c5'),
 ('969', '969', 'en_us', 'civic', 'practice-areas/development/civic', '1', '2017-07-31 21:29:27', '2017-07-31 21:29:27', '7130c8fb-9833-428d-95e0-fa4069c5b260'),
 ('970', '970', 'en_us', 'utilities', 'practice-areas/utilities', '1', '2017-07-31 21:29:37', '2017-07-31 21:29:37', 'ad1f2d8d-b925-4a79-95df-0410ad0788ce'),
 ('971', '971', 'en_us', 'transportation', 'practice-areas/transportation', '1', '2017-07-31 21:29:45', '2017-07-31 21:29:45', '2fd25010-181a-465a-9197-b904a66eea7c'),
 ('972', '972', 'en_us', 'environment', 'practice-areas/environment', '1', '2017-07-31 21:29:53', '2017-07-31 21:29:53', '97759086-53f6-487b-920b-6735c2bcf81a'),
 ('973', '973', 'en_us', 'community', 'practice-areas/community', '1', '2017-07-31 21:30:00', '2017-07-31 21:30:00', '5ff8989b-3e79-47ab-a51e-90cbc6a651c0'),
 ('974', '974', 'en_us', 'engineering', 'services/engineering', '1', '2017-07-31 21:30:36', '2017-07-31 21:30:36', '30bad97e-14a9-420d-a956-fffa7ae33843'),
 ('975', '975', 'en_us', 'civil-engineering', 'services/engineering/civil-engineering', '1', '2017-07-31 21:31:24', '2017-07-31 21:31:24', '2a44d1b8-ff4f-4939-abf2-7415d61ce6ce'),
 ('976', '976', 'en_us', 'transportation-engineering', 'services/engineering/transportation-engineering', '1', '2017-07-31 21:32:27', '2017-07-31 21:32:27', '86877814-4454-437f-a7b1-457e6e3eaf0b'),
 ('977', '977', 'en_us', 'water-resources', 'services/engineering/water-resources', '1', '2017-07-31 21:32:35', '2017-07-31 21:32:35', 'ed230f04-5099-45dc-8242-1b85adeeaeb7'),
 ('978', '978', 'en_us', 'structural-engineering', 'services/engineering/structural-engineering', '1', '2017-07-31 21:32:44', '2017-07-31 21:32:44', 'a5d3d6cc-d3c2-4258-b976-eb0adf6f8c3c'),
 ('979', '979', 'en_us', 'geotechnical-engineering', 'services/engineering/geotechnical-engineering', '1', '2017-07-31 21:32:56', '2017-07-31 21:32:56', 'd003d96d-945c-4bd7-a0d6-692d4af98137'),
 ('980', '980', 'en_us', 'water-wastewater', 'services/engineering/water-wastewater', '1', '2017-07-31 21:33:07', '2017-07-31 21:33:07', '2c81c931-c2cc-4b17-9f3c-022ea5ecf7c9'),
 ('981', '981', 'en_us', 'utility', 'services/engineering/utility', '1', '2017-07-31 21:33:14', '2017-07-31 21:33:14', '7a0b813c-1910-4b83-aff4-bae0f915f1be'),
 ('982', '982', 'en_us', 'environmental-science', 'services/environmental-science', '1', '2017-07-31 21:33:26', '2017-07-31 21:33:26', 'c7a54d07-0d11-4f10-b778-c1763d397e2e'),
 ('983', '983', 'en_us', 'natural-resource-management', 'services/environmental-science/natural-resource-management', '1', '2017-07-31 21:34:04', '2017-07-31 21:34:05', 'f2bdade4-58fe-4eef-a608-398ea933bab8'),
 ('984', '984', 'en_us', 'building-sciences', 'services/environmental-science/building-sciences', '1', '2017-07-31 21:34:16', '2017-07-31 21:34:16', 'a6abc3d1-96b2-4f44-be9b-9e8071dd8779'),
 ('985', '985', 'en_us', 'environmental-impact-permitting', 'services/environmental-science/environmental-impact-permitting', '1', '2017-07-31 21:34:35', '2017-07-31 21:34:35', 'e69d38dd-91a0-4d3f-aed4-32a757f301d9'),
 ('986', '986', 'en_us', 'environmental-site-assessment-remediation', 'services/environmental-science/environmental-site-assessment-remediation', '1', '2017-07-31 21:35:03', '2017-07-31 21:35:03', '754afa48-962e-4c3e-ac72-c7df50761a57'),
 ('987', '987', 'en_us', 'industrial-permitting', 'services/environmental-science/industrial-permitting', '1', '2017-07-31 21:35:15', '2017-07-31 21:35:15', 'f48cfe2f-c7fc-4df6-9669-dfb944aab7b5'),
 ('988', '988', 'en_us', 'landscape-architecture', 'services/landscape-architecture', '1', '2017-07-31 21:35:31', '2017-07-31 21:35:31', '3cb27183-f327-4d1f-95de-3e11191fd0c3'),
 ('989', '989', 'en_us', 'master-planning-site-design', 'services/landscape-architecture/master-planning-site-design', '1', '2017-07-31 21:35:51', '2017-07-31 21:36:16', 'a0d8d2f6-2b99-444f-b083-d355815b3313'),
 ('990', '990', 'en_us', 'parks-recreation', 'services/landscape-architecture/parks-recreation', '1', '2017-07-31 21:36:25', '2017-07-31 21:36:25', '1794d7e1-0c0c-4eb1-a49c-e6f9d89f14b5'),
 ('991', '991', 'en_us', 'athletic-facilities', 'services/landscape-architecture/athletic-facilities', '1', '2017-07-31 21:36:37', '2017-07-31 21:36:37', '13cbb07f-93fd-49b2-aa9b-edc0943c4d8a'),
 ('992', '992', 'en_us', 'bikes-greenways', 'services/landscape-architecture/bikes-greenways', '1', '2017-07-31 21:36:59', '2017-07-31 21:36:59', '8632e372-69c4-4469-8531-7f99daf0eaa6'),
 ('993', '993', 'en_us', 'planning', 'services/planning', '1', '2017-07-31 21:37:10', '2017-07-31 21:37:10', 'd60e4686-bbfa-47a6-b778-433398cb08b8'),
 ('994', '994', 'en_us', 'community-land-use', 'services/planning/community-land-use', '1', '2017-07-31 21:37:30', '2017-07-31 21:37:30', '069bef47-6ba9-434c-a688-3a7dc39ddf75'),
 ('995', '995', 'en_us', 'redevelopment-economic-development', 'services/planning/redevelopment-economic-development', '1', '2017-07-31 21:37:44', '2017-07-31 21:37:44', '290e90a4-f797-40a2-a86f-aa30f340cddf'),
 ('996', '996', 'en_us', 'school-enrollment-projections-redistricting', 'services/planning/school-enrollment-projections-redistricting', '1', '2017-07-31 21:38:11', '2017-07-31 21:38:11', 'bd8b3a6e-a6af-4193-8175-46e80170424e'),
 ('997', '997', 'en_us', 'transportation-planning', 'services/planning/transportation-planning', '1', '2017-07-31 21:38:23', '2017-07-31 21:38:23', '04d1121c-29f3-4189-bcd2-8be26744a715');
INSERT INTO `craft_elements_i18n` (`id`, `elementId`, `locale`, `slug`, `uri`, `enabled`, `dateCreated`, `dateUpdated`, `uid`) VALUES
 ('998', '998', 'en_us', 'hazard-mitigation', 'services/planning/hazard-mitigation', '1', '2017-07-31 21:38:36', '2017-07-31 21:38:36', '45c241fb-20ef-4832-9052-549f3e12d326'),
 ('999', '999', 'en_us', 'coastal-resilience', 'services/planning/coastal-resilience', '1', '2017-07-31 21:38:47', '2017-07-31 21:38:47', '4a6da638-375f-430b-bdf1-c171e97da9f1'),
 ('1000', '1000', 'en_us', 'construction-services', 'services/construction-services', '1', '2017-07-31 21:38:57', '2017-07-31 21:38:57', '7d832b03-664c-4fc4-a1e6-780e8c1a5a69'),
 ('1001', '1001', 'en_us', 'project-administration', 'services/construction-services/project-administration', '1', '2017-07-31 21:39:22', '2017-07-31 21:39:23', '17706be1-43be-4cd2-a554-0159b955bfed'),
 ('1002', '1002', 'en_us', 'resident-engineering', 'services/construction-services/resident-engineering', '1', '2017-07-31 21:39:34', '2017-07-31 21:39:35', 'a0e29c1f-2ae9-4077-b505-a5fca48e4213'),
 ('1003', '1003', 'en_us', 'value-engineering', 'services/construction-services/value-engineering', '1', '2017-07-31 21:39:43', '2017-07-31 21:39:43', 'bea11133-5284-4c12-ad7f-36ef7b0a0d24'),
 ('1004', '1004', 'en_us', 'land-surveying', 'services/land-surveying', '1', '2017-07-31 21:39:54', '2017-07-31 21:39:54', 'aed3f45c-81c0-4dca-ac3e-9c519d405b32'),
 ('1005', '1005', 'en_us', 'connecticut', NULL, '1', '2017-07-31 21:49:09', '2017-07-31 21:49:16', '34cfa245-4c6a-4a60-9fa2-f807a390226d'),
 ('1006', '1006', 'en_us', 'maine', NULL, '1', '2017-07-31 21:50:25', '2017-07-31 21:50:25', '90c6b4ec-461a-454c-8bda-dd1eba1e28c3'),
 ('1007', '1007', 'en_us', 'massachusetts', NULL, '1', '2017-07-31 21:51:31', '2017-07-31 21:51:31', '6a1690c5-dc4b-447f-8dd4-d74d0c309515'),
 ('1008', '1008', 'en_us', 'new-hampshire', NULL, '1', '2017-07-31 21:52:23', '2017-07-31 21:52:23', 'a81435c3-0703-4252-9c08-1ab8aa0fc8c2'),
 ('1009', '1009', 'en_us', 'new-york', NULL, '1', '2017-07-31 21:54:08', '2017-07-31 21:54:08', '4b70a787-3f01-4981-bd1f-bcf8f9167294'),
 ('1010', '1010', 'en_us', 'vermont', NULL, '1', '2017-07-31 21:55:04', '2017-07-31 21:55:04', '6deb2227-d415-4beb-814f-67f2c2945b63');



DROP TABLE IF EXISTS `craft_emailmessages`;


--
-- Schema for table `craft_emailmessages`
--
CREATE TABLE `craft_emailmessages` (
  `id` int(11) NOT NULL AUTO_INCREMENT,
  `key` char(150) COLLATE utf8_unicode_ci NOT NULL,
  `locale` char(12) COLLATE utf8_unicode_ci NOT NULL,
  `subject` varchar(1000) COLLATE utf8_unicode_ci NOT NULL,
  `body` text COLLATE utf8_unicode_ci NOT NULL,
  `dateCreated` datetime NOT NULL,
  `dateUpdated` datetime NOT NULL,
  `uid` char(36) COLLATE utf8_unicode_ci NOT NULL DEFAULT '0',
  PRIMARY KEY (`id`),
  UNIQUE KEY `craft_emailmessages_key_locale_unq_idx` (`key`,`locale`),
  KEY `craft_emailmessages_locale_fk` (`locale`)
) ENGINE=InnoDB DEFAULT CHARSET=utf8 COLLATE=utf8_unicode_ci;

DROP TABLE IF EXISTS `craft_entries`;


--
-- Schema for table `craft_entries`
--
CREATE TABLE `craft_entries` (
  `id` int(11) NOT NULL,
  `sectionId` int(11) NOT NULL,
  `typeId` int(11) DEFAULT NULL,
  `authorId` int(11) DEFAULT NULL,
  `postDate` datetime DEFAULT NULL,
  `expiryDate` datetime DEFAULT NULL,
  `dateCreated` datetime NOT NULL,
  `dateUpdated` datetime NOT NULL,
  `uid` char(36) COLLATE utf8_unicode_ci NOT NULL DEFAULT '0',
  PRIMARY KEY (`id`),
  KEY `craft_entries_sectionId_idx` (`sectionId`),
  KEY `craft_entries_typeId_idx` (`typeId`),
  KEY `craft_entries_postDate_idx` (`postDate`),
  KEY `craft_entries_expiryDate_idx` (`expiryDate`),
  KEY `craft_entries_authorId_fk` (`authorId`)
) ENGINE=InnoDB DEFAULT CHARSET=utf8 COLLATE=utf8_unicode_ci;

--
-- Data for table `craft_entries`
--

INSERT INTO `craft_entries` (`id`, `sectionId`, `typeId`, `authorId`, `postDate`, `expiryDate`, `dateCreated`, `dateUpdated`, `uid`) VALUES
 ('3', '2', '2', '1', '2017-06-09 17:32:25', NULL, '2017-06-09 17:32:25', '2017-06-09 17:32:25', 'd913a1fd-d85d-4556-9aa6-9aa4534fabe8'),
 ('28', '7', '7', '1', '2017-06-09 20:34:00', NULL, '2017-06-09 20:34:58', '2017-06-27 21:10:29', 'fa934232-b858-4597-ae3b-0462f7bd61a5'),
 ('35', '8', '8', '1', '2017-06-15 15:05:00', NULL, '2017-06-15 15:05:59', '2017-06-28 21:11:02', 'e07bcf2b-5cc2-4a90-b45c-4b0310ef76b4'),
 ('53', '3', '3', '1', '2017-06-16 01:49:00', NULL, '2017-06-16 01:49:51', '2017-07-31 13:10:18', '46da1f26-6d95-44f0-8ae6-cdfe97ff1092'),
 ('139', '3', '3', '1', '2017-06-28 15:54:00', NULL, '2017-06-28 15:54:56', '2017-07-27 14:39:31', '8cda6ef6-9375-4570-a376-490f87d5824e'),
 ('147', '7', '7', '1', '2017-06-28 19:29:30', NULL, '2017-06-28 19:29:30', '2017-06-28 19:29:30', 'dee88b3b-ff5b-4dd8-886b-697bc0d9bb33'),
 ('160', '7', '7', '1', '2017-07-09 19:15:00', NULL, '2017-07-09 19:15:34', '2017-07-11 19:49:09', '6e26fe31-c166-41e9-a70b-14161106e80b'),
 ('166', '7', '7', '1', '2017-07-11 16:38:22', NULL, '2017-07-11 16:38:22', '2017-07-11 16:38:22', '2422acb1-76a3-4dc4-bf0f-ebad879640c9'),
 ('221', '9', NULL, NULL, '2017-07-25 14:39:15', NULL, '2017-07-25 14:39:15', '2017-07-27 21:09:22', 'f4001526-a44e-4b0b-b9f1-4ed4f30297bf'),
 ('274', '8', '8', '1', '2017-07-26 19:42:00', NULL, '2017-07-26 19:42:07', '2017-07-31 13:13:19', '760deadc-2e29-40fb-9e34-3e6fb970394d'),
 ('419', '7', '7', '1', '2017-07-27 18:15:00', NULL, '2017-07-27 18:15:03', '2017-07-27 18:34:36', 'cb090988-528b-438f-9131-8b72301bd227'),
 ('910', '3', '3', '1', '2017-06-28 15:54:00', NULL, '2017-07-31 19:29:35', '2017-07-31 19:54:49', 'c7e7c176-81b9-49ca-853c-e2f6b1d041d6'),
 ('960', '10', '10', '1', '2017-07-31 21:27:17', NULL, '2017-07-31 21:27:17', '2017-07-31 21:27:17', 'e12f6082-5ebb-426a-87ea-d3192e984713'),
 ('961', '10', '10', '1', '2017-07-31 21:27:38', NULL, '2017-07-31 21:27:38', '2017-07-31 21:27:38', '3449d837-0130-4375-88ca-8217aa3bbe42'),
 ('962', '10', '10', '1', '2017-07-31 21:27:49', NULL, '2017-07-31 21:27:49', '2017-07-31 21:27:49', '4e6c8fc0-d00e-44ce-8e35-54c3191c9c19'),
 ('963', '10', '10', '1', '2017-07-31 21:28:01', NULL, '2017-07-31 21:28:01', '2017-07-31 21:28:01', '694fdcb4-a601-4539-904d-fcf8a8150bae'),
 ('964', '10', '10', '1', '2017-07-31 21:28:16', NULL, '2017-07-31 21:28:16', '2017-07-31 21:28:16', 'ce40323f-8bf6-44a9-ba1f-2e2971efaf7b'),
 ('965', '10', '10', '1', '2017-07-31 21:28:32', NULL, '2017-07-31 21:28:32', '2017-07-31 21:28:32', '8507a7aa-d272-4c14-a40c-3743772e8935'),
 ('966', '10', '10', '1', '2017-07-31 21:28:52', NULL, '2017-07-31 21:28:52', '2017-07-31 21:28:52', '2e6c98af-5536-4e16-9c57-e5e4e81f66d5'),
 ('967', '10', '10', '1', '2017-07-31 21:29:01', NULL, '2017-07-31 21:29:01', '2017-07-31 21:29:01', 'cca97994-f1fb-4d18-a9da-a2f931c11faa'),
 ('968', '10', '10', '1', '2017-07-31 21:29:19', NULL, '2017-07-31 21:29:19', '2017-07-31 21:29:19', '6b057ba3-76d0-4cbd-8f27-decdb1b62b60'),
 ('969', '10', '10', '1', '2017-07-31 21:29:27', NULL, '2017-07-31 21:29:27', '2017-07-31 21:29:27', 'ad30d208-80b5-48a6-bea3-a02f4d36bbb4'),
 ('970', '10', '10', '1', '2017-07-31 21:29:37', NULL, '2017-07-31 21:29:37', '2017-07-31 21:29:37', '8cd932c5-da52-484c-90d7-0afd9ee04fbc'),
 ('971', '10', '10', '1', '2017-07-31 21:29:45', NULL, '2017-07-31 21:29:45', '2017-07-31 21:29:45', 'c045fe71-e5b7-4734-9353-167f1378272b'),
 ('972', '10', '10', '1', '2017-07-31 21:29:53', NULL, '2017-07-31 21:29:53', '2017-07-31 21:29:53', '7578b83a-c15d-407d-993f-e991926ad8f7'),
 ('973', '10', '10', '1', '2017-07-31 21:30:00', NULL, '2017-07-31 21:30:00', '2017-07-31 21:30:00', 'f3e83afb-0731-4e2f-bb3a-fda1a02594a4'),
 ('974', '11', '11', '1', '2017-07-31 21:30:36', NULL, '2017-07-31 21:30:36', '2017-07-31 21:30:36', 'd10a892f-3f41-485e-baed-19b5b3bb70ba'),
 ('975', '11', '11', '1', '2017-07-31 21:31:24', NULL, '2017-07-31 21:31:24', '2017-07-31 21:31:24', '5eaf51cc-0518-4b8a-8519-483e3791b4d4'),
 ('976', '11', '11', '1', '2017-07-31 21:32:27', NULL, '2017-07-31 21:32:27', '2017-07-31 21:32:27', '27305e56-4538-40fd-b302-447332937d4d'),
 ('977', '11', '11', '1', '2017-07-31 21:32:35', NULL, '2017-07-31 21:32:35', '2017-07-31 21:32:35', '3bb77027-4332-4fb8-abf2-d66cb349f73d'),
 ('978', '11', '11', '1', '2017-07-31 21:32:44', NULL, '2017-07-31 21:32:44', '2017-07-31 21:32:44', 'bcf1fbda-0ee0-4707-8a62-dee75933ea50'),
 ('979', '11', '11', '1', '2017-07-31 21:32:56', NULL, '2017-07-31 21:32:56', '2017-07-31 21:32:56', '7c0d1eb2-2f61-4f8f-ad52-119f8bddb787'),
 ('980', '11', '11', '1', '2017-07-31 21:33:07', NULL, '2017-07-31 21:33:07', '2017-07-31 21:33:07', '193f0ec9-304b-43f7-85c5-8b9fcca8bcba'),
 ('981', '11', '11', '1', '2017-07-31 21:33:14', NULL, '2017-07-31 21:33:14', '2017-07-31 21:33:14', '85972bfc-cf16-40f9-9a31-58c93eb039ac'),
 ('982', '11', '11', '1', '2017-07-31 21:33:26', NULL, '2017-07-31 21:33:26', '2017-07-31 21:33:26', 'ab6040aa-a8c9-4f34-a4a2-42862c03f1d3'),
 ('983', '11', '11', '1', '2017-07-31 21:34:04', NULL, '2017-07-31 21:34:04', '2017-07-31 21:34:04', 'a3ed5844-d875-4d66-9c09-d23ec8624d6a'),
 ('984', '11', '11', '1', '2017-07-31 21:34:16', NULL, '2017-07-31 21:34:16', '2017-07-31 21:34:16', 'a2b6d29d-6b8a-4b6c-8732-85f370c07827'),
 ('985', '11', '11', '1', '2017-07-31 21:34:35', NULL, '2017-07-31 21:34:35', '2017-07-31 21:34:35', '1d5a5375-2000-42d6-96fb-cdbbb14aea65'),
 ('986', '11', '11', '1', '2017-07-31 21:35:03', NULL, '2017-07-31 21:35:03', '2017-07-31 21:35:03', '173d8581-eae6-4e41-aa9f-16ac689a2ec8'),
 ('987', '11', '11', '1', '2017-07-31 21:35:15', NULL, '2017-07-31 21:35:15', '2017-07-31 21:35:15', '06492e9b-1584-49be-8bd4-ab992770be55'),
 ('988', '11', '11', '1', '2017-07-31 21:35:31', NULL, '2017-07-31 21:35:31', '2017-07-31 21:35:31', 'b9dec927-ed6b-434b-8868-6e4cbb058e6a'),
 ('989', '11', '11', '1', '2017-07-31 21:35:00', NULL, '2017-07-31 21:35:51', '2017-07-31 21:36:16', 'c11758c5-cd42-4a34-b6c8-ce80007f0de2'),
 ('990', '11', '11', '1', '2017-07-31 21:36:25', NULL, '2017-07-31 21:36:25', '2017-07-31 21:36:25', 'eaa49acf-fecb-406a-8a54-666c0fb75c02'),
 ('991', '11', '11', '1', '2017-07-31 21:36:37', NULL, '2017-07-31 21:36:37', '2017-07-31 21:36:37', 'fd5aeb6d-d8f5-4fcc-bdfa-64a5685f7ba3'),
 ('992', '11', '11', '1', '2017-07-31 21:36:59', NULL, '2017-07-31 21:36:59', '2017-07-31 21:36:59', '1a3e4dae-264d-4f12-80e0-6e19e58010cb'),
 ('993', '11', '11', '1', '2017-07-31 21:37:10', NULL, '2017-07-31 21:37:10', '2017-07-31 21:37:10', '0f782853-2153-4806-b74f-7d40742e9f2a'),
 ('994', '11', '11', '1', '2017-07-31 21:37:30', NULL, '2017-07-31 21:37:30', '2017-07-31 21:37:30', '32f41634-27f6-4e2f-9fcd-f51d3b2084d0'),
 ('995', '11', '11', '1', '2017-07-31 21:37:44', NULL, '2017-07-31 21:37:44', '2017-07-31 21:37:44', 'c348ec7c-0b26-4bef-b85b-4eff5c87e39a'),
 ('996', '11', '11', '1', '2017-07-31 21:38:11', NULL, '2017-07-31 21:38:11', '2017-07-31 21:38:11', 'c3e0b790-54e3-473a-85af-a4331b0963a6'),
 ('997', '11', '11', '1', '2017-07-31 21:38:23', NULL, '2017-07-31 21:38:23', '2017-07-31 21:38:23', '20b26364-b9bb-4ee4-b47a-ce6bd7ffa7c6'),
 ('998', '11', '11', '1', '2017-07-31 21:38:36', NULL, '2017-07-31 21:38:36', '2017-07-31 21:38:36', '14a51244-09aa-4722-9eb4-562631453e3a'),
 ('999', '11', '11', '1', '2017-07-31 21:38:47', NULL, '2017-07-31 21:38:47', '2017-07-31 21:38:47', 'b7d29727-a653-45be-9975-1f50a5841d87'),
 ('1000', '11', '11', '1', '2017-07-31 21:38:57', NULL, '2017-07-31 21:38:57', '2017-07-31 21:38:57', '0cf8fd49-3094-449d-8056-8e65d95f25d7'),
 ('1001', '11', '11', '1', '2017-07-31 21:39:22', NULL, '2017-07-31 21:39:22', '2017-07-31 21:39:22', '5e556707-9359-41e9-88f3-96ad6d822ded'),
 ('1002', '11', '11', '1', '2017-07-31 21:39:34', NULL, '2017-07-31 21:39:35', '2017-07-31 21:39:35', 'd30c5ca4-988b-402e-a08a-8227b1bed3b7'),
 ('1003', '11', '11', '1', '2017-07-31 21:39:43', NULL, '2017-07-31 21:39:43', '2017-07-31 21:39:43', '170e2271-1778-4d88-90ea-085ef17c71ff'),
 ('1004', '11', '11', '1', '2017-07-31 21:39:54', NULL, '2017-07-31 21:39:54', '2017-07-31 21:39:54', 'a805fc44-f5eb-4bb9-84a7-c675fab74d24'),
 ('1005', '12', '12', '1', '2017-07-31 21:49:00', NULL, '2017-07-31 21:49:09', '2017-07-31 21:49:16', '99fa1db1-0cc7-453b-b85c-313f92a4415d'),
 ('1006', '12', '12', '1', '2017-07-31 21:50:25', NULL, '2017-07-31 21:50:25', '2017-07-31 21:50:25', 'cfce41dc-7c30-47d9-8920-2f0282b39a40'),
 ('1007', '12', '12', '1', '2017-07-31 21:51:31', NULL, '2017-07-31 21:51:31', '2017-07-31 21:51:31', 'b804c4de-e169-4aa0-bfc8-3c2d70e572ad'),
 ('1008', '12', '12', '1', '2017-07-31 21:52:23', NULL, '2017-07-31 21:52:23', '2017-07-31 21:52:23', '92134271-f81d-4de2-9980-108d2729f7cb'),
 ('1009', '12', '12', '1', '2017-07-31 21:54:08', NULL, '2017-07-31 21:54:08', '2017-07-31 21:54:08', 'f34ffa7b-678d-443f-b902-5fec7075243c'),
 ('1010', '12', '12', '1', '2017-07-31 21:55:04', NULL, '2017-07-31 21:55:04', '2017-07-31 21:55:04', '61b3a353-c04f-4fd0-a1dc-7c54c1091e65');



DROP TABLE IF EXISTS `craft_entrydrafts`;


--
-- Schema for table `craft_entrydrafts`
--
CREATE TABLE `craft_entrydrafts` (
  `id` int(11) NOT NULL AUTO_INCREMENT,
  `entryId` int(11) NOT NULL,
  `sectionId` int(11) NOT NULL,
  `creatorId` int(11) NOT NULL,
  `locale` char(12) COLLATE utf8_unicode_ci NOT NULL,
  `name` varchar(255) COLLATE utf8_unicode_ci NOT NULL,
  `notes` tinytext COLLATE utf8_unicode_ci,
  `data` mediumtext COLLATE utf8_unicode_ci NOT NULL,
  `dateCreated` datetime NOT NULL,
  `dateUpdated` datetime NOT NULL,
  `uid` char(36) COLLATE utf8_unicode_ci NOT NULL DEFAULT '0',
  PRIMARY KEY (`id`),
  KEY `craft_entrydrafts_entryId_locale_idx` (`entryId`,`locale`),
  KEY `craft_entrydrafts_sectionId_fk` (`sectionId`),
  KEY `craft_entrydrafts_creatorId_fk` (`creatorId`),
  KEY `craft_entrydrafts_locale_fk` (`locale`)
) ENGINE=InnoDB DEFAULT CHARSET=utf8 COLLATE=utf8_unicode_ci;

DROP TABLE IF EXISTS `craft_entrytypes`;


--
-- Schema for table `craft_entrytypes`
--
CREATE TABLE `craft_entrytypes` (
  `id` int(11) NOT NULL AUTO_INCREMENT,
  `sectionId` int(11) NOT NULL,
  `fieldLayoutId` int(11) DEFAULT NULL,
  `name` varchar(255) COLLATE utf8_unicode_ci NOT NULL,
  `handle` varchar(255) COLLATE utf8_unicode_ci NOT NULL,
  `hasTitleField` tinyint(1) unsigned NOT NULL DEFAULT '1',
  `titleLabel` varchar(255) COLLATE utf8_unicode_ci DEFAULT 'Title',
  `titleFormat` varchar(255) COLLATE utf8_unicode_ci DEFAULT NULL,
  `sortOrder` smallint(6) unsigned DEFAULT NULL,
  `dateCreated` datetime NOT NULL,
  `dateUpdated` datetime NOT NULL,
  `uid` char(36) COLLATE utf8_unicode_ci NOT NULL DEFAULT '0',
  PRIMARY KEY (`id`),
  UNIQUE KEY `craft_entrytypes_name_sectionId_unq_idx` (`name`,`sectionId`),
  UNIQUE KEY `craft_entrytypes_handle_sectionId_unq_idx` (`handle`,`sectionId`),
  KEY `craft_entrytypes_sectionId_fk` (`sectionId`),
  KEY `craft_entrytypes_fieldLayoutId_fk` (`fieldLayoutId`)
) ENGINE=InnoDB AUTO_INCREMENT=13 DEFAULT CHARSET=utf8 COLLATE=utf8_unicode_ci;

--
-- Data for table `craft_entrytypes`
--

INSERT INTO `craft_entrytypes` (`id`, `sectionId`, `fieldLayoutId`, `name`, `handle`, `hasTitleField`, `titleLabel`, `titleFormat`, `sortOrder`, `dateCreated`, `dateUpdated`, `uid`) VALUES
 ('2', '2', '2766', 'News', 'news', '1', 'Title', NULL, '1', '2017-06-09 17:32:25', '2017-07-25 14:57:20', 'c95c1539-e40a-40a4-a6a8-d45ec7aa3925'),
 ('3', '3', '1305', 'Case Study', 'caseStudy', '1', 'Title', NULL, '1', '2017-06-09 17:52:37', '2017-07-11 17:25:07', 'd72fcbe9-2000-4bbd-95d2-8e38f6ddb720'),
 ('7', '7', '107', 'Page', 'page', '1', 'Title', NULL, '1', '2017-06-09 20:34:58', '2017-06-14 14:51:10', '080cb984-f0b5-4bd9-a6c7-9d2a262cbfef'),
 ('8', '8', '3147', 'Team', 'team', '1', 'Full Name', NULL, '1', '2017-06-15 14:56:59', '2017-07-28 16:29:18', 'f5c64758-9b27-47f7-9fea-b36a0a61bc92'),
 ('9', '9', '2809', 'UI', 'ui', '0', NULL, '{section.name|raw}', '1', '2017-07-25 14:39:15', '2017-07-25 19:49:29', 'f15ce14c-7e3c-4aa1-8bdf-3bcf24fc1c21'),
 ('10', '10', '3154', 'Practice Areas', 'practiceAreas', '1', 'Title', NULL, '1', '2017-07-31 21:18:49', '2017-07-31 21:23:27', '4070bd0c-747a-4f50-8c6f-1c6586c0773a'),
 ('11', '11', '3155', 'Services', 'services', '1', 'Title', NULL, '1', '2017-07-31 21:19:06', '2017-07-31 21:25:02', '9d796ada-1344-4a7f-ab34-41b232a13997'),
 ('12', '12', '3156', 'Locations', 'locations', '1', 'Title', NULL, '1', '2017-07-31 21:19:17', '2017-07-31 21:26:28', '980d3f3a-f47a-4e37-bed4-dc8373a032a4');



DROP TABLE IF EXISTS `craft_entryversions`;


--
-- Schema for table `craft_entryversions`
--
CREATE TABLE `craft_entryversions` (
  `id` int(11) NOT NULL AUTO_INCREMENT,
  `entryId` int(11) NOT NULL,
  `sectionId` int(11) NOT NULL,
  `creatorId` int(11) DEFAULT NULL,
  `locale` char(12) COLLATE utf8_unicode_ci NOT NULL,
  `num` smallint(6) unsigned NOT NULL,
  `notes` tinytext COLLATE utf8_unicode_ci,
  `data` mediumtext COLLATE utf8_unicode_ci NOT NULL,
  `dateCreated` datetime NOT NULL,
  `dateUpdated` datetime NOT NULL,
  `uid` char(36) COLLATE utf8_unicode_ci NOT NULL DEFAULT '0',
  PRIMARY KEY (`id`),
  KEY `craft_entryversions_entryId_locale_idx` (`entryId`,`locale`),
  KEY `craft_entryversions_sectionId_fk` (`sectionId`),
  KEY `craft_entryversions_creatorId_fk` (`creatorId`),
  KEY `craft_entryversions_locale_fk` (`locale`)
) ENGINE=InnoDB AUTO_INCREMENT=237 DEFAULT CHARSET=utf8 COLLATE=utf8_unicode_ci;

--
-- Data for table `craft_entryversions`
--

INSERT INTO `craft_entryversions` (`id`, `entryId`, `sectionId`, `creatorId`, `locale`, `num`, `notes`, `data`, `dateCreated`, `dateUpdated`, `uid`) VALUES
 ('3', '3', '2', '1', 'en_us', '1', NULL, '{\"typeId\":\"2\",\"authorId\":\"1\",\"title\":\"We just installed Craft!\",\"slug\":\"we-just-installed-craft\",\"postDate\":1497029545,\"expiryDate\":null,\"enabled\":1,\"parentId\":null,\"fields\":[]}', '2017-06-09 17:32:25', '2017-06-09 17:32:25', '359f7de3-0a1c-4a83-90bc-a34e8e04bb58'),
 ('6', '28', '7', '1', 'en_us', '1', NULL, '{\"typeId\":\"7\",\"authorId\":null,\"title\":\"Page\",\"slug\":\"page\",\"postDate\":1497040498,\"expiryDate\":null,\"enabled\":1,\"parentId\":null,\"fields\":[]}', '2017-06-09 20:34:58', '2017-06-09 20:34:58', '01cc8b74-882d-4290-b687-123b25c04195'),
 ('7', '28', '7', '1', 'en_us', '2', '', '{\"typeId\":null,\"authorId\":\"1\",\"title\":\"Pages\",\"slug\":\"page\",\"postDate\":1497040440,\"expiryDate\":null,\"enabled\":1,\"parentId\":null,\"fields\":{\"3\":{\"new1\":{\"type\":\"masthead\",\"enabled\":\"1\",\"fields\":{\"image\":{\"new1\":{\"type\":\"1\",\"fields\":{\"mobileImage\":\"\",\"desktopImage\":\"\"}}},\"subtitle\":\"\",\"primaryTitle\":\"\"}},\"new2\":{\"type\":\"videogallery\",\"enabled\":\"1\",\"fields\":{\"videoGallery\":{\"new1\":{\"type\":\"3\",\"fields\":{\"video\":[\"29\"],\"caption\":\"\"}}}}}}}}', '2017-06-12 20:16:39', '2017-06-12 20:16:39', 'a67ccbc0-5580-4c7b-8c7d-9c376c6e0b29'),
 ('8', '28', '7', '1', 'en_us', '3', '', '{\"typeId\":\"7\",\"authorId\":\"1\",\"title\":\"Homepage\",\"slug\":\"_home_\",\"postDate\":1497040440,\"expiryDate\":null,\"enabled\":1,\"parentId\":null,\"fields\":{\"3\":{\"30\":{\"type\":\"masthead\",\"enabled\":\"1\",\"fields\":{\"image\":{\"31\":{\"type\":\"1\",\"fields\":{\"mobileImage\":\"\",\"desktopImage\":\"\"}}},\"subtitle\":\"\",\"primaryTitle\":\"\"}},\"32\":{\"type\":\"videogallery\",\"enabled\":\"1\",\"fields\":{\"video\":{\"33\":{\"type\":\"3\",\"fields\":{\"video\":[\"29\"],\"caption\":\"\"}}}}}}}}', '2017-06-14 14:51:28', '2017-06-14 14:51:28', 'c28010bc-3391-4ce0-a678-4b3eb281286d'),
 ('9', '28', '7', '1', 'en_us', '4', '', '{\"typeId\":\"7\",\"authorId\":\"1\",\"title\":\"Homepage\",\"slug\":\"__home__\",\"postDate\":1497040440,\"expiryDate\":null,\"enabled\":1,\"parentId\":null,\"fields\":{\"3\":{\"30\":{\"type\":\"masthead\",\"enabled\":\"1\",\"fields\":{\"image\":{\"31\":{\"type\":\"1\",\"fields\":{\"mobileImage\":\"\",\"desktopImage\":\"\"}}},\"subtitle\":\"\",\"primaryTitle\":\"\"}},\"32\":{\"type\":\"videogallery\",\"enabled\":\"1\",\"fields\":{\"video\":{\"33\":{\"type\":\"3\",\"fields\":{\"video\":[\"29\"],\"caption\":\"\"}}}}}}}}', '2017-06-14 14:54:55', '2017-06-14 14:54:55', 'adf948ad-c88f-4cf1-bb15-0c58889f1962'),
 ('10', '28', '7', '1', 'en_us', '5', '', '{\"typeId\":\"7\",\"authorId\":\"1\",\"title\":\"Homepage\",\"slug\":\"homepage\",\"postDate\":1497040440,\"expiryDate\":null,\"enabled\":1,\"parentId\":null,\"fields\":{\"3\":{\"30\":{\"type\":\"masthead\",\"enabled\":\"1\",\"fields\":{\"image\":{\"31\":{\"type\":\"1\",\"fields\":{\"mobileImage\":\"\",\"desktopImage\":\"\"}}},\"subtitle\":\"\",\"primaryTitle\":\"\"}},\"32\":{\"type\":\"videogallery\",\"enabled\":\"1\",\"fields\":{\"video\":{\"33\":{\"type\":\"3\",\"fields\":{\"video\":[\"29\"],\"caption\":\"\"}}}}}}}}', '2017-06-14 14:56:10', '2017-06-14 14:56:10', '9361c39d-f29e-4f41-b760-7b523c917f66'),
 ('11', '28', '7', '1', 'en_us', '6', '', '{\"typeId\":\"7\",\"authorId\":\"1\",\"title\":\"Homepage\",\"slug\":\"__home__\",\"postDate\":1497040440,\"expiryDate\":null,\"enabled\":1,\"parentId\":null,\"fields\":{\"3\":{\"30\":{\"type\":\"masthead\",\"enabled\":\"1\",\"fields\":{\"image\":{\"31\":{\"type\":\"1\",\"fields\":{\"mobileImage\":\"\",\"desktopImage\":\"\"}}},\"subtitle\":\"\",\"primaryTitle\":\"\"}},\"32\":{\"type\":\"videogallery\",\"enabled\":\"1\",\"fields\":{\"video\":{\"33\":{\"type\":\"3\",\"fields\":{\"video\":[\"29\"],\"caption\":\"\"}}}}}}}}', '2017-06-14 14:56:28', '2017-06-14 14:56:28', '8b29f94f-2420-4928-bb66-4ebf034a5f93'),
 ('12', '35', '8', '1', 'en_us', '1', '', '{\"typeId\":null,\"authorId\":\"1\",\"title\":\"Joanne Samson\",\"slug\":\"joanne-samson\",\"postDate\":1497539159,\"expiryDate\":null,\"enabled\":1,\"parentId\":null,\"fields\":{\"39\":{\"new1\":{\"type\":\"roles\",\"enabled\":\"1\",\"fields\":{\"role\":\"Vice President\"}},\"new2\":{\"type\":\"roles\",\"enabled\":\"1\",\"fields\":{\"role\":\"\"}}},\"42\":\"\",\"41\":{\"date\":\"\"}}}', '2017-06-15 15:05:59', '2017-06-15 15:05:59', '0b17dacf-c428-4807-a93a-2e91fb7e13d8'),
 ('13', '35', '8', '1', 'en_us', '2', '', '{\"typeId\":\"8\",\"authorId\":\"1\",\"title\":\"Joanne Samson\",\"slug\":\"joanne-samson\",\"postDate\":1497539100,\"expiryDate\":null,\"enabled\":1,\"parentId\":null,\"fields\":{\"39\":{\"36\":{\"type\":\"roles\",\"enabled\":\"1\",\"fields\":{\"role\":\"Vice President\"}},\"37\":{\"type\":\"roles\",\"enabled\":\"1\",\"fields\":{\"role\":\"\"}}},\"42\":{\"new1\":{\"type\":\"7\",\"fields\":{\"linkedin\":{\"type\":\"custom\",\"custom\":\"http:\\/\\/twitter.com\",\"target\":\"_blank\"},\"facebook\":{\"type\":\"custom\",\"custom\":\"http:\\/\\/facebook.com\",\"customText\":\"\"},\"twitter\":{\"type\":\"custom\",\"custom\":\"http:\\/\\/linkedin.com\",\"target\":\"_blank\"}}}},\"41\":{\"date\":\"\"}}}', '2017-06-15 16:04:27', '2017-06-15 16:04:27', '214eb3f4-5919-495f-8bd8-148e6c0be768'),
 ('14', '35', '8', '1', 'en_us', '3', '', '{\"typeId\":\"8\",\"authorId\":\"1\",\"title\":\"Joanne Samson\",\"slug\":\"joanne-samson\",\"postDate\":1497539100,\"expiryDate\":null,\"enabled\":1,\"parentId\":null,\"fields\":{\"39\":{\"36\":{\"type\":\"roles\",\"enabled\":\"1\",\"fields\":{\"role\":\"Vice President\"}},\"37\":{\"type\":\"roles\",\"enabled\":\"1\",\"fields\":{\"role\":\"Practice Lead\"}},\"new1\":{\"type\":\"roles\",\"enabled\":\"1\",\"fields\":{\"role\":\"Project Manager\"}}},\"42\":{\"38\":{\"type\":\"7\",\"fields\":{\"linkedin\":{\"type\":\"custom\",\"custom\":\"http:\\/\\/twitter.com\",\"target\":\"_blank\"},\"facebook\":{\"type\":\"custom\",\"custom\":\"http:\\/\\/facebook.com\",\"target\":\"_blank\"},\"twitter\":{\"type\":\"custom\",\"custom\":\"http:\\/\\/linkedin.com\",\"target\":\"_blank\"}}}},\"41\":{\"date\":\"9\\/02\\/1994\"}}}', '2017-06-15 16:17:13', '2017-06-15 16:17:13', 'c2d9dd39-cefb-4846-9c16-149ace922dbb'),
 ('21', '53', '3', '1', 'en_us', '1', '', '{\"typeId\":null,\"authorId\":\"1\",\"title\":\"The Gunnery Athletic Fields Redesign\",\"slug\":\"the-gunnery-athletic-fields-redesign\",\"postDate\":1497577788,\"expiryDate\":null,\"enabled\":1,\"parentId\":null,\"fields\":{\"3\":\"\",\"112\":[\"20\"],\"113\":[\"4\",\"5\",\"16\"]}}', '2017-06-16 01:49:51', '2017-06-16 01:49:51', '9582c4e9-6ade-44d5-a0a7-65eaa6f65da0'),
 ('23', '28', '7', '1', 'en_us', '7', '', '{\"typeId\":\"7\",\"authorId\":\"1\",\"title\":\"Homepage\",\"slug\":\"__home__\",\"postDate\":1497040440,\"expiryDate\":null,\"enabled\":1,\"parentId\":null,\"fields\":{\"3\":{\"30\":{\"type\":\"masthead\",\"enabled\":\"1\",\"fields\":{\"image\":{\"31\":{\"type\":\"1\",\"fields\":{\"mobileImage\":[\"91\"],\"desktopImage\":[\"90\"]}}},\"subheading\":\"Milone & MacBroom\",\"heading\":\"Sustainable, human-centered solutions\\r\\nwith technical precision. \"}}}}}', '2017-06-27 21:10:29', '2017-06-27 21:10:29', 'f98844b7-d044-49d1-904a-a71f87578955'),
 ('24', '139', '3', '1', 'en_us', '1', '', '{\"typeId\":null,\"authorId\":\"1\",\"title\":\"Agawam High School Athletic Facility Renovation \",\"slug\":\"agawam-high-school-athletic-facility-renovation\",\"postDate\":1498665295,\"expiryDate\":null,\"enabled\":1,\"parentId\":null,\"fields\":{\"132\":{\"name\":\"\",\"street\":\"\",\"street2\":\"\",\"city\":\"Agawam\",\"region\":\"Massachusetts \",\"postalCode\":\"\",\"country\":\"US\"},\"133\":\"Agawam High School \",\"3\":{\"new1\":{\"type\":\"masthead\",\"enabled\":\"1\",\"fields\":{\"image\":{\"new1\":{\"type\":\"1\",\"fields\":{\"mobileImage\":\"\",\"desktopImage\":\"\"}}},\"subheading\":\"The Challenge\",\"heading\":\"Transform the virtually unusable into a true showcase athletic venue for the community and the region. \"}},\"new2\":{\"type\":\"imageTextPanel\",\"enabled\":\"1\",\"fields\":{\"orientation\":\"right\",\"heading\":\"What we faced. \",\"body\":\"A wonderfully passionate community was in dire need of safer and more adequate athletic facilities at their High School Athletic Complex.  What existed was an outdated, unsafe, undersized, and unuseable track and bleacher system, non-accessible and inadequate restroom, concessions, and storage facilities.  The inadequate number of tennis courts in need of repair and an overall inefficient and unsafe layout of conflicting field and sport uses.\",\"list\":\"\",\"callToAction\":{\"type\":\"\",\"custom\":\"\",\"entry\":\"\",\"target\":\"\"},\"image\":\"\"}},\"new3\":{\"type\":\"textPanel\",\"enabled\":\"1\",\"fields\":{\"heading\":\"Including Passionate Stakeholders in the Master Planning Process \",\"body\":\"<p>Although with every design project the actual details for construction are extremely important to the success of the project, &nbsp;perhaps equally important is the early involvement of the stakeholders in the concept stages of the project. &nbsp;&nbsp;Our goal of the masterplanning process was to engage with the Track Committee and the users of the facility, the coaches, the booster club, the players, and the maintenance and facilities staff. &nbsp;Only after having an informed ideas of what the stakeholders envision, could we put our designer hats on and begin the design and concept planning. &nbsp;By having periodic check-ins and presentations with the stakeholders during our concept design phases, it made the \\u201cbuy-in\\u201d of the project design a much smoother and cost effective process as the plans and specifications advanced through to bid documents.. &nbsp;The success of the project was our design team\'s ability to create a balance between the the long wish list of stakeholder desires, &nbsp;and the real constraints of the project budget. <\\/p>\"}},\"new4\":{\"type\":\"imageTextPanel\",\"enabled\":\"1\",\"fields\":{\"orientation\":\"left\",\"heading\":\"The work in-progress \",\"body\":\"Due the size of the project and the inclusion of the complete renovation of the the Boys & Girls locker and team room facilities internal to the school, the project was required to follow the MGL Chapter 149 bidding requirements.  This bidding procedure was lead by the MMI design team and led to a project that was completed within budget. The resulting athletic facility is a true testament to a collaborative design process.  Collaborative not only in the sense of our engineers, planners and landscape architects, but a true collaboration between design team and the community.\",\"list\":\"\",\"callToAction\":{\"type\":\"\",\"custom\":\"\",\"entry\":\"\",\"target\":\"\"},\"image\":\"\"}}},\"130\":\"\",\"112\":[\"22\",\"25\"],\"113\":[\"4\",\"5\",\"16\",\"18\"]}}', '2017-06-28 15:54:56', '2017-06-28 15:54:56', 'f7dc3fbc-f3a5-4839-8c2e-3d2b99b2a985'),
 ('25', '139', '3', '1', 'en_us', '2', '', '{\"typeId\":\"3\",\"authorId\":\"1\",\"title\":\"Agawam High School Athletic Facility Renovation \",\"slug\":\"agawam-high-school-athletic-facility-renovation\",\"postDate\":1498665240,\"expiryDate\":null,\"enabled\":1,\"parentId\":null,\"fields\":{\"132\":{\"name\":\"\",\"street\":\"\",\"street2\":\"\",\"city\":\"Agawam\",\"region\":\"Massachusetts \",\"postalCode\":\"\",\"country\":\"US\"},\"133\":\"Agawam High School \",\"3\":{\"140\":{\"type\":\"masthead\",\"enabled\":\"1\",\"fields\":{\"image\":{\"141\":{\"type\":\"1\",\"fields\":{\"mobileImage\":\"\",\"desktopImage\":\"\"}}},\"subheading\":\"The Challenge\",\"heading\":\"Transform the virtually unusable into a true showcase athletic venue for the community and the region. \"}},\"142\":{\"type\":\"imageTextPanel\",\"enabled\":\"1\",\"fields\":{\"orientation\":\"right\",\"heading\":\"What we faced. \",\"body\":\"A wonderfully passionate community was in dire need of safer and more adequate athletic facilities at their High School Athletic Complex.  What existed was an outdated, unsafe, undersized, and unuseable track and bleacher system, non-accessible and inadequate restroom, concessions, and storage facilities.  The inadequate number of tennis courts in need of repair and an overall inefficient and unsafe layout of conflicting field and sport uses.\",\"list\":\"\",\"callToAction\":{\"type\":\"\",\"custom\":\"\",\"entry\":\"\",\"target\":\"\"},\"image\":\"\"}},\"143\":{\"type\":\"textPanel\",\"enabled\":\"1\",\"fields\":{\"heading\":\"Including Passionate Stakeholders in the Master Planning Process \",\"body\":\"<p>Although with every design project the actual details for construction are extremely important to the success of the project, &nbsp;perhaps equally important is the early involvement of the stakeholders in the concept stages of the project. &nbsp;&nbsp;Our goal of the masterplanning process was to engage with the Track Committee and the users of the facility, the coaches, the booster club, the players, and the maintenance and facilities staff. &nbsp;Only after having an informed ideas of what the stakeholders envision, could we put our designer hats on and begin the design and concept planning. &nbsp;By having periodic check-ins and presentations with the stakeholders during our concept design phases, it made the \\u201cbuy-in\\u201d of the project design a much smoother and cost effective process as the plans and specifications advanced through to bid documents.. &nbsp;The success of the project was our design team\'s ability to create a balance between the the long wish list of stakeholder desires, &nbsp;and the real constraints of the project budget. <\\/p>\"}},\"144\":{\"type\":\"imageTextPanel\",\"enabled\":\"1\",\"fields\":{\"orientation\":\"left\",\"heading\":\"The work in-progress \",\"body\":\"Due the size of the project and the inclusion of the complete renovation of the the Boys & Girls locker and team room facilities internal to the school, the project was required to follow the MGL Chapter 149 bidding requirements.  This bidding procedure was lead by the MMI design team and led to a project that was completed within budget. \\r\\n\\r\\nThe resulting athletic facility is a true testament to a collaborative design process.  Collaborative not only in the sense of our engineers, planners and landscape architects, but a true collaboration between design team and the community.\",\"list\":\"\",\"callToAction\":{\"type\":\"\",\"custom\":\"\",\"entry\":\"\",\"target\":\"\"},\"image\":\"\"}},\"new1\":{\"type\":\"gallery\",\"enabled\":\"1\",\"fields\":{\"heading\":\"A look at the finished product. \",\"gallery\":\"\"}},\"new2\":{\"type\":\"listPanel\",\"enabled\":\"1\",\"fields\":{\"heading\":\"A list of Facility Improvements include: \",\"body\":\"\",\"list\":\"\"}}},\"130\":\"\",\"112\":[\"22\",\"25\"],\"113\":[\"4\",\"5\",\"16\",\"18\"]}}', '2017-06-28 15:57:44', '2017-06-28 15:57:44', 'e52f030e-7ce9-4c68-ac68-a0b6020fd13f'),
 ('26', '147', '7', '1', 'en_us', '1', '', '{\"typeId\":null,\"authorId\":\"1\",\"title\":\"About \",\"slug\":\"about\",\"postDate\":1498678170,\"expiryDate\":null,\"enabled\":1,\"parentId\":null,\"fields\":{\"3\":{\"new1\":{\"type\":\"masthead\",\"enabled\":\"1\",\"fields\":{\"image\":{\"new1\":{\"type\":\"1\",\"fields\":{\"mobileImage\":\"\",\"desktopImage\":\"\"}}},\"subheading\":\"About Milone & MacBroom\",\"heading\":\"Transforming communities through the fusion of art and science.  \"}},\"new2\":{\"type\":\"listPanel\",\"enabled\":\"1\",\"fields\":{\"heading\":\"We solve problems with highly-efficient, sustainable solutions, adaptive designs, and technical precision. \",\"body\":\"<p>Milone & MacBroom is one of the largest consulting firms in the northeast, offering a diverse set of specialty practices in the fields of engineering, planning, landscape architecture, and environmental science. We serve a multitude of industries from Government and NGO to Cities and Municipalities. Unlink niche companies or enterprise firms, Milone & MacBroom has local expertise, cross functional teams, and a relationship first approach that sets us apart. That, combined with our technical precision, attention to detail, and passion behind our work, helps us to deliver the most efficient and sustainable solutions offered.&nbsp;<\\/p>\",\"list\":\"\"}},\"new3\":{\"type\":\"imageTextPanel\",\"enabled\":\"1\",\"fields\":{\"orientation\":\"right\",\"heading\":\"Our Creation Story\",\"body\":\"Over 30 years ago, Milone & MacBroom gsgfjhlakgjhskjghlsk \",\"list\":\"\",\"callToAction\":{\"type\":\"\",\"custom\":\"\",\"entry\":\"\",\"target\":\"\"},\"image\":\"\"}},\"new4\":{\"type\":\"valuesPanel\",\"enabled\":\"1\",\"fields\":{\"heading\":\"Our Values \"}}}}}', '2017-06-28 19:29:30', '2017-06-28 19:29:30', '25da01ad-9efa-4cbb-98d1-f60c95b35db2'),
 ('27', '35', '8', '1', 'en_us', '4', '', '{\"typeId\":\"8\",\"authorId\":\"1\",\"title\":\"Joanne Samson\",\"slug\":\"joanne-samson\",\"postDate\":1497539100,\"expiryDate\":null,\"enabled\":1,\"parentId\":null,\"fields\":{\"49\":\"\",\"50\":\"\",\"39\":[\"41\",\"42\",\"158\"],\"42\":{\"38\":{\"type\":\"7\",\"fields\":{\"linkedin\":{\"type\":\"custom\",\"custom\":\"http:\\/\\/twitter.com\",\"target\":\"_blank\"},\"facebook\":{\"type\":\"custom\",\"custom\":\"http:\\/\\/facebook.com\",\"target\":\"_blank\"},\"twitter\":{\"type\":\"custom\",\"custom\":\"http:\\/\\/linkedin.com\",\"target\":\"_blank\"}}}},\"41\":{\"date\":\"9\\/2\\/1994\"}}}', '2017-06-28 21:11:02', '2017-06-28 21:11:02', '2aa2a6a7-54a0-46a8-aaf9-fb4793e09e17'),
 ('28', '139', '3', '1', 'en_us', '3', '', '{\"typeId\":\"3\",\"authorId\":\"1\",\"title\":\"Agawam High School Athletic Facility Renovation \",\"slug\":\"agawam-high-school-athletic-facility-renovation\",\"postDate\":1498665240,\"expiryDate\":null,\"enabled\":1,\"parentId\":null,\"fields\":{\"132\":{\"name\":\"\",\"street\":\"\",\"street2\":\"\",\"city\":\"Agawam\",\"region\":\"Massachusetts \",\"postalCode\":\"\",\"country\":\"US\"},\"133\":\"Agawam High School \",\"3\":{\"140\":{\"type\":\"masthead\",\"enabled\":\"1\",\"fields\":{\"image\":{\"141\":{\"type\":\"1\",\"fields\":{\"mobileImage\":\"\",\"desktopImage\":\"\"}}},\"subheading\":\"The Challenge\",\"heading\":\"Transform the virtually unusable into a true showcase athletic venue for the community and the region. \"}},\"142\":{\"type\":\"imageTextPanel\",\"enabled\":\"1\",\"fields\":{\"orientation\":\"right\",\"heading\":\"What we faced. \",\"body\":\"A wonderfully passionate community was in dire need of safer and more adequate athletic facilities at their High School Athletic Complex.  What existed was an outdated, unsafe, undersized, and unuseable track and bleacher system, non-accessible and inadequate restroom, concessions, and storage facilities.  The inadequate number of tennis courts in need of repair and an overall inefficient and unsafe layout of conflicting field and sport uses.\",\"list\":\"\",\"callToAction\":{\"type\":\"\",\"custom\":\"\",\"entry\":\"\",\"target\":\"\"},\"image\":\"\"}},\"143\":{\"type\":\"textPanel\",\"enabled\":\"1\",\"fields\":{\"heading\":\"Including Passionate Stakeholders in the Master Planning Process \",\"body\":\"<p>Although with every design project the actual details for construction are extremely important to the success of the project, &nbsp;perhaps equally important is the early involvement of the stakeholders in the concept stages of the project. &nbsp;&nbsp;Our goal of the masterplanning process was to engage with the Track Committee and the users of the facility, the coaches, the booster club, the players, and the maintenance and facilities staff. &nbsp;Only after having an informed ideas of what the stakeholders envision, could we put our designer hats on and begin the design and concept planning. &nbsp;By having periodic check-ins and presentations with the stakeholders during our concept design phases, it made the \\u201cbuy-in\\u201d of the project design a much smoother and cost effective process as the plans and specifications advanced through to bid documents.. &nbsp;The success of the project was our design team\'s ability to create a balance between the the long wish list of stakeholder desires, &nbsp;and the real constraints of the project budget. <\\/p>\"}},\"144\":{\"type\":\"imageTextPanel\",\"enabled\":\"1\",\"fields\":{\"orientation\":\"left\",\"heading\":\"The work in-progress \",\"body\":\"Due the size of the project and the inclusion of the complete renovation of the the Boys & Girls locker and team room facilities internal to the school, the project was required to follow the MGL Chapter 149 bidding requirements.  This bidding procedure was lead by the MMI design team and led to a project that was completed within budget. \\r\\n\\r\\nThe resulting athletic facility is a true testament to a collaborative design process.  Collaborative not only in the sense of our engineers, planners and landscape architects, but a true collaboration between design team and the community.\",\"list\":\"\",\"callToAction\":{\"type\":\"\",\"custom\":\"\",\"entry\":\"\",\"target\":\"\"},\"image\":\"\"}},\"145\":{\"type\":\"gallery\",\"enabled\":\"1\",\"fields\":{\"heading\":\"A look at the finished product. \",\"gallery\":{\"new1\":{\"type\":\"3\",\"fields\":{\"mediaAsset\":\"\",\"caption\":\"\"}}}}},\"146\":{\"type\":\"listPanel\",\"enabled\":\"1\",\"fields\":{\"heading\":\"A list of Facility Improvements include: \",\"body\":\"\",\"list\":\"\"}}},\"130\":\"\",\"112\":[\"22\",\"25\"],\"113\":[\"4\",\"5\",\"16\",\"18\"]}}', '2017-06-28 21:31:48', '2017-06-28 21:31:48', '834f49c0-dcd8-46dc-bbb0-a1b152a948ee'),
 ('29', '160', '7', '1', 'en_us', '1', '', '{\"typeId\":null,\"authorId\":\"1\",\"title\":\"Case Studies\",\"slug\":\"case-studies\",\"postDate\":1499627734,\"expiryDate\":null,\"enabled\":1,\"parentId\":null,\"fields\":{\"3\":{\"new1\":{\"type\":\"masthead\",\"enabled\":\"1\",\"fields\":{\"image\":{\"new1\":{\"type\":\"1\",\"fields\":{\"mobileImage\":\"\",\"desktopImage\":\"\"}}},\"subheading\":\"Our Work\",\"heading\":\"Connecting People,\\r\\nCreating Outcomes.\"}},\"new2\":{\"type\":\"caseStudyFilter\",\"enabled\":\"1\",\"fields\":{\"limit\":\"6\"}}}}}', '2017-07-09 19:15:34', '2017-07-09 19:15:34', '2207447d-dbc5-4f81-8b90-f7a97219ffef'),
 ('30', '160', '7', '1', 'en_us', '2', '', '{\"typeId\":\"7\",\"authorId\":\"1\",\"title\":\"Case Studies\",\"slug\":\"work\",\"postDate\":1499627700,\"expiryDate\":null,\"enabled\":1,\"parentId\":null,\"fields\":{\"3\":{\"161\":{\"type\":\"masthead\",\"enabled\":\"1\",\"fields\":{\"image\":{\"162\":{\"type\":\"1\",\"fields\":{\"mobileImage\":\"\",\"desktopImage\":\"\"}}},\"subheading\":\"Our Work\",\"heading\":\"Connecting People,\\r\\nCreating Outcomes.\"}},\"163\":{\"type\":\"caseStudyFilter\",\"enabled\":\"1\",\"fields\":{\"limit\":\"6\"}}}}}', '2017-07-09 19:15:52', '2017-07-09 19:15:52', 'd254cabd-f7ad-4486-8e4b-63835fc06a52'),
 ('31', '160', '7', '1', 'en_us', '3', '', '{\"typeId\":\"7\",\"authorId\":\"1\",\"title\":\"Case Studies\",\"slug\":\"work\",\"postDate\":1499627700,\"expiryDate\":null,\"enabled\":1,\"parentId\":null,\"fields\":{\"3\":{\"161\":{\"type\":\"masthead\",\"enabled\":\"1\",\"fields\":{\"image\":{\"162\":{\"type\":\"1\",\"fields\":{\"mobileImage\":\"\",\"desktopImage\":\"\"}}},\"subheading\":\"Our Work\",\"heading\":\"Connecting People,\\r\\nCreating Outcomes.\"}},\"163\":{\"type\":\"caseStudyFilter\",\"enabled\":\"1\",\"fields\":{\"limit\":\"6\"}}}}}', '2017-07-09 19:33:44', '2017-07-09 19:33:44', '560a8b02-64ea-443c-bdd7-d08f9694d4ba'),
 ('32', '160', '7', '1', 'en_us', '4', '', '{\"typeId\":\"7\",\"authorId\":\"1\",\"title\":\"Case Studies\",\"slug\":\"work\",\"postDate\":1499627700,\"expiryDate\":null,\"enabled\":1,\"parentId\":null,\"fields\":{\"3\":{\"161\":{\"type\":\"masthead\",\"enabled\":\"1\",\"fields\":{\"image\":{\"162\":{\"type\":\"1\",\"fields\":{\"mobileImage\":\"\",\"desktopImage\":\"\"}}},\"subheading\":\"Our Work\",\"heading\":\"Connecting People,\\r\\nCreating Outcomes.\"}},\"163\":{\"type\":\"caseStudyFilter\",\"enabled\":\"1\",\"fields\":{\"limit\":\"6\"}}}}}', '2017-07-09 19:57:34', '2017-07-09 19:57:34', '9ab53dba-3994-4e35-840e-d09b707152ad'),
 ('33', '160', '7', '1', 'en_us', '5', '', '{\"typeId\":\"7\",\"authorId\":\"1\",\"title\":\"Work\",\"slug\":\"work\",\"postDate\":1499627700,\"expiryDate\":null,\"enabled\":1,\"parentId\":null,\"fields\":{\"3\":{\"161\":{\"type\":\"masthead\",\"enabled\":\"1\",\"fields\":{\"image\":{\"162\":{\"type\":\"1\",\"fields\":{\"mobileImage\":[\"165\"],\"desktopImage\":[\"92\"]}}},\"subheading\":\"Our Work\",\"heading\":\"Connecting People,\\r\\nCreating Outcomes.\"}},\"163\":{\"type\":\"caseStudyFilter\",\"enabled\":\"1\",\"fields\":{\"limit\":\"6\"}}}}}', '2017-07-11 16:37:18', '2017-07-11 16:37:18', 'd550206d-825f-453c-9807-89fb5591d89e'),
 ('34', '166', '7', '1', 'en_us', '1', NULL, '{\"typeId\":null,\"authorId\":\"1\",\"title\":\"Contact\",\"slug\":\"contact\",\"postDate\":1499791102,\"expiryDate\":null,\"enabled\":1,\"parentId\":null,\"fields\":{\"3\":\"\"}}', '2017-07-11 16:38:22', '2017-07-11 16:38:22', 'd7d54774-705a-44e1-b9cc-a02296c2a0fa'),
 ('35', '160', '7', '1', 'en_us', '6', '', '{\"typeId\":\"7\",\"authorId\":\"1\",\"title\":\"Work\",\"slug\":\"work\",\"postDate\":1499627700,\"expiryDate\":null,\"enabled\":1,\"parentId\":null,\"fields\":{\"3\":{\"161\":{\"type\":\"masthead\",\"enabled\":\"1\",\"fields\":{\"image\":{\"162\":{\"type\":\"1\",\"fields\":{\"mobileImage\":[\"165\"],\"desktopImage\":[\"92\"]}}},\"subheading\":\"Our Work\",\"heading\":\"Connecting People,\\r\\nCreating Outcomes.\"}},\"163\":{\"type\":\"caseStudyFilter\",\"enabled\":\"1\",\"fields\":{\"limit\":\"6\"}},\"new1\":{\"type\":\"callToActionPanel\",\"enabled\":\"1\",\"fields\":{\"heading\":\"Let\'s work together!\",\"callToAction\":{\"type\":\"entry\",\"custom\":\"\",\"entry\":[\"166\"],\"asset\":\"\",\"customText\":\"Reach out\",\"target\":\"\"},\"backgroundImage\":\"\"}}}}}', '2017-07-11 16:38:26', '2017-07-11 16:38:26', 'e5896437-03d3-4c41-846f-375671f4ff59'),
 ('36', '160', '7', '1', 'en_us', '7', '', '{\"typeId\":\"7\",\"authorId\":\"1\",\"title\":\"Work\",\"slug\":\"work\",\"postDate\":1499627700,\"expiryDate\":null,\"enabled\":1,\"parentId\":null,\"fields\":{\"3\":{\"161\":{\"type\":\"masthead\",\"enabled\":\"1\",\"fields\":{\"image\":{\"162\":{\"type\":\"1\",\"fields\":{\"mobileImage\":[\"165\"],\"desktopImage\":[\"92\"]}}},\"subheading\":\"Our Work\",\"heading\":\"Connecting People,\\r\\nCreating Outcomes.\"}},\"163\":{\"type\":\"caseStudyFilter\",\"enabled\":\"1\",\"fields\":{\"limit\":\"6\"}},\"167\":{\"type\":\"callToActionPanel\",\"enabled\":\"1\",\"fields\":{\"heading\":\"Let\'s work together!\",\"callToAction\":{\"type\":\"entry\",\"custom\":\"\",\"entry\":[\"166\"],\"asset\":\"\",\"customText\":\"Reach out\",\"target\":\"\"},\"backgroundImage\":[\"168\"]}}}}}', '2017-07-11 16:40:33', '2017-07-11 16:40:33', '7469b392-a6b9-4063-a7ec-c7fc02250e49'),
 ('37', '160', '7', '1', 'en_us', '8', '', '{\"typeId\":\"7\",\"authorId\":\"1\",\"title\":\"Work\",\"slug\":\"work\",\"postDate\":1499627700,\"expiryDate\":null,\"enabled\":1,\"parentId\":null,\"fields\":{\"3\":{\"161\":{\"type\":\"masthead\",\"enabled\":\"1\",\"fields\":{\"image\":{\"162\":{\"type\":\"1\",\"fields\":{\"mobileImage\":[\"165\"],\"desktopImage\":[\"92\"]}}},\"subheading\":\"Our Work\",\"heading\":\"Connecting People,\\r\\nCreating Outcomes.\"}},\"163\":{\"type\":\"caseStudyFilter\",\"enabled\":\"1\",\"fields\":{\"limit\":\"6\"}},\"167\":{\"type\":\"callToActionPanel\",\"enabled\":\"1\",\"fields\":{\"heading\":\"Let\'s work together!\",\"callToAction\":{\"type\":\"entry\",\"custom\":\"\",\"entry\":[\"166\"],\"asset\":\"\",\"customText\":\"Reach out\",\"target\":\"\"},\"image\":{\"new1\":{\"type\":\"19\",\"fields\":{\"mobileImage\":[\"169\"],\"desktopImage\":[\"168\"]}}}}}}}}', '2017-07-11 18:02:00', '2017-07-11 18:02:00', '102718d9-a452-41b9-8a76-6da307afdfb2'),
 ('38', '160', '7', '1', 'en_us', '9', '', '{\"typeId\":\"7\",\"authorId\":\"1\",\"title\":\"Work\",\"slug\":\"work\",\"postDate\":1499627700,\"expiryDate\":null,\"enabled\":1,\"parentId\":null,\"fields\":{\"3\":{\"161\":{\"type\":\"masthead\",\"enabled\":\"1\",\"fields\":{\"image\":{\"162\":{\"type\":\"1\",\"fields\":{\"mobileImage\":[\"165\"],\"desktopImage\":[\"92\"]}}},\"subheading\":\"Our Work\",\"heading\":\"Connecting People,\\r\\nCreating Outcomes.\"}},\"163\":{\"type\":\"caseStudyFilter\",\"enabled\":\"1\",\"fields\":{\"limit\":\"6\"}},\"167\":{\"type\":\"callToActionPanel\",\"enabled\":\"1\",\"fields\":{\"heading\":\"Let\'s work together!\",\"callToAction\":{\"type\":\"entry\",\"custom\":\"\",\"entry\":[\"166\"],\"asset\":\"\",\"customText\":\"Reach out\",\"target\":\"\"},\"image\":{\"170\":{\"type\":\"19\",\"fields\":{\"mobileImage\":[\"174\"],\"desktopImage\":[\"173\"]}}}}}}}}', '2017-07-11 18:14:45', '2017-07-11 18:14:45', 'd3232502-c125-4def-bdc1-362b059528a6'),
 ('39', '139', '3', '1', 'en_us', '4', '', '{\"typeId\":\"3\",\"authorId\":\"1\",\"title\":\"Agawam High School Athletic Facility Renovation \",\"slug\":\"agawam-high-school-athletic-facility-renovation\",\"postDate\":1498665240,\"expiryDate\":null,\"enabled\":1,\"parentId\":null,\"fields\":{\"132\":{\"name\":\"\",\"street\":\"\",\"street2\":\"\",\"city\":\"Agawam\",\"region\":\"Massachusetts \",\"postalCode\":\"\",\"country\":\"US\"},\"133\":\"Agawam High School \",\"3\":{\"140\":{\"type\":\"masthead\",\"enabled\":\"1\",\"fields\":{\"image\":{\"141\":{\"type\":\"1\",\"fields\":{\"mobileImage\":\"\",\"desktopImage\":\"\"}}},\"subheading\":\"The Challenge\",\"heading\":\"Transform the virtually unusable into a true showcase athletic venue for the community and the region. \"}},\"142\":{\"type\":\"imageTextPanel\",\"enabled\":\"1\",\"fields\":{\"orientation\":\"right\",\"heading\":\"What we faced. \",\"body\":\"A wonderfully passionate community was in dire need of safer and more adequate athletic facilities at their High School Athletic Complex.  What existed was an outdated, unsafe, undersized, and unuseable track and bleacher system, non-accessible and inadequate restroom, concessions, and storage facilities.  The inadequate number of tennis courts in need of repair and an overall inefficient and unsafe layout of conflicting field and sport uses.\",\"list\":\"\",\"callToAction\":{\"type\":\"\",\"custom\":\"\",\"entry\":\"\",\"target\":\"\"},\"image\":\"\"}},\"143\":{\"type\":\"textPanel\",\"enabled\":\"1\",\"fields\":{\"heading\":\"Including Passionate Stakeholders in the Master Planning Process \",\"body\":\"<p>Although with every design project the actual details for construction are extremely important to the success of the project, &nbsp;perhaps equally important is the early involvement of the stakeholders in the concept stages of the project. &nbsp;&nbsp;Our goal of the masterplanning process was to engage with the Track Committee and the users of the facility, the coaches, the booster club, the players, and the maintenance and facilities staff. &nbsp;Only after having an informed ideas of what the stakeholders envision, could we put our designer hats on and begin the design and concept planning. &nbsp;By having periodic check-ins and presentations with the stakeholders during our concept design phases, it made the \\u201cbuy-in\\u201d of the project design a much smoother and cost effective process as the plans and specifications advanced through to bid documents.. &nbsp;The success of the project was our design team\'s ability to create a balance between the the long wish list of stakeholder desires, &nbsp;and the real constraints of the project budget. <\\/p>\"}},\"144\":{\"type\":\"imageTextPanel\",\"enabled\":\"1\",\"fields\":{\"orientation\":\"left\",\"heading\":\"The work in-progress \",\"body\":\"Due the size of the project and the inclusion of the complete renovation of the the Boys & Girls locker and team room facilities internal to the school, the project was required to follow the MGL Chapter 149 bidding requirements.  This bidding procedure was lead by the MMI design team and led to a project that was completed within budget. \\r\\n\\r\\nThe resulting athletic facility is a true testament to a collaborative design process.  Collaborative not only in the sense of our engineers, planners and landscape architects, but a true collaboration between design team and the community.\",\"list\":\"\",\"callToAction\":{\"type\":\"\",\"custom\":\"\",\"entry\":\"\",\"target\":\"\"},\"image\":\"\"}},\"145\":{\"type\":\"gallery\",\"enabled\":\"1\",\"fields\":{\"heading\":\"A look at the finished product. \",\"gallery\":{\"159\":{\"type\":\"3\",\"fields\":{\"mediaAsset\":\"\",\"caption\":\"\"}}}}},\"146\":{\"type\":\"listPanel\",\"enabled\":\"1\",\"fields\":{\"heading\":\"A list of Facility Improvements include: \",\"body\":\"\",\"list\":\"\"}}},\"130\":[\"175\"],\"150\":\"\",\"112\":[\"22\",\"25\"],\"113\":[\"4\",\"5\",\"16\",\"18\"]}}', '2017-07-11 18:46:07', '2017-07-11 18:46:07', 'be051147-b70c-4599-9e3b-28775de80e89'),
 ('40', '160', '7', '1', 'en_us', '10', '', '{\"typeId\":\"7\",\"authorId\":\"1\",\"title\":\"Work\",\"slug\":\"work\",\"postDate\":1499627700,\"expiryDate\":null,\"enabled\":1,\"parentId\":null,\"fields\":{\"3\":{\"161\":{\"type\":\"masthead\",\"enabled\":\"1\",\"fields\":{\"image\":{\"162\":{\"type\":\"1\",\"fields\":{\"mobileImage\":[\"165\"],\"desktopImage\":[\"92\"]}}},\"subheading\":\"Our Work\",\"heading\":\"Connecting People,\\r\\nCreating Outcomes.\"}},\"163\":{\"type\":\"caseStudyFilter\",\"enabled\":\"1\",\"fields\":{\"limit\":\"8\"}},\"167\":{\"type\":\"callToActionPanel\",\"enabled\":\"1\",\"fields\":{\"heading\":\"Let\'s work together!\",\"callToAction\":{\"type\":\"entry\",\"custom\":\"\",\"entry\":[\"166\"],\"asset\":\"\",\"customText\":\"Reach out\",\"target\":\"\"},\"image\":{\"170\":{\"type\":\"19\",\"fields\":{\"mobileImage\":[\"174\"],\"desktopImage\":[\"173\"]}}}}}}}}', '2017-07-11 19:49:09', '2017-07-11 19:49:09', '58358eb4-a60b-4688-bfc2-b8f52adc288e'),
 ('41', '139', '3', '1', 'en_us', '5', '', '{\"typeId\":\"3\",\"authorId\":\"1\",\"title\":\"Agawam High School Athletic Facility Renovation \",\"slug\":\"agawam-high-school-athletic-facility-renovation\",\"postDate\":1498665240,\"expiryDate\":null,\"enabled\":1,\"parentId\":null,\"fields\":{\"132\":{\"name\":\"\",\"street\":\"\",\"street2\":\"\",\"city\":\"Agawam\",\"region\":\"Massachusetts \",\"postalCode\":\"\",\"country\":\"US\"},\"133\":\"Agawam High School \",\"3\":{\"142\":{\"type\":\"imageTextPanel\",\"enabled\":\"1\",\"fields\":{\"orientation\":\"right\",\"heading\":\"What we faced. \",\"body\":\"<p>A wonderfully passionate community was in dire need of safer and more adequate athletic facilities at their High School Athletic Complex. What existed was an outdated, unsafe, undersized, and unuseable track and bleacher system, non-accessible and inadequate restroom, concessions, and storage facilities. The inadequate number of tennis courts in need of repair and an overall inefficient and unsafe layout of conflicting field and sport uses.<\\/p>\",\"list\":\"\",\"callToAction\":{\"type\":\"\",\"custom\":\"\",\"entry\":\"\",\"target\":\"\"},\"image\":\"\"}},\"143\":{\"type\":\"textPanel\",\"enabled\":\"1\",\"fields\":{\"heading\":\"Including Passionate Stakeholders in the Master Planning Process \",\"body\":\"<p>Although with every design project the actual details for construction are extremely important to the success of the project, &nbsp;perhaps equally important is the early involvement of the stakeholders in the concept stages of the project. &nbsp;&nbsp;Our goal of the masterplanning process was to engage with the Track Committee and the users of the facility, the coaches, the booster club, the players, and the maintenance and facilities staff. &nbsp;Only after having an informed ideas of what the stakeholders envision, could we put our designer hats on and begin the design and concept planning. &nbsp;By having periodic check-ins and presentations with the stakeholders during our concept design phases, it made the \\u201cbuy-in\\u201d of the project design a much smoother and cost effective process as the plans and specifications advanced through to bid documents.. &nbsp;The success of the project was our design team\'s ability to create a balance between the the long wish list of stakeholder desires, &nbsp;and the real constraints of the project budget. <\\/p>\"}},\"144\":{\"type\":\"imageTextPanel\",\"enabled\":\"1\",\"fields\":{\"orientation\":\"left\",\"heading\":\"The work in-progress \",\"body\":\"<p>Due the size of the project and the inclusion of the complete renovation of the the Boys & Girls locker and team room facilities internal to the school, the project was required to follow the MGL Chapter 149 bidding requirements. This bidding procedure was lead by the MMI design team and led to a project that was completed within budget. <\\/p>\\r\\n<p>The resulting athletic facility is a true testament to a collaborative design process. Collaborative not only in the sense of our engineers, planners and landscape architects, but a true collaboration between design team and the community.<\\/p>\",\"list\":\"\",\"callToAction\":{\"type\":\"\",\"custom\":\"\",\"entry\":\"\",\"target\":\"\"},\"image\":\"\"}},\"145\":{\"type\":\"gallery\",\"enabled\":\"1\",\"fields\":{\"heading\":\"A look at the finished product. \",\"gallery\":{\"159\":{\"type\":\"3\",\"fields\":{\"mediaAsset\":\"\",\"caption\":\"\"}}}}},\"146\":{\"type\":\"listPanel\",\"enabled\":\"1\",\"fields\":{\"heading\":\"A list of Facility Improvements include: \",\"body\":\"\",\"list\":\"\"}}},\"130\":{\"new1\":{\"type\":\"featuredimage\",\"enabled\":\"1\",\"fields\":{\"heading\":\"Transform the virtually unusable into a true showcase athletic venue for the community and the region. \",\"subheading\":\"The Challenge\",\"image\":{\"new1\":{\"type\":\"21\",\"fields\":{\"mobileImage\":[\"175\"],\"desktopImage\":[\"175\"]}}},\"animated\":\"1\"}}},\"150\":\"\",\"112\":[\"22\",\"25\"],\"113\":[\"4\",\"5\",\"16\",\"18\"]}}', '2017-07-13 16:21:56', '2017-07-13 16:21:56', '94598f06-3115-460f-91b2-af0d981ba3a1'),
 ('42', '139', '3', '1', 'en_us', '6', '', '{\"typeId\":\"3\",\"authorId\":\"1\",\"title\":\"Agawam High School Athletic Facility Renovation \",\"slug\":\"agawam-high-school-athletic-facility-renovation\",\"postDate\":1498665240,\"expiryDate\":null,\"enabled\":1,\"parentId\":null,\"fields\":{\"132\":{\"name\":\"\",\"street\":\"\",\"street2\":\"\",\"city\":\"Agawam\",\"region\":\"Massachusetts \",\"postalCode\":\"\",\"country\":\"US\"},\"133\":\"Agawam High School \",\"3\":{\"142\":{\"type\":\"imageTextPanel\",\"enabled\":\"1\",\"fields\":{\"orientation\":\"right\",\"heading\":\"What we faced. \",\"body\":\"<p>A wonderfully passionate community was in dire need of safer and more adequate athletic facilities at their High School Athletic Complex. What existed was an outdated, unsafe, undersized, and unuseable track and bleacher system, non-accessible and inadequate restroom, concessions, and storage facilities. The inadequate number of tennis courts in need of repair and an overall inefficient and unsafe layout of conflicting field and sport uses.<\\/p>\",\"list\":\"\",\"callToAction\":{\"type\":\"\",\"custom\":\"\",\"entry\":\"\",\"target\":\"\"},\"image\":\"\"}},\"143\":{\"type\":\"textPanel\",\"enabled\":\"1\",\"fields\":{\"heading\":\"Including Passionate Stakeholders in the Master Planning Process \",\"body\":\"<p>Although with every design project the actual details for construction are extremely important to the success of the project, &nbsp;perhaps equally important is the early involvement of the stakeholders in the concept stages of the project. &nbsp;&nbsp;Our goal of the masterplanning process was to engage with the Track Committee and the users of the facility, the coaches, the booster club, the players, and the maintenance and facilities staff. &nbsp;Only after having an informed ideas of what the stakeholders envision, could we put our designer hats on and begin the design and concept planning. &nbsp;By having periodic check-ins and presentations with the stakeholders during our concept design phases, it made the \\u201cbuy-in\\u201d of the project design a much smoother and cost effective process as the plans and specifications advanced through to bid documents.. &nbsp;The success of the project was our design team\'s ability to create a balance between the the long wish list of stakeholder desires, &nbsp;and the real constraints of the project budget. <\\/p>\"}},\"144\":{\"type\":\"imageTextPanel\",\"enabled\":\"1\",\"fields\":{\"orientation\":\"left\",\"heading\":\"The work in-progress \",\"body\":\"<p>Due the size of the project and the inclusion of the complete renovation of the the Boys & Girls locker and team room facilities internal to the school, the project was required to follow the MGL Chapter 149 bidding requirements. This bidding procedure was lead by the MMI design team and led to a project that was completed within budget. <\\/p>\\r\\n<p>The resulting athletic facility is a true testament to a collaborative design process. Collaborative not only in the sense of our engineers, planners and landscape architects, but a true collaboration between design team and the community.<\\/p>\",\"list\":\"\",\"callToAction\":{\"type\":\"\",\"custom\":\"\",\"entry\":\"\",\"target\":\"\"},\"image\":\"\"}},\"145\":{\"type\":\"gallery\",\"enabled\":\"1\",\"fields\":{\"heading\":\"A look at the finished product. \",\"gallery\":{\"159\":{\"type\":\"3\",\"fields\":{\"mediaAsset\":\"\",\"caption\":\"\"}}}}},\"146\":{\"type\":\"listPanel\",\"enabled\":\"1\",\"fields\":{\"heading\":\"A list of Facility Improvements include: \",\"body\":\"\",\"list\":\"\"}},\"new1\":{\"type\":\"listPanel\",\"enabled\":\"1\",\"fields\":{\"heading\":\"A List of Facility Improvements include: \",\"body\":\"\",\"list\":{\"new1\":{\"type\":\"8\",\"fields\":{\"listItem\":\"New Boys & Girls Locker Rooms\"}},\"new2\":{\"type\":\"8\",\"fields\":{\"listItem\":\"New 6 lane (8 straight) synthetic track\"}},\"new3\":{\"type\":\"8\",\"fields\":{\"listItem\":\"New full size synthetic turf field with new field lighting system\"}},\"new4\":{\"type\":\"8\",\"fields\":{\"listItem\":\"New 1500 seat bleacher system \"}},\"new5\":{\"type\":\"8\",\"fields\":{\"listItem\":\"New stadium scoreboard and sound system\"}},\"new6\":{\"type\":\"8\",\"fields\":{\"listItem\":\"New Ticketing\\/Concession\\/Restroom\\/Satellite Trainers room and three bay storage facility \"}},\"new7\":{\"type\":\"8\",\"fields\":{\"listItem\":\"New girls softball field, dugouts, and scoreboard\"}},\"new8\":{\"type\":\"8\",\"fields\":{\"listItem\":\"New baseball field, dugouts, fencing, batting cage and scoreboard\"}},\"new9\":{\"type\":\"8\",\"fields\":{\"listItem\":\"New multi-use natural grass athletic fields and irrigation \"}},\"new10\":{\"type\":\"8\",\"fields\":{\"listItem\":\"New (6) post tensioned concrete tennis courts with basketball accommodations \"}},\"new11\":{\"type\":\"8\",\"fields\":{\"listItem\":\"Section of new Town Bikeway access to facility \"}},\"new12\":{\"type\":\"8\",\"fields\":{\"listItem\":\"New Accessible parking \"}},\"new13\":{\"type\":\"8\",\"fields\":{\"listItem\":\"Renovated two story press box\"}},\"new14\":{\"type\":\"8\",\"fields\":{\"listItem\":\"Restored historical field signage archway \"}},\"new15\":{\"type\":\"8\",\"fields\":{\"listItem\":\"Decorative site lighting \"}}}}},\"new2\":{\"type\":\"peoplegallery\",\"enabled\":\"1\",\"fields\":{\"heading\":\"Meet the Team Involved \",\"boardOfDirectors\":[\"35\"],\"practiceLeads\":\"\"}},\"new3\":{\"type\":\"contact\",\"enabled\":\"1\",\"fields\":{\"heading\":\"Let\'s work together! \"}},\"new5\":{\"type\":\"relatedWork\",\"enabled\":\"1\",\"fields\":{\"heading\":\"Related Projects \",\"work\":[\"139\",\"53\"]}}},\"130\":{\"176\":{\"type\":\"featuredimage\",\"enabled\":\"1\",\"fields\":{\"heading\":\"Transform the virtually unusable into a true showcase athletic venue for the community and the region. \",\"subheading\":\"The Challenge\",\"image\":{\"177\":{\"type\":\"21\",\"fields\":{\"mobileImage\":[\"175\"],\"desktopImage\":[\"175\"]}}},\"animated\":\"1\"}}},\"150\":\"\",\"112\":[\"22\",\"25\"],\"113\":[\"4\",\"5\",\"16\",\"18\"]}}', '2017-07-17 16:12:28', '2017-07-17 16:12:28', '65f9ebaa-ba35-4726-be1e-0ce5487f5069'),
 ('43', '139', '3', '1', 'en_us', '7', '', '{\"typeId\":\"3\",\"authorId\":\"1\",\"title\":\"Agawam High School Athletic Facility Renovation \",\"slug\":\"agawam-high-school-athletic-facility-renovation\",\"postDate\":1498665240,\"expiryDate\":null,\"enabled\":1,\"parentId\":null,\"fields\":{\"132\":{\"name\":\"\",\"street\":\"\",\"street2\":\"\",\"city\":\"Agawam\",\"region\":\"Massachusetts \",\"postalCode\":\"\",\"country\":\"US\"},\"133\":\"Agawam High School \",\"3\":{\"142\":{\"type\":\"imageTextPanel\",\"enabled\":\"1\",\"fields\":{\"orientation\":\"right\",\"heading\":\"What we faced. \",\"body\":\"<p>A wonderfully passionate community was in dire need of safer and more adequate athletic facilities at their High School Athletic Complex. What existed was an outdated, unsafe, undersized, and unuseable track and bleacher system, non-accessible and inadequate restroom, concessions, and storage facilities. The inadequate number of tennis courts in need of repair and an overall inefficient and unsafe layout of conflicting field and sport uses.<\\/p>\",\"list\":\"\",\"callToAction\":{\"type\":\"\",\"custom\":\"\",\"entry\":\"\",\"target\":\"\"},\"image\":\"\"}},\"143\":{\"type\":\"textPanel\",\"enabled\":\"1\",\"fields\":{\"heading\":\"Including Passionate Stakeholders in the Master Planning Process \",\"body\":\"<p>Although with every design project the actual details for construction are extremely important to the success of the project, &nbsp;perhaps equally important is the early involvement of the stakeholders in the concept stages of the project. &nbsp;&nbsp;Our goal of the masterplanning process was to engage with the Track Committee and the users of the facility, the coaches, the booster club, the players, and the maintenance and facilities staff. &nbsp;Only after having an informed ideas of what the stakeholders envision, could we put our designer hats on and begin the design and concept planning. &nbsp;By having periodic check-ins and presentations with the stakeholders during our concept design phases, it made the \\u201cbuy-in\\u201d of the project design a much smoother and cost effective process as the plans and specifications advanced through to bid documents.. &nbsp;The success of the project was our design team\'s ability to create a balance between the the long wish list of stakeholder desires, &nbsp;and the real constraints of the project budget. <\\/p>\"}},\"144\":{\"type\":\"imageTextPanel\",\"enabled\":\"1\",\"fields\":{\"orientation\":\"left\",\"heading\":\"The work in-progress \",\"body\":\"<p>Due the size of the project and the inclusion of the complete renovation of the the Boys & Girls locker and team room facilities internal to the school, the project was required to follow the MGL Chapter 149 bidding requirements. This bidding procedure was lead by the MMI design team and led to a project that was completed within budget. <\\/p>\\r\\n<p>The resulting athletic facility is a true testament to a collaborative design process. Collaborative not only in the sense of our engineers, planners and landscape architects, but a true collaboration between design team and the community.<\\/p>\",\"list\":\"\",\"callToAction\":{\"type\":\"\",\"custom\":\"\",\"entry\":\"\",\"target\":\"\"},\"image\":\"\"}},\"145\":{\"type\":\"gallery\",\"enabled\":\"1\",\"fields\":{\"heading\":\"A look at the finished product. \",\"gallery\":{\"159\":{\"type\":\"3\",\"fields\":{\"mediaAsset\":\"\",\"caption\":\"\"}}}}},\"146\":{\"type\":\"listPanel\",\"enabled\":\"1\",\"fields\":{\"heading\":\"A list of Facility Improvements include: \",\"body\":\"\",\"list\":\"\"}},\"178\":{\"type\":\"listPanel\",\"enabled\":\"1\",\"fields\":{\"heading\":\"A List of Facility Improvements include: \",\"body\":\"\",\"list\":{\"179\":{\"type\":\"8\",\"fields\":{\"listItem\":\"New Boys & Girls Locker Rooms\"}},\"180\":{\"type\":\"8\",\"fields\":{\"listItem\":\"New 6 lane (8 straight) synthetic track\"}},\"181\":{\"type\":\"8\",\"fields\":{\"listItem\":\"New full size synthetic turf field with new field lighting system\"}},\"182\":{\"type\":\"8\",\"fields\":{\"listItem\":\"New 1500 seat bleacher system \"}},\"183\":{\"type\":\"8\",\"fields\":{\"listItem\":\"New stadium scoreboard and sound system\"}},\"184\":{\"type\":\"8\",\"fields\":{\"listItem\":\"New Ticketing\\/Concession\\/Restroom\\/Satellite Trainers room and three bay storage facility \"}},\"185\":{\"type\":\"8\",\"fields\":{\"listItem\":\"New girls softball field, dugouts, and scoreboard\"}},\"186\":{\"type\":\"8\",\"fields\":{\"listItem\":\"New baseball field, dugouts, fencing, batting cage and scoreboard\"}},\"187\":{\"type\":\"8\",\"fields\":{\"listItem\":\"New multi-use natural grass athletic fields and irrigation \"}},\"188\":{\"type\":\"8\",\"fields\":{\"listItem\":\"New (6) post tensioned concrete tennis courts with basketball accommodations \"}},\"189\":{\"type\":\"8\",\"fields\":{\"listItem\":\"Section of new Town Bikeway access to facility \"}},\"190\":{\"type\":\"8\",\"fields\":{\"listItem\":\"New Accessible parking \"}},\"191\":{\"type\":\"8\",\"fields\":{\"listItem\":\"Renovated two story press box\"}},\"192\":{\"type\":\"8\",\"fields\":{\"listItem\":\"Restored historical field signage archway \"}},\"193\":{\"type\":\"8\",\"fields\":{\"listItem\":\"Decorative site lighting \"}}}}},\"194\":{\"type\":\"peoplegallery\",\"enabled\":\"1\",\"fields\":{\"heading\":\"Meet the Team Involved \",\"boardOfDirectors\":[\"35\"],\"practiceLeads\":\"\"}},\"195\":{\"type\":\"contact\",\"enabled\":\"1\",\"fields\":{\"heading\":\"Let\'s work together! \"}},\"196\":{\"type\":\"relatedWork\",\"enabled\":\"1\",\"fields\":{\"heading\":\"Related Projects \",\"work\":[\"139\",\"53\"]}}},\"130\":{\"176\":{\"type\":\"featuredimage\",\"enabled\":\"1\",\"fields\":{\"heading\":\"Transform the virtually unusable into a true showcase athletic venue for the community and the region. \",\"subheading\":\"The Challenge\",\"image\":{\"177\":{\"type\":\"21\",\"fields\":{\"mobileImage\":[\"175\"],\"desktopImage\":[\"175\"]}}},\"animated\":\"1\"}}},\"150\":\"\",\"112\":[\"22\",\"25\"],\"113\":[\"4\",\"5\",\"16\",\"18\"]}}', '2017-07-17 16:13:08', '2017-07-17 16:13:08', 'e2ac3d72-1840-4dc3-8e3e-02a66bcb5ac1'),
 ('44', '139', '3', '1', 'en_us', '8', '', '{\"typeId\":\"3\",\"authorId\":\"1\",\"title\":\"Agawam High School Athletic Facility Renovation \",\"slug\":\"agawam-high-school-athletic-facility-renovation\",\"postDate\":1498665240,\"expiryDate\":null,\"enabled\":1,\"parentId\":null,\"fields\":{\"132\":{\"name\":\"\",\"street\":\"\",\"street2\":\"\",\"city\":\"Agawam\",\"region\":\"Massachusetts \",\"postalCode\":\"\",\"country\":\"US\"},\"133\":\"Agawam High School \",\"3\":{\"142\":{\"type\":\"imageTextPanel\",\"enabled\":\"1\",\"fields\":{\"orientation\":\"right\",\"heading\":\"What we faced. \",\"body\":\"<p>A wonderfully passionate community was in dire need of safer and more adequate athletic facilities at their High School Athletic Complex. What existed was an outdated, unsafe, undersized, and unuseable track and bleacher system, non-accessible and inadequate restroom, concessions, and storage facilities. The inadequate number of tennis courts in need of repair and an overall inefficient and unsafe layout of conflicting field and sport uses.<\\/p>\",\"list\":\"\",\"callToAction\":{\"type\":\"\",\"custom\":\"\",\"entry\":\"\",\"target\":\"\"},\"image\":\"\"}},\"143\":{\"type\":\"textPanel\",\"enabled\":\"1\",\"fields\":{\"heading\":\"Including Passionate Stakeholders in the Master Planning Process \",\"body\":\"<p>Although with every design project the actual details for construction are extremely important to the success of the project, &nbsp;perhaps equally important is the early involvement of the stakeholders in the concept stages of the project. &nbsp;&nbsp;Our goal of the masterplanning process was to engage with the Track Committee and the users of the facility, the coaches, the booster club, the players, and the maintenance and facilities staff. &nbsp;Only after having an informed ideas of what the stakeholders envision, could we put our designer hats on and begin the design and concept planning. &nbsp;By having periodic check-ins and presentations with the stakeholders during our concept design phases, it made the \\u201cbuy-in\\u201d of the project design a much smoother and cost effective process as the plans and specifications advanced through to bid documents.. &nbsp;The success of the project was our design team\'s ability to create a balance between the the long wish list of stakeholder desires, &nbsp;and the real constraints of the project budget. <\\/p>\"}},\"144\":{\"type\":\"imageTextPanel\",\"enabled\":\"1\",\"fields\":{\"orientation\":\"left\",\"heading\":\"The work in-progress \",\"body\":\"<p>Due the size of the project and the inclusion of the complete renovation of the the Boys & Girls locker and team room facilities internal to the school, the project was required to follow the MGL Chapter 149 bidding requirements. This bidding procedure was lead by the MMI design team and led to a project that was completed within budget. <\\/p>\\r\\n<p>The resulting athletic facility is a true testament to a collaborative design process. Collaborative not only in the sense of our engineers, planners and landscape architects, but a true collaboration between design team and the community.<\\/p>\",\"list\":\"\",\"callToAction\":{\"type\":\"\",\"custom\":\"\",\"entry\":\"\",\"target\":\"\"},\"image\":\"\"}},\"145\":{\"type\":\"gallery\",\"enabled\":\"1\",\"fields\":{\"heading\":\"A look at the finished product. \",\"gallery\":{\"159\":{\"type\":\"3\",\"fields\":{\"mediaAsset\":\"\",\"caption\":\"\"}}}}},\"146\":{\"type\":\"listPanel\",\"enabled\":\"1\",\"fields\":{\"heading\":\"A list of Facility Improvements include: \",\"body\":\"\",\"list\":\"\"}},\"178\":{\"type\":\"listPanel\",\"enabled\":\"1\",\"fields\":{\"heading\":\"A List of Facility Improvements include: \",\"body\":\"\",\"list\":{\"179\":{\"type\":\"8\",\"fields\":{\"listItem\":\"New Boys & Girls Locker Rooms\"}},\"180\":{\"type\":\"8\",\"fields\":{\"listItem\":\"New 6 lane (8 straight) synthetic track\"}},\"181\":{\"type\":\"8\",\"fields\":{\"listItem\":\"New full size synthetic turf field with new field lighting system\"}},\"182\":{\"type\":\"8\",\"fields\":{\"listItem\":\"New 1500 seat bleacher system \"}},\"183\":{\"type\":\"8\",\"fields\":{\"listItem\":\"New stadium scoreboard and sound system\"}},\"184\":{\"type\":\"8\",\"fields\":{\"listItem\":\"New Ticketing\\/Concession\\/Restroom\\/Satellite Trainers room and three bay storage facility \"}},\"185\":{\"type\":\"8\",\"fields\":{\"listItem\":\"New girls softball field, dugouts, and scoreboard\"}},\"186\":{\"type\":\"8\",\"fields\":{\"listItem\":\"New baseball field, dugouts, fencing, batting cage and scoreboard\"}},\"187\":{\"type\":\"8\",\"fields\":{\"listItem\":\"New multi-use natural grass athletic fields and irrigation \"}},\"188\":{\"type\":\"8\",\"fields\":{\"listItem\":\"New (6) post tensioned concrete tennis courts with basketball accommodations \"}},\"189\":{\"type\":\"8\",\"fields\":{\"listItem\":\"Section of new Town Bikeway access to facility \"}},\"190\":{\"type\":\"8\",\"fields\":{\"listItem\":\"New Accessible parking \"}},\"191\":{\"type\":\"8\",\"fields\":{\"listItem\":\"Renovated two story press box\"}},\"192\":{\"type\":\"8\",\"fields\":{\"listItem\":\"Restored historical field signage archway \"}},\"193\":{\"type\":\"8\",\"fields\":{\"listItem\":\"Decorative site lighting \"}}}}},\"194\":{\"type\":\"peoplegallery\",\"enabled\":\"\",\"fields\":{\"heading\":\"Meet the Team Involved \",\"boardOfDirectors\":[\"35\"],\"practiceLeads\":\"\"}},\"195\":{\"type\":\"contact\",\"enabled\":\"1\",\"fields\":{\"heading\":\"Let\'s work together! \"}},\"196\":{\"type\":\"relatedWork\",\"enabled\":\"1\",\"fields\":{\"heading\":\"Related Projects \",\"work\":[\"139\",\"53\"]}}},\"130\":{\"176\":{\"type\":\"featuredimage\",\"enabled\":\"1\",\"fields\":{\"heading\":\"Transform the virtually unusable into a true showcase athletic venue for the community and the region. \",\"subheading\":\"The Challenge\",\"image\":{\"177\":{\"type\":\"21\",\"fields\":{\"mobileImage\":[\"175\"],\"desktopImage\":[\"175\"]}}},\"animated\":\"1\"}}},\"150\":\"\",\"112\":[\"22\",\"25\"],\"113\":[\"4\",\"5\",\"16\",\"18\"]}}', '2017-07-17 16:13:54', '2017-07-17 16:13:54', '2dffdc42-98d2-499a-be35-7bb10d814764'),
 ('45', '139', '3', '1', 'en_us', '9', '', '{\"typeId\":\"3\",\"authorId\":\"1\",\"title\":\"Agawam High School Athletic Facility Renovation \",\"slug\":\"agawam-high-school-athletic-facility-renovation\",\"postDate\":1498665240,\"expiryDate\":null,\"enabled\":1,\"parentId\":null,\"fields\":{\"132\":{\"name\":\"\",\"street\":\"\",\"street2\":\"\",\"city\":\"Agawam\",\"region\":\"Massachusetts \",\"postalCode\":\"\",\"country\":\"US\"},\"133\":\"Agawam High School \",\"3\":{\"142\":{\"type\":\"imageTextPanel\",\"enabled\":\"1\",\"fields\":{\"orientation\":\"right\",\"heading\":\"What we faced. \",\"body\":\"<p>A wonderfully passionate community was in dire need of safer and more adequate athletic facilities at their High School Athletic Complex. What existed was an outdated, unsafe, undersized, and unuseable track and bleacher system, non-accessible and inadequate restroom, concessions, and storage facilities. The inadequate number of tennis courts in need of repair and an overall inefficient and unsafe layout of conflicting field and sport uses.<\\/p>\",\"list\":\"\",\"callToAction\":{\"type\":\"\",\"custom\":\"\",\"entry\":\"\",\"target\":\"\"},\"image\":\"\"}},\"143\":{\"type\":\"textPanel\",\"enabled\":\"1\",\"fields\":{\"heading\":\"Including Passionate Stakeholders in the Master Planning Process \",\"body\":\"<p>Although with every design project the actual details for construction are extremely important to the success of the project, &nbsp;perhaps equally important is the early involvement of the stakeholders in the concept stages of the project. &nbsp;&nbsp;Our goal of the masterplanning process was to engage with the Track Committee and the users of the facility, the coaches, the booster club, the players, and the maintenance and facilities staff. &nbsp;Only after having an informed ideas of what the stakeholders envision, could we put our designer hats on and begin the design and concept planning. &nbsp;By having periodic check-ins and presentations with the stakeholders during our concept design phases, it made the \\u201cbuy-in\\u201d of the project design a much smoother and cost effective process as the plans and specifications advanced through to bid documents.. &nbsp;The success of the project was our design team\'s ability to create a balance between the the long wish list of stakeholder desires, &nbsp;and the real constraints of the project budget. <\\/p>\"}},\"144\":{\"type\":\"imageTextPanel\",\"enabled\":\"1\",\"fields\":{\"orientation\":\"left\",\"heading\":\"The work in-progress \",\"body\":\"<p>Due the size of the project and the inclusion of the complete renovation of the the Boys & Girls locker and team room facilities internal to the school, the project was required to follow the MGL Chapter 149 bidding requirements. This bidding procedure was lead by the MMI design team and led to a project that was completed within budget. <\\/p>\\r\\n<p>The resulting athletic facility is a true testament to a collaborative design process. Collaborative not only in the sense of our engineers, planners and landscape architects, but a true collaboration between design team and the community.<\\/p>\",\"list\":\"\",\"callToAction\":{\"type\":\"\",\"custom\":\"\",\"entry\":\"\",\"target\":\"\"},\"image\":\"\"}},\"145\":{\"type\":\"gallery\",\"enabled\":\"1\",\"fields\":{\"heading\":\"A look at the finished product. \",\"gallery\":{\"159\":{\"type\":\"3\",\"fields\":{\"mediaAsset\":\"\",\"caption\":\"\"}}}}},\"146\":{\"type\":\"listPanel\",\"enabled\":\"1\",\"fields\":{\"heading\":\"A list of Facility Improvements include: \",\"body\":\"\",\"list\":\"\"}},\"178\":{\"type\":\"listPanel\",\"enabled\":\"1\",\"fields\":{\"heading\":\"A List of Facility Improvements include: \",\"body\":\"\",\"list\":{\"179\":{\"type\":\"8\",\"fields\":{\"listItem\":\"New Boys & Girls Locker Rooms\"}},\"180\":{\"type\":\"8\",\"fields\":{\"listItem\":\"New 6 lane (8 straight) synthetic track\"}},\"181\":{\"type\":\"8\",\"fields\":{\"listItem\":\"New full size synthetic turf field with new field lighting system\"}},\"182\":{\"type\":\"8\",\"fields\":{\"listItem\":\"New 1500 seat bleacher system \"}},\"183\":{\"type\":\"8\",\"fields\":{\"listItem\":\"New stadium scoreboard and sound system\"}},\"184\":{\"type\":\"8\",\"fields\":{\"listItem\":\"New Ticketing\\/Concession\\/Restroom\\/Satellite Trainers room and three bay storage facility \"}},\"185\":{\"type\":\"8\",\"fields\":{\"listItem\":\"New girls softball field, dugouts, and scoreboard\"}},\"186\":{\"type\":\"8\",\"fields\":{\"listItem\":\"New baseball field, dugouts, fencing, batting cage and scoreboard\"}},\"187\":{\"type\":\"8\",\"fields\":{\"listItem\":\"New multi-use natural grass athletic fields and irrigation \"}},\"188\":{\"type\":\"8\",\"fields\":{\"listItem\":\"New (6) post tensioned concrete tennis courts with basketball accommodations \"}},\"189\":{\"type\":\"8\",\"fields\":{\"listItem\":\"Section of new Town Bikeway access to facility \"}},\"190\":{\"type\":\"8\",\"fields\":{\"listItem\":\"New Accessible parking \"}},\"191\":{\"type\":\"8\",\"fields\":{\"listItem\":\"Renovated two story press box\"}},\"192\":{\"type\":\"8\",\"fields\":{\"listItem\":\"Restored historical field signage archway \"}},\"193\":{\"type\":\"8\",\"fields\":{\"listItem\":\"Decorative site lighting \"}}}}},\"194\":{\"type\":\"peoplegallery\",\"enabled\":\"1\",\"fields\":{\"heading\":\"Meet the Team Involved \",\"boardOfDirectors\":[\"35\"],\"practiceLeads\":\"\"}},\"195\":{\"type\":\"contact\",\"enabled\":\"1\",\"fields\":{\"heading\":\"Let\'s work together! \"}},\"196\":{\"type\":\"relatedWork\",\"enabled\":\"1\",\"fields\":{\"heading\":\"Related Projects \",\"work\":[\"139\",\"53\"]}}},\"130\":{\"176\":{\"type\":\"featuredimage\",\"enabled\":\"1\",\"fields\":{\"heading\":\"Transform the virtually unusable into a true showcase athletic venue for the community and the region. \",\"subheading\":\"The Challenge\",\"image\":{\"177\":{\"type\":\"21\",\"fields\":{\"mobileImage\":[\"175\"],\"desktopImage\":[\"175\"]}}},\"animated\":\"1\"}}},\"150\":\"\",\"112\":[\"22\",\"25\"],\"113\":[\"4\",\"5\",\"16\",\"18\"]}}', '2017-07-17 16:14:28', '2017-07-17 16:14:28', '635bbbdd-f68c-4b0a-9a30-3a1809e9fd4e'),
 ('46', '139', '3', '1', 'en_us', '10', '', '{\"typeId\":\"3\",\"authorId\":\"1\",\"title\":\"Agawam High School Athletic Facility Renovation \",\"slug\":\"agawam-high-school-athletic-facility-renovation\",\"postDate\":1498665240,\"expiryDate\":null,\"enabled\":1,\"parentId\":null,\"fields\":{\"132\":{\"name\":\"\",\"street\":\"\",\"street2\":\"\",\"city\":\"Agawam\",\"region\":\"Massachusetts \",\"postalCode\":\"\",\"country\":\"US\"},\"133\":\"Agawam High School \",\"3\":{\"142\":{\"type\":\"imageTextPanel\",\"enabled\":\"1\",\"fields\":{\"orientation\":\"right\",\"heading\":\"What we faced. \",\"body\":\"<p>A wonderfully passionate community was in dire need of safer and more adequate athletic facilities at their High School Athletic Complex. What existed was an outdated, unsafe, undersized, and unuseable track and bleacher system, non-accessible and inadequate restroom, concessions, and storage facilities. The inadequate number of tennis courts in need of repair and an overall inefficient and unsafe layout of conflicting field and sport uses.<\\/p>\",\"list\":\"\",\"callToAction\":{\"type\":\"\",\"custom\":\"\",\"entry\":\"\",\"target\":\"\"},\"image\":\"\"}},\"143\":{\"type\":\"textPanel\",\"enabled\":\"1\",\"fields\":{\"heading\":\"Including Passionate Stakeholders in the Master Planning Process \",\"body\":\"<p>Although with every design project the actual details for construction are extremely important to the success of the project, &nbsp;perhaps equally important is the early involvement of the stakeholders in the concept stages of the project. &nbsp;&nbsp;Our goal of the masterplanning process was to engage with the Track Committee and the users of the facility, the coaches, the booster club, the players, and the maintenance and facilities staff. &nbsp;Only after having an informed ideas of what the stakeholders envision, could we put our designer hats on and begin the design and concept planning. &nbsp;By having periodic check-ins and presentations with the stakeholders during our concept design phases, it made the \\u201cbuy-in\\u201d of the project design a much smoother and cost effective process as the plans and specifications advanced through to bid documents.. &nbsp;The success of the project was our design team\'s ability to create a balance between the the long wish list of stakeholder desires, &nbsp;and the real constraints of the project budget. <\\/p>\"}},\"144\":{\"type\":\"imageTextPanel\",\"enabled\":\"1\",\"fields\":{\"orientation\":\"left\",\"heading\":\"The work in-progress \",\"body\":\"<p>Due the size of the project and the inclusion of the complete renovation of the the Boys & Girls locker and team room facilities internal to the school, the project was required to follow the MGL Chapter 149 bidding requirements. This bidding procedure was lead by the MMI design team and led to a project that was completed within budget. <\\/p>\\r\\n<p>The resulting athletic facility is a true testament to a collaborative design process. Collaborative not only in the sense of our engineers, planners and landscape architects, but a true collaboration between design team and the community.<\\/p>\",\"list\":\"\",\"callToAction\":{\"type\":\"\",\"custom\":\"\",\"entry\":\"\",\"target\":\"\"},\"image\":\"\"}},\"145\":{\"type\":\"gallery\",\"enabled\":\"1\",\"fields\":{\"heading\":\"A look at the finished product. \",\"gallery\":{\"159\":{\"type\":\"3\",\"fields\":{\"mediaAsset\":\"\",\"caption\":\"\"}}}}},\"146\":{\"type\":\"listPanel\",\"enabled\":\"1\",\"fields\":{\"heading\":\"A list of Facility Improvements include: \",\"body\":\"\",\"list\":\"\"}},\"178\":{\"type\":\"listPanel\",\"enabled\":\"1\",\"fields\":{\"heading\":\"A List of Facility Improvements include: \",\"body\":\"\",\"list\":{\"179\":{\"type\":\"8\",\"fields\":{\"listItem\":\"New Boys & Girls Locker Rooms\"}},\"180\":{\"type\":\"8\",\"fields\":{\"listItem\":\"New 6 lane (8 straight) synthetic track\"}},\"181\":{\"type\":\"8\",\"fields\":{\"listItem\":\"New full size synthetic turf field with new field lighting system\"}},\"182\":{\"type\":\"8\",\"fields\":{\"listItem\":\"New 1500 seat bleacher system \"}},\"183\":{\"type\":\"8\",\"fields\":{\"listItem\":\"New stadium scoreboard and sound system\"}},\"184\":{\"type\":\"8\",\"fields\":{\"listItem\":\"New Ticketing\\/Concession\\/Restroom\\/Satellite Trainers room and three bay storage facility \"}},\"185\":{\"type\":\"8\",\"fields\":{\"listItem\":\"New girls softball field, dugouts, and scoreboard\"}},\"186\":{\"type\":\"8\",\"fields\":{\"listItem\":\"New baseball field, dugouts, fencing, batting cage and scoreboard\"}},\"187\":{\"type\":\"8\",\"fields\":{\"listItem\":\"New multi-use natural grass athletic fields and irrigation \"}},\"188\":{\"type\":\"8\",\"fields\":{\"listItem\":\"New (6) post tensioned concrete tennis courts with basketball accommodations \"}},\"189\":{\"type\":\"8\",\"fields\":{\"listItem\":\"Section of new Town Bikeway access to facility \"}},\"190\":{\"type\":\"8\",\"fields\":{\"listItem\":\"New Accessible parking \"}},\"191\":{\"type\":\"8\",\"fields\":{\"listItem\":\"Renovated two story press box\"}},\"192\":{\"type\":\"8\",\"fields\":{\"listItem\":\"Restored historical field signage archway \"}},\"193\":{\"type\":\"8\",\"fields\":{\"listItem\":\"Decorative site lighting \"}}}}},\"194\":{\"type\":\"peoplegallery\",\"enabled\":\"1\",\"fields\":{\"heading\":\"Meet the Team Involved \",\"boardOfDirectors\":[\"35\"],\"practiceLeads\":\"\"}},\"195\":{\"type\":\"contact\",\"enabled\":\"1\",\"fields\":{\"heading\":\"Let\'s work together! \"}},\"196\":{\"type\":\"relatedWork\",\"enabled\":\"1\",\"fields\":{\"heading\":\"Related Projects \",\"work\":[\"139\",\"53\"]}},\"new1\":{\"type\":\"people\",\"enabled\":\"1\",\"fields\":{\"heading\":\"\",\"people\":{\"new1\":{\"type\":\"22\",\"fields\":{\"person\":[\"35\"],\"role\":[\"42\"]}}}}}},\"130\":{\"176\":{\"type\":\"featuredimage\",\"enabled\":\"1\",\"fields\":{\"heading\":\"Transform the virtually unusable into a true showcase athletic venue for the community and the region. \",\"subheading\":\"The Challenge\",\"image\":{\"177\":{\"type\":\"21\",\"fields\":{\"mobileImage\":[\"175\"],\"desktopImage\":[\"175\"]}}},\"animated\":\"1\"}}},\"150\":\"\",\"112\":[\"22\",\"25\"],\"113\":[\"4\",\"5\",\"16\",\"18\"]}}', '2017-07-17 19:08:55', '2017-07-17 19:08:55', '0b6f93c2-d7c1-431a-97b3-fcec6bdf31ce'),
 ('47', '139', '3', '1', 'en_us', '11', '', '{\"typeId\":\"3\",\"authorId\":\"1\",\"title\":\"Agawam High School Athletic Facility Renovation \",\"slug\":\"agawam-high-school-athletic-facility-renovation\",\"postDate\":1498665240,\"expiryDate\":null,\"enabled\":1,\"parentId\":null,\"fields\":{\"132\":{\"name\":\"\",\"street\":\"\",\"street2\":\"\",\"city\":\"Agawam\",\"region\":\"Massachusetts \",\"postalCode\":\"\",\"country\":\"US\"},\"133\":\"Agawam High School \",\"3\":{\"142\":{\"type\":\"imageTextPanel\",\"enabled\":\"1\",\"fields\":{\"orientation\":\"right\",\"heading\":\"What we faced. \",\"body\":\"<p>A wonderfully passionate community was in dire need of safer and more adequate athletic facilities at their High School Athletic Complex. What existed was an outdated, unsafe, undersized, and unuseable track and bleacher system, non-accessible and inadequate restroom, concessions, and storage facilities. The inadequate number of tennis courts in need of repair and an overall inefficient and unsafe layout of conflicting field and sport uses.<\\/p>\",\"list\":\"\",\"callToAction\":{\"type\":\"\",\"custom\":\"\",\"entry\":\"\",\"target\":\"\"},\"image\":\"\"}},\"143\":{\"type\":\"textPanel\",\"enabled\":\"1\",\"fields\":{\"heading\":\"Including Passionate Stakeholders in the Master Planning Process \",\"body\":\"<p>Although with every design project the actual details for construction are extremely important to the success of the project, &nbsp;perhaps equally important is the early involvement of the stakeholders in the concept stages of the project. &nbsp;&nbsp;Our goal of the masterplanning process was to engage with the Track Committee and the users of the facility, the coaches, the booster club, the players, and the maintenance and facilities staff. &nbsp;Only after having an informed ideas of what the stakeholders envision, could we put our designer hats on and begin the design and concept planning. &nbsp;By having periodic check-ins and presentations with the stakeholders during our concept design phases, it made the \\u201cbuy-in\\u201d of the project design a much smoother and cost effective process as the plans and specifications advanced through to bid documents.. &nbsp;The success of the project was our design team\'s ability to create a balance between the the long wish list of stakeholder desires, &nbsp;and the real constraints of the project budget. <\\/p>\"}},\"144\":{\"type\":\"imageTextPanel\",\"enabled\":\"1\",\"fields\":{\"orientation\":\"left\",\"heading\":\"The work in-progress \",\"body\":\"<p>Due the size of the project and the inclusion of the complete renovation of the the Boys & Girls locker and team room facilities internal to the school, the project was required to follow the MGL Chapter 149 bidding requirements. This bidding procedure was lead by the MMI design team and led to a project that was completed within budget. <\\/p>\\r\\n<p>The resulting athletic facility is a true testament to a collaborative design process. Collaborative not only in the sense of our engineers, planners and landscape architects, but a true collaboration between design team and the community.<\\/p>\",\"list\":\"\",\"callToAction\":{\"type\":\"\",\"custom\":\"\",\"entry\":\"\",\"target\":\"\"},\"image\":\"\"}},\"145\":{\"type\":\"gallery\",\"enabled\":\"1\",\"fields\":{\"heading\":\"A look at the finished product. \",\"gallery\":{\"159\":{\"type\":\"3\",\"fields\":{\"mediaAsset\":\"\",\"caption\":\"\"}}}}},\"146\":{\"type\":\"listPanel\",\"enabled\":\"1\",\"fields\":{\"heading\":\"A list of Facility Improvements include: \",\"body\":\"\",\"list\":\"\"}},\"178\":{\"type\":\"listPanel\",\"enabled\":\"1\",\"fields\":{\"heading\":\"A List of Facility Improvements include: \",\"body\":\"\",\"list\":{\"179\":{\"type\":\"8\",\"fields\":{\"listItem\":\"New Boys & Girls Locker Rooms\"}},\"180\":{\"type\":\"8\",\"fields\":{\"listItem\":\"New 6 lane (8 straight) synthetic track\"}},\"181\":{\"type\":\"8\",\"fields\":{\"listItem\":\"New full size synthetic turf field with new field lighting system\"}},\"182\":{\"type\":\"8\",\"fields\":{\"listItem\":\"New 1500 seat bleacher system \"}},\"183\":{\"type\":\"8\",\"fields\":{\"listItem\":\"New stadium scoreboard and sound system\"}},\"184\":{\"type\":\"8\",\"fields\":{\"listItem\":\"New Ticketing\\/Concession\\/Restroom\\/Satellite Trainers room and three bay storage facility \"}},\"185\":{\"type\":\"8\",\"fields\":{\"listItem\":\"New girls softball field, dugouts, and scoreboard\"}},\"186\":{\"type\":\"8\",\"fields\":{\"listItem\":\"New baseball field, dugouts, fencing, batting cage and scoreboard\"}},\"187\":{\"type\":\"8\",\"fields\":{\"listItem\":\"New multi-use natural grass athletic fields and irrigation \"}},\"188\":{\"type\":\"8\",\"fields\":{\"listItem\":\"New (6) post tensioned concrete tennis courts with basketball accommodations \"}},\"189\":{\"type\":\"8\",\"fields\":{\"listItem\":\"Section of new Town Bikeway access to facility \"}},\"190\":{\"type\":\"8\",\"fields\":{\"listItem\":\"New Accessible parking \"}},\"191\":{\"type\":\"8\",\"fields\":{\"listItem\":\"Renovated two story press box\"}},\"192\":{\"type\":\"8\",\"fields\":{\"listItem\":\"Restored historical field signage archway \"}},\"193\":{\"type\":\"8\",\"fields\":{\"listItem\":\"Decorative site lighting \"}}}}},\"195\":{\"type\":\"contact\",\"enabled\":\"1\",\"fields\":{\"heading\":\"Let\'s work together! \"}},\"196\":{\"type\":\"relatedWork\",\"enabled\":\"1\",\"fields\":{\"heading\":\"Related Projects \",\"work\":[\"139\",\"53\"]}},\"197\":{\"type\":\"people\",\"enabled\":\"1\",\"fields\":{\"heading\":\"Meet the team involved.\",\"people\":{\"198\":{\"type\":\"22\",\"fields\":{\"person\":[\"35\"],\"role\":[\"42\"]}}}}}},\"130\":{\"176\":{\"type\":\"featuredimage\",\"enabled\":\"1\",\"fields\":{\"heading\":\"Transform the virtually unusable into a true showcase athletic venue for the community and the region. \",\"subheading\":\"The Challenge\",\"image\":{\"177\":{\"type\":\"21\",\"fields\":{\"mobileImage\":[\"175\"],\"desktopImage\":[\"175\"]}}},\"animated\":\"1\"}}},\"150\":\"\",\"112\":[\"22\",\"25\"],\"113\":[\"4\",\"5\",\"16\",\"18\"]}}', '2017-07-17 19:44:49', '2017-07-17 19:44:49', 'ff400818-6c18-4e64-8312-05722aea2bd0'),
 ('55', '221', '9', '1', 'en_us', '1', NULL, '{\"typeId\":\"9\",\"authorId\":null,\"title\":\"UI\",\"slug\":\"ui\",\"postDate\":1500993555,\"expiryDate\":null,\"enabled\":1,\"parentId\":null,\"fields\":[]}', '2017-07-25 14:39:15', '2017-07-25 14:39:15', 'cf066126-61e9-4161-8a92-c22fceff2f16'),
 ('56', '221', '9', '1', 'en_us', '2', '', '{\"typeId\":null,\"authorId\":null,\"title\":\"UI\",\"slug\":\"ui\",\"postDate\":1500993555,\"expiryDate\":null,\"enabled\":1,\"parentId\":null,\"fields\":{\"3\":\"\"}}', '2017-07-25 19:49:41', '2017-07-25 19:49:41', '1c61070f-dac6-4d9d-8607-a0f9c5461f4b'),
 ('57', '221', '9', '1', 'en_us', '3', '', '{\"typeId\":null,\"authorId\":null,\"title\":\"UI\",\"slug\":\"ui\",\"postDate\":1500993555,\"expiryDate\":null,\"enabled\":1,\"parentId\":null,\"fields\":{\"3\":{\"new1\":{\"type\":\"masthead\",\"enabled\":\"1\",\"fields\":{\"image\":{\"new1\":{\"type\":\"1\",\"fields\":{\"mobileImage\":\"\",\"desktopImage\":\"\"}}},\"subheading\":\"\",\"heading\":\"\"}}}}}', '2017-07-25 19:50:10', '2017-07-25 19:50:10', 'f7487937-20a5-4533-81d8-c3411fbfd537'),
 ('58', '221', '9', '1', 'en_us', '4', '', '{\"typeId\":null,\"authorId\":null,\"title\":\"UI\",\"slug\":\"ui\",\"postDate\":1500993555,\"expiryDate\":null,\"enabled\":1,\"parentId\":null,\"fields\":{\"3\":{\"222\":{\"type\":\"masthead\",\"enabled\":\"1\",\"fields\":{\"image\":{\"223\":{\"type\":\"1\",\"fields\":{\"mobileImage\":\"\",\"desktopImage\":\"\"}}},\"subheading\":\"Subheading\",\"heading\":\"Headins\"}}}}}', '2017-07-25 19:50:20', '2017-07-25 19:50:20', '0c68254e-6e19-4967-8a33-328cd2e3ecaf'),
 ('59', '221', '9', '1', 'en_us', '5', '', '{\"typeId\":null,\"authorId\":null,\"title\":\"UI\",\"slug\":\"ui\",\"postDate\":1500993555,\"expiryDate\":null,\"enabled\":1,\"parentId\":null,\"fields\":{\"3\":{\"222\":{\"type\":\"masthead\",\"enabled\":\"1\",\"fields\":{\"image\":{\"223\":{\"type\":\"1\",\"fields\":{\"mobileImage\":\"\",\"desktopImage\":\"\"}}},\"subheading\":\"Subheading\",\"heading\":\"Heading\"}}}}}', '2017-07-25 19:50:36', '2017-07-25 19:50:36', 'aa0abe0d-dbc0-4194-b4ee-c55f88132388'),
 ('60', '139', '3', '1', 'en_us', '12', '', '{\"typeId\":\"3\",\"authorId\":\"1\",\"title\":\"Agawam High School Athletic Facility Renovation \",\"slug\":\"agawam-high-school-athletic-facility-renovation\",\"postDate\":1498665240,\"expiryDate\":null,\"enabled\":1,\"parentId\":null,\"fields\":{\"132\":{\"name\":\"\",\"street\":\"\",\"street2\":\"\",\"city\":\"Agawam\",\"region\":\"Massachusetts \",\"postalCode\":\"\",\"country\":\"US\"},\"133\":\"Agawam High School \",\"3\":{\"142\":{\"type\":\"imageTextPanel\",\"enabled\":\"1\",\"fields\":{\"orientation\":\"right\",\"heading\":\"What we faced. \",\"body\":\"<p>A wonderfully passionate community was in dire need of safer and more adequate athletic facilities at their High School Athletic Complex. What existed was an outdated, unsafe, undersized, and unuseable track and bleacher system, non-accessible and inadequate restroom, concessions, and storage facilities. The inadequate number of tennis courts in need of repair and an overall inefficient and unsafe layout of conflicting field and sport uses.<\\/p>\",\"list\":\"\",\"callToAction\":{\"type\":\"\",\"custom\":\"\",\"entry\":\"\",\"target\":\"\"},\"image\":[\"225\"]}},\"143\":{\"type\":\"textPanel\",\"enabled\":\"1\",\"fields\":{\"heading\":\"Including Passionate Stakeholders in the Master Planning Process \",\"body\":\"<p>Although with every design project the actual details for construction are extremely important to the success of the project, &nbsp;perhaps equally important is the early involvement of the stakeholders in the concept stages of the project. &nbsp;&nbsp;Our goal of the masterplanning process was to engage with the Track Committee and the users of the facility, the coaches, the booster club, the players, and the maintenance and facilities staff. &nbsp;Only after having an informed ideas of what the stakeholders envision, could we put our designer hats on and begin the design and concept planning. &nbsp;By having periodic check-ins and presentations with the stakeholders during our concept design phases, it made the \\u201cbuy-in\\u201d of the project design a much smoother and cost effective process as the plans and specifications advanced through to bid documents.. &nbsp;The success of the project was our design team\'s ability to create a balance between the the long wish list of stakeholder desires, &nbsp;and the real constraints of the project budget. <\\/p>\"}},\"144\":{\"type\":\"imageTextPanel\",\"enabled\":\"1\",\"fields\":{\"orientation\":\"left\",\"heading\":\"The work in-progress \",\"body\":\"<p>Due the size of the project and the inclusion of the complete renovation of the the Boys & Girls locker and team room facilities internal to the school, the project was required to follow the MGL Chapter 149 bidding requirements. This bidding procedure was lead by the MMI design team and led to a project that was completed within budget. <\\/p>\\r\\n<p>The resulting athletic facility is a true testament to a collaborative design process. Collaborative not only in the sense of our engineers, planners and landscape architects, but a true collaboration between design team and the community.<\\/p>\",\"list\":\"\",\"callToAction\":{\"type\":\"\",\"custom\":\"\",\"entry\":\"\",\"target\":\"\"},\"image\":\"\"}},\"145\":{\"type\":\"gallery\",\"enabled\":\"1\",\"fields\":{\"heading\":\"A look at the finished product. \",\"gallery\":{\"159\":{\"type\":\"3\",\"fields\":{\"mediaAsset\":\"\",\"caption\":\"\"}}}}},\"146\":{\"type\":\"listPanel\",\"enabled\":\"1\",\"fields\":{\"heading\":\"A list of Facility Improvements include: \",\"body\":\"\",\"list\":\"\",\"centered\":\"\",\"lift\":\"\",\"lightGrayBackground\":\"\"}},\"178\":{\"type\":\"listPanel\",\"enabled\":\"1\",\"fields\":{\"heading\":\"A List of Facility Improvements include: \",\"body\":\"\",\"list\":{\"179\":{\"type\":\"8\",\"fields\":{\"listItem\":\"New Boys & Girls Locker Rooms\"}},\"180\":{\"type\":\"8\",\"fields\":{\"listItem\":\"New 6 lane (8 straight) synthetic track\"}},\"181\":{\"type\":\"8\",\"fields\":{\"listItem\":\"New full size synthetic turf field with new field lighting system\"}},\"182\":{\"type\":\"8\",\"fields\":{\"listItem\":\"New 1500 seat bleacher system \"}},\"183\":{\"type\":\"8\",\"fields\":{\"listItem\":\"New stadium scoreboard and sound system\"}},\"184\":{\"type\":\"8\",\"fields\":{\"listItem\":\"New Ticketing\\/Concession\\/Restroom\\/Satellite Trainers room and three bay storage facility \"}},\"185\":{\"type\":\"8\",\"fields\":{\"listItem\":\"New girls softball field, dugouts, and scoreboard\"}},\"186\":{\"type\":\"8\",\"fields\":{\"listItem\":\"New baseball field, dugouts, fencing, batting cage and scoreboard\"}},\"187\":{\"type\":\"8\",\"fields\":{\"listItem\":\"New multi-use natural grass athletic fields and irrigation \"}},\"188\":{\"type\":\"8\",\"fields\":{\"listItem\":\"New (6) post tensioned concrete tennis courts with basketball accommodations \"}},\"189\":{\"type\":\"8\",\"fields\":{\"listItem\":\"Section of new Town Bikeway access to facility \"}},\"190\":{\"type\":\"8\",\"fields\":{\"listItem\":\"New Accessible parking \"}},\"191\":{\"type\":\"8\",\"fields\":{\"listItem\":\"Renovated two story press box\"}},\"192\":{\"type\":\"8\",\"fields\":{\"listItem\":\"Restored historical field signage archway \"}},\"193\":{\"type\":\"8\",\"fields\":{\"listItem\":\"Decorative site lighting \"}}},\"centered\":\"\",\"lift\":\"\",\"lightGrayBackground\":\"\"}},\"195\":{\"type\":\"contact\",\"enabled\":\"1\",\"fields\":{\"heading\":\"Let\'s work together! \"}},\"196\":{\"type\":\"relatedCallOuts\",\"enabled\":\"1\",\"fields\":{\"heading\":\"Related Projects \",\"callOuts\":[\"139\",\"53\"]}},\"197\":{\"type\":\"people\",\"enabled\":\"1\",\"fields\":{\"heading\":\"Meet the team involved.\",\"people\":{\"198\":{\"type\":\"22\",\"fields\":{\"person\":[\"35\"],\"role\":[\"42\"]}}}}}},\"130\":{\"176\":{\"type\":\"featuredimage\",\"enabled\":\"1\",\"fields\":{\"heading\":\"Transform the virtually unusable into a true showcase athletic venue for the community and the region. \",\"subheading\":\"The Challenge\",\"image\":{\"177\":{\"type\":\"21\",\"fields\":{\"mobileImage\":[\"175\"],\"desktopImage\":[\"175\"]}}},\"animated\":\"1\"}}},\"150\":\"\",\"112\":[\"22\",\"25\"],\"113\":[\"4\",\"5\",\"16\",\"18\"]}}', '2017-07-25 20:35:55', '2017-07-25 20:35:55', '02ceefad-9878-4acd-98d5-591c8930d3a9'),
 ('61', '139', '3', '1', 'en_us', '13', '', '{\"typeId\":\"3\",\"authorId\":\"1\",\"title\":\"Agawam High School Athletic Facility Renovation \",\"slug\":\"agawam-high-school-athletic-facility-renovation\",\"postDate\":1498665240,\"expiryDate\":null,\"enabled\":1,\"parentId\":null,\"fields\":{\"132\":{\"name\":\"\",\"street\":\"\",\"street2\":\"\",\"city\":\"Agawam\",\"region\":\"Massachusetts \",\"postalCode\":\"\",\"country\":\"US\"},\"133\":\"Agawam High School \",\"3\":{\"142\":{\"type\":\"imageTextPanel\",\"enabled\":\"1\",\"fields\":{\"orientation\":\"right\",\"heading\":\"What we faced. \",\"body\":\"<p>A wonderfully passionate community was in dire need of safer and more adequate athletic facilities at their High School Athletic Complex. What existed was an outdated, unsafe, undersized, and unuseable track and bleacher system, non-accessible and inadequate restroom, concessions, and storage facilities. The inadequate number of tennis courts in need of repair and an overall inefficient and unsafe layout of conflicting field and sport uses.<\\/p>\",\"list\":\"\",\"callToAction\":{\"type\":\"\",\"custom\":\"\",\"entry\":\"\",\"target\":\"\"},\"image\":[\"225\"]}},\"143\":{\"type\":\"textPanel\",\"enabled\":\"1\",\"fields\":{\"heading\":\"Including Passionate Stakeholders in the Master Planning Process \",\"body\":\"<p>Although with every design project the actual details for construction are extremely important to the success of the project, &nbsp;perhaps equally important is the early involvement of the stakeholders in the concept stages of the project. &nbsp;&nbsp;Our goal of the masterplanning process was to engage with the Track Committee and the users of the facility, the coaches, the booster club, the players, and the maintenance and facilities staff. &nbsp;Only after having an informed ideas of what the stakeholders envision, could we put our designer hats on and begin the design and concept planning. &nbsp;By having periodic check-ins and presentations with the stakeholders during our concept design phases, it made the \\u201cbuy-in\\u201d of the project design a much smoother and cost effective process as the plans and specifications advanced through to bid documents.. &nbsp;The success of the project was our design team\'s ability to create a balance between the the long wish list of stakeholder desires, &nbsp;and the real constraints of the project budget. <\\/p>\"}},\"144\":{\"type\":\"imageTextPanel\",\"enabled\":\"1\",\"fields\":{\"orientation\":\"left\",\"heading\":\"The work in-progress \",\"body\":\"<p>Due the size of the project and the inclusion of the complete renovation of the the Boys & Girls locker and team room facilities internal to the school, the project was required to follow the MGL Chapter 149 bidding requirements. This bidding procedure was lead by the MMI design team and led to a project that was completed within budget. <\\/p>\\r\\n<p>The resulting athletic facility is a true testament to a collaborative design process. Collaborative not only in the sense of our engineers, planners and landscape architects, but a true collaboration between design team and the community.<\\/p>\",\"list\":\"\",\"callToAction\":{\"type\":\"\",\"custom\":\"\",\"entry\":\"\",\"target\":\"\"},\"image\":[\"225\"]}},\"145\":{\"type\":\"gallery\",\"enabled\":\"1\",\"fields\":{\"heading\":\"A look at the finished product. \",\"gallery\":{\"159\":{\"type\":\"3\",\"fields\":{\"mediaAsset\":\"\",\"caption\":\"\"}}}}},\"146\":{\"type\":\"listPanel\",\"enabled\":\"1\",\"fields\":{\"heading\":\"A list of Facility Improvements include: \",\"body\":\"\",\"list\":\"\",\"centered\":\"\",\"lift\":\"\",\"lightGrayBackground\":\"\"}},\"178\":{\"type\":\"listPanel\",\"enabled\":\"1\",\"fields\":{\"heading\":\"A List of Facility Improvements include: \",\"body\":\"\",\"list\":{\"179\":{\"type\":\"8\",\"fields\":{\"listItem\":\"New Boys & Girls Locker Rooms\"}},\"180\":{\"type\":\"8\",\"fields\":{\"listItem\":\"New 6 lane (8 straight) synthetic track\"}},\"181\":{\"type\":\"8\",\"fields\":{\"listItem\":\"New full size synthetic turf field with new field lighting system\"}},\"182\":{\"type\":\"8\",\"fields\":{\"listItem\":\"New 1500 seat bleacher system \"}},\"183\":{\"type\":\"8\",\"fields\":{\"listItem\":\"New stadium scoreboard and sound system\"}},\"184\":{\"type\":\"8\",\"fields\":{\"listItem\":\"New Ticketing\\/Concession\\/Restroom\\/Satellite Trainers room and three bay storage facility \"}},\"185\":{\"type\":\"8\",\"fields\":{\"listItem\":\"New girls softball field, dugouts, and scoreboard\"}},\"186\":{\"type\":\"8\",\"fields\":{\"listItem\":\"New baseball field, dugouts, fencing, batting cage and scoreboard\"}},\"187\":{\"type\":\"8\",\"fields\":{\"listItem\":\"New multi-use natural grass athletic fields and irrigation \"}},\"188\":{\"type\":\"8\",\"fields\":{\"listItem\":\"New (6) post tensioned concrete tennis courts with basketball accommodations \"}},\"189\":{\"type\":\"8\",\"fields\":{\"listItem\":\"Section of new Town Bikeway access to facility \"}},\"190\":{\"type\":\"8\",\"fields\":{\"listItem\":\"New Accessible parking \"}},\"191\":{\"type\":\"8\",\"fields\":{\"listItem\":\"Renovated two story press box\"}},\"192\":{\"type\":\"8\",\"fields\":{\"listItem\":\"Restored historical field signage archway \"}},\"193\":{\"type\":\"8\",\"fields\":{\"listItem\":\"Decorative site lighting \"}}},\"centered\":\"\",\"lift\":\"\",\"lightGrayBackground\":\"\"}},\"195\":{\"type\":\"contact\",\"enabled\":\"1\",\"fields\":{\"heading\":\"Let\'s work together! \"}},\"196\":{\"type\":\"relatedCallOuts\",\"enabled\":\"1\",\"fields\":{\"heading\":\"Related Projects \",\"callOuts\":[\"139\",\"53\"]}},\"197\":{\"type\":\"people\",\"enabled\":\"1\",\"fields\":{\"heading\":\"Meet the team involved.\",\"people\":{\"198\":{\"type\":\"22\",\"fields\":{\"person\":[\"35\"],\"role\":[\"42\"]}}}}}},\"130\":{\"176\":{\"type\":\"featuredimage\",\"enabled\":\"1\",\"fields\":{\"heading\":\"Transform the virtually unusable into a true showcase athletic venue for the community and the region. \",\"subheading\":\"The Challenge\",\"image\":{\"177\":{\"type\":\"21\",\"fields\":{\"mobileImage\":[\"175\"],\"desktopImage\":[\"175\"]}}},\"animated\":\"1\"}}},\"150\":\"\",\"112\":[\"22\",\"25\"],\"113\":[\"4\",\"5\",\"16\",\"18\"]}}', '2017-07-25 21:00:11', '2017-07-25 21:00:11', '65abb24d-1280-480d-8acb-c87c80013950'),
 ('62', '139', '3', '1', 'en_us', '14', '', '{\"typeId\":\"3\",\"authorId\":\"1\",\"title\":\"Agawam High School Athletic Facility Renovation \",\"slug\":\"agawam-high-school-athletic-facility-renovation\",\"postDate\":1498665240,\"expiryDate\":null,\"enabled\":1,\"parentId\":null,\"fields\":{\"132\":{\"name\":\"\",\"street\":\"\",\"street2\":\"\",\"city\":\"Agawam\",\"region\":\"Massachusetts \",\"postalCode\":\"\",\"country\":\"US\"},\"133\":\"Agawam High School \",\"3\":{\"142\":{\"type\":\"imageTextPanel\",\"enabled\":\"1\",\"fields\":{\"orientation\":\"right\",\"heading\":\"What we faced. \",\"body\":\"<p>A wonderfully passionate community was in dire need of safer and more adequate athletic facilities at their High School Athletic Complex. What existed was an outdated, unsafe, undersized, and unuseable track and bleacher system, non-accessible and inadequate restroom, concessions, and storage facilities. The inadequate number of tennis courts in need of repair and an overall inefficient and unsafe layout of conflicting field and sport uses.<\\/p>\",\"list\":\"\",\"callToAction\":{\"type\":\"\",\"custom\":\"\",\"entry\":\"\",\"target\":\"\"},\"image\":[\"225\"]}},\"143\":{\"type\":\"textPanel\",\"enabled\":\"1\",\"fields\":{\"heading\":\"Including Passionate Stakeholders in the Master Planning Process \",\"body\":\"<p>Although with every design project the actual details for construction are extremely important to the success of the project, &nbsp;perhaps equally important is the early involvement of the stakeholders in the concept stages of the project. &nbsp;&nbsp;Our goal of the masterplanning process was to engage with the Track Committee and the users of the facility, the coaches, the booster club, the players, and the maintenance and facilities staff. &nbsp;Only after having an informed ideas of what the stakeholders envision, could we put our designer hats on and begin the design and concept planning. &nbsp;By having periodic check-ins and presentations with the stakeholders during our concept design phases, it made the \\u201cbuy-in\\u201d of the project design a much smoother and cost effective process as the plans and specifications advanced through to bid documents.. &nbsp;The success of the project was our design team\'s ability to create a balance between the the long wish list of stakeholder desires, &nbsp;and the real constraints of the project budget. <\\/p>\"}},\"144\":{\"type\":\"imageTextPanel\",\"enabled\":\"1\",\"fields\":{\"orientation\":\"left\",\"heading\":\"The work in-progress \",\"body\":\"<p>Due the size of the project and the inclusion of the complete renovation of the the Boys & Girls locker and team room facilities internal to the school, the project was required to follow the MGL Chapter 149 bidding requirements. This bidding procedure was lead by the MMI design team and led to a project that was completed within budget. <\\/p>\\r\\n<p>The resulting athletic facility is a true testament to a collaborative design process. Collaborative not only in the sense of our engineers, planners and landscape architects, but a true collaboration between design team and the community.<\\/p>\",\"list\":\"\",\"callToAction\":{\"type\":\"\",\"custom\":\"\",\"entry\":\"\",\"target\":\"\"},\"image\":[\"225\"]}},\"145\":{\"type\":\"gallery\",\"enabled\":\"1\",\"fields\":{\"heading\":\"A look at the finished product. \",\"gallery\":{\"159\":{\"type\":\"3\",\"fields\":{\"mediaAsset\":[\"227\"],\"caption\":\"\"}}}}},\"146\":{\"type\":\"listPanel\",\"enabled\":\"1\",\"fields\":{\"heading\":\"A list of Facility Improvements include: \",\"body\":\"\",\"list\":\"\",\"centered\":\"\",\"lift\":\"\",\"lightGrayBackground\":\"\"}},\"178\":{\"type\":\"listPanel\",\"enabled\":\"1\",\"fields\":{\"heading\":\"A List of Facility Improvements include: \",\"body\":\"\",\"list\":{\"179\":{\"type\":\"8\",\"fields\":{\"listItem\":\"New Boys & Girls Locker Rooms\"}},\"180\":{\"type\":\"8\",\"fields\":{\"listItem\":\"New 6 lane (8 straight) synthetic track\"}},\"181\":{\"type\":\"8\",\"fields\":{\"listItem\":\"New full size synthetic turf field with new field lighting system\"}},\"182\":{\"type\":\"8\",\"fields\":{\"listItem\":\"New 1500 seat bleacher system \"}},\"183\":{\"type\":\"8\",\"fields\":{\"listItem\":\"New stadium scoreboard and sound system\"}},\"184\":{\"type\":\"8\",\"fields\":{\"listItem\":\"New Ticketing\\/Concession\\/Restroom\\/Satellite Trainers room and three bay storage facility \"}},\"185\":{\"type\":\"8\",\"fields\":{\"listItem\":\"New girls softball field, dugouts, and scoreboard\"}},\"186\":{\"type\":\"8\",\"fields\":{\"listItem\":\"New baseball field, dugouts, fencing, batting cage and scoreboard\"}},\"187\":{\"type\":\"8\",\"fields\":{\"listItem\":\"New multi-use natural grass athletic fields and irrigation \"}},\"188\":{\"type\":\"8\",\"fields\":{\"listItem\":\"New (6) post tensioned concrete tennis courts with basketball accommodations \"}},\"189\":{\"type\":\"8\",\"fields\":{\"listItem\":\"Section of new Town Bikeway access to facility \"}},\"190\":{\"type\":\"8\",\"fields\":{\"listItem\":\"New Accessible parking \"}},\"191\":{\"type\":\"8\",\"fields\":{\"listItem\":\"Renovated two story press box\"}},\"192\":{\"type\":\"8\",\"fields\":{\"listItem\":\"Restored historical field signage archway \"}},\"193\":{\"type\":\"8\",\"fields\":{\"listItem\":\"Decorative site lighting \"}}},\"centered\":\"\",\"lift\":\"\",\"lightGrayBackground\":\"\"}},\"195\":{\"type\":\"contact\",\"enabled\":\"1\",\"fields\":{\"heading\":\"Let\'s work together! \"}},\"196\":{\"type\":\"relatedCallOuts\",\"enabled\":\"1\",\"fields\":{\"heading\":\"Related Projects \",\"callOuts\":[\"139\",\"53\"]}},\"197\":{\"type\":\"people\",\"enabled\":\"1\",\"fields\":{\"heading\":\"Meet the team involved.\",\"people\":{\"198\":{\"type\":\"22\",\"fields\":{\"person\":[\"35\"],\"role\":[\"42\"]}}}}}},\"130\":{\"176\":{\"type\":\"featuredimage\",\"enabled\":\"1\",\"fields\":{\"heading\":\"Transform the virtually unusable into a true showcase athletic venue for the community and the region. \",\"subheading\":\"The Challenge\",\"image\":{\"177\":{\"type\":\"21\",\"fields\":{\"mobileImage\":[\"175\"],\"desktopImage\":[\"175\"]}}},\"animated\":\"1\"}}},\"150\":\"\",\"112\":[\"22\",\"25\"],\"113\":[\"4\",\"5\",\"16\",\"18\"]}}', '2017-07-25 21:01:04', '2017-07-25 21:01:04', 'a2f04cab-a411-433f-b950-dd1a6723ebc1'),
 ('63', '139', '3', '1', 'en_us', '15', '', '{\"typeId\":\"3\",\"authorId\":\"1\",\"title\":\"Agawam High School Athletic Facility Renovation \",\"slug\":\"agawam-high-school-athletic-facility-renovation\",\"postDate\":1498665240,\"expiryDate\":null,\"enabled\":1,\"parentId\":null,\"fields\":{\"132\":{\"name\":\"\",\"street\":\"\",\"street2\":\"\",\"city\":\"Agawam\",\"region\":\"Massachusetts \",\"postalCode\":\"\",\"country\":\"US\"},\"133\":\"Agawam High School \",\"3\":{\"142\":{\"type\":\"imageTextPanel\",\"enabled\":\"1\",\"fields\":{\"orientation\":\"right\",\"heading\":\"What we faced. \",\"body\":\"<p>A wonderfully passionate community was in dire need of safer and more adequate athletic facilities at their High School Athletic Complex. What existed was an outdated, unsafe, undersized, and unuseable track and bleacher system, non-accessible and inadequate restroom, concessions, and storage facilities. The inadequate number of tennis courts in need of repair and an overall inefficient and unsafe layout of conflicting field and sport uses.<\\/p>\",\"list\":\"\",\"callToAction\":{\"type\":\"\",\"custom\":\"\",\"entry\":\"\",\"target\":\"\"},\"image\":[\"225\"]}},\"143\":{\"type\":\"textPanel\",\"enabled\":\"1\",\"fields\":{\"heading\":\"Including Passionate Stakeholders in the Master Planning Process \",\"body\":\"<p>Although with every design project the actual details for construction are extremely important to the success of the project, &nbsp;perhaps equally important is the early involvement of the stakeholders in the concept stages of the project. &nbsp;&nbsp;Our goal of the masterplanning process was to engage with the Track Committee and the users of the facility, the coaches, the booster club, the players, and the maintenance and facilities staff. &nbsp;Only after having an informed ideas of what the stakeholders envision, could we put our designer hats on and begin the design and concept planning. &nbsp;By having periodic check-ins and presentations with the stakeholders during our concept design phases, it made the \\u201cbuy-in\\u201d of the project design a much smoother and cost effective process as the plans and specifications advanced through to bid documents.. &nbsp;The success of the project was our design team\'s ability to create a balance between the the long wish list of stakeholder desires, &nbsp;and the real constraints of the project budget. <\\/p>\"}},\"144\":{\"type\":\"imageTextPanel\",\"enabled\":\"1\",\"fields\":{\"orientation\":\"left\",\"heading\":\"The work in-progress \",\"body\":\"<p>Due the size of the project and the inclusion of the complete renovation of the the Boys & Girls locker and team room facilities internal to the school, the project was required to follow the MGL Chapter 149 bidding requirements. This bidding procedure was lead by the MMI design team and led to a project that was completed within budget. <\\/p>\\r\\n<p>The resulting athletic facility is a true testament to a collaborative design process. Collaborative not only in the sense of our engineers, planners and landscape architects, but a true collaboration between design team and the community.<\\/p>\",\"list\":\"\",\"callToAction\":{\"type\":\"\",\"custom\":\"\",\"entry\":\"\",\"target\":\"\"},\"image\":[\"225\"]}},\"145\":{\"type\":\"gallery\",\"enabled\":\"1\",\"fields\":{\"heading\":\"A look at the finished product. \",\"gallery\":{\"159\":{\"type\":\"3\",\"fields\":{\"mediaAsset\":[\"227\"],\"caption\":\"\"}}}}},\"146\":{\"type\":\"listPanel\",\"enabled\":\"1\",\"fields\":{\"heading\":\"A list of Facility Improvements include: \",\"body\":\"\",\"list\":\"\",\"centered\":\"\",\"lift\":\"\",\"lightGrayBackground\":\"\"}},\"178\":{\"type\":\"listPanel\",\"enabled\":\"1\",\"fields\":{\"heading\":\"A List of Facility Improvements include: \",\"body\":\"\",\"list\":{\"179\":{\"type\":\"8\",\"fields\":{\"listItem\":\"New Boys & Girls Locker Rooms\"}},\"180\":{\"type\":\"8\",\"fields\":{\"listItem\":\"New 6 lane (8 straight) synthetic track\"}},\"181\":{\"type\":\"8\",\"fields\":{\"listItem\":\"New full size synthetic turf field with new field lighting system\"}},\"182\":{\"type\":\"8\",\"fields\":{\"listItem\":\"New 1500 seat bleacher system \"}},\"183\":{\"type\":\"8\",\"fields\":{\"listItem\":\"New stadium scoreboard and sound system\"}},\"184\":{\"type\":\"8\",\"fields\":{\"listItem\":\"New Ticketing\\/Concession\\/Restroom\\/Satellite Trainers room and three bay storage facility \"}},\"185\":{\"type\":\"8\",\"fields\":{\"listItem\":\"New girls softball field, dugouts, and scoreboard\"}},\"186\":{\"type\":\"8\",\"fields\":{\"listItem\":\"New baseball field, dugouts, fencing, batting cage and scoreboard\"}},\"187\":{\"type\":\"8\",\"fields\":{\"listItem\":\"New multi-use natural grass athletic fields and irrigation \"}},\"188\":{\"type\":\"8\",\"fields\":{\"listItem\":\"New (6) post tensioned concrete tennis courts with basketball accommodations \"}},\"189\":{\"type\":\"8\",\"fields\":{\"listItem\":\"Section of new Town Bikeway access to facility \"}},\"190\":{\"type\":\"8\",\"fields\":{\"listItem\":\"New Accessible parking \"}},\"191\":{\"type\":\"8\",\"fields\":{\"listItem\":\"Renovated two story press box\"}},\"192\":{\"type\":\"8\",\"fields\":{\"listItem\":\"Restored historical field signage archway \"}},\"193\":{\"type\":\"8\",\"fields\":{\"listItem\":\"Decorative site lighting \"}}},\"centered\":\"\",\"lift\":\"\",\"lightGrayBackground\":\"\"}},\"195\":{\"type\":\"contact\",\"enabled\":\"\",\"fields\":{\"heading\":\"Let\'s work together! \"}},\"196\":{\"type\":\"relatedCallOuts\",\"enabled\":\"1\",\"fields\":{\"heading\":\"Related Projects \",\"callOuts\":[\"139\",\"53\"]}},\"197\":{\"type\":\"people\",\"enabled\":\"1\",\"fields\":{\"heading\":\"Meet the team involved.\",\"people\":{\"198\":{\"type\":\"22\",\"fields\":{\"person\":[\"35\"],\"role\":[\"42\"]}}}}}},\"130\":{\"176\":{\"type\":\"featuredimage\",\"enabled\":\"1\",\"fields\":{\"heading\":\"Transform the virtually unusable into a true showcase athletic venue for the community and the region. \",\"subheading\":\"The Challenge\",\"image\":{\"177\":{\"type\":\"21\",\"fields\":{\"mobileImage\":[\"175\"],\"desktopImage\":[\"175\"]}}},\"animated\":\"1\"}}},\"150\":\"\",\"112\":[\"22\",\"25\"],\"113\":[\"4\",\"5\",\"16\",\"18\"]}}', '2017-07-25 21:03:14', '2017-07-25 21:03:14', 'd936ce80-17c8-456a-a07b-8a93c14ec217'),
 ('64', '139', '3', '1', 'en_us', '16', '', '{\"typeId\":\"3\",\"authorId\":\"1\",\"title\":\"Agawam High School Athletic Facility Renovation \",\"slug\":\"agawam-high-school-athletic-facility-renovation\",\"postDate\":1498665240,\"expiryDate\":null,\"enabled\":1,\"parentId\":null,\"fields\":{\"132\":{\"name\":\"\",\"street\":\"\",\"street2\":\"\",\"city\":\"Agawam\",\"region\":\"Massachusetts \",\"postalCode\":\"\",\"country\":\"US\"},\"133\":\"Agawam High School \",\"3\":{\"142\":{\"type\":\"imageTextPanel\",\"enabled\":\"1\",\"fields\":{\"orientation\":\"right\",\"heading\":\"What we faced. \",\"body\":\"<p>A wonderfully passionate community was in dire need of safer and more adequate athletic facilities at their High School Athletic Complex. What existed was an outdated, unsafe, undersized, and unuseable track and bleacher system, non-accessible and inadequate restroom, concessions, and storage facilities. The inadequate number of tennis courts in need of repair and an overall inefficient and unsafe layout of conflicting field and sport uses.<\\/p>\",\"list\":\"\",\"callToAction\":{\"type\":\"\",\"custom\":\"\",\"entry\":\"\",\"target\":\"\"},\"image\":[\"225\"]}},\"143\":{\"type\":\"textPanel\",\"enabled\":\"1\",\"fields\":{\"heading\":\"Including Passionate Stakeholders in the Master Planning Process \",\"body\":\"<p>Although with every design project the actual details for construction are extremely important to the success of the project, &nbsp;perhaps equally important is the early involvement of the stakeholders in the concept stages of the project. &nbsp;&nbsp;Our goal of the masterplanning process was to engage with the Track Committee and the users of the facility, the coaches, the booster club, the players, and the maintenance and facilities staff. &nbsp;Only after having an informed ideas of what the stakeholders envision, could we put our designer hats on and begin the design and concept planning. &nbsp;By having periodic check-ins and presentations with the stakeholders during our concept design phases, it made the \\u201cbuy-in\\u201d of the project design a much smoother and cost effective process as the plans and specifications advanced through to bid documents.. &nbsp;The success of the project was our design team\'s ability to create a balance between the the long wish list of stakeholder desires, &nbsp;and the real constraints of the project budget. <\\/p>\"}},\"144\":{\"type\":\"imageTextPanel\",\"enabled\":\"1\",\"fields\":{\"orientation\":\"left\",\"heading\":\"The work in-progress \",\"body\":\"<p>Due the size of the project and the inclusion of the complete renovation of the the Boys & Girls locker and team room facilities internal to the school, the project was required to follow the MGL Chapter 149 bidding requirements. This bidding procedure was lead by the MMI design team and led to a project that was completed within budget. <\\/p>\\r\\n<p>The resulting athletic facility is a true testament to a collaborative design process. Collaborative not only in the sense of our engineers, planners and landscape architects, but a true collaboration between design team and the community.<\\/p>\",\"list\":\"\",\"callToAction\":{\"type\":\"\",\"custom\":\"\",\"entry\":\"\",\"target\":\"\"},\"image\":[\"225\"]}},\"145\":{\"type\":\"gallery\",\"enabled\":\"1\",\"fields\":{\"heading\":\"A look at the finished product. \",\"gallery\":{\"159\":{\"type\":\"3\",\"fields\":{\"mediaAsset\":[\"227\"],\"caption\":\"\"}}}}},\"146\":{\"type\":\"listPanel\",\"enabled\":\"1\",\"fields\":{\"heading\":\"A list of Facility Improvements include: \",\"body\":\"\",\"list\":\"\",\"centered\":\"\",\"lift\":\"\",\"lightGrayBackground\":\"\"}},\"178\":{\"type\":\"listPanel\",\"enabled\":\"1\",\"fields\":{\"heading\":\"A List of Facility Improvements include: \",\"body\":\"\",\"list\":{\"179\":{\"type\":\"8\",\"fields\":{\"listItem\":\"New Boys & Girls Locker Rooms\"}},\"180\":{\"type\":\"8\",\"fields\":{\"listItem\":\"New 6 lane (8 straight) synthetic track\"}},\"181\":{\"type\":\"8\",\"fields\":{\"listItem\":\"New full size synthetic turf field with new field lighting system\"}},\"182\":{\"type\":\"8\",\"fields\":{\"listItem\":\"New 1500 seat bleacher system \"}},\"183\":{\"type\":\"8\",\"fields\":{\"listItem\":\"New stadium scoreboard and sound system\"}},\"184\":{\"type\":\"8\",\"fields\":{\"listItem\":\"New Ticketing\\/Concession\\/Restroom\\/Satellite Trainers room and three bay storage facility \"}},\"185\":{\"type\":\"8\",\"fields\":{\"listItem\":\"New girls softball field, dugouts, and scoreboard\"}},\"186\":{\"type\":\"8\",\"fields\":{\"listItem\":\"New baseball field, dugouts, fencing, batting cage and scoreboard\"}},\"187\":{\"type\":\"8\",\"fields\":{\"listItem\":\"New multi-use natural grass athletic fields and irrigation \"}},\"188\":{\"type\":\"8\",\"fields\":{\"listItem\":\"New (6) post tensioned concrete tennis courts with basketball accommodations \"}},\"189\":{\"type\":\"8\",\"fields\":{\"listItem\":\"Section of new Town Bikeway access to facility \"}},\"190\":{\"type\":\"8\",\"fields\":{\"listItem\":\"New Accessible parking \"}},\"191\":{\"type\":\"8\",\"fields\":{\"listItem\":\"Renovated two story press box\"}},\"192\":{\"type\":\"8\",\"fields\":{\"listItem\":\"Restored historical field signage archway \"}},\"193\":{\"type\":\"8\",\"fields\":{\"listItem\":\"Decorative site lighting \"}}},\"centered\":\"\",\"lift\":\"\",\"lightGrayBackground\":\"\"}},\"195\":{\"type\":\"contact\",\"enabled\":\"\",\"fields\":{\"heading\":\"Let\'s work together! \"}},\"196\":{\"type\":\"relatedCallOuts\",\"enabled\":\"1\",\"fields\":{\"heading\":\"Related Projects \",\"callOuts\":[\"139\",\"53\"]}},\"197\":{\"type\":\"people\",\"enabled\":\"1\",\"fields\":{\"heading\":\"Meet the team involved.\",\"people\":{\"198\":{\"type\":\"22\",\"fields\":{\"person\":[\"35\"],\"role\":[\"42\"]}}}}}},\"130\":{\"176\":{\"type\":\"featuredimage\",\"enabled\":\"\",\"fields\":{\"heading\":\"Transform the virtually unusable into a true showcase athletic venue for the community and the region. \",\"subheading\":\"The Challenge\",\"image\":{\"177\":{\"type\":\"21\",\"fields\":{\"mobileImage\":[\"175\"],\"desktopImage\":[\"175\"]}}},\"animated\":\"1\"}}},\"150\":\"\",\"112\":[\"22\",\"25\"],\"113\":[\"4\",\"5\",\"16\",\"18\"]}}', '2017-07-25 21:04:15', '2017-07-25 21:04:15', '838f7518-ff4c-4dfa-82a8-d10dbbd5c764'),
 ('65', '139', '3', '1', 'en_us', '17', '', '{\"typeId\":\"3\",\"authorId\":\"1\",\"title\":\"Agawam High School Athletic Facility Renovation \",\"slug\":\"agawam-high-school-athletic-facility-renovation\",\"postDate\":1498665240,\"expiryDate\":null,\"enabled\":1,\"parentId\":null,\"fields\":{\"132\":{\"name\":\"\",\"street\":\"\",\"street2\":\"\",\"city\":\"Agawam\",\"region\":\"Massachusetts \",\"postalCode\":\"\",\"country\":\"US\"},\"133\":\"Agawam High School \",\"3\":{\"142\":{\"type\":\"imageTextPanel\",\"enabled\":\"1\",\"fields\":{\"orientation\":\"right\",\"heading\":\"What we faced. \",\"body\":\"<p>A wonderfully passionate community was in dire need of safer and more adequate athletic facilities at their High School Athletic Complex. What existed was an outdated, unsafe, undersized, and unuseable track and bleacher system, non-accessible and inadequate restroom, concessions, and storage facilities. The inadequate number of tennis courts in need of repair and an overall inefficient and unsafe layout of conflicting field and sport uses.<\\/p>\",\"list\":\"\",\"callToAction\":{\"type\":\"\",\"custom\":\"\",\"entry\":\"\",\"target\":\"\"},\"image\":[\"225\"]}},\"143\":{\"type\":\"textPanel\",\"enabled\":\"1\",\"fields\":{\"heading\":\"Including Passionate Stakeholders in the Master Planning Process \",\"body\":\"<p>Although with every design project the actual details for construction are extremely important to the success of the project, &nbsp;perhaps equally important is the early involvement of the stakeholders in the concept stages of the project. &nbsp;&nbsp;Our goal of the masterplanning process was to engage with the Track Committee and the users of the facility, the coaches, the booster club, the players, and the maintenance and facilities staff. &nbsp;Only after having an informed ideas of what the stakeholders envision, could we put our designer hats on and begin the design and concept planning. &nbsp;By having periodic check-ins and presentations with the stakeholders during our concept design phases, it made the \\u201cbuy-in\\u201d of the project design a much smoother and cost effective process as the plans and specifications advanced through to bid documents.. &nbsp;The success of the project was our design team\'s ability to create a balance between the the long wish list of stakeholder desires, &nbsp;and the real constraints of the project budget. <\\/p>\"}},\"144\":{\"type\":\"imageTextPanel\",\"enabled\":\"1\",\"fields\":{\"orientation\":\"left\",\"heading\":\"The work in-progress \",\"body\":\"<p>Due the size of the project and the inclusion of the complete renovation of the the Boys & Girls locker and team room facilities internal to the school, the project was required to follow the MGL Chapter 149 bidding requirements. This bidding procedure was lead by the MMI design team and led to a project that was completed within budget. <\\/p>\\r\\n<p>The resulting athletic facility is a true testament to a collaborative design process. Collaborative not only in the sense of our engineers, planners and landscape architects, but a true collaboration between design team and the community.<\\/p>\",\"list\":\"\",\"callToAction\":{\"type\":\"\",\"custom\":\"\",\"entry\":\"\",\"target\":\"\"},\"image\":[\"225\"]}},\"145\":{\"type\":\"gallery\",\"enabled\":\"1\",\"fields\":{\"heading\":\"A look at the finished product. \",\"gallery\":{\"159\":{\"type\":\"3\",\"fields\":{\"mediaAsset\":[\"227\"],\"caption\":\"\"}}}}},\"146\":{\"type\":\"listPanel\",\"enabled\":\"1\",\"fields\":{\"heading\":\"A list of Facility Improvements include: \",\"body\":\"\",\"list\":\"\",\"centered\":\"\",\"lift\":\"\",\"lightGrayBackground\":\"\"}},\"178\":{\"type\":\"listPanel\",\"enabled\":\"1\",\"fields\":{\"heading\":\"A List of Facility Improvements include: \",\"body\":\"\",\"list\":{\"179\":{\"type\":\"8\",\"fields\":{\"listItem\":\"New Boys & Girls Locker Rooms\"}},\"180\":{\"type\":\"8\",\"fields\":{\"listItem\":\"New 6 lane (8 straight) synthetic track\"}},\"181\":{\"type\":\"8\",\"fields\":{\"listItem\":\"New full size synthetic turf field with new field lighting system\"}},\"182\":{\"type\":\"8\",\"fields\":{\"listItem\":\"New 1500 seat bleacher system \"}},\"183\":{\"type\":\"8\",\"fields\":{\"listItem\":\"New stadium scoreboard and sound system\"}},\"184\":{\"type\":\"8\",\"fields\":{\"listItem\":\"New Ticketing\\/Concession\\/Restroom\\/Satellite Trainers room and three bay storage facility \"}},\"185\":{\"type\":\"8\",\"fields\":{\"listItem\":\"New girls softball field, dugouts, and scoreboard\"}},\"186\":{\"type\":\"8\",\"fields\":{\"listItem\":\"New baseball field, dugouts, fencing, batting cage and scoreboard\"}},\"187\":{\"type\":\"8\",\"fields\":{\"listItem\":\"New multi-use natural grass athletic fields and irrigation \"}},\"188\":{\"type\":\"8\",\"fields\":{\"listItem\":\"New (6) post tensioned concrete tennis courts with basketball accommodations \"}},\"189\":{\"type\":\"8\",\"fields\":{\"listItem\":\"Section of new Town Bikeway access to facility \"}},\"190\":{\"type\":\"8\",\"fields\":{\"listItem\":\"New Accessible parking \"}},\"191\":{\"type\":\"8\",\"fields\":{\"listItem\":\"Renovated two story press box\"}},\"192\":{\"type\":\"8\",\"fields\":{\"listItem\":\"Restored historical field signage archway \"}},\"193\":{\"type\":\"8\",\"fields\":{\"listItem\":\"Decorative site lighting \"}}},\"centered\":\"\",\"lift\":\"\",\"lightGrayBackground\":\"\"}},\"195\":{\"type\":\"contact\",\"enabled\":\"\",\"fields\":{\"heading\":\"Let\'s work together! \"}},\"196\":{\"type\":\"relatedCallOuts\",\"enabled\":\"1\",\"fields\":{\"heading\":\"Related Projects \",\"callOuts\":[\"139\",\"53\"]}},\"197\":{\"type\":\"people\",\"enabled\":\"1\",\"fields\":{\"heading\":\"Meet the team involved.\",\"people\":{\"198\":{\"type\":\"22\",\"fields\":{\"person\":[\"35\"],\"role\":[\"42\"]}}}}}},\"130\":{\"176\":{\"type\":\"featuredimage\",\"enabled\":\"1\",\"fields\":{\"heading\":\"Transform the virtually unusable into a true showcase athletic venue for the community and the region. \",\"subheading\":\"The Challenge\",\"image\":{\"177\":{\"type\":\"21\",\"fields\":{\"mobileImage\":[\"175\"],\"desktopImage\":[\"175\"]}}},\"animated\":\"1\"}}},\"150\":\"\",\"112\":[\"22\",\"25\"],\"113\":[\"4\",\"5\",\"16\",\"18\"]}}', '2017-07-25 21:04:50', '2017-07-25 21:04:50', '0cae9081-6856-4016-86c0-846be6dfb091'),
 ('66', '139', '3', '1', 'en_us', '18', '', '{\"typeId\":\"3\",\"authorId\":\"1\",\"title\":\"Agawam High School Athletic Facility Renovation \",\"slug\":\"agawam-high-school-athletic-facility-renovation\",\"postDate\":1498665240,\"expiryDate\":null,\"enabled\":1,\"parentId\":null,\"fields\":{\"132\":{\"name\":\"\",\"street\":\"\",\"street2\":\"\",\"city\":\"Agawam\",\"region\":\"Massachusetts \",\"postalCode\":\"\",\"country\":\"US\"},\"133\":\"Agawam High School \",\"3\":{\"142\":{\"type\":\"imageTextPanel\",\"enabled\":\"1\",\"fields\":{\"orientation\":\"right\",\"heading\":\"What we faced. \",\"body\":\"<p>A wonderfully passionate community was in dire need of safer and more adequate athletic facilities at their High School Athletic Complex. What existed was an outdated, unsafe, undersized, and unuseable track and bleacher system, non-accessible and inadequate restroom, concessions, and storage facilities. The inadequate number of tennis courts in need of repair and an overall inefficient and unsafe layout of conflicting field and sport uses.<\\/p>\",\"list\":\"\",\"callToAction\":{\"type\":\"\",\"custom\":\"\",\"entry\":\"\",\"target\":\"\"},\"image\":[\"225\"]}},\"143\":{\"type\":\"textPanel\",\"enabled\":\"1\",\"fields\":{\"heading\":\"Including Passionate Stakeholders in the Master Planning Process \",\"body\":\"<p>Although with every design project the actual details for construction are extremely important to the success of the project, &nbsp;perhaps equally important is the early involvement of the stakeholders in the concept stages of the project. &nbsp;&nbsp;Our goal of the masterplanning process was to engage with the Track Committee and the users of the facility, the coaches, the booster club, the players, and the maintenance and facilities staff. &nbsp;Only after having an informed ideas of what the stakeholders envision, could we put our designer hats on and begin the design and concept planning. &nbsp;By having periodic check-ins and presentations with the stakeholders during our concept design phases, it made the \\u201cbuy-in\\u201d of the project design a much smoother and cost effective process as the plans and specifications advanced through to bid documents.. &nbsp;The success of the project was our design team\'s ability to create a balance between the the long wish list of stakeholder desires, &nbsp;and the real constraints of the project budget. <\\/p>\"}},\"144\":{\"type\":\"imageTextPanel\",\"enabled\":\"1\",\"fields\":{\"orientation\":\"left\",\"heading\":\"The work in-progress \",\"body\":\"<p>Due the size of the project and the inclusion of the complete renovation of the the Boys & Girls locker and team room facilities internal to the school, the project was required to follow the MGL Chapter 149 bidding requirements. This bidding procedure was lead by the MMI design team and led to a project that was completed within budget. <\\/p>\\r\\n<p>The resulting athletic facility is a true testament to a collaborative design process. Collaborative not only in the sense of our engineers, planners and landscape architects, but a true collaboration between design team and the community.<\\/p>\",\"list\":\"\",\"callToAction\":{\"type\":\"\",\"custom\":\"\",\"entry\":\"\",\"target\":\"\"},\"image\":[\"225\"]}},\"145\":{\"type\":\"gallery\",\"enabled\":\"1\",\"fields\":{\"heading\":\"A look at the finished product. \",\"gallery\":{\"159\":{\"type\":\"3\",\"fields\":{\"mediaAsset\":[\"227\"],\"caption\":\"\"}}}}},\"178\":{\"type\":\"listPanel\",\"enabled\":\"1\",\"fields\":{\"heading\":\"A List of Facility Improvements include: \",\"body\":\"\",\"list\":{\"179\":{\"type\":\"8\",\"fields\":{\"listItem\":\"New Boys & Girls Locker Rooms\"}},\"180\":{\"type\":\"8\",\"fields\":{\"listItem\":\"New 6 lane (8 straight) synthetic track\"}},\"181\":{\"type\":\"8\",\"fields\":{\"listItem\":\"New full size synthetic turf field with new field lighting system\"}},\"182\":{\"type\":\"8\",\"fields\":{\"listItem\":\"New 1500 seat bleacher system \"}},\"183\":{\"type\":\"8\",\"fields\":{\"listItem\":\"New stadium scoreboard and sound system\"}},\"184\":{\"type\":\"8\",\"fields\":{\"listItem\":\"New Ticketing\\/Concession\\/Restroom\\/Satellite Trainers room and three bay storage facility \"}},\"185\":{\"type\":\"8\",\"fields\":{\"listItem\":\"New girls softball field, dugouts, and scoreboard\"}},\"186\":{\"type\":\"8\",\"fields\":{\"listItem\":\"New baseball field, dugouts, fencing, batting cage and scoreboard\"}},\"187\":{\"type\":\"8\",\"fields\":{\"listItem\":\"New multi-use natural grass athletic fields and irrigation \"}},\"188\":{\"type\":\"8\",\"fields\":{\"listItem\":\"New (6) post tensioned concrete tennis courts with basketball accommodations \"}},\"189\":{\"type\":\"8\",\"fields\":{\"listItem\":\"Section of new Town Bikeway access to facility \"}},\"190\":{\"type\":\"8\",\"fields\":{\"listItem\":\"New Accessible parking \"}},\"191\":{\"type\":\"8\",\"fields\":{\"listItem\":\"Renovated two story press box\"}},\"192\":{\"type\":\"8\",\"fields\":{\"listItem\":\"Restored historical field signage archway \"}},\"193\":{\"type\":\"8\",\"fields\":{\"listItem\":\"Decorative site lighting \"}}},\"centered\":\"1\",\"lift\":\"\",\"lightGrayBackground\":\"\"}},\"197\":{\"type\":\"people\",\"enabled\":\"1\",\"fields\":{\"heading\":\"Meet the team involved.\",\"people\":{\"198\":{\"type\":\"22\",\"fields\":{\"person\":[\"35\"],\"role\":[\"42\"]}}}}},\"195\":{\"type\":\"contact\",\"enabled\":\"\",\"fields\":{\"heading\":\"Let\'s work together! \"}},\"196\":{\"type\":\"relatedCallOuts\",\"enabled\":\"1\",\"fields\":{\"heading\":\"Related Projects \",\"callOuts\":[\"139\",\"53\"]}}},\"130\":{\"176\":{\"type\":\"featuredimage\",\"enabled\":\"1\",\"fields\":{\"heading\":\"Transform the virtually unusable into a true showcase athletic venue for the community and the region. \",\"subheading\":\"The Challenge\",\"image\":{\"177\":{\"type\":\"21\",\"fields\":{\"mobileImage\":[\"175\"],\"desktopImage\":[\"175\"]}}},\"animated\":\"1\"}}},\"150\":\"\",\"112\":[\"22\",\"25\"],\"113\":[\"4\",\"5\",\"16\",\"18\"]}}', '2017-07-26 18:13:07', '2017-07-26 18:13:07', '01f3971f-8c5b-4151-bd53-bdccde6ec4cf'),
 ('67', '139', '3', '1', 'en_us', '19', '', '{\"typeId\":\"3\",\"authorId\":\"1\",\"title\":\"Agawam High School Athletic Facility Renovation \",\"slug\":\"agawam-high-school-athletic-facility-renovation\",\"postDate\":1498665240,\"expiryDate\":null,\"enabled\":1,\"parentId\":null,\"fields\":{\"132\":{\"name\":\"\",\"street\":\"\",\"street2\":\"\",\"city\":\"Agawam\",\"region\":\"Massachusetts \",\"postalCode\":\"\",\"country\":\"US\"},\"133\":\"Agawam High School \",\"3\":{\"142\":{\"type\":\"imageTextPanel\",\"enabled\":\"1\",\"fields\":{\"orientation\":\"right\",\"heading\":\"What we faced. \",\"body\":\"<p>A wonderfully passionate community was in dire need of safer and more adequate athletic facilities at their High School Athletic Complex. What existed was an outdated, unsafe, undersized, and unuseable track and bleacher system, non-accessible and inadequate restroom, concessions, and storage facilities. The inadequate number of tennis courts in need of repair and an overall inefficient and unsafe layout of conflicting field and sport uses.<\\/p>\",\"list\":\"\",\"callToAction\":{\"type\":\"\",\"custom\":\"\",\"entry\":\"\",\"target\":\"\"},\"image\":[\"228\"]}},\"143\":{\"type\":\"textPanel\",\"enabled\":\"1\",\"fields\":{\"heading\":\"Including Passionate Stakeholders in the Master Planning Process \",\"body\":\"<p>Although with every design project the actual details for construction are extremely important to the success of the project, &nbsp;perhaps equally important is the early involvement of the stakeholders in the concept stages of the project. &nbsp;&nbsp;Our goal of the masterplanning process was to engage with the Track Committee and the users of the facility, the coaches, the booster club, the players, and the maintenance and facilities staff. &nbsp;Only after having an informed ideas of what the stakeholders envision, could we put our designer hats on and begin the design and concept planning. &nbsp;By having periodic check-ins and presentations with the stakeholders during our concept design phases, it made the \\u201cbuy-in\\u201d of the project design a much smoother and cost effective process as the plans and specifications advanced through to bid documents.. &nbsp;The success of the project was our design team\'s ability to create a balance between the the long wish list of stakeholder desires, &nbsp;and the real constraints of the project budget. <\\/p>\"}},\"new1\":{\"type\":\"multipleImagePanel\",\"enabled\":\"1\",\"fields\":{\"leftImage\":[\"229\"],\"rightImage\":[\"230\"],\"upperImage\":\"left\",\"backgroundImageIsVisible\":\"\"}},\"144\":{\"type\":\"imageTextPanel\",\"enabled\":\"1\",\"fields\":{\"orientation\":\"left\",\"heading\":\"The work in-progress \",\"body\":\"<p>Due the size of the project and the inclusion of the complete renovation of the the Boys & Girls locker and team room facilities internal to the school, the project was required to follow the MGL Chapter 149 bidding requirements. This bidding procedure was lead by the MMI design team and led to a project that was completed within budget. <\\/p>\\r\\n<p>The resulting athletic facility is a true testament to a collaborative design process. Collaborative not only in the sense of our engineers, planners and landscape architects, but a true collaboration between design team and the community.<\\/p>\",\"list\":\"\",\"callToAction\":{\"type\":\"\",\"custom\":\"\",\"entry\":\"\",\"target\":\"\"},\"image\":[\"231\"]}},\"145\":{\"type\":\"gallery\",\"enabled\":\"1\",\"fields\":{\"heading\":\"A look at the finished product. \",\"gallery\":{\"159\":{\"type\":\"3\",\"fields\":{\"mediaAsset\":[\"232\"],\"caption\":\"Sample Caption here \"}},\"new1\":{\"type\":\"3\",\"fields\":{\"mediaAsset\":[\"233\"],\"caption\":\"sample caption here \"}},\"new2\":{\"type\":\"3\",\"fields\":{\"mediaAsset\":[\"234\"],\"caption\":\"sample caption here \"}},\"new3\":{\"type\":\"3\",\"fields\":{\"mediaAsset\":[\"235\"],\"caption\":\"sample caption here \"}}}}},\"178\":{\"type\":\"listPanel\",\"enabled\":\"1\",\"fields\":{\"heading\":\"A List of Facility Improvements include: \",\"body\":\"\",\"list\":{\"179\":{\"type\":\"8\",\"fields\":{\"listItem\":\"New Boys & Girls Locker Rooms\"}},\"180\":{\"type\":\"8\",\"fields\":{\"listItem\":\"New 6 lane (8 straight) synthetic track\"}},\"181\":{\"type\":\"8\",\"fields\":{\"listItem\":\"New full size synthetic turf field with new field lighting system\"}},\"182\":{\"type\":\"8\",\"fields\":{\"listItem\":\"New 1500 seat bleacher system \"}},\"183\":{\"type\":\"8\",\"fields\":{\"listItem\":\"New stadium scoreboard and sound system\"}},\"184\":{\"type\":\"8\",\"fields\":{\"listItem\":\"New Ticketing\\/Concession\\/Restroom\\/Satellite Trainers room and three bay storage facility \"}},\"185\":{\"type\":\"8\",\"fields\":{\"listItem\":\"New girls softball field, dugouts, and scoreboard\"}},\"186\":{\"type\":\"8\",\"fields\":{\"listItem\":\"New baseball field, dugouts, fencing, batting cage and scoreboard\"}},\"187\":{\"type\":\"8\",\"fields\":{\"listItem\":\"New multi-use natural grass athletic fields and irrigation \"}},\"188\":{\"type\":\"8\",\"fields\":{\"listItem\":\"New (6) post tensioned concrete tennis courts with basketball accommodations \"}},\"189\":{\"type\":\"8\",\"fields\":{\"listItem\":\"Section of new Town Bikeway access to facility \"}},\"190\":{\"type\":\"8\",\"fields\":{\"listItem\":\"New Accessible parking \"}},\"191\":{\"type\":\"8\",\"fields\":{\"listItem\":\"Renovated two story press box\"}},\"192\":{\"type\":\"8\",\"fields\":{\"listItem\":\"Restored historical field signage archway \"}},\"193\":{\"type\":\"8\",\"fields\":{\"listItem\":\"Decorative site lighting \"}}},\"centered\":\"1\",\"lift\":\"\",\"lightGrayBackground\":\"\"}},\"197\":{\"type\":\"people\",\"enabled\":\"1\",\"fields\":{\"heading\":\"Meet the team involved.\",\"people\":{\"198\":{\"type\":\"22\",\"fields\":{\"person\":[\"35\"],\"role\":[\"42\"]}}}}},\"195\":{\"type\":\"contact\",\"enabled\":\"\",\"fields\":{\"heading\":\"Let\'s work together! \"}},\"196\":{\"type\":\"relatedCallOuts\",\"enabled\":\"1\",\"fields\":{\"heading\":\"Related Projects \",\"callOuts\":[\"139\",\"53\"]}}},\"130\":{\"176\":{\"type\":\"featuredimage\",\"enabled\":\"1\",\"fields\":{\"heading\":\"Transform the virtually unusable into a true showcase athletic venue for the community and the region. \",\"subheading\":\"The Challenge\",\"image\":{\"177\":{\"type\":\"21\",\"fields\":{\"mobileImage\":[\"175\"],\"desktopImage\":[\"175\"]}}},\"animated\":\"1\"}}},\"150\":\"\",\"112\":[\"22\",\"25\"],\"113\":[\"4\",\"5\",\"16\",\"18\"]}}', '2017-07-26 18:19:20', '2017-07-26 18:19:20', 'a273030f-a63d-4b98-92e4-e798d493f8ff'),
 ('68', '139', '3', '1', 'en_us', '20', '', '{\"typeId\":\"3\",\"authorId\":\"1\",\"title\":\"Agawam High School Athletic Facility Renovation \",\"slug\":\"agawam-high-school-athletic-facility-renovation\",\"postDate\":1498665240,\"expiryDate\":null,\"enabled\":1,\"parentId\":null,\"fields\":{\"132\":{\"name\":\"\",\"street\":\"\",\"street2\":\"\",\"city\":\"Agawam\",\"region\":\"Massachusetts \",\"postalCode\":\"\",\"country\":\"US\"},\"133\":\"Agawam High School \",\"3\":{\"142\":{\"type\":\"imageTextPanel\",\"enabled\":\"1\",\"fields\":{\"orientation\":\"right\",\"heading\":\"What we faced. \",\"body\":\"<p>A wonderfully passionate community was in dire need of safer and more adequate athletic facilities at their High School Athletic Complex. What existed was an outdated, unsafe, undersized, and unuseable track and bleacher system, non-accessible and inadequate restroom, concessions, and storage facilities. The inadequate number of tennis courts in need of repair and an overall inefficient and unsafe layout of conflicting field and sport uses.<\\/p>\",\"list\":\"\",\"callToAction\":{\"type\":\"\",\"custom\":\"\",\"entry\":\"\",\"target\":\"\"},\"image\":[\"228\"]}},\"236\":{\"type\":\"multipleImagePanel\",\"enabled\":\"1\",\"fields\":{\"leftImage\":[\"229\"],\"rightImage\":[\"230\"],\"upperImage\":\"right\",\"backgroundImageIsVisible\":\"\"}},\"143\":{\"type\":\"textPanel\",\"enabled\":\"1\",\"fields\":{\"heading\":\"Including Passionate Stakeholders in the Master Planning Process \",\"body\":\"<p>Although with every design project the actual details for construction are extremely important to the success of the project, &nbsp;perhaps equally important is the early involvement of the stakeholders in the concept stages of the project. &nbsp;&nbsp;Our goal of the masterplanning process was to engage with the Track Committee and the users of the facility, the coaches, the booster club, the players, and the maintenance and facilities staff. &nbsp;Only after having an informed ideas of what the stakeholders envision, could we put our designer hats on and begin the design and concept planning. &nbsp;By having periodic check-ins and presentations with the stakeholders during our concept design phases, it made the \\u201cbuy-in\\u201d of the project design a much smoother and cost effective process as the plans and specifications advanced through to bid documents.. &nbsp;The success of the project was our design team\'s ability to create a balance between the the long wish list of stakeholder desires, &nbsp;and the real constraints of the project budget. <\\/p>\"}},\"144\":{\"type\":\"imageTextPanel\",\"enabled\":\"1\",\"fields\":{\"orientation\":\"left\",\"heading\":\"The work in-progress \",\"body\":\"<p>Due the size of the project and the inclusion of the complete renovation of the the Boys & Girls locker and team room facilities internal to the school, the project was required to follow the MGL Chapter 149 bidding requirements. This bidding procedure was lead by the MMI design team and led to a project that was completed within budget. <\\/p>\\r\\n<p>The resulting athletic facility is a true testament to a collaborative design process. Collaborative not only in the sense of our engineers, planners and landscape architects, but a true collaboration between design team and the community.<\\/p>\",\"list\":\"\",\"callToAction\":{\"type\":\"\",\"custom\":\"\",\"entry\":\"\",\"target\":\"\"},\"image\":[\"231\"]}},\"145\":{\"type\":\"gallery\",\"enabled\":\"1\",\"fields\":{\"heading\":\"A look at the finished product. \",\"gallery\":{\"159\":{\"type\":\"3\",\"fields\":{\"mediaAsset\":[\"232\"],\"caption\":\"Sample Caption here \"}},\"237\":{\"type\":\"3\",\"fields\":{\"mediaAsset\":[\"233\"],\"caption\":\"sample caption here \"}},\"238\":{\"type\":\"3\",\"fields\":{\"mediaAsset\":[\"234\"],\"caption\":\"sample caption here \"}},\"239\":{\"type\":\"3\",\"fields\":{\"mediaAsset\":[\"235\"],\"caption\":\"sample caption here \"}}}}},\"178\":{\"type\":\"listPanel\",\"enabled\":\"1\",\"fields\":{\"heading\":\"A List of Facility Improvements include: \",\"body\":\"\",\"list\":{\"179\":{\"type\":\"8\",\"fields\":{\"listItem\":\"New Boys & Girls Locker Rooms\"}},\"180\":{\"type\":\"8\",\"fields\":{\"listItem\":\"New 6 lane (8 straight) synthetic track\"}},\"181\":{\"type\":\"8\",\"fields\":{\"listItem\":\"New full size synthetic turf field with new field lighting system\"}},\"182\":{\"type\":\"8\",\"fields\":{\"listItem\":\"New 1500 seat bleacher system \"}},\"183\":{\"type\":\"8\",\"fields\":{\"listItem\":\"New stadium scoreboard and sound system\"}},\"184\":{\"type\":\"8\",\"fields\":{\"listItem\":\"New Ticketing\\/Concession\\/Restroom\\/Satellite Trainers room and three bay storage facility \"}},\"185\":{\"type\":\"8\",\"fields\":{\"listItem\":\"New girls softball field, dugouts, and scoreboard\"}},\"186\":{\"type\":\"8\",\"fields\":{\"listItem\":\"New baseball field, dugouts, fencing, batting cage and scoreboard\"}},\"187\":{\"type\":\"8\",\"fields\":{\"listItem\":\"New multi-use natural grass athletic fields and irrigation \"}},\"188\":{\"type\":\"8\",\"fields\":{\"listItem\":\"New (6) post tensioned concrete tennis courts with basketball accommodations \"}},\"189\":{\"type\":\"8\",\"fields\":{\"listItem\":\"Section of new Town Bikeway access to facility \"}},\"190\":{\"type\":\"8\",\"fields\":{\"listItem\":\"New Accessible parking \"}},\"191\":{\"type\":\"8\",\"fields\":{\"listItem\":\"Renovated two story press box\"}},\"192\":{\"type\":\"8\",\"fields\":{\"listItem\":\"Restored historical field signage archway \"}},\"193\":{\"type\":\"8\",\"fields\":{\"listItem\":\"Decorative site lighting \"}}},\"centered\":\"1\",\"lift\":\"\",\"lightGrayBackground\":\"\"}},\"197\":{\"type\":\"people\",\"enabled\":\"1\",\"fields\":{\"heading\":\"Meet the team involved.\",\"people\":{\"198\":{\"type\":\"22\",\"fields\":{\"person\":[\"35\"],\"role\":[\"42\"]}}}}},\"195\":{\"type\":\"contact\",\"enabled\":\"\",\"fields\":{\"heading\":\"Let\'s work together! \"}},\"196\":{\"type\":\"relatedCallOuts\",\"enabled\":\"1\",\"fields\":{\"heading\":\"Related Projects \",\"callOuts\":[\"139\",\"53\"]}}},\"130\":{\"176\":{\"type\":\"featuredimage\",\"enabled\":\"1\",\"fields\":{\"heading\":\"Transform the virtually unusable into a true showcase athletic venue for the community and the region. \",\"subheading\":\"The Challenge\",\"image\":{\"177\":{\"type\":\"21\",\"fields\":{\"mobileImage\":[\"175\"],\"desktopImage\":[\"175\"]}}},\"animated\":\"1\"}}},\"150\":\"\",\"112\":[\"22\",\"25\"],\"113\":[\"4\",\"5\",\"16\",\"18\"]}}', '2017-07-26 18:20:13', '2017-07-26 18:20:13', 'ff4cd750-8fbb-4216-9469-20c94c74c3d9'),
 ('69', '139', '3', '1', 'en_us', '21', '', '{\"typeId\":\"3\",\"authorId\":\"1\",\"title\":\"Agawam High School Athletic Facility Renovation \",\"slug\":\"agawam-high-school-athletic-facility-renovation\",\"postDate\":1498665240,\"expiryDate\":null,\"enabled\":1,\"parentId\":null,\"fields\":{\"132\":{\"name\":\"\",\"street\":\"\",\"street2\":\"\",\"city\":\"Agawam\",\"region\":\"Massachusetts \",\"postalCode\":\"\",\"country\":\"US\"},\"133\":\"Agawam High School \",\"3\":{\"new1\":{\"type\":\"textPanel\",\"enabled\":\"1\",\"fields\":{\"heading\":\"What we faced. \",\"body\":\"<p>A wonderfully passionate community was in dire need of safer and more adequate athletic facilities at their High School Athletic Complex. What existed was an outdated, unsafe, undersized, and unuseable track and bleacher system, non-accessible and inadequate restroom, concessions, and storage facilities. The inadequate number of tennis courts in need of repair and an overall inefficient and unsafe layout of conflicting field and sport uses.<\\/p>\"}},\"236\":{\"type\":\"multipleImagePanel\",\"enabled\":\"1\",\"fields\":{\"leftImage\":[\"229\"],\"rightImage\":[\"230\"],\"upperImage\":\"right\",\"backgroundImageIsVisible\":\"\"}},\"143\":{\"type\":\"textPanel\",\"enabled\":\"1\",\"fields\":{\"heading\":\"Including Passionate Stakeholders in the Master Planning Process \",\"body\":\"<p>Although with every design project the actual details for construction are extremely important to the success of the project, &nbsp;perhaps equally important is the early involvement of the stakeholders in the concept stages of the project. &nbsp;&nbsp;Our goal of the masterplanning process was to engage with the Track Committee and the users of the facility, the coaches, the booster club, the players, and the maintenance and facilities staff. &nbsp;Only after having an informed ideas of what the stakeholders envision, could we put our designer hats on and begin the design and concept planning. &nbsp;By having periodic check-ins and presentations with the stakeholders during our concept design phases, it made the \\u201cbuy-in\\u201d of the project design a much smoother and cost effective process as the plans and specifications advanced through to bid documents.. &nbsp;The success of the project was our design team\'s ability to create a balance between the the long wish list of stakeholder desires, &nbsp;and the real constraints of the project budget. <\\/p>\"}},\"144\":{\"type\":\"imageTextPanel\",\"enabled\":\"1\",\"fields\":{\"orientation\":\"left\",\"heading\":\"The work in-progress \",\"body\":\"<p>Due the size of the project and the inclusion of the complete renovation of the the Boys & Girls locker and team room facilities internal to the school, the project was required to follow the MGL Chapter 149 bidding requirements. This bidding procedure was lead by the MMI design team and led to a project that was completed within budget. <\\/p>\\r\\n<p>The resulting athletic facility is a true testament to a collaborative design process. Collaborative not only in the sense of our engineers, planners and landscape architects, but a true collaboration between design team and the community.<\\/p>\",\"list\":\"\",\"callToAction\":{\"type\":\"\",\"custom\":\"\",\"entry\":\"\",\"target\":\"\"},\"image\":[\"231\"]}},\"145\":{\"type\":\"gallery\",\"enabled\":\"1\",\"fields\":{\"heading\":\"A look at the finished product. \",\"gallery\":{\"159\":{\"type\":\"3\",\"fields\":{\"mediaAsset\":[\"232\"],\"caption\":\"Sample Caption here \"}},\"237\":{\"type\":\"3\",\"fields\":{\"mediaAsset\":[\"233\"],\"caption\":\"sample caption here \"}},\"238\":{\"type\":\"3\",\"fields\":{\"mediaAsset\":[\"234\"],\"caption\":\"sample caption here \"}},\"239\":{\"type\":\"3\",\"fields\":{\"mediaAsset\":[\"235\"],\"caption\":\"sample caption here \"}}}}},\"178\":{\"type\":\"listPanel\",\"enabled\":\"1\",\"fields\":{\"heading\":\"A List of Facility Improvements include: \",\"body\":\"\",\"list\":{\"179\":{\"type\":\"8\",\"fields\":{\"listItem\":\"New Boys & Girls Locker Rooms\"}},\"180\":{\"type\":\"8\",\"fields\":{\"listItem\":\"New 6 lane (8 straight) synthetic track\"}},\"181\":{\"type\":\"8\",\"fields\":{\"listItem\":\"New full size synthetic turf field with new field lighting system\"}},\"182\":{\"type\":\"8\",\"fields\":{\"listItem\":\"New 1500 seat bleacher system \"}},\"183\":{\"type\":\"8\",\"fields\":{\"listItem\":\"New stadium scoreboard and sound system\"}},\"184\":{\"type\":\"8\",\"fields\":{\"listItem\":\"New Ticketing\\/Concession\\/Restroom\\/Satellite Trainers room and three bay storage facility \"}},\"185\":{\"type\":\"8\",\"fields\":{\"listItem\":\"New girls softball field, dugouts, and scoreboard\"}},\"186\":{\"type\":\"8\",\"fields\":{\"listItem\":\"New baseball field, dugouts, fencing, batting cage and scoreboard\"}},\"187\":{\"type\":\"8\",\"fields\":{\"listItem\":\"New multi-use natural grass athletic fields and irrigation \"}},\"188\":{\"type\":\"8\",\"fields\":{\"listItem\":\"New (6) post tensioned concrete tennis courts with basketball accommodations \"}},\"189\":{\"type\":\"8\",\"fields\":{\"listItem\":\"Section of new Town Bikeway access to facility \"}},\"190\":{\"type\":\"8\",\"fields\":{\"listItem\":\"New Accessible parking \"}},\"191\":{\"type\":\"8\",\"fields\":{\"listItem\":\"Renovated two story press box\"}},\"192\":{\"type\":\"8\",\"fields\":{\"listItem\":\"Restored historical field signage archway \"}},\"193\":{\"type\":\"8\",\"fields\":{\"listItem\":\"Decorative site lighting \"}}},\"centered\":\"1\",\"lift\":\"\",\"lightGrayBackground\":\"\"}},\"197\":{\"type\":\"people\",\"enabled\":\"1\",\"fields\":{\"heading\":\"Meet the team involved.\",\"people\":{\"198\":{\"type\":\"22\",\"fields\":{\"person\":[\"35\"],\"role\":[\"42\"]}}}}},\"195\":{\"type\":\"contact\",\"enabled\":\"\",\"fields\":{\"heading\":\"Let\'s work together! \"}},\"196\":{\"type\":\"relatedCallOuts\",\"enabled\":\"1\",\"fields\":{\"heading\":\"Related Projects \",\"callOuts\":[\"139\",\"53\"]}}},\"130\":{\"176\":{\"type\":\"featuredimage\",\"enabled\":\"1\",\"fields\":{\"heading\":\"Transform the virtually unusable into a true showcase athletic venue for the community and the region. \",\"subheading\":\"The Challenge\",\"image\":{\"177\":{\"type\":\"21\",\"fields\":{\"mobileImage\":[\"175\"],\"desktopImage\":[\"175\"]}}},\"animated\":\"1\"}}},\"150\":\"\",\"112\":[\"22\",\"25\"],\"113\":[\"4\",\"5\",\"16\",\"18\"]}}', '2017-07-26 18:22:32', '2017-07-26 18:22:32', '2d0600fe-485c-4903-a2b8-5d3105df1b50'),
 ('70', '139', '3', '1', 'en_us', '22', '', '{\"typeId\":\"3\",\"authorId\":\"1\",\"title\":\"Agawam High School Athletic Facility Renovation \",\"slug\":\"agawam-high-school-athletic-facility-renovation\",\"postDate\":1498665240,\"expiryDate\":null,\"enabled\":1,\"parentId\":null,\"fields\":{\"132\":{\"name\":\"\",\"street\":\"\",\"street2\":\"\",\"city\":\"Agawam\",\"region\":\"Massachusetts \",\"postalCode\":\"\",\"country\":\"US\"},\"133\":\"Agawam High School \",\"3\":{\"240\":{\"type\":\"textPanel\",\"enabled\":\"1\",\"fields\":{\"heading\":\"What we faced. \",\"body\":\"<p>A wonderfully passionate community was in dire need of safer and more adequate athletic facilities at their High School Athletic Complex. What existed was an outdated, unsafe, undersized, and unuseable track and bleacher system, non-accessible and inadequate restroom, concessions, and storage facilities. The inadequate number of tennis courts in need of repair and an overall inefficient and unsafe layout of conflicting field and sport uses.<\\/p>\"}},\"236\":{\"type\":\"multipleImagePanel\",\"enabled\":\"1\",\"fields\":{\"leftImage\":[\"229\"],\"rightImage\":[\"230\"],\"upperImage\":\"right\",\"backgroundImageIsVisible\":\"\"}},\"143\":{\"type\":\"textPanel\",\"enabled\":\"1\",\"fields\":{\"heading\":\"Including Passionate Stakeholders in the Master Planning Process \",\"body\":\"<p>Although with every design project the actual details for construction are extremely important to the success of the project, &nbsp;perhaps equally important is the early involvement of the stakeholders in the concept stages of the project. &nbsp;&nbsp;Our goal of the masterplanning process was to engage with the Track Committee and the users of the facility, the coaches, the booster club, the players, and the maintenance and facilities staff. &nbsp;Only after having an informed ideas of what the stakeholders envision, could we put our designer hats on and begin the design and concept planning. &nbsp;By having periodic check-ins and presentations with the stakeholders during our concept design phases, it made the \\u201cbuy-in\\u201d of the project design a much smoother and cost effective process as the plans and specifications advanced through to bid documents.. &nbsp;The success of the project was our design team\'s ability to create a balance between the the long wish list of stakeholder desires, &nbsp;and the real constraints of the project budget. <\\/p>\"}},\"144\":{\"type\":\"imageTextPanel\",\"enabled\":\"1\",\"fields\":{\"orientation\":\"left\",\"heading\":\"The work in-progress \",\"body\":\"<p>Due the size of the project and the inclusion of the complete renovation of the the Boys & Girls locker and team room facilities internal to the school, the project was required to follow the MGL Chapter 149 bidding requirements. This bidding procedure was lead by the MMI design team and led to a project that was completed within budget. <\\/p>\\r\\n<p>The resulting athletic facility is a true testament to a collaborative design process. Collaborative not only in the sense of our engineers, planners and landscape architects, but a true collaboration between design team and the community.<\\/p>\",\"list\":\"\",\"callToAction\":{\"type\":\"\",\"custom\":\"\",\"entry\":\"\",\"target\":\"\"},\"image\":[\"231\"]}},\"145\":{\"type\":\"gallery\",\"enabled\":\"1\",\"fields\":{\"heading\":\"A look at the finished product. \",\"gallery\":{\"159\":{\"type\":\"3\",\"fields\":{\"mediaAsset\":[\"232\"],\"caption\":\"Sample Caption here \"}},\"237\":{\"type\":\"3\",\"fields\":{\"mediaAsset\":[\"233\"],\"caption\":\"sample caption here \"}},\"238\":{\"type\":\"3\",\"fields\":{\"mediaAsset\":[\"234\"],\"caption\":\"sample caption here \"}},\"239\":{\"type\":\"3\",\"fields\":{\"mediaAsset\":[\"235\"],\"caption\":\"sample caption here \"}}}}},\"178\":{\"type\":\"listPanel\",\"enabled\":\"1\",\"fields\":{\"heading\":\"A List of Facility Improvements include: \",\"body\":\"\",\"list\":{\"179\":{\"type\":\"8\",\"fields\":{\"listItem\":\"New Boys & Girls Locker Rooms\"}},\"180\":{\"type\":\"8\",\"fields\":{\"listItem\":\"New 6 lane (8 straight) synthetic track\"}},\"181\":{\"type\":\"8\",\"fields\":{\"listItem\":\"New full size synthetic turf field with new field lighting system\"}},\"182\":{\"type\":\"8\",\"fields\":{\"listItem\":\"New 1500 seat bleacher system \"}},\"183\":{\"type\":\"8\",\"fields\":{\"listItem\":\"New stadium scoreboard and sound system\"}},\"184\":{\"type\":\"8\",\"fields\":{\"listItem\":\"New Ticketing \\/ Concession \\/ Restroom \\/ Satellite Trainers room and three bay storage facility \"}},\"185\":{\"type\":\"8\",\"fields\":{\"listItem\":\"New girls softball field, dugouts, and scoreboard\"}},\"186\":{\"type\":\"8\",\"fields\":{\"listItem\":\"New baseball field, dugouts, fencing, batting cage and scoreboard\"}},\"187\":{\"type\":\"8\",\"fields\":{\"listItem\":\"New multi-use natural grass athletic fields and irrigation \"}},\"188\":{\"type\":\"8\",\"fields\":{\"listItem\":\"New (6) post tensioned concrete tennis courts with basketball accommodations \"}},\"189\":{\"type\":\"8\",\"fields\":{\"listItem\":\"Section of new Town Bikeway access to facility \"}},\"190\":{\"type\":\"8\",\"fields\":{\"listItem\":\"New Accessible parking \"}},\"191\":{\"type\":\"8\",\"fields\":{\"listItem\":\"Renovated two story press box\"}},\"192\":{\"type\":\"8\",\"fields\":{\"listItem\":\"Restored historical field signage archway \"}},\"193\":{\"type\":\"8\",\"fields\":{\"listItem\":\"Decorative site lighting \"}}},\"centered\":\"1\",\"lift\":\"\",\"lightGrayBackground\":\"\"}},\"197\":{\"type\":\"people\",\"enabled\":\"1\",\"fields\":{\"heading\":\"Meet the team involved.\",\"people\":{\"198\":{\"type\":\"22\",\"fields\":{\"person\":[\"35\"],\"role\":[\"42\"]}}}}},\"195\":{\"type\":\"contact\",\"enabled\":\"\",\"fields\":{\"heading\":\"Let\'s work together! \"}},\"196\":{\"type\":\"relatedCallOuts\",\"enabled\":\"1\",\"fields\":{\"heading\":\"Related Projects \",\"callOuts\":[\"139\",\"53\"]}}},\"130\":{\"176\":{\"type\":\"featuredimage\",\"enabled\":\"1\",\"fields\":{\"heading\":\"Transform the virtually unusable into a true showcase athletic venue for the community and the region. \",\"subheading\":\"The Challenge\",\"image\":{\"177\":{\"type\":\"21\",\"fields\":{\"mobileImage\":[\"175\"],\"desktopImage\":[\"175\"]}}},\"animated\":\"1\"}}},\"150\":\"\",\"112\":[\"22\",\"25\"],\"113\":[\"4\",\"5\",\"16\",\"18\"]}}', '2017-07-26 18:32:33', '2017-07-26 18:32:33', 'ca87964f-3f0c-439e-9d7e-4d8421b1322c'),
 ('71', '139', '3', '1', 'en_us', '23', '', '{\"typeId\":\"3\",\"authorId\":\"1\",\"title\":\"Agawam High School Athletic Facility Renovation \",\"slug\":\"agawam-high-school-athletic-facility-renovation\",\"postDate\":1498665240,\"expiryDate\":null,\"enabled\":1,\"parentId\":null,\"fields\":{\"132\":{\"name\":\"\",\"street\":\"\",\"street2\":\"\",\"city\":\"Agawam\",\"region\":\"Massachusetts \",\"postalCode\":\"\",\"country\":\"US\"},\"133\":\"Agawam High School \",\"3\":{\"240\":{\"type\":\"textPanel\",\"enabled\":\"1\",\"fields\":{\"heading\":\"What we faced. \",\"body\":\"<p>A wonderfully passionate community was in dire need of safer and more adequate athletic facilities at their High School Athletic Complex. What existed was an outdated, unsafe, undersized, and unuseable track and bleacher system, non-accessible and inadequate restroom, concessions, and storage facilities. The inadequate number of tennis courts in need of repair and an overall inefficient and unsafe layout of conflicting field and sport uses.<\\/p>\"}},\"236\":{\"type\":\"multipleImagePanel\",\"enabled\":\"1\",\"fields\":{\"leftImage\":[\"229\"],\"rightImage\":[\"230\"],\"upperImage\":\"right\",\"backgroundImageIsVisible\":\"\"}},\"143\":{\"type\":\"textPanel\",\"enabled\":\"1\",\"fields\":{\"heading\":\"Including Passionate Stakeholders in the Master Planning Process \",\"body\":\"<p>Although with every design project the actual details for construction are extremely important to the success of the project, &nbsp;perhaps equally important is the early involvement of the stakeholders in the concept stages of the project. &nbsp;&nbsp;Our goal of the masterplanning process was to engage with the Track Committee and the users of the facility, the coaches, the booster club, the players, and the maintenance and facilities staff. &nbsp;Only after having an informed ideas of what the stakeholders envision, could we put our designer hats on and begin the design and concept planning. &nbsp;By having periodic check-ins and presentations with the stakeholders during our concept design phases, it made the \\u201cbuy-in\\u201d of the project design a much smoother and cost effective process as the plans and specifications advanced through to bid documents.. &nbsp;The success of the project was our design team\'s ability to create a balance between the the long wish list of stakeholder desires, &nbsp;and the real constraints of the project budget. <\\/p>\"}},\"144\":{\"type\":\"imageTextPanel\",\"enabled\":\"1\",\"fields\":{\"orientation\":\"left\",\"heading\":\"The work in-progress \",\"body\":\"<p>Due the size of the project and the inclusion of the complete renovation of the the Boys & Girls locker and team room facilities internal to the school, the project was required to follow the MGL Chapter 149 bidding requirements. This bidding procedure was lead by the MMI design team and led to a project that was completed within budget. <\\/p>\\r\\n<p>The resulting athletic facility is a true testament to a collaborative design process. Collaborative not only in the sense of our engineers, planners and landscape architects, but a true collaboration between design team and the community.<\\/p>\",\"list\":\"\",\"callToAction\":{\"type\":\"\",\"custom\":\"\",\"entry\":\"\",\"target\":\"\"},\"image\":[\"231\"]}},\"145\":{\"type\":\"gallery\",\"enabled\":\"1\",\"fields\":{\"heading\":\"A look at the finished product. \",\"gallery\":{\"159\":{\"type\":\"3\",\"fields\":{\"mediaAsset\":[\"232\"],\"caption\":\"Sample Caption here \"}},\"237\":{\"type\":\"3\",\"fields\":{\"mediaAsset\":[\"233\"],\"caption\":\"sample caption here \"}},\"238\":{\"type\":\"3\",\"fields\":{\"mediaAsset\":[\"234\"],\"caption\":\"sample caption here \"}},\"239\":{\"type\":\"3\",\"fields\":{\"mediaAsset\":[\"235\"],\"caption\":\"sample caption here \"}}}}},\"178\":{\"type\":\"listPanel\",\"enabled\":\"1\",\"fields\":{\"heading\":\"A List of Facility Improvements include: \",\"body\":\"\",\"list\":{\"179\":{\"type\":\"8\",\"fields\":{\"listItem\":\"New Boys & Girls Locker Rooms\"}},\"184\":{\"type\":\"8\",\"fields\":{\"listItem\":\"New Ticketing \\/ Concession \\/ Restroom \\/ Satellite Trainers room and three bay storage facility \"}},\"188\":{\"type\":\"8\",\"fields\":{\"listItem\":\"New (6) post tensioned concrete tennis courts with basketball accommodations \"}},\"180\":{\"type\":\"8\",\"fields\":{\"listItem\":\"New 6 lane (8 straight) synthetic track\"}},\"181\":{\"type\":\"8\",\"fields\":{\"listItem\":\"New full size synthetic turf field with new field lighting system\"}},\"182\":{\"type\":\"8\",\"fields\":{\"listItem\":\"New 1500 seat bleacher system \"}},\"183\":{\"type\":\"8\",\"fields\":{\"listItem\":\"New stadium scoreboard and sound system\"}},\"185\":{\"type\":\"8\",\"fields\":{\"listItem\":\"New girls softball field, dugouts, and scoreboard\"}},\"187\":{\"type\":\"8\",\"fields\":{\"listItem\":\"New multi-use natural grass athletic fields and irrigation \"}},\"189\":{\"type\":\"8\",\"fields\":{\"listItem\":\"Section of new Town Bikeway access to facility \"}},\"190\":{\"type\":\"8\",\"fields\":{\"listItem\":\"New Accessible parking \"}},\"191\":{\"type\":\"8\",\"fields\":{\"listItem\":\"Renovated two story press box\"}},\"186\":{\"type\":\"8\",\"fields\":{\"listItem\":\"New baseball field, dugouts, fencing, batting cage and scoreboard\"}},\"192\":{\"type\":\"8\",\"fields\":{\"listItem\":\"Restored historical field signage archway \"}},\"193\":{\"type\":\"8\",\"fields\":{\"listItem\":\"Decorative site lighting \"}}},\"centered\":\"1\",\"lift\":\"\",\"lightGrayBackground\":\"\"}},\"197\":{\"type\":\"people\",\"enabled\":\"1\",\"fields\":{\"heading\":\"Meet the team involved.\",\"people\":{\"198\":{\"type\":\"22\",\"fields\":{\"person\":[\"35\"],\"role\":[\"42\"]}}}}},\"195\":{\"type\":\"contact\",\"enabled\":\"\",\"fields\":{\"heading\":\"Let\'s work together! \"}},\"196\":{\"type\":\"relatedCallOuts\",\"enabled\":\"1\",\"fields\":{\"heading\":\"Related Projects \",\"callOuts\":[\"139\",\"53\"]}}},\"130\":{\"176\":{\"type\":\"featuredimage\",\"enabled\":\"1\",\"fields\":{\"heading\":\"Transform the virtually unusable into a true showcase athletic venue for the community and the region. \",\"subheading\":\"The Challenge\",\"image\":{\"177\":{\"type\":\"21\",\"fields\":{\"mobileImage\":[\"175\"],\"desktopImage\":[\"175\"]}}},\"animated\":\"1\"}}},\"150\":\"\",\"112\":[\"22\",\"25\"],\"113\":[\"4\",\"5\",\"16\",\"18\"]}}', '2017-07-26 18:33:06', '2017-07-26 18:33:06', '4f95b518-5839-41fd-89e1-99ebf64ae298'),
 ('72', '139', '3', '1', 'en_us', '24', '', '{\"typeId\":\"3\",\"authorId\":\"1\",\"title\":\"Agawam High School Athletic Facility Renovation \",\"slug\":\"agawam-high-school-athletic-facility-renovation\",\"postDate\":1498665240,\"expiryDate\":null,\"enabled\":1,\"parentId\":null,\"fields\":{\"132\":{\"name\":\"\",\"street\":\"\",\"street2\":\"\",\"city\":\"Agawam\",\"region\":\"Massachusetts \",\"postalCode\":\"\",\"country\":\"US\"},\"133\":\"Agawam High School \",\"3\":{\"240\":{\"type\":\"textPanel\",\"enabled\":\"1\",\"fields\":{\"heading\":\"What we faced. \",\"body\":\"<p>A wonderfully passionate community was in dire need of safer and more adequate athletic facilities at their High School Athletic Complex. What existed was an outdated, unsafe, undersized, and unuseable track and bleacher system, non-accessible and inadequate restroom, concessions, and storage facilities. The inadequate number of tennis courts in need of repair and an overall inefficient and unsafe layout of conflicting field and sport uses.<\\/p>\"}},\"236\":{\"type\":\"multipleImagePanel\",\"enabled\":\"1\",\"fields\":{\"leftImage\":[\"229\"],\"rightImage\":[\"230\"],\"upperImage\":\"right\",\"backgroundImageIsVisible\":\"\"}},\"143\":{\"type\":\"textPanel\",\"enabled\":\"1\",\"fields\":{\"heading\":\"Including Passionate Stakeholders in the Master Planning Process \",\"body\":\"<p>Although with every design project the actual details for construction are extremely important to the success of the project, &nbsp;perhaps equally important is the early involvement of the stakeholders in the concept stages of the project. &nbsp;&nbsp;Our goal of the masterplanning process was to engage with the Track Committee and the users of the facility, the coaches, the booster club, the players, and the maintenance and facilities staff. &nbsp;Only after having an informed ideas of what the stakeholders envision, could we put our designer hats on and begin the design and concept planning. &nbsp;By having periodic check-ins and presentations with the stakeholders during our concept design phases, it made the \\u201cbuy-in\\u201d of the project design a much smoother and cost effective process as the plans and specifications advanced through to bid documents.. &nbsp;The success of the project was our design team\'s ability to create a balance between the the long wish list of stakeholder desires, &nbsp;and the real constraints of the project budget. <\\/p>\"}},\"144\":{\"type\":\"imageTextPanel\",\"enabled\":\"1\",\"fields\":{\"orientation\":\"left\",\"heading\":\"The work in-progress \",\"body\":\"<p>Due the size of the project and the inclusion of the complete renovation of the the Boys & Girls locker and team room facilities internal to the school, the project was required to follow the MGL Chapter 149 bidding requirements. This bidding procedure was lead by the MMI design team and led to a project that was completed within budget. <\\/p>\\r\\n<p>The resulting athletic facility is a true testament to a collaborative design process. Collaborative not only in the sense of our engineers, planners and landscape architects, but a true collaboration between design team and the community.<\\/p>\",\"list\":\"\",\"callToAction\":{\"type\":\"\",\"custom\":\"\",\"entry\":\"\",\"target\":\"\"},\"image\":[\"231\"]}},\"145\":{\"type\":\"gallery\",\"enabled\":\"1\",\"fields\":{\"heading\":\"A look at the finished product. \",\"gallery\":{\"159\":{\"type\":\"3\",\"fields\":{\"mediaAsset\":[\"232\"],\"caption\":\"Sample Caption here \"}},\"237\":{\"type\":\"3\",\"fields\":{\"mediaAsset\":[\"233\"],\"caption\":\"sample caption here \"}},\"238\":{\"type\":\"3\",\"fields\":{\"mediaAsset\":[\"234\"],\"caption\":\"sample caption here \"}},\"239\":{\"type\":\"3\",\"fields\":{\"mediaAsset\":[\"235\"],\"caption\":\"sample caption here \"}}}}},\"178\":{\"type\":\"listPanel\",\"enabled\":\"1\",\"fields\":{\"heading\":\"A List of Facility Improvements include: \",\"body\":\"\",\"list\":{\"179\":{\"type\":\"8\",\"fields\":{\"listItem\":\"New Boys & Girls Locker Rooms\"}},\"184\":{\"type\":\"8\",\"fields\":{\"listItem\":\"New Ticketing \\/ Concession \\/ Restroom \\/ Satellite Trainers room and three bay storage facility \"}},\"188\":{\"type\":\"8\",\"fields\":{\"listItem\":\"New (6) post tensioned concrete tennis courts with basketball accommodations \"}},\"180\":{\"type\":\"8\",\"fields\":{\"listItem\":\"New 6 lane (8 straight) synthetic track\"}},\"181\":{\"type\":\"8\",\"fields\":{\"listItem\":\"New full size synthetic turf field with new field lighting system\"}},\"182\":{\"type\":\"8\",\"fields\":{\"listItem\":\"New 1500 seat bleacher system \"}},\"183\":{\"type\":\"8\",\"fields\":{\"listItem\":\"New stadium scoreboard and sound system\"}},\"185\":{\"type\":\"8\",\"fields\":{\"listItem\":\"New girls softball field, dugouts, and scoreboard\"}},\"189\":{\"type\":\"8\",\"fields\":{\"listItem\":\"Section of new Town Bikeway access to facility \"}},\"190\":{\"type\":\"8\",\"fields\":{\"listItem\":\"New Accessible parking \"}},\"191\":{\"type\":\"8\",\"fields\":{\"listItem\":\"Renovated two story press box\"}},\"186\":{\"type\":\"8\",\"fields\":{\"listItem\":\"New baseball field, dugouts, fencing, batting cage and scoreboard\"}},\"192\":{\"type\":\"8\",\"fields\":{\"listItem\":\"Restored historical field signage archway \"}},\"193\":{\"type\":\"8\",\"fields\":{\"listItem\":\"Decorative site lighting \"}},\"187\":{\"type\":\"8\",\"fields\":{\"listItem\":\"New multi-use natural grass athletic fields and irrigation \"}}},\"centered\":\"1\",\"lift\":\"\",\"lightGrayBackground\":\"\"}},\"197\":{\"type\":\"people\",\"enabled\":\"1\",\"fields\":{\"heading\":\"Meet the team involved.\",\"people\":{\"198\":{\"type\":\"22\",\"fields\":{\"person\":[\"35\"],\"role\":[\"42\"]}}}}},\"195\":{\"type\":\"contact\",\"enabled\":\"\",\"fields\":{\"heading\":\"Let\'s work together! \"}},\"196\":{\"type\":\"relatedCallOuts\",\"enabled\":\"1\",\"fields\":{\"heading\":\"Related Projects \",\"callOuts\":[\"139\",\"53\"]}}},\"130\":{\"176\":{\"type\":\"featuredimage\",\"enabled\":\"1\",\"fields\":{\"heading\":\"Transform the virtually unusable into a true showcase athletic venue for the community and the region. \",\"subheading\":\"The Challenge\",\"image\":{\"177\":{\"type\":\"21\",\"fields\":{\"mobileImage\":[\"175\"],\"desktopImage\":[\"175\"]}}},\"animated\":\"1\"}}},\"150\":\"\",\"112\":[\"22\",\"25\"],\"113\":[\"4\",\"5\",\"16\",\"18\"]}}', '2017-07-26 18:33:29', '2017-07-26 18:33:29', '02d1da43-4197-40dc-b7b2-ddd0445ca7d7'),
 ('73', '139', '3', '1', 'en_us', '25', '', '{\"typeId\":\"3\",\"authorId\":\"1\",\"title\":\"Agawam High School Athletic Facility Renovation \",\"slug\":\"agawam-high-school-athletic-facility-renovation\",\"postDate\":1498665240,\"expiryDate\":null,\"enabled\":1,\"parentId\":null,\"fields\":{\"132\":{\"name\":\"\",\"street\":\"\",\"street2\":\"\",\"city\":\"Agawam\",\"region\":\"Massachusetts \",\"postalCode\":\"\",\"country\":\"US\"},\"133\":\"Agawam High School \",\"3\":{\"240\":{\"type\":\"textPanel\",\"enabled\":\"1\",\"fields\":{\"heading\":\"What we faced. \",\"body\":\"<p>A wonderfully passionate community was in dire need of safer and more adequate athletic facilities at their High School Athletic Complex. What existed was an outdated, unsafe, undersized, and unuseable track and bleacher system, non-accessible and inadequate restroom, concessions, and storage facilities. The inadequate number of tennis courts in need of repair and an overall inefficient and unsafe layout of conflicting field and sport uses.<\\/p>\"}},\"236\":{\"type\":\"multipleImagePanel\",\"enabled\":\"1\",\"fields\":{\"leftImage\":[\"229\"],\"rightImage\":[\"230\"],\"upperImage\":\"right\",\"backgroundImageIsVisible\":\"\"}},\"143\":{\"type\":\"textPanel\",\"enabled\":\"1\",\"fields\":{\"heading\":\"Including Passionate Stakeholders in the Master Planning Process \",\"body\":\"<p>Although with every design project the actual details for construction are extremely important to the success of the project, &nbsp;perhaps equally important is the early involvement of the stakeholders in the concept stages of the project. &nbsp;&nbsp;Our goal of the masterplanning process was to engage with the Track Committee and the users of the facility, the coaches, the booster club, the players, and the maintenance and facilities staff. &nbsp;Only after having an informed ideas of what the stakeholders envision, could we put our designer hats on and begin the design and concept planning. &nbsp;By having periodic check-ins and presentations with the stakeholders during our concept design phases, it made the \\u201cbuy-in\\u201d of the project design a much smoother and cost effective process as the plans and specifications advanced through to bid documents.. &nbsp;The success of the project was our design team\'s ability to create a balance between the the long wish list of stakeholder desires, &nbsp;and the real constraints of the project budget. <\\/p>\"}},\"144\":{\"type\":\"imageTextPanel\",\"enabled\":\"1\",\"fields\":{\"orientation\":\"left\",\"heading\":\"The work in-progress \",\"body\":\"<p>Due the size of the project and the inclusion of the complete renovation of the the Boys & Girls locker and team room facilities internal to the school, the project was required to follow the MGL Chapter 149 bidding requirements. This bidding procedure was lead by the MMI design team and led to a project that was completed within budget. <\\/p>\\r\\n<p>The resulting athletic facility is a true testament to a collaborative design process. Collaborative not only in the sense of our engineers, planners and landscape architects, but a true collaboration between design team and the community.<\\/p>\",\"list\":\"\",\"callToAction\":{\"type\":\"\",\"custom\":\"\",\"entry\":\"\",\"target\":\"\"},\"image\":[\"231\"]}},\"145\":{\"type\":\"gallery\",\"enabled\":\"1\",\"fields\":{\"heading\":\"A look at the finished product. \",\"gallery\":{\"159\":{\"type\":\"3\",\"fields\":{\"mediaAsset\":[\"232\"],\"caption\":\"Sample Caption here \"}},\"237\":{\"type\":\"3\",\"fields\":{\"mediaAsset\":[\"233\"],\"caption\":\"sample caption here \"}},\"238\":{\"type\":\"3\",\"fields\":{\"mediaAsset\":[\"234\"],\"caption\":\"sample caption here \"}},\"239\":{\"type\":\"3\",\"fields\":{\"mediaAsset\":[\"235\"],\"caption\":\"sample caption here \"}}}}},\"178\":{\"type\":\"listPanel\",\"enabled\":\"1\",\"fields\":{\"heading\":\"A List of Facility Improvements include: \",\"body\":\"\",\"list\":{\"179\":{\"type\":\"8\",\"fields\":{\"listItem\":\"New Boys & Girls Locker Rooms\"}},\"184\":{\"type\":\"8\",\"fields\":{\"listItem\":\"New Ticketing \\/ Concession \\/ Restroom \\/ Satellite Trainers room and three bay storage facility \"}},\"188\":{\"type\":\"8\",\"fields\":{\"listItem\":\"New (6) post tensioned concrete tennis courts with basketball accommodations \"}},\"180\":{\"type\":\"8\",\"fields\":{\"listItem\":\"New 6 lane (8 straight) synthetic track\"}},\"181\":{\"type\":\"8\",\"fields\":{\"listItem\":\"New full size synthetic turf field with new field lighting system\"}},\"182\":{\"type\":\"8\",\"fields\":{\"listItem\":\"New 1500 seat bleacher system \"}},\"183\":{\"type\":\"8\",\"fields\":{\"listItem\":\"New stadium scoreboard and sound system\"}},\"185\":{\"type\":\"8\",\"fields\":{\"listItem\":\"New girls softball field, dugouts, and scoreboard\"}},\"189\":{\"type\":\"8\",\"fields\":{\"listItem\":\"Section of new Town Bikeway access to facility \"}},\"190\":{\"type\":\"8\",\"fields\":{\"listItem\":\"New Accessible parking \"}},\"191\":{\"type\":\"8\",\"fields\":{\"listItem\":\"Renovated two story press box\"}},\"186\":{\"type\":\"8\",\"fields\":{\"listItem\":\"New baseball field, dugouts, fencing, batting cage and scoreboard\"}},\"192\":{\"type\":\"8\",\"fields\":{\"listItem\":\"Restored historical field signage archway \"}},\"193\":{\"type\":\"8\",\"fields\":{\"listItem\":\"Decorative site lighting \"}},\"187\":{\"type\":\"8\",\"fields\":{\"listItem\":\"New multi-use natural grass athletic fields and irrigation \"}}},\"centered\":\"1\",\"lift\":\"\",\"lightGrayBackground\":\"\"}},\"197\":{\"type\":\"people\",\"enabled\":\"1\",\"fields\":{\"heading\":\"Meet the team involved.\",\"people\":{\"198\":{\"type\":\"22\",\"fields\":{\"person\":[\"35\"],\"role\":[\"42\"]}}}}},\"195\":{\"type\":\"contact\",\"enabled\":\"\",\"fields\":{\"heading\":\"Let\'s work together! \"}},\"196\":{\"type\":\"relatedCallOuts\",\"enabled\":\"1\",\"fields\":{\"heading\":\"Related Projects \",\"callOuts\":[\"139\",\"53\"]}}},\"130\":{\"176\":{\"type\":\"featuredimage\",\"enabled\":\"1\",\"fields\":{\"heading\":\"Transform the virtually unusable into a true showcase athletic venue for the community and the region. \",\"subheading\":\"The Challenge\",\"image\":{\"177\":{\"type\":\"21\",\"fields\":{\"mobileImage\":[\"175\"],\"desktopImage\":[\"175\"]}}},\"animated\":\"1\"}}},\"150\":\"\",\"112\":[\"22\",\"25\"],\"113\":[\"4\",\"5\",\"16\",\"18\"]}}', '2017-07-26 18:55:22', '2017-07-26 18:55:22', '57f3dee6-8e53-4dac-99bd-d33d5732df6c'),
 ('74', '139', '3', '1', 'en_us', '26', '', '{\"typeId\":\"3\",\"authorId\":\"1\",\"title\":\"Agawam High School Athletic Facility Renovation \",\"slug\":\"agawam-high-school-athletic-facility-renovation\",\"postDate\":1498665240,\"expiryDate\":null,\"enabled\":1,\"parentId\":null,\"fields\":{\"132\":{\"name\":\"\",\"street\":\"\",\"street2\":\"\",\"city\":\"Agawam\",\"region\":\"Massachusetts \",\"postalCode\":\"\",\"country\":\"US\"},\"133\":\"Agawam High School \",\"3\":{\"240\":{\"type\":\"textPanel\",\"enabled\":\"1\",\"fields\":{\"heading\":\"What we faced. \",\"body\":\"<p>A wonderfully passionate community was in dire need of safer and more adequate athletic facilities at their High School Athletic Complex. What existed was an outdated, unsafe, undersized, and unuseable track and bleacher system, non-accessible and inadequate restroom, concessions, and storage facilities. The inadequate number of tennis courts in need of repair and an overall inefficient and unsafe layout of conflicting field and sport uses.<\\/p>\"}},\"236\":{\"type\":\"multipleImagePanel\",\"enabled\":\"1\",\"fields\":{\"leftImage\":[\"229\"],\"rightImage\":[\"230\"],\"upperImage\":\"right\",\"backgroundImageIsVisible\":\"\"}},\"143\":{\"type\":\"textPanel\",\"enabled\":\"1\",\"fields\":{\"heading\":\"Including Passionate Stakeholders in the Master Planning Process \",\"body\":\"<p>Although with every design project the actual details for construction are extremely important to the success of the project, &nbsp;perhaps equally important is the early involvement of the stakeholders in the concept stages of the project. &nbsp;&nbsp;Our goal of the masterplanning process was to engage with the Track Committee and the users of the facility, the coaches, the booster club, the players, and the maintenance and facilities staff. &nbsp;Only after having an informed ideas of what the stakeholders envision, could we put our designer hats on and begin the design and concept planning. &nbsp;By having periodic check-ins and presentations with the stakeholders during our concept design phases, it made the \\u201cbuy-in\\u201d of the project design a much smoother and cost effective process as the plans and specifications advanced through to bid documents.. &nbsp;The success of the project was our design team\'s ability to create a balance between the the long wish list of stakeholder desires, &nbsp;and the real constraints of the project budget. <\\/p>\"}},\"144\":{\"type\":\"imageTextPanel\",\"enabled\":\"1\",\"fields\":{\"orientation\":\"left\",\"heading\":\"The work in-progress \",\"body\":\"<p>Due the size of the project and the inclusion of the complete renovation of the the Boys & Girls locker and team room facilities internal to the school, the project was required to follow the MGL Chapter 149 bidding requirements. This bidding procedure was lead by the MMI design team and led to a project that was completed within budget. <\\/p>\\r\\n<p>The resulting athletic facility is a true testament to a collaborative design process. Collaborative not only in the sense of our engineers, planners and landscape architects, but a true collaboration between design team and the community.<\\/p>\",\"list\":\"\",\"callToAction\":{\"type\":\"\",\"custom\":\"\",\"entry\":\"\",\"target\":\"\"},\"image\":[\"231\"]}},\"145\":{\"type\":\"gallery\",\"enabled\":\"1\",\"fields\":{\"heading\":\"A look at the finished product. \",\"gallery\":{\"159\":{\"type\":\"3\",\"fields\":{\"mediaAsset\":[\"232\"],\"caption\":\"Sample Caption here \"}},\"237\":{\"type\":\"3\",\"fields\":{\"mediaAsset\":[\"233\"],\"caption\":\"sample caption here \"}},\"238\":{\"type\":\"3\",\"fields\":{\"mediaAsset\":[\"234\"],\"caption\":\"sample caption here \"}},\"239\":{\"type\":\"3\",\"fields\":{\"mediaAsset\":[\"235\"],\"caption\":\"sample caption here \"}}}}},\"178\":{\"type\":\"listPanel\",\"enabled\":\"1\",\"fields\":{\"heading\":\"A List of Facility Improvements include: \",\"body\":\"\",\"list\":{\"179\":{\"type\":\"8\",\"fields\":{\"listItem\":\"New Boys & Girls Locker Rooms\"}},\"184\":{\"type\":\"8\",\"fields\":{\"listItem\":\"New Ticketing \\/ Concession \\/ Restroom \\/ Satellite Trainers room and three bay storage facility \"}},\"188\":{\"type\":\"8\",\"fields\":{\"listItem\":\"New (6) post tensioned concrete tennis courts with basketball accommodations \"}},\"180\":{\"type\":\"8\",\"fields\":{\"listItem\":\"New 6 lane (8 straight) synthetic track\"}},\"181\":{\"type\":\"8\",\"fields\":{\"listItem\":\"New full size synthetic turf field with new field lighting system\"}},\"182\":{\"type\":\"8\",\"fields\":{\"listItem\":\"New 1500 seat bleacher system \"}},\"183\":{\"type\":\"8\",\"fields\":{\"listItem\":\"New stadium scoreboard and sound system\"}},\"185\":{\"type\":\"8\",\"fields\":{\"listItem\":\"New girls softball field, dugouts, and scoreboard\"}},\"189\":{\"type\":\"8\",\"fields\":{\"listItem\":\"Section of new Town Bikeway access to facility \"}},\"190\":{\"type\":\"8\",\"fields\":{\"listItem\":\"New Accessible parking \"}},\"191\":{\"type\":\"8\",\"fields\":{\"listItem\":\"Renovated two story press box\"}},\"186\":{\"type\":\"8\",\"fields\":{\"listItem\":\"New baseball field, dugouts, fencing, batting cage and scoreboard\"}},\"192\":{\"type\":\"8\",\"fields\":{\"listItem\":\"Restored historical field signage archway \"}},\"193\":{\"type\":\"8\",\"fields\":{\"listItem\":\"Decorative site lighting \"}},\"187\":{\"type\":\"8\",\"fields\":{\"listItem\":\"New multi-use natural grass athletic fields and irrigation \"}}},\"centered\":\"1\",\"lift\":\"\",\"lightGrayBackground\":\"\"}},\"197\":{\"type\":\"people\",\"enabled\":\"1\",\"fields\":{\"heading\":\"Meet the team involved.\",\"people\":{\"198\":{\"type\":\"22\",\"fields\":{\"person\":[\"35\"],\"role\":[\"42\"]}}}}},\"195\":{\"type\":\"contact\",\"enabled\":\"\",\"fields\":{\"heading\":\"Let\'s work together! \"}},\"196\":{\"type\":\"relatedCallOuts\",\"enabled\":\"1\",\"fields\":{\"heading\":\"Related Projects \",\"callOuts\":[\"139\",\"53\"]}}},\"130\":{\"176\":{\"type\":\"featuredimage\",\"enabled\":\"1\",\"fields\":{\"heading\":\"Transform the virtually unusable into a true showcase athletic venue for the community and the region. \",\"subheading\":\"The Challenge\",\"image\":{\"177\":{\"type\":\"21\",\"fields\":{\"mobileImage\":[\"248\"],\"desktopImage\":[\"248\"]}}},\"animated\":\"1\"}}},\"150\":\"\",\"112\":[\"22\",\"25\"],\"113\":[\"4\",\"5\",\"16\",\"18\"]}}', '2017-07-26 18:56:02', '2017-07-26 18:56:02', 'c23ba3d8-2f6d-461f-b084-0eeaa69f5df7'),
 ('75', '274', '8', '1', 'en_us', '1', '', '{\"typeId\":null,\"authorId\":\"1\",\"title\":\"Mark Arigoni, LA\",\"slug\":\"mark-arigoni-la\",\"postDate\":1501098127,\"expiryDate\":null,\"enabled\":1,\"parentId\":null,\"fields\":{\"49\":\"<p>Mark is a Principal of Milone & MacBroom and is the Regional Manager of the firm\\u2019s Massachusetts office. He is responsible for the project development and management of design, coordination, specifications, cost estimates, construction documents, and permit applications for various projects located throughout New England. Project assignments have included the design of greenways, streetscapes, passive and active parks, environmental restorations, recreational facilities, athletic facilities, urban redevelopment and revitalizations, and commercial site developments. These projects have included several environmental restoration components such as brownfield redevelopment design, dam removal design, dam bypass channel design, and river restoration\\/fish passage design.<\\/p>\",\"50\":\"<p>Graduating with a B.S. in Landscape Architecture from the University of Connecticut, Mark is a licensed Landscape Architect in Connecticut, Massachusetts, and Maine. In addition, Mark is a member of the following professional organizations:<\\/p>\\r\\n<ul><li><p>Council of Landscape Architectural Registration Board (CLARB)<\\/p><\\/li><li><p>Connecticut Board of Landscape Architects 2015-Present<\\/p><\\/li><li><p>Committee on Nominations CLARB, 2016-Present<\\/p><\\/li><\\/ul>\\r\\n\",\"170\":[\"272\"],\"39\":[\"41\",\"42\"],\"42\":{\"new1\":{\"type\":\"7\",\"fields\":{\"linkedin\":{\"type\":\"custom\",\"custom\":\"https:\\/\\/www.linkedin.com\\/in\\/mark-arigoni-ba378215\\/\",\"target\":\"\"},\"facebook\":{\"type\":\"\",\"custom\":\"\",\"target\":\"\"},\"twitter\":{\"type\":\"\",\"custom\":\"\",\"target\":\"\"}}}},\"41\":{\"date\":\"\"}}}', '2017-07-26 19:42:07', '2017-07-26 19:42:07', '9e13ac3f-0173-4be3-b425-470bd2f36708'),
 ('76', '274', '8', '1', 'en_us', '2', '', '{\"typeId\":\"8\",\"authorId\":\"1\",\"title\":\"Mark Arigoni, LA\",\"slug\":\"mark-arigoni-la\",\"postDate\":1501098120,\"expiryDate\":null,\"enabled\":1,\"parentId\":null,\"fields\":{\"49\":\"<p>Mark is a Principal of Milone & MacBroom and is the Regional Manager of the firm\\u2019s Massachusetts office. He is responsible for the project development and management of design, coordination, specifications, cost estimates, construction documents, and permit applications for various projects located throughout New England. Project assignments have included the design of greenways, streetscapes, passive and active parks, environmental restorations, recreational facilities, athletic facilities, urban redevelopment and revitalizations, and commercial site developments. These projects have included several environmental restoration components such as brownfield redevelopment design, dam removal design, dam bypass channel design, and river restoration\\/fish passage design.<\\/p>\",\"50\":\"<p>Graduating with a B.S. in Landscape Architecture from the University of Connecticut, Mark is a licensed Landscape Architect in Connecticut, Massachusetts, and Maine. In addition, Mark is a member of the following professional organizations:<\\/p>\\r\\n<ul><li><p>Council of Landscape Architectural Registration Board (CLARB)<\\/p><\\/li><li><p>Connecticut Board of Landscape Architects 2015-Present<\\/p><\\/li><li><p>Committee on Nominations CLARB, 2016-Present<\\/p><\\/li><\\/ul>\",\"170\":[\"272\"],\"39\":[\"41\",\"42\"],\"42\":{\"275\":{\"type\":\"7\",\"fields\":{\"linkedin\":{\"type\":\"custom\",\"custom\":\"https:\\/\\/www.linkedin.com\\/in\\/mark-arigoni-ba378215\\/\",\"target\":\"\"},\"facebook\":{\"type\":\"\",\"custom\":\"\",\"target\":\"\"},\"twitter\":{\"type\":\"\",\"custom\":\"\",\"target\":\"\"}}}},\"41\":{\"date\":\"\"}}}', '2017-07-26 19:42:22', '2017-07-26 19:42:22', '5dc1d50d-0e48-4e77-890e-4eda6a090d71'),
 ('77', '274', '8', '1', 'en_us', '3', '', '{\"typeId\":\"8\",\"authorId\":\"1\",\"title\":\"Mark Arigoni, LA\",\"slug\":\"mark-arigoni-la\",\"postDate\":1501098120,\"expiryDate\":null,\"enabled\":1,\"parentId\":null,\"fields\":{\"49\":\"<p>Mark is a Principal of Milone & MacBroom and is the Regional Manager of the firm\\u2019s Massachusetts office. He is responsible for the project development and management of design, coordination, specifications, cost estimates, construction documents, and permit applications for various projects located throughout New England. Project assignments have included the design of greenways, streetscapes, passive and active parks, environmental restorations, recreational facilities, athletic facilities, urban redevelopment and revitalizations, and commercial site developments. These projects have included several environmental restoration components such as brownfield redevelopment design, dam removal design, dam bypass channel design, and river restoration\\/fish passage design.<\\/p>\",\"50\":\"<p>Graduating with a B.S. in Landscape Architecture from the University of Connecticut, Mark is a licensed Landscape Architect in Connecticut, Massachusetts, and Maine. In addition, Mark is a member of the following professional organizations:<\\/p>\\r\\n<ul><li><p>Council of Landscape Architectural Registration Board (CLARB)<\\/p><\\/li><li><p>Connecticut Board of Landscape Architects 2015-Present<\\/p><\\/li><li><p>Committee on Nominations CLARB, 2016-Present<\\/p><\\/li><\\/ul>\",\"170\":[\"272\"],\"39\":[\"41\",\"42\"],\"42\":{\"275\":{\"type\":\"7\",\"fields\":{\"linkedin\":{\"type\":\"custom\",\"custom\":\"https:\\/\\/www.linkedin.com\\/in\\/mark-arigoni-ba378215\\/\",\"target\":\"\"},\"facebook\":{\"type\":\"\",\"custom\":\"\",\"target\":\"\"},\"twitter\":{\"type\":\"\",\"custom\":\"\",\"target\":\"\"}}}},\"41\":{\"date\":\"\"}}}', '2017-07-26 19:42:36', '2017-07-26 19:42:36', 'a2716d99-e789-42f2-b382-0f70ee9da39c'),
 ('78', '274', '8', '1', 'en_us', '4', '', '{\"typeId\":\"8\",\"authorId\":\"1\",\"title\":\"Mark Arigoni, LA\",\"slug\":\"mark-arigoni-la\",\"postDate\":1501098120,\"expiryDate\":null,\"enabled\":1,\"parentId\":null,\"fields\":{\"49\":\"<p>Mark is a Principal of Milone & MacBroom and is the Regional Manager of the firm\\u2019s Massachusetts office. He is responsible for the project development and management of design, coordination, specifications, cost estimates, construction documents, and permit applications for various projects located throughout New England. Project assignments have included the design of greenways, streetscapes, passive and active parks, environmental restorations, recreational facilities, athletic facilities, urban redevelopment and revitalizations, and commercial site developments. These projects have included several environmental restoration components such as brownfield redevelopment design, dam removal design, dam bypass channel design, and river restoration\\/fish passage design.<\\/p>\",\"50\":\"<p>Graduating with a B.S. in Landscape Architecture from the University of Connecticut, Mark is a licensed Landscape Architect in Connecticut, Massachusetts, and Maine. In addition, Mark is a member of the following professional organizations:<\\/p>\\r\\n<ul><li><p>Council of Landscape Architectural Registration Board (CLARB)<\\/p><\\/li><li><p>Connecticut Board of Landscape Architects 2015-Present<\\/p><\\/li><li><p>Committee on Nominations CLARB, 2016-Present<\\/p><\\/li><\\/ul>\",\"170\":[\"272\"],\"39\":[\"41\",\"42\"],\"42\":{\"275\":{\"type\":\"7\",\"fields\":{\"linkedin\":{\"type\":\"custom\",\"custom\":\"https:\\/\\/www.linkedin.com\\/in\\/mark-arigoni-ba378215\\/\",\"target\":\"\"},\"facebook\":{\"type\":\"\",\"custom\":\"\",\"target\":\"\"},\"twitter\":{\"type\":\"\",\"custom\":\"\",\"target\":\"\"}}}},\"41\":{\"date\":\"\"}}}', '2017-07-26 19:46:49', '2017-07-26 19:46:49', 'd5680db5-9ffc-4a60-b3fb-3476deb59d2c'),
 ('79', '139', '3', '1', 'en_us', '27', '', '{\"typeId\":\"3\",\"authorId\":\"1\",\"title\":\"Agawam High School Athletic Facility Renovation \",\"slug\":\"agawam-high-school-athletic-facility-renovation\",\"postDate\":1498665240,\"expiryDate\":null,\"enabled\":1,\"parentId\":null,\"fields\":{\"132\":{\"name\":\"\",\"street\":\"\",\"street2\":\"\",\"city\":\"Agawam\",\"region\":\"Massachusetts \",\"postalCode\":\"\",\"country\":\"US\"},\"133\":\"Agawam High School \",\"3\":{\"240\":{\"type\":\"textPanel\",\"enabled\":\"1\",\"fields\":{\"heading\":\"What we faced. \",\"body\":\"<p>A wonderfully passionate community was in dire need of safer and more adequate athletic facilities at their High School Athletic Complex. What existed was an outdated, unsafe, undersized, and unuseable track and bleacher system, non-accessible and inadequate restroom, concessions, and storage facilities. The inadequate number of tennis courts in need of repair and an overall inefficient and unsafe layout of conflicting field and sport uses.<\\/p>\"}},\"236\":{\"type\":\"multipleImagePanel\",\"enabled\":\"1\",\"fields\":{\"leftImage\":[\"229\"],\"rightImage\":[\"230\"],\"upperImage\":\"right\",\"backgroundImageIsVisible\":\"\"}},\"143\":{\"type\":\"textPanel\",\"enabled\":\"1\",\"fields\":{\"heading\":\"Including Passionate Stakeholders in the Master Planning Process \",\"body\":\"<p>Although with every design project the actual details for construction are extremely important to the success of the project, &nbsp;perhaps equally important is the early involvement of the stakeholders in the concept stages of the project. &nbsp;&nbsp;Our goal of the masterplanning process was to engage with the Track Committee and the users of the facility, the coaches, the booster club, the players, and the maintenance and facilities staff. &nbsp;Only after having an informed ideas of what the stakeholders envision, could we put our designer hats on and begin the design and concept planning. &nbsp;By having periodic check-ins and presentations with the stakeholders during our concept design phases, it made the \\u201cbuy-in\\u201d of the project design a much smoother and cost effective process as the plans and specifications advanced through to bid documents.. &nbsp;The success of the project was our design team\'s ability to create a balance between the the long wish list of stakeholder desires, &nbsp;and the real constraints of the project budget. <\\/p>\"}},\"144\":{\"type\":\"imageTextPanel\",\"enabled\":\"1\",\"fields\":{\"orientation\":\"left\",\"heading\":\"The work in-progress \",\"body\":\"<p>Due the size of the project and the inclusion of the complete renovation of the the Boys & Girls locker and team room facilities internal to the school, the project was required to follow the MGL Chapter 149 bidding requirements. This bidding procedure was lead by the MMI design team and led to a project that was completed within budget. <\\/p>\\r\\n<p>The resulting athletic facility is a true testament to a collaborative design process. Collaborative not only in the sense of our engineers, planners and landscape architects, but a true collaboration between design team and the community.<\\/p>\",\"list\":\"\",\"callToAction\":{\"type\":\"\",\"custom\":\"\",\"entry\":\"\",\"target\":\"\"},\"image\":[\"231\"]}},\"145\":{\"type\":\"gallery\",\"enabled\":\"1\",\"fields\":{\"heading\":\"A look at the finished product. \",\"gallery\":{\"159\":{\"type\":\"3\",\"fields\":{\"mediaAsset\":[\"232\"],\"caption\":\"Sample Caption here \"}},\"237\":{\"type\":\"3\",\"fields\":{\"mediaAsset\":[\"233\"],\"caption\":\"sample caption here \"}},\"238\":{\"type\":\"3\",\"fields\":{\"mediaAsset\":[\"234\"],\"caption\":\"sample caption here \"}},\"239\":{\"type\":\"3\",\"fields\":{\"mediaAsset\":[\"235\"],\"caption\":\"sample caption here \"}}}}},\"178\":{\"type\":\"listPanel\",\"enabled\":\"1\",\"fields\":{\"heading\":\"A List of Facility Improvements include: \",\"body\":\"\",\"list\":{\"179\":{\"type\":\"8\",\"fields\":{\"listItem\":\"New Boys & Girls Locker Rooms\"}},\"184\":{\"type\":\"8\",\"fields\":{\"listItem\":\"New Ticketing \\/ Concession \\/ Restroom \\/ Satellite Trainers room and three bay storage facility \"}},\"188\":{\"type\":\"8\",\"fields\":{\"listItem\":\"New (6) post tensioned concrete tennis courts with basketball accommodations \"}},\"180\":{\"type\":\"8\",\"fields\":{\"listItem\":\"New 6 lane (8 straight) synthetic track\"}},\"181\":{\"type\":\"8\",\"fields\":{\"listItem\":\"New full size synthetic turf field with new field lighting system\"}},\"182\":{\"type\":\"8\",\"fields\":{\"listItem\":\"New 1500 seat bleacher system \"}},\"183\":{\"type\":\"8\",\"fields\":{\"listItem\":\"New stadium scoreboard and sound system\"}},\"185\":{\"type\":\"8\",\"fields\":{\"listItem\":\"New girls softball field, dugouts, and scoreboard\"}},\"189\":{\"type\":\"8\",\"fields\":{\"listItem\":\"Section of new Town Bikeway access to facility \"}},\"190\":{\"type\":\"8\",\"fields\":{\"listItem\":\"New Accessible parking \"}},\"191\":{\"type\":\"8\",\"fields\":{\"listItem\":\"Renovated two story press box\"}},\"186\":{\"type\":\"8\",\"fields\":{\"listItem\":\"New baseball field, dugouts, fencing, batting cage and scoreboard\"}},\"192\":{\"type\":\"8\",\"fields\":{\"listItem\":\"Restored historical field signage archway \"}},\"193\":{\"type\":\"8\",\"fields\":{\"listItem\":\"Decorative site lighting \"}},\"187\":{\"type\":\"8\",\"fields\":{\"listItem\":\"New multi-use natural grass athletic fields and irrigation \"}}},\"centered\":\"1\",\"lift\":\"\",\"lightGrayBackground\":\"\"}},\"197\":{\"type\":\"people\",\"enabled\":\"1\",\"fields\":{\"heading\":\"Meet the team involved.\",\"people\":{\"198\":{\"type\":\"22\",\"fields\":{\"person\":[\"35\"],\"role\":[\"42\"]}},\"new1\":{\"type\":\"22\",\"fields\":{\"person\":[\"274\"],\"role\":[\"42\"]}}}}},\"195\":{\"type\":\"contact\",\"enabled\":\"\",\"fields\":{\"heading\":\"Let\'s work together! \"}},\"196\":{\"type\":\"relatedCallOuts\",\"enabled\":\"1\",\"fields\":{\"heading\":\"Related Projects \",\"callOuts\":[\"139\",\"53\"]}}},\"130\":{\"176\":{\"type\":\"featuredimage\",\"enabled\":\"1\",\"fields\":{\"heading\":\"Transform the virtually unusable into a true showcase athletic venue for the community and the region. \",\"subheading\":\"The Challenge\",\"image\":{\"177\":{\"type\":\"21\",\"fields\":{\"mobileImage\":[\"248\"],\"desktopImage\":[\"248\"]}}},\"animated\":\"1\"}}},\"150\":\"\",\"112\":[\"22\",\"25\"],\"113\":[\"4\",\"5\",\"16\",\"18\"]}}', '2017-07-26 19:52:14', '2017-07-26 19:52:14', 'd72d8e0f-ffcd-40ec-8892-d15b246fa741'),
 ('80', '139', '3', '1', 'en_us', '28', '', '{\"typeId\":\"3\",\"authorId\":\"1\",\"title\":\"Agawam High School Athletic Facility Renovation \",\"slug\":\"agawam-high-school-athletic-facility-renovation\",\"postDate\":1498665240,\"expiryDate\":null,\"enabled\":1,\"parentId\":null,\"fields\":{\"132\":{\"name\":\"\",\"street\":\"\",\"street2\":\"\",\"city\":\"Agawam\",\"region\":\"Massachusetts \",\"postalCode\":\"\",\"country\":\"US\"},\"133\":\"Agawam High School \",\"3\":{\"240\":{\"type\":\"textPanel\",\"enabled\":\"1\",\"fields\":{\"heading\":\"What we faced. \",\"body\":\"<p>A wonderfully passionate community was in dire need of safer and more adequate athletic facilities at their High School Athletic Complex. What existed was an outdated, unsafe, undersized, and unuseable track and bleacher system, non-accessible and inadequate restroom, concessions, and storage facilities. The inadequate number of tennis courts in need of repair and an overall inefficient and unsafe layout of conflicting field and sport uses.<\\/p>\"}},\"236\":{\"type\":\"multipleImagePanel\",\"enabled\":\"1\",\"fields\":{\"leftImage\":[\"229\"],\"rightImage\":[\"230\"],\"upperImage\":\"right\",\"backgroundImageIsVisible\":\"\"}},\"143\":{\"type\":\"textPanel\",\"enabled\":\"1\",\"fields\":{\"heading\":\"Including Passionate Stakeholders in the Master Planning Process \",\"body\":\"<p>Although with every design project the actual details for construction are extremely important to the success of the project, &nbsp;perhaps equally important is the early involvement of the stakeholders in the concept stages of the project. &nbsp;&nbsp;Our goal of the masterplanning process was to engage with the Track Committee and the users of the facility, the coaches, the booster club, the players, and the maintenance and facilities staff. &nbsp;Only after having an informed ideas of what the stakeholders envision, could we put our designer hats on and begin the design and concept planning. &nbsp;By having periodic check-ins and presentations with the stakeholders during our concept design phases, it made the \\u201cbuy-in\\u201d of the project design a much smoother and cost effective process as the plans and specifications advanced through to bid documents.. &nbsp;The success of the project was our design team\'s ability to create a balance between the the long wish list of stakeholder desires, &nbsp;and the real constraints of the project budget. <\\/p>\"}},\"144\":{\"type\":\"imageTextPanel\",\"enabled\":\"1\",\"fields\":{\"orientation\":\"left\",\"heading\":\"The work in-progress \",\"body\":\"<p>Due the size of the project and the inclusion of the complete renovation of the the Boys & Girls locker and team room facilities internal to the school, the project was required to follow the MGL Chapter 149 bidding requirements. This bidding procedure was lead by the MMI design team and led to a project that was completed within budget. <\\/p>\\r\\n<p>The resulting athletic facility is a true testament to a collaborative design process. Collaborative not only in the sense of our engineers, planners and landscape architects, but a true collaboration between design team and the community.<\\/p>\",\"list\":\"\",\"callToAction\":{\"type\":\"\",\"custom\":\"\",\"entry\":\"\",\"target\":\"\"},\"image\":[\"231\"]}},\"145\":{\"type\":\"gallery\",\"enabled\":\"1\",\"fields\":{\"heading\":\"A look at the finished product. \",\"gallery\":{\"159\":{\"type\":\"3\",\"fields\":{\"mediaAsset\":[\"232\"],\"caption\":\"Sample Caption here \"}},\"237\":{\"type\":\"3\",\"fields\":{\"mediaAsset\":[\"233\"],\"caption\":\"sample caption here \"}},\"238\":{\"type\":\"3\",\"fields\":{\"mediaAsset\":[\"234\"],\"caption\":\"sample caption here \"}},\"239\":{\"type\":\"3\",\"fields\":{\"mediaAsset\":[\"235\"],\"caption\":\"sample caption here \"}}}}},\"178\":{\"type\":\"listPanel\",\"enabled\":\"1\",\"fields\":{\"heading\":\"A List of Facility Improvements include: \",\"body\":\"\",\"list\":{\"179\":{\"type\":\"8\",\"fields\":{\"listItem\":\"New Boys & Girls Locker Rooms\"}},\"184\":{\"type\":\"8\",\"fields\":{\"listItem\":\"New Ticketing \\/ Concession \\/ Restroom \\/ Satellite Trainers room and three bay storage facility \"}},\"188\":{\"type\":\"8\",\"fields\":{\"listItem\":\"New (6) post tensioned concrete tennis courts with basketball accommodations \"}},\"180\":{\"type\":\"8\",\"fields\":{\"listItem\":\"New 6 lane (8 straight) synthetic track\"}},\"181\":{\"type\":\"8\",\"fields\":{\"listItem\":\"New full size synthetic turf field with new field lighting system\"}},\"182\":{\"type\":\"8\",\"fields\":{\"listItem\":\"New 1500 seat bleacher system \"}},\"183\":{\"type\":\"8\",\"fields\":{\"listItem\":\"New stadium scoreboard and sound system\"}},\"185\":{\"type\":\"8\",\"fields\":{\"listItem\":\"New girls softball field, dugouts, and scoreboard\"}},\"189\":{\"type\":\"8\",\"fields\":{\"listItem\":\"Section of new Town Bikeway access to facility \"}},\"190\":{\"type\":\"8\",\"fields\":{\"listItem\":\"New Accessible parking \"}},\"191\":{\"type\":\"8\",\"fields\":{\"listItem\":\"Renovated two story press box\"}},\"186\":{\"type\":\"8\",\"fields\":{\"listItem\":\"New baseball field, dugouts, fencing, batting cage and scoreboard\"}},\"192\":{\"type\":\"8\",\"fields\":{\"listItem\":\"Restored historical field signage archway \"}},\"193\":{\"type\":\"8\",\"fields\":{\"listItem\":\"Decorative site lighting \"}},\"187\":{\"type\":\"8\",\"fields\":{\"listItem\":\"New multi-use natural grass athletic fields and irrigation \"}}},\"centered\":\"1\",\"lift\":\"\",\"lightGrayBackground\":\"\"}},\"197\":{\"type\":\"people\",\"enabled\":\"1\",\"fields\":{\"heading\":\"Meet the team involved.\",\"people\":{\"198\":{\"type\":\"22\",\"fields\":{\"person\":[\"35\"],\"role\":[\"42\"]}},\"282\":{\"type\":\"22\",\"fields\":{\"person\":[\"274\"],\"role\":[\"42\"]}}}}},\"195\":{\"type\":\"contact\",\"enabled\":\"\",\"fields\":{\"heading\":\"Let\'s work together! \"}},\"196\":{\"type\":\"relatedCallOuts\",\"enabled\":\"1\",\"fields\":{\"heading\":\"Related Projects \",\"callOuts\":[\"139\",\"53\"]}}},\"130\":{\"176\":{\"type\":\"featuredimage\",\"enabled\":\"1\",\"fields\":{\"heading\":\"Transform the virtually unusable into a true showcase athletic venue for the community and the region. \",\"subheading\":\"The Challenge\",\"image\":{\"177\":{\"type\":\"21\",\"fields\":{\"mobileImage\":[\"175\"],\"desktopImage\":[\"175\"]}}},\"animated\":\"1\"}}},\"150\":\"\",\"112\":[\"22\",\"25\"],\"113\":[\"4\",\"5\",\"16\",\"18\"]}}', '2017-07-27 14:39:31', '2017-07-27 14:39:31', '5484dd5e-6737-4a7b-8f12-8349acba7f49'),
 ('81', '419', '7', '1', 'en_us', '1', '', '{\"typeId\":null,\"authorId\":\"1\",\"title\":\"Careers \",\"slug\":\"careers\",\"postDate\":1501179303,\"expiryDate\":null,\"enabled\":1,\"parentId\":null,\"fields\":{\"3\":{\"new1\":{\"type\":\"masthead\",\"enabled\":\"1\",\"fields\":{\"image\":{\"new1\":{\"type\":\"1\",\"fields\":{\"mobileImage\":[\"407\"],\"desktopImage\":[\"407\"]}}},\"subheading\":\"Careers\",\"heading\":\"Start Shaping the Future. \\r\\nJoin Our Team. \"}},\"new2\":{\"type\":\"largeImageTextPanel\",\"enabled\":\"1\",\"fields\":{\"orientation\":\"right\",\"heading\":\"We pride ourselves on being different. \",\"subheading\":\"\",\"body\":\"<p>MMI is not your stereotypical engineering firm. We may have drawings, maps, and math equations plastered all over our whiteboards but that is where the similarities end. Our culture, our community, our people are what set up apart. With a \\\"work hard, play hard\\\" mentality, we cherish the moments outside of work, enjoyig time with our team and families at home. A day of building bridges, followed by happy hour with coworkers, is just another day at the office for us. <\\/p>\",\"list\":\"\",\"callToAction\":{\"type\":\"\",\"custom\":\"\",\"entry\":\"\",\"category\":\"\",\"customText\":\"\",\"target\":\"\"},\"image\":[\"408\"],\"dark\":\"\",\"lift\":\"\"}},\"new3\":{\"type\":\"multipleImagePanel\",\"enabled\":\"1\",\"fields\":{\"leftImage\":[\"409\"],\"rightImage\":[\"417\"],\"upperImage\":\"right\",\"backgroundImageIsVisible\":\"1\"}},\"new4\":{\"type\":\"valuesPanel\",\"enabled\":\"1\",\"fields\":{\"heading\":\"Our Values\",\"values\":{\"new1\":{\"type\":\"20\",\"fields\":{\"Value\":\"People\",\"header\":\"Lead with Empathy\",\"body\":\"We are nothing without our family mentality because we know that collaborative, skilled people who care about each other will always find new, efficient, and exciting ways to solve problems together. And, it shows in our work.\"}},\"new2\":{\"type\":\"20\",\"fields\":{\"Value\":\"Professionalism \",\"header\":\"Be the Expert \",\"body\":\"We rely on a strong sense of professionalism, driven by a cross-functional commitment to our clients. This guarantees stronger partnerships and more impactful solutions as we innovate communities and bring solutions to life. Our attention to detail, the needs of others, and vast expertise further fosters professionalism in everything that we touch. \\r\\n\"}},\"new3\":{\"type\":\"20\",\"fields\":{\"Value\":\"Passion\",\"header\":\"Ignite your Passion \",\"body\":\"We are fueled by our team\'s innate energy and drive for solving problems. Our passion is continually stirred by remembering that every touch-point of everything we make is a chance to surprise, delight, and benefit the world.\\r\\n\"}},\"new4\":{\"type\":\"20\",\"fields\":{\"Value\":\"Purpose\",\"header\":\"Find the Why\",\"body\":\"We believe in combining our passions and years of experience in different fields to create a lasting effect on the world through thoughtful, sustainable solutions that take into account human health, safety, experience, and performance. Our community \\u2013 the employees, clients, and the people who experience our work on a daily basis \\u2013 inspires us to work harder, faster, and smarter in an effort to transform the lives of everyone who comes in contact with Milone & MacBroom. \\r\\n\"}}}}},\"new5\":{\"type\":\"gallery\",\"enabled\":\"1\",\"fields\":{\"heading\":\"\",\"gallery\":{\"new2\":{\"type\":\"3\",\"fields\":{\"mediaAsset\":[\"412\"],\"caption\":\"Our planning team \"}},\"new3\":{\"type\":\"3\",\"fields\":{\"mediaAsset\":[\"413\"],\"caption\":\"Our environmental science team enjoying the day \"}},\"new4\":{\"type\":\"3\",\"fields\":{\"mediaAsset\":[\"414\"],\"caption\":\"Two of our partners working hard on a landscape architecture project \"}},\"new5\":{\"type\":\"3\",\"fields\":{\"mediaAsset\":[\"415\"],\"caption\":\"Field Day 2017 \"}},\"new6\":{\"type\":\"3\",\"fields\":{\"mediaAsset\":[\"416\"],\"caption\":\"Company Photo, 2017 \"}}}}},\"new6\":{\"type\":\"multipleImagePanel\",\"enabled\":\"1\",\"fields\":{\"leftImage\":[\"410\"],\"rightImage\":[\"418\"],\"upperImage\":\"left\",\"backgroundImageIsVisible\":\"\"}},\"new7\":{\"type\":\"openings\",\"enabled\":\"1\",\"fields\":{\"internshipCard\":{\"new1\":{\"type\":\"5\",\"fields\":{\"cardTitle\":\"Senior Geotechnical Engineer\",\"description\":\"Cheshire, CT \",\"callToAction\":{\"type\":\"custom\",\"custom\":\"mminc.com\",\"entry\":\"\",\"customText\":\"Contact Us \"}}}},\"loadMoreText\":\"\",\"footer\":{\"new1\":{\"type\":\"6\",\"fields\":{\"heading\":\"Don\'t see your title listed? That\'s okay! \",\"callToAction\":{\"type\":\"custom\",\"custom\":\"mmin.com\",\"entry\":\"\",\"customText\":\"Let\'s chat anyway\",\"target\":\"_blank\"}}}}}},\"new8\":{\"type\":\"contentSelector\",\"enabled\":\"1\",\"fields\":{\"heading\":\"\",\"backgroundImage\":\"\",\"benefit\":\"\"}}}}}', '2017-07-27 18:15:03', '2017-07-27 18:15:03', '726633a6-2c75-471d-b550-51c135a6e166'),
 ('82', '419', '7', '1', 'en_us', '2', '', '{\"typeId\":\"7\",\"authorId\":\"1\",\"title\":\"Careers \",\"slug\":\"careers\",\"postDate\":1501179300,\"expiryDate\":null,\"enabled\":1,\"parentId\":null,\"fields\":{\"3\":{\"420\":{\"type\":\"masthead\",\"enabled\":\"1\",\"fields\":{\"image\":{\"421\":{\"type\":\"1\",\"fields\":{\"mobileImage\":[\"407\"],\"desktopImage\":[\"407\"]}}},\"subheading\":\"Careers\",\"heading\":\"Start Shaping the Future. \\r\\nJoin Our Team. \"}},\"422\":{\"type\":\"largeImageTextPanel\",\"enabled\":\"1\",\"fields\":{\"orientation\":\"right\",\"heading\":\"\",\"subheading\":\"We pride ourselves on being different. \",\"body\":\"<p>MMI is not your stereotypical engineering firm. We may have drawings, maps, and math equations plastered all over our whiteboards but that is where the similarities end. Our culture, our community, our people are what set up apart. With a \\\"work hard, play hard\\\" mentality, we cherish the moments outside of work, enjoyig time with our team and families at home. A day of building bridges, followed by happy hour with coworkers, is just another day at the office for us. <\\/p>\",\"list\":\"\",\"callToAction\":{\"type\":\"\",\"custom\":\"\",\"entry\":\"\",\"category\":\"\",\"customText\":\"\",\"target\":\"\"},\"image\":[\"408\"],\"dark\":\"\",\"lift\":\"\"}},\"423\":{\"type\":\"multipleImagePanel\",\"enabled\":\"1\",\"fields\":{\"leftImage\":[\"409\"],\"rightImage\":[\"417\"],\"upperImage\":\"right\",\"backgroundImageIsVisible\":\"1\"}},\"424\":{\"type\":\"valuesPanel\",\"enabled\":\"1\",\"fields\":{\"heading\":\"Our Values\",\"values\":{\"425\":{\"type\":\"20\",\"fields\":{\"Value\":\"People\",\"header\":\"Lead with Empathy\",\"body\":\"We are nothing without our family mentality because we know that collaborative, skilled people who care about each other will always find new, efficient, and exciting ways to solve problems together. And, it shows in our work.\"}},\"426\":{\"type\":\"20\",\"fields\":{\"Value\":\"Professionalism \",\"header\":\"Be the Expert \",\"body\":\"We rely on a strong sense of professionalism, driven by a cross-functional commitment to our clients. This guarantees stronger partnerships and more impactful solutions as we innovate communities and bring solutions to life. Our attention to detail, the needs of others, and vast expertise further fosters professionalism in everything that we touch. \\r\\n\"}},\"427\":{\"type\":\"20\",\"fields\":{\"Value\":\"Passion\",\"header\":\"Ignite your Passion \",\"body\":\"We are fueled by our team\'s innate energy and drive for solving problems. Our passion is continually stirred by remembering that every touch-point of everything we make is a chance to surprise, delight, and benefit the world.\\r\\n\"}},\"428\":{\"type\":\"20\",\"fields\":{\"Value\":\"Purpose\",\"header\":\"Find the Why\",\"body\":\"We believe in combining our passions and years of experience in different fields to create a lasting effect on the world through thoughtful, sustainable solutions that take into account human health, safety, experience, and performance. Our community \\u2013 the employees, clients, and the people who experience our work on a daily basis \\u2013 inspires us to work harder, faster, and smarter in an effort to transform the lives of everyone who comes in contact with Milone & MacBroom. \\r\\n\"}}}}},\"429\":{\"type\":\"gallery\",\"enabled\":\"1\",\"fields\":{\"heading\":\"\",\"gallery\":{\"430\":{\"type\":\"3\",\"fields\":{\"mediaAsset\":[\"412\"],\"caption\":\"Our planning team \"}},\"431\":{\"type\":\"3\",\"fields\":{\"mediaAsset\":[\"413\"],\"caption\":\"Our environmental science team enjoying the day \"}},\"432\":{\"type\":\"3\",\"fields\":{\"mediaAsset\":[\"414\"],\"caption\":\"Two of our partners working hard on a landscape architecture project \"}},\"433\":{\"type\":\"3\",\"fields\":{\"mediaAsset\":[\"415\"],\"caption\":\"Field Day 2017 \"}},\"434\":{\"type\":\"3\",\"fields\":{\"mediaAsset\":[\"416\"],\"caption\":\"Company Photo, 2017 \"}}}}},\"435\":{\"type\":\"multipleImagePanel\",\"enabled\":\"1\",\"fields\":{\"leftImage\":[\"410\"],\"rightImage\":[\"418\"],\"upperImage\":\"left\",\"backgroundImageIsVisible\":\"\"}},\"436\":{\"type\":\"openings\",\"enabled\":\"1\",\"fields\":{\"internshipCard\":{\"437\":{\"type\":\"5\",\"fields\":{\"cardTitle\":\"Senior Geotechnical Engineer\",\"description\":\"Cheshire, CT \",\"callToAction\":{\"type\":\"custom\",\"custom\":\"mminc.com\",\"entry\":\"\",\"customText\":\"Contact Us \"}}}},\"loadMoreText\":\"\",\"footer\":{\"438\":{\"type\":\"6\",\"fields\":{\"heading\":\"Don\'t see your title listed? That\'s okay! \",\"callToAction\":{\"type\":\"custom\",\"custom\":\"mmin.com\",\"entry\":\"\",\"customText\":\"Let\'s chat anyway\",\"target\":\"_blank\"}}}}}},\"439\":{\"type\":\"contentSelector\",\"enabled\":\"1\",\"fields\":{\"heading\":\"\",\"backgroundImage\":\"\",\"benefit\":\"\"}}}}}', '2017-07-27 18:19:35', '2017-07-27 18:19:35', '01166695-2d21-4977-a87c-2346c3e51e99'),
 ('83', '419', '7', '1', 'en_us', '3', '', '{\"typeId\":\"7\",\"authorId\":\"1\",\"title\":\"Careers \",\"slug\":\"careers\",\"postDate\":1501179300,\"expiryDate\":null,\"enabled\":1,\"parentId\":null,\"fields\":{\"3\":{\"420\":{\"type\":\"masthead\",\"enabled\":\"1\",\"fields\":{\"image\":{\"421\":{\"type\":\"1\",\"fields\":{\"mobileImage\":[\"407\"],\"desktopImage\":[\"407\"]}}},\"subheading\":\"Careers\",\"heading\":\"Start Shaping the Future. \\r\\nJoin Our Team. \"}},\"422\":{\"type\":\"largeImageTextPanel\",\"enabled\":\"1\",\"fields\":{\"orientation\":\"right\",\"heading\":\"\",\"subheading\":\"We pride ourselves on being different. \",\"body\":\"<p>MMI is not your stereotypical engineering firm. We may have drawings, maps, and math equations plastered all over our whiteboards but that is where the similarities end. Our culture, our community, our people are what set up apart. With a \\\"work hard, play hard\\\" mentality, we cherish the moments outside of work, enjoyig time with our team and families at home. A day of building bridges, followed by happy hour with coworkers, is just another day at the office for us. <\\/p>\",\"list\":\"\",\"callToAction\":{\"type\":\"\",\"custom\":\"\",\"entry\":\"\",\"category\":\"\",\"customText\":\"\",\"target\":\"\"},\"image\":[\"408\"],\"dark\":\"\",\"lift\":\"\"}},\"423\":{\"type\":\"multipleImagePanel\",\"enabled\":\"1\",\"fields\":{\"leftImage\":[\"409\"],\"rightImage\":[\"417\"],\"upperImage\":\"right\",\"backgroundImageIsVisible\":\"1\"}},\"424\":{\"type\":\"valuesPanel\",\"enabled\":\"1\",\"fields\":{\"heading\":\"Our Values\",\"values\":{\"425\":{\"type\":\"20\",\"fields\":{\"Value\":\"People\",\"header\":\"Lead with Empathy\",\"body\":\"We are nothing without our family mentality because we know that collaborative, skilled people who care about each other will always find new, efficient, and exciting ways to solve problems together. And, it shows in our work.\"}},\"426\":{\"type\":\"20\",\"fields\":{\"Value\":\"Professionalism \",\"header\":\"Be the Expert \",\"body\":\"We rely on a strong sense of professionalism, driven by a cross-functional commitment to our clients. This guarantees stronger partnerships and more impactful solutions as we innovate communities and bring solutions to life. Our attention to detail, the needs of others, and vast expertise further fosters professionalism in everything that we touch. \\r\\n\"}},\"427\":{\"type\":\"20\",\"fields\":{\"Value\":\"Passion\",\"header\":\"Ignite your Passion \",\"body\":\"We are fueled by our team\'s innate energy and drive for solving problems. Our passion is continually stirred by remembering that every touch-point of everything we make is a chance to surprise, delight, and benefit the world.\\r\\n\"}},\"428\":{\"type\":\"20\",\"fields\":{\"Value\":\"Purpose\",\"header\":\"Find the Why\",\"body\":\"We believe in combining our passions and years of experience in different fields to create a lasting effect on the world through thoughtful, sustainable solutions that take into account human health, safety, experience, and performance. Our community \\u2013 the employees, clients, and the people who experience our work on a daily basis \\u2013 inspires us to work harder, faster, and smarter in an effort to transform the lives of everyone who comes in contact with Milone & MacBroom. \\r\\n\"}}}}},\"429\":{\"type\":\"gallery\",\"enabled\":\"1\",\"fields\":{\"heading\":\"\",\"gallery\":{\"430\":{\"type\":\"3\",\"fields\":{\"mediaAsset\":[\"412\"],\"caption\":\"Our planning team \"}},\"431\":{\"type\":\"3\",\"fields\":{\"mediaAsset\":[\"413\"],\"caption\":\"Our environmental science team enjoying the day \"}},\"432\":{\"type\":\"3\",\"fields\":{\"mediaAsset\":[\"414\"],\"caption\":\"Two of our partners working hard on a landscape architecture project \"}},\"433\":{\"type\":\"3\",\"fields\":{\"mediaAsset\":[\"415\"],\"caption\":\"Field Day 2017 \"}},\"434\":{\"type\":\"3\",\"fields\":{\"mediaAsset\":[\"416\"],\"caption\":\"Company Photo, 2017 \"}}}}},\"435\":{\"type\":\"multipleImagePanel\",\"enabled\":\"1\",\"fields\":{\"leftImage\":[\"410\"],\"rightImage\":[\"418\"],\"upperImage\":\"left\",\"backgroundImageIsVisible\":\"\"}},\"436\":{\"type\":\"openings\",\"enabled\":\"1\",\"fields\":{\"internshipCard\":{\"437\":{\"type\":\"5\",\"fields\":{\"cardTitle\":\"Senior Geotechnical Engineer\",\"description\":\"Cheshire, CT \",\"callToAction\":{\"type\":\"custom\",\"custom\":\"mminc.com\",\"entry\":\"\",\"customText\":\"Contact Us \"}}}},\"loadMoreText\":\"\",\"footer\":{\"438\":{\"type\":\"6\",\"fields\":{\"heading\":\"Don\'t see your title listed? That\'s okay! \",\"callToAction\":{\"type\":\"custom\",\"custom\":\"mmin.com\",\"entry\":\"\",\"customText\":\"Let\'s chat anyway\",\"target\":\"_blank\"}}}}}},\"439\":{\"type\":\"contentSelector\",\"enabled\":\"1\",\"fields\":{\"heading\":\"Being part of Milone & MacBroom has its benefits \",\"backgroundImage\":[\"440\"],\"benefit\":{\"new1\":{\"type\":\"16\",\"fields\":{\"benefitName\":\"Health & Wellness\",\"body\":\"<ul><li>Medical, Prescription Drug and Dental Insurance<\\/li><li>Health Savings Account<\\/li><li>Dependent Day Care Flexible Spending Account<\\/li><li>Long-Term Disability and Optional Short-Term Disability Insurance<\\/li><li>Accidental Death and Dismemberment Insurance<\\/li><li>Health & Wellness Program<\\/li><li>Employee Assistance Program<\\/li><\\/ul>\"}},\"new2\":{\"type\":\"16\",\"fields\":{\"benefitName\":\"A Secure Future \",\"body\":\"<ul><li>Pretax contributions to a 401(k) retirement plan<\\/li><li>Discretionary company match to your 401(k)<\\/li><li>Profit sharing contributions<\\/li><li>Basic, Supplemental, Spouse, and Dependent Life Insurance<span><\\/span><\\/li><\\/ul>\"}},\"new3\":{\"type\":\"16\",\"fields\":{\"benefitName\":\"Professional Growth & Financial Opportunities\",\"body\":\"<ul><li>Tuition reimbursement program<\\/li><li>Professional training, licensing and certifications<\\/li><li>Paid industry and association memberships<\\/li><li>Other professional development activities<\\/li><li>Performance management program<\\/li><li>Recognition for professional and personal achievements<\\/li><\\/ul><p><span><\\/span><\\/p>\"}},\"new4\":{\"type\":\"16\",\"fields\":{\"benefitName\":\"Lifestyle & Leisure\",\"body\":\"<ul><li>Paid holidays, vacation, sick, and personal time off&nbsp;<\\/li><li>Company-sponsored family events and activities<\\/li><li>Fitness center<\\/li><li>Company-provided weekly breakfast<\\/li><li>Employee discount programs<\\/li><li>Workplace conveniences such as dry cleaning pickup & delivery and postage stamp purchase<\\/li><li>Other discounts for local merchants and community attractions<\\/li><li>Community involvement programs & athletic team<\\/li><\\/ul><p><span><\\/span><\\/p>\"}}}}}}}}', '2017-07-27 18:34:36', '2017-07-27 18:34:36', 'ba2ab015-f7c5-41ff-82f7-a0f050e14e58'),
 ('84', '221', '9', '1', 'en_us', '6', '', '{\"typeId\":null,\"authorId\":null,\"title\":\"UI\",\"slug\":\"ui\",\"postDate\":1500993555,\"expiryDate\":null,\"enabled\":1,\"parentId\":null,\"fields\":{\"3\":{\"222\":{\"type\":\"masthead\",\"enabled\":\"1\",\"fields\":{\"image\":{\"223\":{\"type\":\"1\",\"fields\":{\"mobileImage\":\"\",\"desktopImage\":\"\"}}},\"subheading\":\"Subheading\",\"heading\":\"Masthead Heading\"}},\"new1\":{\"type\":\"gallery\",\"enabled\":\"1\",\"fields\":{\"heading\":\"Gallery Heading\",\"gallery\":{\"new1\":{\"type\":\"3\",\"fields\":{\"mediaAsset\":[\"413\"],\"caption\":\"Caption of Photo\"}},\"new2\":{\"type\":\"3\",\"fields\":{\"mediaAsset\":[\"227\"],\"caption\":\"Caption of Photo\"}},\"new3\":{\"type\":\"3\",\"fields\":{\"mediaAsset\":[\"412\"],\"caption\":\"Caption of Photo\"}}}}}}}}', '2017-07-27 18:54:14', '2017-07-27 18:54:14', 'f0b2caec-9326-42eb-90eb-017eae2b3c44'),
 ('85', '221', '9', '1', 'en_us', '7', '', '{\"typeId\":null,\"authorId\":null,\"title\":\"UI\",\"slug\":\"ui\",\"postDate\":1500993555,\"expiryDate\":null,\"enabled\":1,\"parentId\":null,\"fields\":{\"3\":{\"222\":{\"type\":\"masthead\",\"enabled\":\"1\",\"fields\":{\"image\":{\"223\":{\"type\":\"1\",\"fields\":{\"mobileImage\":\"\",\"desktopImage\":\"\"}}},\"subheading\":\"Subheading\",\"heading\":\"Masthead Heading\"}},\"450\":{\"type\":\"gallery\",\"enabled\":\"1\",\"fields\":{\"heading\":\"Gallery Heading\",\"gallery\":{\"451\":{\"type\":\"3\",\"fields\":{\"mediaAsset\":[\"413\"],\"caption\":\"Caption of Photo\"}},\"452\":{\"type\":\"3\",\"fields\":{\"mediaAsset\":[\"227\"],\"caption\":\"Caption of Photo\"}},\"453\":{\"type\":\"3\",\"fields\":{\"mediaAsset\":[\"412\"],\"caption\":\"Caption of Photo\"}}}}},\"new1\":{\"type\":\"relatedCallOuts\",\"enabled\":\"1\",\"fields\":{\"heading\":\"Related Call Outs Heading\",\"callOuts\":[\"139\",\"53\"]}},\"new2\":{\"type\":\"openings\",\"enabled\":\"1\",\"fields\":{\"internshipCard\":{\"new1\":{\"type\":\"5\",\"fields\":{\"cardTitle\":\"Example Title\",\"description\":\"Example Description is an example of the description of the title.\",\"callToAction\":{\"type\":\"custom\",\"custom\":\"\",\"entry\":\"\",\"customText\":\"\"}}}},\"loadMoreText\":\"\",\"footer\":{\"new1\":{\"type\":\"6\",\"fields\":{\"heading\":\"Openings Footer Heading\",\"callToAction\":{\"type\":\"\",\"custom\":\"\",\"entry\":\"\",\"customText\":\"\",\"target\":\"\"}}}}}},\"new3\":{\"type\":\"instagramFeed\",\"enabled\":\"1\",\"fields\":{\"heading\":\"Instagram Feed Heading\"}},\"new4\":{\"type\":\"people\",\"enabled\":\"1\",\"fields\":{\"heading\":\"People Heading\",\"people\":{\"new1\":{\"type\":\"22\",\"fields\":{\"person\":[\"274\"],\"role\":[\"458\"]}}}}},\"new5\":{\"type\":\"listPanel\",\"enabled\":\"1\",\"fields\":{\"heading\":\"List Panel Heading\",\"body\":\"<p>List Panel Heading Body Copy. List Panel Heading Body Copy. List Panel Heading Body Copy. List Panel Heading Body Copy. List Panel Heading Body Copy. List Panel Heading Body Copy. List Panel Heading Body Copy. <\\/p>\",\"list\":{\"new1\":{\"type\":\"8\",\"fields\":{\"listItem\":\"List Item 1\"}},\"new2\":{\"type\":\"8\",\"fields\":{\"listItem\":\"List Item 2\"}},\"new3\":{\"type\":\"8\",\"fields\":{\"listItem\":\"List Item 3\"}}},\"centered\":\"\",\"lift\":\"\",\"lightGrayBackground\":\"\"}},\"new6\":{\"type\":\"listPanel\",\"enabled\":\"1\",\"fields\":{\"heading\":\"List Panel Heading (Centered, Lift, Light Gray Background)\",\"body\":\"<p>List Panel Heading Body Copy. List Panel Heading Body Copy. List Panel Heading Body Copy. List Panel Heading Body Copy. List Panel Heading Body Copy. List Panel Heading Body Copy. List Panel Heading Body Copy. <\\/p>\",\"list\":{\"new1\":{\"type\":\"8\",\"fields\":{\"listItem\":\"List Item 1\"}},\"new2\":{\"type\":\"8\",\"fields\":{\"listItem\":\"List Item 2\"}},\"new3\":{\"type\":\"8\",\"fields\":{\"listItem\":\"List Item 3\"}}},\"centered\":\"1\",\"lift\":\"1\",\"lightGrayBackground\":\"1\"}}}}}', '2017-07-27 19:42:53', '2017-07-27 19:42:53', '077de802-4461-4f78-b7b6-e043001a59df'),
 ('86', '221', '9', '1', 'en_us', '8', '', '{\"typeId\":null,\"authorId\":null,\"title\":\"UI\",\"slug\":\"ui\",\"postDate\":1500993555,\"expiryDate\":null,\"enabled\":1,\"parentId\":null,\"fields\":{\"3\":{\"222\":{\"type\":\"masthead\",\"enabled\":\"1\",\"fields\":{\"image\":{\"223\":{\"type\":\"1\",\"fields\":{\"mobileImage\":\"\",\"desktopImage\":\"\"}}},\"subheading\":\"Subheading\",\"heading\":\"Masthead Heading\"}},\"450\":{\"type\":\"gallery\",\"enabled\":\"1\",\"fields\":{\"heading\":\"Gallery Heading\",\"gallery\":{\"451\":{\"type\":\"3\",\"fields\":{\"mediaAsset\":[\"413\"],\"caption\":\"Caption of Photo\"}},\"452\":{\"type\":\"3\",\"fields\":{\"mediaAsset\":[\"227\"],\"caption\":\"Caption of Photo\"}},\"453\":{\"type\":\"3\",\"fields\":{\"mediaAsset\":[\"412\"],\"caption\":\"Caption of Photo\"}}}}},\"459\":{\"type\":\"relatedCallOuts\",\"enabled\":\"1\",\"fields\":{\"heading\":\"Related Call Outs Heading\",\"callOuts\":[\"139\",\"53\"]}},\"460\":{\"type\":\"openings\",\"enabled\":\"1\",\"fields\":{\"internshipCard\":{\"461\":{\"type\":\"5\",\"fields\":{\"cardTitle\":\"Example Title\",\"description\":\"Example Description is an example of the description of the title.\",\"callToAction\":{\"type\":\"custom\",\"custom\":\"\",\"entry\":\"\",\"customText\":\"\"}}}},\"loadMoreText\":\"\",\"footer\":{\"462\":{\"type\":\"6\",\"fields\":{\"heading\":\"Openings Footer Heading\",\"callToAction\":{\"type\":\"\",\"custom\":\"\",\"entry\":\"\",\"customText\":\"\",\"target\":\"\"}}}}}},\"463\":{\"type\":\"instagramFeed\",\"enabled\":\"1\",\"fields\":{\"heading\":\"Instagram Feed Heading\"}},\"464\":{\"type\":\"people\",\"enabled\":\"1\",\"fields\":{\"heading\":\"People Heading\",\"people\":{\"465\":{\"type\":\"22\",\"fields\":{\"person\":[\"274\"],\"role\":[\"458\"]}}}}},\"466\":{\"type\":\"listPanel\",\"enabled\":\"1\",\"fields\":{\"heading\":\"List Panel Heading\",\"body\":\"<p>List Panel Heading Body Copy. List Panel Heading Body Copy. List Panel Heading Body Copy. List Panel Heading Body Copy. List Panel Heading Body Copy. List Panel Heading Body Copy. List Panel Heading Body Copy. <\\/p>\",\"list\":{\"467\":{\"type\":\"8\",\"fields\":{\"listItem\":\"List Item 1\"}},\"468\":{\"type\":\"8\",\"fields\":{\"listItem\":\"List Item 2\"}},\"469\":{\"type\":\"8\",\"fields\":{\"listItem\":\"List Item 3\"}}},\"centered\":\"\",\"lift\":\"\",\"lightGrayBackground\":\"\"}},\"470\":{\"type\":\"listPanel\",\"enabled\":\"1\",\"fields\":{\"heading\":\"List Panel Heading (Centered, Lift, Light Gray Background)\",\"body\":\"<p><b>List Panel Body&nbsp;<\\/b>Lorem ipsum dolor sit amet, vestibulum eget, hac nec condimentum cras. A facilisi, pede maecenas diam accumsan, orci fringilla tellus a felis accumsan, quisque eget curae viverra platea nunc nullam, libero tortor. Sed lorem in molestie, penatibus interdum aliquet quis sed mollis pharetra.&nbsp; <\\/p>\",\"list\":{\"471\":{\"type\":\"8\",\"fields\":{\"listItem\":\"List Item 1\"}},\"472\":{\"type\":\"8\",\"fields\":{\"listItem\":\"List Item 2\"}},\"473\":{\"type\":\"8\",\"fields\":{\"listItem\":\"List Item 3\"}}},\"centered\":\"1\",\"lift\":\"1\",\"lightGrayBackground\":\"1\"}},\"new1\":{\"type\":\"textPanel\",\"enabled\":\"1\",\"fields\":{\"heading\":\"Text Panel Heading\",\"body\":\"<p><strong>Text Panel Body&nbsp;<\\/strong>Lorem ipsum dolor sit amet, vestibulum eget, hac nec condimentum cras. A facilisi, pede maecenas diam accumsan, orci fringilla tellus a felis accumsan, quisque eget curae viverra platea nunc nullam, libero tortor. Sed lorem in molestie, penatibus interdum aliquet quis sed mollis pharetra.&nbsp;<\\/p>\"}},\"new2\":{\"type\":\"imageTextPanel\",\"enabled\":\"1\",\"fields\":{\"orientation\":\"left\",\"heading\":\"Image Text Panel Heading\",\"body\":\"<p><strong>Image Text Panel Body<\\/strong><b>&nbsp;<\\/b>Lorem ipsum dolor sit amet, vestibulum eget, hac nec condimentum cras. A facilisi, pede maecenas diam accumsan, orci fringilla tellus a felis accumsan, quisque eget curae viverra platea nunc nullam, libero tortor. Sed lorem in molestie, penatibus interdum aliquet quis sed mollis pharetra.&nbsp;<\\/p>\",\"list\":\"\",\"callToAction\":{\"type\":\"\",\"custom\":\"\",\"entry\":\"\",\"target\":\"\"},\"image\":\"\"}}}}}', '2017-07-27 19:45:32', '2017-07-27 19:45:32', 'c4007a8a-4c7f-403e-af9c-6c51b86f45e1'),
 ('87', '221', '9', '1', 'en_us', '9', '', '{\"typeId\":null,\"authorId\":null,\"title\":\"UI\",\"slug\":\"ui\",\"postDate\":1500993555,\"expiryDate\":null,\"enabled\":1,\"parentId\":null,\"fields\":{\"3\":{\"222\":{\"type\":\"masthead\",\"enabled\":\"1\",\"fields\":{\"image\":{\"223\":{\"type\":\"1\",\"fields\":{\"mobileImage\":\"\",\"desktopImage\":\"\"}}},\"subheading\":\"Subheading\",\"heading\":\"Masthead Heading\"}},\"450\":{\"type\":\"gallery\",\"enabled\":\"1\",\"fields\":{\"heading\":\"Gallery Heading\",\"gallery\":{\"451\":{\"type\":\"3\",\"fields\":{\"mediaAsset\":[\"413\"],\"caption\":\"Caption of Photo\"}},\"452\":{\"type\":\"3\",\"fields\":{\"mediaAsset\":[\"227\"],\"caption\":\"Caption of Photo\"}},\"453\":{\"type\":\"3\",\"fields\":{\"mediaAsset\":[\"412\"],\"caption\":\"Caption of Photo\"}}}}},\"459\":{\"type\":\"relatedCallOuts\",\"enabled\":\"1\",\"fields\":{\"heading\":\"Related Call Outs Heading\",\"callOuts\":[\"139\",\"53\"]}},\"460\":{\"type\":\"openings\",\"enabled\":\"1\",\"fields\":{\"internshipCard\":{\"461\":{\"type\":\"5\",\"fields\":{\"cardTitle\":\"Example Title\",\"description\":\"Example Description is an example of the description of the title.\",\"callToAction\":{\"type\":\"custom\",\"custom\":\"\",\"entry\":\"\",\"customText\":\"\"}}}},\"loadMoreText\":\"\",\"footer\":{\"462\":{\"type\":\"6\",\"fields\":{\"heading\":\"Openings Footer Heading\",\"callToAction\":{\"type\":\"\",\"custom\":\"\",\"entry\":\"\",\"customText\":\"\",\"target\":\"\"}}}}}},\"463\":{\"type\":\"instagramFeed\",\"enabled\":\"1\",\"fields\":{\"heading\":\"Instagram Feed Heading\"}},\"464\":{\"type\":\"people\",\"enabled\":\"1\",\"fields\":{\"heading\":\"People Heading\",\"people\":{\"465\":{\"type\":\"22\",\"fields\":{\"person\":[\"274\"],\"role\":[\"458\"]}}}}},\"466\":{\"type\":\"listPanel\",\"enabled\":\"1\",\"fields\":{\"heading\":\"List Panel Heading\",\"body\":\"<p>List Panel Heading Body Copy. List Panel Heading Body Copy. List Panel Heading Body Copy. List Panel Heading Body Copy. List Panel Heading Body Copy. List Panel Heading Body Copy. List Panel Heading Body Copy. <\\/p>\",\"list\":{\"467\":{\"type\":\"8\",\"fields\":{\"listItem\":\"List Item 1\"}},\"468\":{\"type\":\"8\",\"fields\":{\"listItem\":\"List Item 2\"}},\"469\":{\"type\":\"8\",\"fields\":{\"listItem\":\"List Item 3\"}}},\"centered\":\"\",\"lift\":\"\",\"lightGrayBackground\":\"\"}},\"470\":{\"type\":\"listPanel\",\"enabled\":\"1\",\"fields\":{\"heading\":\"List Panel Heading (Centered, Lift, Light Gray Background)\",\"body\":\"<p><strong>List Panel Body&nbsp;<\\/strong>Lorem ipsum dolor sit amet, vestibulum eget, hac nec condimentum cras. A facilisi, pede maecenas diam accumsan, orci fringilla tellus a felis accumsan, quisque eget curae viverra platea nunc nullam, libero tortor. Sed lorem in molestie, penatibus interdum aliquet quis sed mollis pharetra.&nbsp; <\\/p>\",\"list\":{\"471\":{\"type\":\"8\",\"fields\":{\"listItem\":\"List Item 1\"}},\"472\":{\"type\":\"8\",\"fields\":{\"listItem\":\"List Item 2\"}},\"473\":{\"type\":\"8\",\"fields\":{\"listItem\":\"List Item 3\"}}},\"centered\":\"1\",\"lift\":\"1\",\"lightGrayBackground\":\"1\"}},\"474\":{\"type\":\"textPanel\",\"enabled\":\"1\",\"fields\":{\"heading\":\"Text Panel Heading\",\"body\":\"<p><strong>Text Panel Body&nbsp;<\\/strong>Lorem ipsum dolor sit amet, vestibulum eget, hac nec condimentum cras. A facilisi, pede maecenas diam accumsan, orci fringilla tellus a felis accumsan, quisque eget curae viverra platea nunc nullam, libero tortor. Sed lorem in molestie, penatibus interdum aliquet quis sed mollis pharetra.&nbsp;<\\/p>\"}},\"475\":{\"type\":\"imageTextPanel\",\"enabled\":\"1\",\"fields\":{\"orientation\":\"left\",\"heading\":\"Image Text Panel Heading (Left Orientation)\",\"body\":\"<p><strong>Image Text Panel Body<\\/strong><strong>&nbsp;<\\/strong>Lorem ipsum dolor sit amet, vestibulum eget, hac nec condimentum cras. A facilisi, pede maecenas diam accumsan, orci fringilla tellus a felis accumsan, quisque eget curae viverra platea nunc nullam, libero tortor. Sed lorem in molestie, penatibus interdum aliquet quis sed mollis pharetra.&nbsp;<\\/p>\",\"list\":{\"new1\":{\"type\":\"9\",\"fields\":{\"item\":\"List Item 1\"}},\"new2\":{\"type\":\"9\",\"fields\":{\"item\":\"List Item 2\"}},\"new3\":{\"type\":\"9\",\"fields\":{\"item\":\"List Item 3\"}}},\"callToAction\":{\"type\":\"entry\",\"custom\":\"\",\"entry\":[\"221\"],\"target\":\"\"},\"image\":[\"409\"]}},\"new1\":{\"type\":\"imageTextPanel\",\"enabled\":\"1\",\"fields\":{\"orientation\":\"right\",\"heading\":\"Image Text Panel Heading (Right Orientation)\",\"body\":\"<p><b>Image Text Panel Body<\\/b>&nbsp;Lorem ipsum dolor sit amet, vestibulum eget, hac nec condimentum cras. A facilisi, pede maecenas diam accumsan, orci fringilla tellus a felis accumsan, quisque eget curae viverra platea nunc nullam, libero tortor. Sed lorem in molestie, penatibus interdum aliquet quis sed mollis pharetra.&nbsp;<\\/p>\",\"list\":{\"new1\":{\"type\":\"9\",\"fields\":{\"item\":\"List Item 1\"}},\"new2\":{\"type\":\"9\",\"fields\":{\"item\":\"List Item 2\"}},\"new3\":{\"type\":\"9\",\"fields\":{\"item\":\"List Item 3\"}}},\"callToAction\":{\"type\":\"entry\",\"custom\":\"\",\"entry\":[\"221\"],\"target\":\"\"},\"image\":[\"408\"]}}}}}', '2017-07-27 19:47:42', '2017-07-27 19:47:42', '7c4aaf5b-2b93-4c3a-abc6-f19c89a85e11'),
 ('88', '221', '9', '1', 'en_us', '10', '', '{\"typeId\":null,\"authorId\":null,\"title\":\"UI\",\"slug\":\"ui\",\"postDate\":1500993555,\"expiryDate\":null,\"enabled\":1,\"parentId\":null,\"fields\":{\"3\":{\"222\":{\"type\":\"masthead\",\"enabled\":\"1\",\"fields\":{\"image\":{\"223\":{\"type\":\"1\",\"fields\":{\"mobileImage\":\"\",\"desktopImage\":\"\"}}},\"subheading\":\"Subheading\",\"heading\":\"Masthead Heading\"}},\"450\":{\"type\":\"gallery\",\"enabled\":\"1\",\"fields\":{\"heading\":\"Heading\",\"gallery\":{\"451\":{\"type\":\"3\",\"fields\":{\"mediaAsset\":[\"413\"],\"caption\":\"Caption of Photo\"}},\"452\":{\"type\":\"3\",\"fields\":{\"mediaAsset\":[\"227\"],\"caption\":\"Caption of Photo\"}},\"453\":{\"type\":\"3\",\"fields\":{\"mediaAsset\":[\"412\"],\"caption\":\"Caption of Photo\"}}}}},\"459\":{\"type\":\"relatedCallOuts\",\"enabled\":\"1\",\"fields\":{\"heading\":\"Heading\",\"callOuts\":[\"139\",\"53\"]}},\"460\":{\"type\":\"openings\",\"enabled\":\"1\",\"fields\":{\"internshipCard\":{\"461\":{\"type\":\"5\",\"fields\":{\"cardTitle\":\"Example Title\",\"description\":\"Example Description is an example of the description of the title.\",\"callToAction\":{\"type\":\"custom\",\"custom\":\"\",\"entry\":\"\",\"customText\":\"\"}}}},\"loadMoreText\":\"\",\"footer\":{\"462\":{\"type\":\"6\",\"fields\":{\"heading\":\"Openings Footer Heading\",\"callToAction\":{\"type\":\"\",\"custom\":\"\",\"entry\":\"\",\"customText\":\"\",\"target\":\"\"}}}}}},\"463\":{\"type\":\"instagramFeed\",\"enabled\":\"1\",\"fields\":{\"heading\":\"Heading\"}},\"464\":{\"type\":\"people\",\"enabled\":\"1\",\"fields\":{\"heading\":\"Heading\",\"people\":{\"465\":{\"type\":\"22\",\"fields\":{\"person\":[\"274\"],\"role\":[\"458\"]}}}}},\"466\":{\"type\":\"listPanel\",\"enabled\":\"1\",\"fields\":{\"heading\":\"Heading\",\"body\":\"<p><b>Body<\\/b>&nbsp;Lorem ipsum dolor sit amet, vestibulum eget, hac nec condimentum cras. A facilisi, pede maecenas diam accumsan, orci fringilla tellus a felis accumsan, quisque eget curae viverra platea nunc nullam, libero tortor. Sed lorem in molestie, penatibus interdum aliquet quis sed mollis pharetra.&nbsp; <\\/p>\",\"list\":{\"467\":{\"type\":\"8\",\"fields\":{\"listItem\":\"List Item 1\"}},\"468\":{\"type\":\"8\",\"fields\":{\"listItem\":\"List Item 2\"}},\"469\":{\"type\":\"8\",\"fields\":{\"listItem\":\"List Item 3\"}}},\"centered\":\"\",\"lift\":\"\",\"lightGrayBackground\":\"\"}},\"470\":{\"type\":\"listPanel\",\"enabled\":\"1\",\"fields\":{\"heading\":\"Heading (Centered, Lift, Light Gray Background)\",\"body\":\"<p><strong>Body&nbsp;<\\/strong>Lorem ipsum dolor sit amet, vestibulum eget, hac nec condimentum cras. A facilisi, pede maecenas diam accumsan, orci fringilla tellus a felis accumsan, quisque eget curae viverra platea nunc nullam, libero tortor. Sed lorem in molestie, penatibus interdum aliquet quis sed mollis pharetra.&nbsp; <\\/p>\",\"list\":{\"471\":{\"type\":\"8\",\"fields\":{\"listItem\":\"List Item 1\"}},\"472\":{\"type\":\"8\",\"fields\":{\"listItem\":\"List Item 2\"}},\"473\":{\"type\":\"8\",\"fields\":{\"listItem\":\"List Item 3\"}}},\"centered\":\"1\",\"lift\":\"1\",\"lightGrayBackground\":\"1\"}},\"474\":{\"type\":\"textPanel\",\"enabled\":\"1\",\"fields\":{\"heading\":\"Heading\",\"body\":\"<p><strong>Body&nbsp;<\\/strong>Lorem ipsum dolor sit amet, vestibulum eget, hac nec condimentum cras. A facilisi, pede maecenas diam accumsan, orci fringilla tellus a felis accumsan, quisque eget curae viverra platea nunc nullam, libero tortor. Sed lorem in molestie, penatibus interdum aliquet quis sed mollis pharetra.&nbsp;<\\/p>\"}},\"475\":{\"type\":\"imageTextPanel\",\"enabled\":\"1\",\"fields\":{\"orientation\":\"left\",\"heading\":\"Heading (Left Orientation)\",\"body\":\"<p><strong>Body<\\/strong><strong>&nbsp;<\\/strong>Lorem ipsum dolor sit amet, vestibulum eget, hac nec condimentum cras. A facilisi, pede maecenas diam accumsan, orci fringilla tellus a felis accumsan, quisque eget curae viverra platea nunc nullam, libero tortor. Sed lorem in molestie, penatibus interdum aliquet quis sed mollis pharetra.&nbsp;<\\/p>\",\"list\":{\"476\":{\"type\":\"9\",\"fields\":{\"item\":\"List Item 1\"}},\"477\":{\"type\":\"9\",\"fields\":{\"item\":\"List Item 2\"}},\"478\":{\"type\":\"9\",\"fields\":{\"item\":\"List Item 3\"}}},\"callToAction\":{\"type\":\"entry\",\"custom\":\"\",\"entry\":[\"221\"],\"target\":\"\"},\"image\":[\"409\"]}},\"479\":{\"type\":\"imageTextPanel\",\"enabled\":\"1\",\"fields\":{\"orientation\":\"right\",\"heading\":\"Heading (Right Orientation)\",\"body\":\"<p><strong>Body<\\/strong>&nbsp;Lorem ipsum dolor sit amet, vestibulum eget, hac nec condimentum cras. A facilisi, pede maecenas diam accumsan, orci fringilla tellus a felis accumsan, quisque eget curae viverra platea nunc nullam, libero tortor. Sed lorem in molestie, penatibus interdum aliquet quis sed mollis pharetra.&nbsp;<\\/p>\",\"list\":{\"480\":{\"type\":\"9\",\"fields\":{\"item\":\"List Item 1\"}},\"481\":{\"type\":\"9\",\"fields\":{\"item\":\"List Item 2\"}},\"482\":{\"type\":\"9\",\"fields\":{\"item\":\"List Item 3\"}}},\"callToAction\":{\"type\":\"entry\",\"custom\":\"\",\"entry\":[\"221\"],\"target\":\"\"},\"image\":[\"408\"]}},\"new1\":{\"type\":\"largeImageTextPanel\",\"enabled\":\"1\",\"fields\":{\"orientation\":\"left\",\"heading\":\"Heading\",\"subheading\":\"Subheading\",\"body\":\"<p><b>Body<\\/b>&nbsp;Lorem ipsum dolor sit amet, vestibulum eget, hac nec condimentum cras. A facilisi, pede maecenas diam accumsan, orci fringilla tellus a felis accumsan, quisque eget curae viverra platea nunc nullam, libero tortor. Sed lorem in molestie, penatibus interdum aliquet quis sed mollis pharetra.&nbsp;<\\/p>\",\"list\":\"\",\"callToAction\":{\"type\":\"\",\"custom\":\"\",\"entry\":\"\",\"category\":\"\",\"customText\":\"\",\"target\":\"\"},\"image\":\"\",\"dark\":\"\",\"lift\":\"\"}}}}}', '2017-07-27 19:50:37', '2017-07-27 19:50:37', '12e39295-02e9-4f68-aa68-f26acf0739b4'),
 ('89', '221', '9', '1', 'en_us', '11', '', '{\"typeId\":null,\"authorId\":null,\"title\":\"UI\",\"slug\":\"ui\",\"postDate\":1500993555,\"expiryDate\":null,\"enabled\":1,\"parentId\":null,\"fields\":{\"3\":{\"222\":{\"type\":\"masthead\",\"enabled\":\"1\",\"fields\":{\"image\":{\"223\":{\"type\":\"1\",\"fields\":{\"mobileImage\":\"\",\"desktopImage\":\"\"}}},\"subheading\":\"Subheading\",\"heading\":\"Masthead Heading\"}},\"450\":{\"type\":\"gallery\",\"enabled\":\"1\",\"fields\":{\"heading\":\"Heading\",\"gallery\":{\"451\":{\"type\":\"3\",\"fields\":{\"mediaAsset\":[\"413\"],\"caption\":\"Caption of Photo\"}},\"452\":{\"type\":\"3\",\"fields\":{\"mediaAsset\":[\"227\"],\"caption\":\"Caption of Photo\"}},\"453\":{\"type\":\"3\",\"fields\":{\"mediaAsset\":[\"412\"],\"caption\":\"Caption of Photo\"}}}}},\"459\":{\"type\":\"relatedCallOuts\",\"enabled\":\"1\",\"fields\":{\"heading\":\"Heading\",\"callOuts\":[\"139\",\"53\"]}},\"460\":{\"type\":\"openings\",\"enabled\":\"1\",\"fields\":{\"internshipCard\":{\"461\":{\"type\":\"5\",\"fields\":{\"cardTitle\":\"Example Title\",\"description\":\"Example Description is an example of the description of the title.\",\"callToAction\":{\"type\":\"custom\",\"custom\":\"\",\"entry\":\"\",\"customText\":\"\"}}}},\"loadMoreText\":\"\",\"footer\":{\"462\":{\"type\":\"6\",\"fields\":{\"heading\":\"Openings Footer Heading\",\"callToAction\":{\"type\":\"\",\"custom\":\"\",\"entry\":\"\",\"customText\":\"\",\"target\":\"\"}}}}}},\"463\":{\"type\":\"instagramFeed\",\"enabled\":\"1\",\"fields\":{\"heading\":\"Heading\"}},\"464\":{\"type\":\"people\",\"enabled\":\"1\",\"fields\":{\"heading\":\"Heading\",\"people\":{\"465\":{\"type\":\"22\",\"fields\":{\"person\":[\"274\"],\"role\":[\"458\"]}}}}},\"466\":{\"type\":\"listPanel\",\"enabled\":\"1\",\"fields\":{\"heading\":\"Heading\",\"body\":\"<p><strong>Body<\\/strong>&nbsp;Lorem ipsum dolor sit amet, vestibulum eget, hac nec condimentum cras. A facilisi, pede maecenas diam accumsan, orci fringilla tellus a felis accumsan, quisque eget curae viverra platea nunc nullam, libero tortor. Sed lorem in molestie, penatibus interdum aliquet quis sed mollis pharetra.&nbsp; <\\/p>\",\"list\":{\"467\":{\"type\":\"8\",\"fields\":{\"listItem\":\"List Item 1\"}},\"468\":{\"type\":\"8\",\"fields\":{\"listItem\":\"List Item 2\"}},\"469\":{\"type\":\"8\",\"fields\":{\"listItem\":\"List Item 3\"}}},\"centered\":\"\",\"lift\":\"\",\"lightGrayBackground\":\"\"}},\"470\":{\"type\":\"listPanel\",\"enabled\":\"1\",\"fields\":{\"heading\":\"Heading (Centered, Lift, Light Gray Background)\",\"body\":\"<p><strong>Body&nbsp;<\\/strong>Lorem ipsum dolor sit amet, vestibulum eget, hac nec condimentum cras. A facilisi, pede maecenas diam accumsan, orci fringilla tellus a felis accumsan, quisque eget curae viverra platea nunc nullam, libero tortor. Sed lorem in molestie, penatibus interdum aliquet quis sed mollis pharetra.&nbsp; <\\/p>\",\"list\":{\"471\":{\"type\":\"8\",\"fields\":{\"listItem\":\"List Item 1\"}},\"472\":{\"type\":\"8\",\"fields\":{\"listItem\":\"List Item 2\"}},\"473\":{\"type\":\"8\",\"fields\":{\"listItem\":\"List Item 3\"}}},\"centered\":\"1\",\"lift\":\"1\",\"lightGrayBackground\":\"1\"}},\"474\":{\"type\":\"textPanel\",\"enabled\":\"1\",\"fields\":{\"heading\":\"Heading\",\"body\":\"<p><strong>Body&nbsp;<\\/strong>Lorem ipsum dolor sit amet, vestibulum eget, hac nec condimentum cras. A facilisi, pede maecenas diam accumsan, orci fringilla tellus a felis accumsan, quisque eget curae viverra platea nunc nullam, libero tortor. Sed lorem in molestie, penatibus interdum aliquet quis sed mollis pharetra.&nbsp;<\\/p>\"}},\"475\":{\"type\":\"imageTextPanel\",\"enabled\":\"1\",\"fields\":{\"orientation\":\"left\",\"heading\":\"Heading (Left Orientation)\",\"body\":\"<p><strong>Body<\\/strong><strong>&nbsp;<\\/strong>Lorem ipsum dolor sit amet, vestibulum eget, hac nec condimentum cras. A facilisi, pede maecenas diam accumsan, orci fringilla tellus a felis accumsan, quisque eget curae viverra platea nunc nullam, libero tortor. Sed lorem in molestie, penatibus interdum aliquet quis sed mollis pharetra.&nbsp;<\\/p>\",\"list\":{\"476\":{\"type\":\"9\",\"fields\":{\"item\":\"List Item 1\"}},\"477\":{\"type\":\"9\",\"fields\":{\"item\":\"List Item 2\"}},\"478\":{\"type\":\"9\",\"fields\":{\"item\":\"List Item 3\"}}},\"callToAction\":{\"type\":\"entry\",\"custom\":\"\",\"entry\":[\"221\"],\"target\":\"\"},\"image\":[\"409\"]}},\"479\":{\"type\":\"imageTextPanel\",\"enabled\":\"1\",\"fields\":{\"orientation\":\"right\",\"heading\":\"Heading (Right Orientation)\",\"body\":\"<p><strong>Body<\\/strong>&nbsp;Lorem ipsum dolor sit amet, vestibulum eget, hac nec condimentum cras. A facilisi, pede maecenas diam accumsan, orci fringilla tellus a felis accumsan, quisque eget curae viverra platea nunc nullam, libero tortor. Sed lorem in molestie, penatibus interdum aliquet quis sed mollis pharetra.&nbsp;<\\/p>\",\"list\":{\"480\":{\"type\":\"9\",\"fields\":{\"item\":\"List Item 1\"}},\"481\":{\"type\":\"9\",\"fields\":{\"item\":\"List Item 2\"}},\"482\":{\"type\":\"9\",\"fields\":{\"item\":\"List Item 3\"}}},\"callToAction\":{\"type\":\"entry\",\"custom\":\"\",\"entry\":[\"221\"],\"target\":\"\"},\"image\":[\"408\"]}},\"483\":{\"type\":\"largeImageTextPanel\",\"enabled\":\"1\",\"fields\":{\"orientation\":\"left\",\"heading\":\"Heading (Left Orientation)\",\"subheading\":\"Subheading\",\"body\":\"<p><strong>Body<\\/strong>&nbsp;Lorem ipsum dolor sit amet, vestibulum eget, hac nec condimentum cras. A facilisi, pede maecenas diam accumsan, orci fringilla tellus a felis accumsan, quisque eget curae viverra platea nunc nullam, libero tortor. Sed lorem in molestie, penatibus interdum aliquet quis sed mollis pharetra.&nbsp;<\\/p>\",\"list\":{\"new1\":{\"type\":\"10\",\"fields\":{\"item\":\"List Item 1\"}},\"new2\":{\"type\":\"10\",\"fields\":{\"item\":\"List Item 2\"}},\"new3\":{\"type\":\"10\",\"fields\":{\"item\":\"List Item 3\"}}},\"callToAction\":{\"type\":\"entry\",\"custom\":\"\",\"entry\":[\"221\"],\"category\":\"\",\"customText\":\"Custom Link Text\",\"target\":\"\"},\"image\":[\"230\"],\"dark\":\"\",\"lift\":\"\"}}}}}', '2017-07-27 19:55:25', '2017-07-27 19:55:25', 'e730ef30-68b7-48ff-89e7-cd5f7f3e0165'),
 ('90', '221', '9', '1', 'en_us', '12', '', '{\"typeId\":null,\"authorId\":null,\"title\":\"UI\",\"slug\":\"ui\",\"postDate\":1500993555,\"expiryDate\":null,\"enabled\":1,\"parentId\":null,\"fields\":{\"3\":{\"222\":{\"type\":\"masthead\",\"enabled\":\"1\",\"fields\":{\"image\":{\"223\":{\"type\":\"1\",\"fields\":{\"mobileImage\":\"\",\"desktopImage\":\"\"}}},\"subheading\":\"Subheading\",\"heading\":\"Masthead Heading\"}},\"450\":{\"type\":\"gallery\",\"enabled\":\"1\",\"fields\":{\"heading\":\"Heading\",\"gallery\":{\"451\":{\"type\":\"3\",\"fields\":{\"mediaAsset\":[\"413\"],\"caption\":\"Caption of Photo\"}},\"452\":{\"type\":\"3\",\"fields\":{\"mediaAsset\":[\"227\"],\"caption\":\"Caption of Photo\"}},\"453\":{\"type\":\"3\",\"fields\":{\"mediaAsset\":[\"412\"],\"caption\":\"Caption of Photo\"}}}}},\"459\":{\"type\":\"relatedCallOuts\",\"enabled\":\"1\",\"fields\":{\"heading\":\"Heading\",\"callOuts\":[\"139\",\"53\"]}},\"460\":{\"type\":\"openings\",\"enabled\":\"1\",\"fields\":{\"internshipCard\":{\"461\":{\"type\":\"5\",\"fields\":{\"cardTitle\":\"Example Title\",\"description\":\"Example Description is an example of the description of the title.\",\"callToAction\":{\"type\":\"custom\",\"custom\":\"\",\"entry\":\"\",\"customText\":\"\"}}}},\"loadMoreText\":\"\",\"footer\":{\"462\":{\"type\":\"6\",\"fields\":{\"heading\":\"Openings Footer Heading\",\"callToAction\":{\"type\":\"\",\"custom\":\"\",\"entry\":\"\",\"customText\":\"\",\"target\":\"\"}}}}}},\"463\":{\"type\":\"instagramFeed\",\"enabled\":\"1\",\"fields\":{\"heading\":\"Heading\"}},\"464\":{\"type\":\"people\",\"enabled\":\"1\",\"fields\":{\"heading\":\"Heading\",\"people\":{\"465\":{\"type\":\"22\",\"fields\":{\"person\":[\"274\"],\"role\":[\"458\"]}}}}},\"466\":{\"type\":\"listPanel\",\"enabled\":\"1\",\"fields\":{\"heading\":\"Heading\",\"body\":\"<p><strong>Body<\\/strong>&nbsp;Lorem ipsum dolor sit amet, vestibulum eget, hac nec condimentum cras. A facilisi, pede maecenas diam accumsan, orci fringilla tellus a felis accumsan, quisque eget curae viverra platea nunc nullam, libero tortor. Sed lorem in molestie, penatibus interdum aliquet quis sed mollis pharetra.&nbsp; <\\/p>\",\"list\":{\"467\":{\"type\":\"8\",\"fields\":{\"listItem\":\"List Item 1\"}},\"468\":{\"type\":\"8\",\"fields\":{\"listItem\":\"List Item 2\"}},\"469\":{\"type\":\"8\",\"fields\":{\"listItem\":\"List Item 3\"}}},\"centered\":\"\",\"lift\":\"\",\"lightGrayBackground\":\"\"}},\"470\":{\"type\":\"listPanel\",\"enabled\":\"1\",\"fields\":{\"heading\":\"Heading (Centered, Lift, Light Gray Background)\",\"body\":\"<p><strong>Body&nbsp;<\\/strong>Lorem ipsum dolor sit amet, vestibulum eget, hac nec condimentum cras. A facilisi, pede maecenas diam accumsan, orci fringilla tellus a felis accumsan, quisque eget curae viverra platea nunc nullam, libero tortor. Sed lorem in molestie, penatibus interdum aliquet quis sed mollis pharetra.&nbsp; <\\/p>\",\"list\":{\"471\":{\"type\":\"8\",\"fields\":{\"listItem\":\"List Item 1\"}},\"472\":{\"type\":\"8\",\"fields\":{\"listItem\":\"List Item 2\"}},\"473\":{\"type\":\"8\",\"fields\":{\"listItem\":\"List Item 3\"}}},\"centered\":\"1\",\"lift\":\"1\",\"lightGrayBackground\":\"1\"}},\"474\":{\"type\":\"textPanel\",\"enabled\":\"1\",\"fields\":{\"heading\":\"Heading\",\"body\":\"<p><strong>Body&nbsp;<\\/strong>Lorem ipsum dolor sit amet, vestibulum eget, hac nec condimentum cras. A facilisi, pede maecenas diam accumsan, orci fringilla tellus a felis accumsan, quisque eget curae viverra platea nunc nullam, libero tortor. Sed lorem in molestie, penatibus interdum aliquet quis sed mollis pharetra.&nbsp;<\\/p>\"}},\"475\":{\"type\":\"imageTextPanel\",\"enabled\":\"1\",\"fields\":{\"orientation\":\"left\",\"heading\":\"Heading (Left Orientation)\",\"body\":\"<p><strong>Body<\\/strong><strong>&nbsp;<\\/strong>Lorem ipsum dolor sit amet, vestibulum eget, hac nec condimentum cras. A facilisi, pede maecenas diam accumsan, orci fringilla tellus a felis accumsan, quisque eget curae viverra platea nunc nullam, libero tortor. Sed lorem in molestie, penatibus interdum aliquet quis sed mollis pharetra.&nbsp;<\\/p>\",\"list\":{\"476\":{\"type\":\"9\",\"fields\":{\"item\":\"List Item 1\"}},\"477\":{\"type\":\"9\",\"fields\":{\"item\":\"List Item 2\"}},\"478\":{\"type\":\"9\",\"fields\":{\"item\":\"List Item 3\"}}},\"callToAction\":{\"type\":\"entry\",\"custom\":\"\",\"entry\":[\"221\"],\"target\":\"\"},\"image\":[\"409\"]}},\"479\":{\"type\":\"imageTextPanel\",\"enabled\":\"1\",\"fields\":{\"orientation\":\"right\",\"heading\":\"Heading (Right Orientation)\",\"body\":\"<p><strong>Body<\\/strong>&nbsp;Lorem ipsum dolor sit amet, vestibulum eget, hac nec condimentum cras. A facilisi, pede maecenas diam accumsan, orci fringilla tellus a felis accumsan, quisque eget curae viverra platea nunc nullam, libero tortor. Sed lorem in molestie, penatibus interdum aliquet quis sed mollis pharetra.&nbsp;<\\/p>\",\"list\":{\"480\":{\"type\":\"9\",\"fields\":{\"item\":\"List Item 1\"}},\"481\":{\"type\":\"9\",\"fields\":{\"item\":\"List Item 2\"}},\"482\":{\"type\":\"9\",\"fields\":{\"item\":\"List Item 3\"}}},\"callToAction\":{\"type\":\"entry\",\"custom\":\"\",\"entry\":[\"221\"],\"target\":\"\"},\"image\":[\"408\"]}},\"483\":{\"type\":\"largeImageTextPanel\",\"enabled\":\"1\",\"fields\":{\"orientation\":\"left\",\"heading\":\"Heading (Left Orientation)\",\"subheading\":\"Subheading\",\"body\":\"<p><strong>Body<\\/strong>&nbsp;Lorem ipsum dolor sit amet, vestibulum eget, hac nec condimentum cras. A facilisi, pede maecenas diam accumsan, orci fringilla tellus a felis accumsan, quisque eget curae viverra platea nunc nullam, libero tortor. Sed lorem in molestie, penatibus interdum aliquet quis sed mollis pharetra.&nbsp;<\\/p>\",\"list\":{\"484\":{\"type\":\"10\",\"fields\":{\"item\":\"List Item 1\"}},\"485\":{\"type\":\"10\",\"fields\":{\"item\":\"List Item 2\"}},\"486\":{\"type\":\"10\",\"fields\":{\"item\":\"List Item 3\"}}},\"callToAction\":{\"type\":\"entry\",\"custom\":\"\",\"entry\":[\"221\"],\"category\":\"\",\"customText\":\"Custom Link Text\",\"target\":\"\"},\"image\":[\"230\"],\"dark\":\"\",\"lift\":\"\"}},\"new1\":{\"type\":\"largeImageTextPanel\",\"enabled\":\"1\",\"fields\":{\"orientation\":\"right\",\"heading\":\"Heading (Right Orientation, Dark, Lift)\",\"subheading\":\"Subheading\",\"body\":\"<p><b>Body<\\/b>&nbsp;Lorem ipsum dolor sit amet, vestibulum eget, hac nec condimentum cras. A facilisi, pede maecenas diam accumsan, orci fringilla tellus a felis accumsan, quisque eget curae viverra platea nunc nullam, libero tortor. Sed lorem in molestie, penatibus interdum aliquet quis sed mollis pharetra.&nbsp;<\\/p>\",\"list\":{\"new1\":{\"type\":\"10\",\"fields\":{\"item\":\"List Item 1\"}},\"new2\":{\"type\":\"10\",\"fields\":{\"item\":\"List Item 2\"}},\"new3\":{\"type\":\"10\",\"fields\":{\"item\":\"List Item 3\"}}},\"callToAction\":{\"type\":\"entry\",\"custom\":\"\",\"entry\":[\"221\"],\"category\":\"\",\"customText\":\"Custom Link Text\",\"target\":\"\"},\"image\":[\"440\"],\"dark\":\"1\",\"lift\":\"1\"}}}}}', '2017-07-27 19:56:42', '2017-07-27 19:56:42', '02f8bd98-68f6-43ab-aad3-e886864f48c0'),
 ('91', '221', '9', '1', 'en_us', '13', '', '{\"typeId\":null,\"authorId\":null,\"title\":\"UI\",\"slug\":\"ui\",\"postDate\":1500993555,\"expiryDate\":null,\"enabled\":1,\"parentId\":null,\"fields\":{\"3\":{\"222\":{\"type\":\"masthead\",\"enabled\":\"1\",\"fields\":{\"image\":{\"223\":{\"type\":\"1\",\"fields\":{\"mobileImage\":\"\",\"desktopImage\":\"\"}}},\"subheading\":\"Subheading\",\"heading\":\"Masthead Heading\"}},\"450\":{\"type\":\"gallery\",\"enabled\":\"1\",\"fields\":{\"heading\":\"Heading\",\"gallery\":{\"451\":{\"type\":\"3\",\"fields\":{\"mediaAsset\":[\"413\"],\"caption\":\"Caption of Photo\"}},\"452\":{\"type\":\"3\",\"fields\":{\"mediaAsset\":[\"227\"],\"caption\":\"Caption of Photo\"}},\"453\":{\"type\":\"3\",\"fields\":{\"mediaAsset\":[\"412\"],\"caption\":\"Caption of Photo\"}}}}},\"459\":{\"type\":\"relatedCallOuts\",\"enabled\":\"1\",\"fields\":{\"heading\":\"Heading\",\"callOuts\":[\"139\",\"53\"]}},\"460\":{\"type\":\"openings\",\"enabled\":\"1\",\"fields\":{\"internshipCard\":{\"461\":{\"type\":\"5\",\"fields\":{\"cardTitle\":\"Example Title\",\"description\":\"Example Description is an example of the description of the title.\",\"callToAction\":{\"type\":\"custom\",\"custom\":\"\",\"entry\":\"\",\"customText\":\"\"}}}},\"loadMoreText\":\"\",\"footer\":{\"462\":{\"type\":\"6\",\"fields\":{\"heading\":\"Openings Footer Heading\",\"callToAction\":{\"type\":\"\",\"custom\":\"\",\"entry\":\"\",\"customText\":\"\",\"target\":\"\"}}}}}},\"463\":{\"type\":\"instagramFeed\",\"enabled\":\"1\",\"fields\":{\"heading\":\"Heading\"}},\"464\":{\"type\":\"people\",\"enabled\":\"1\",\"fields\":{\"heading\":\"Heading\",\"people\":{\"465\":{\"type\":\"22\",\"fields\":{\"person\":[\"274\"],\"role\":[\"458\"]}}}}},\"466\":{\"type\":\"listPanel\",\"enabled\":\"1\",\"fields\":{\"heading\":\"Heading\",\"body\":\"<p><strong>Body<\\/strong>&nbsp;Lorem ipsum dolor sit amet, vestibulum eget, hac nec condimentum cras. A facilisi, pede maecenas diam accumsan, orci fringilla tellus a felis accumsan, quisque eget curae viverra platea nunc nullam, libero tortor. Sed lorem in molestie, penatibus interdum aliquet quis sed mollis pharetra.&nbsp; <\\/p>\",\"list\":{\"467\":{\"type\":\"8\",\"fields\":{\"listItem\":\"List Item 1\"}},\"468\":{\"type\":\"8\",\"fields\":{\"listItem\":\"List Item 2\"}},\"469\":{\"type\":\"8\",\"fields\":{\"listItem\":\"List Item 3\"}}},\"centered\":\"\",\"lift\":\"\",\"lightGrayBackground\":\"\"}},\"470\":{\"type\":\"listPanel\",\"enabled\":\"1\",\"fields\":{\"heading\":\"Heading (Centered, Lift, Light Gray Background)\",\"body\":\"<p><strong>Body&nbsp;<\\/strong>Lorem ipsum dolor sit amet, vestibulum eget, hac nec condimentum cras. A facilisi, pede maecenas diam accumsan, orci fringilla tellus a felis accumsan, quisque eget curae viverra platea nunc nullam, libero tortor. Sed lorem in molestie, penatibus interdum aliquet quis sed mollis pharetra.&nbsp; <\\/p>\",\"list\":{\"471\":{\"type\":\"8\",\"fields\":{\"listItem\":\"List Item 1\"}},\"472\":{\"type\":\"8\",\"fields\":{\"listItem\":\"List Item 2\"}},\"473\":{\"type\":\"8\",\"fields\":{\"listItem\":\"List Item 3\"}}},\"centered\":\"1\",\"lift\":\"1\",\"lightGrayBackground\":\"1\"}},\"474\":{\"type\":\"textPanel\",\"enabled\":\"1\",\"fields\":{\"heading\":\"Heading\",\"body\":\"<p><strong>Body&nbsp;<\\/strong>Lorem ipsum dolor sit amet, vestibulum eget, hac nec condimentum cras. A facilisi, pede maecenas diam accumsan, orci fringilla tellus a felis accumsan, quisque eget curae viverra platea nunc nullam, libero tortor. Sed lorem in molestie, penatibus interdum aliquet quis sed mollis pharetra.&nbsp;<\\/p>\"}},\"475\":{\"type\":\"imageTextPanel\",\"enabled\":\"1\",\"fields\":{\"orientation\":\"left\",\"heading\":\"Heading (Left Orientation)\",\"body\":\"<p><strong>Body<\\/strong><strong>&nbsp;<\\/strong>Lorem ipsum dolor sit amet, vestibulum eget, hac nec condimentum cras. A facilisi, pede maecenas diam accumsan, orci fringilla tellus a felis accumsan, quisque eget curae viverra platea nunc nullam, libero tortor. Sed lorem in molestie, penatibus interdum aliquet quis sed mollis pharetra.&nbsp;<\\/p>\",\"list\":{\"476\":{\"type\":\"9\",\"fields\":{\"item\":\"List Item 1\"}},\"477\":{\"type\":\"9\",\"fields\":{\"item\":\"List Item 2\"}},\"478\":{\"type\":\"9\",\"fields\":{\"item\":\"List Item 3\"}}},\"callToAction\":{\"type\":\"entry\",\"custom\":\"\",\"entry\":[\"221\"],\"target\":\"\"},\"image\":[\"409\"]}},\"479\":{\"type\":\"imageTextPanel\",\"enabled\":\"1\",\"fields\":{\"orientation\":\"right\",\"heading\":\"Heading (Right Orientation)\",\"body\":\"<p><strong>Body<\\/strong>&nbsp;Lorem ipsum dolor sit amet, vestibulum eget, hac nec condimentum cras. A facilisi, pede maecenas diam accumsan, orci fringilla tellus a felis accumsan, quisque eget curae viverra platea nunc nullam, libero tortor. Sed lorem in molestie, penatibus interdum aliquet quis sed mollis pharetra.&nbsp;<\\/p>\",\"list\":{\"480\":{\"type\":\"9\",\"fields\":{\"item\":\"List Item 1\"}},\"481\":{\"type\":\"9\",\"fields\":{\"item\":\"List Item 2\"}},\"482\":{\"type\":\"9\",\"fields\":{\"item\":\"List Item 3\"}}},\"callToAction\":{\"type\":\"entry\",\"custom\":\"\",\"entry\":[\"221\"],\"target\":\"\"},\"image\":[\"408\"]}},\"483\":{\"type\":\"largeImageTextPanel\",\"enabled\":\"1\",\"fields\":{\"orientation\":\"left\",\"heading\":\"Heading (Left Orientation)\",\"subheading\":\"Subheading\",\"body\":\"<p><strong>Body<\\/strong>&nbsp;Lorem ipsum dolor sit amet, vestibulum eget, hac nec condimentum cras. A facilisi, pede maecenas diam accumsan, orci fringilla tellus a felis accumsan, quisque eget curae viverra platea nunc nullam, libero tortor. Sed lorem in molestie, penatibus interdum aliquet quis sed mollis pharetra.&nbsp;<\\/p>\",\"list\":{\"484\":{\"type\":\"10\",\"fields\":{\"item\":\"List Item 1\"}},\"485\":{\"type\":\"10\",\"fields\":{\"item\":\"List Item 2\"}},\"486\":{\"type\":\"10\",\"fields\":{\"item\":\"List Item 3\"}}},\"callToAction\":{\"type\":\"entry\",\"custom\":\"\",\"entry\":[\"221\"],\"category\":\"\",\"customText\":\"Custom Link Text\",\"target\":\"\"},\"image\":[\"230\"],\"dark\":\"\",\"lift\":\"\"}},\"487\":{\"type\":\"largeImageTextPanel\",\"enabled\":\"1\",\"fields\":{\"orientation\":\"right\",\"heading\":\"Heading (Right Orientation, Dark, Lift)\",\"subheading\":\"Subheading\",\"body\":\"<p><strong>Body<\\/strong>&nbsp;Lorem ipsum dolor sit amet, vestibulum eget, hac nec condimentum cras. A facilisi, pede maecenas diam accumsan, orci fringilla tellus a felis accumsan, quisque eget curae viverra platea nunc nullam, libero tortor. Sed lorem in molestie, penatibus interdum aliquet quis sed mollis pharetra.&nbsp;<\\/p>\",\"list\":{\"488\":{\"type\":\"10\",\"fields\":{\"item\":\"List Item 1\"}},\"489\":{\"type\":\"10\",\"fields\":{\"item\":\"List Item 2\"}},\"490\":{\"type\":\"10\",\"fields\":{\"item\":\"List Item 3\"}}},\"callToAction\":{\"type\":\"entry\",\"custom\":\"\",\"entry\":[\"221\"],\"category\":\"\",\"customText\":\"Custom Link Text\",\"target\":\"\"},\"image\":[\"440\"],\"dark\":\"1\",\"lift\":\"1\"}},\"new1\":{\"type\":\"pullQuote\",\"enabled\":\"1\",\"fields\":{\"quote\":\"\\\"Failure is simply the opportunity to begin again, this time more intelligently.\\\"\",\"author\":\"Henry Ford\"}}}}}', '2017-07-27 19:58:50', '2017-07-27 19:58:50', '13c3909c-f444-44dd-8b6c-a1bdb121edc4'),
 ('92', '221', '9', '1', 'en_us', '14', '', '{\"typeId\":null,\"authorId\":null,\"title\":\"UI\",\"slug\":\"ui\",\"postDate\":1500993555,\"expiryDate\":null,\"enabled\":1,\"parentId\":null,\"fields\":{\"3\":{\"222\":{\"type\":\"masthead\",\"enabled\":\"1\",\"fields\":{\"image\":{\"223\":{\"type\":\"1\",\"fields\":{\"mobileImage\":\"\",\"desktopImage\":\"\"}}},\"subheading\":\"Subheading\",\"heading\":\"Masthead Heading\"}},\"450\":{\"type\":\"gallery\",\"enabled\":\"1\",\"fields\":{\"heading\":\"Heading\",\"gallery\":{\"451\":{\"type\":\"3\",\"fields\":{\"mediaAsset\":[\"413\"],\"caption\":\"Caption of Photo\"}},\"452\":{\"type\":\"3\",\"fields\":{\"mediaAsset\":[\"227\"],\"caption\":\"Caption of Photo\"}},\"453\":{\"type\":\"3\",\"fields\":{\"mediaAsset\":[\"412\"],\"caption\":\"Caption of Photo\"}}}}},\"459\":{\"type\":\"relatedCallOuts\",\"enabled\":\"1\",\"fields\":{\"heading\":\"Heading\",\"callOuts\":[\"139\",\"53\"]}},\"460\":{\"type\":\"openings\",\"enabled\":\"1\",\"fields\":{\"internshipCard\":{\"461\":{\"type\":\"5\",\"fields\":{\"cardTitle\":\"Example Title\",\"description\":\"Example Description is an example of the description of the title.\",\"callToAction\":{\"type\":\"custom\",\"custom\":\"\",\"entry\":\"\",\"customText\":\"\"}}}},\"loadMoreText\":\"\",\"footer\":{\"462\":{\"type\":\"6\",\"fields\":{\"heading\":\"Openings Footer Heading\",\"callToAction\":{\"type\":\"\",\"custom\":\"\",\"entry\":\"\",\"customText\":\"\",\"target\":\"\"}}}}}},\"463\":{\"type\":\"instagramFeed\",\"enabled\":\"1\",\"fields\":{\"heading\":\"Heading\"}},\"464\":{\"type\":\"people\",\"enabled\":\"1\",\"fields\":{\"heading\":\"Heading\",\"people\":{\"465\":{\"type\":\"22\",\"fields\":{\"person\":[\"274\"],\"role\":[\"458\"]}}}}},\"466\":{\"type\":\"listPanel\",\"enabled\":\"1\",\"fields\":{\"heading\":\"Heading\",\"body\":\"<p><strong>Body<\\/strong>&nbsp;Lorem ipsum dolor sit amet, vestibulum eget, hac nec condimentum cras. A facilisi, pede maecenas diam accumsan, orci fringilla tellus a felis accumsan, quisque eget curae viverra platea nunc nullam, libero tortor. Sed lorem in molestie, penatibus interdum aliquet quis sed mollis pharetra.&nbsp; <\\/p>\",\"list\":{\"467\":{\"type\":\"8\",\"fields\":{\"listItem\":\"List Item 1\"}},\"468\":{\"type\":\"8\",\"fields\":{\"listItem\":\"List Item 2\"}},\"469\":{\"type\":\"8\",\"fields\":{\"listItem\":\"List Item 3\"}}},\"centered\":\"\",\"lift\":\"\",\"lightGrayBackground\":\"\"}},\"470\":{\"type\":\"listPanel\",\"enabled\":\"1\",\"fields\":{\"heading\":\"Heading (Centered, Lift, Light Gray Background)\",\"body\":\"<p><strong>Body&nbsp;<\\/strong>Lorem ipsum dolor sit amet, vestibulum eget, hac nec condimentum cras. A facilisi, pede maecenas diam accumsan, orci fringilla tellus a felis accumsan, quisque eget curae viverra platea nunc nullam, libero tortor. Sed lorem in molestie, penatibus interdum aliquet quis sed mollis pharetra.&nbsp; <\\/p>\",\"list\":{\"471\":{\"type\":\"8\",\"fields\":{\"listItem\":\"List Item 1\"}},\"472\":{\"type\":\"8\",\"fields\":{\"listItem\":\"List Item 2\"}},\"473\":{\"type\":\"8\",\"fields\":{\"listItem\":\"List Item 3\"}}},\"centered\":\"1\",\"lift\":\"1\",\"lightGrayBackground\":\"1\"}},\"474\":{\"type\":\"textPanel\",\"enabled\":\"1\",\"fields\":{\"heading\":\"Heading\",\"body\":\"<p><strong>Body&nbsp;<\\/strong>Lorem ipsum dolor sit amet, vestibulum eget, hac nec condimentum cras. A facilisi, pede maecenas diam accumsan, orci fringilla tellus a felis accumsan, quisque eget curae viverra platea nunc nullam, libero tortor. Sed lorem in molestie, penatibus interdum aliquet quis sed mollis pharetra.&nbsp;<\\/p>\"}},\"475\":{\"type\":\"imageTextPanel\",\"enabled\":\"1\",\"fields\":{\"orientation\":\"left\",\"heading\":\"Heading (Left Orientation)\",\"body\":\"<p><strong>Body<\\/strong><strong>&nbsp;<\\/strong>Lorem ipsum dolor sit amet, vestibulum eget, hac nec condimentum cras. A facilisi, pede maecenas diam accumsan, orci fringilla tellus a felis accumsan, quisque eget curae viverra platea nunc nullam, libero tortor. Sed lorem in molestie, penatibus interdum aliquet quis sed mollis pharetra.&nbsp;<\\/p>\",\"list\":{\"476\":{\"type\":\"9\",\"fields\":{\"item\":\"List Item 1\"}},\"477\":{\"type\":\"9\",\"fields\":{\"item\":\"List Item 2\"}},\"478\":{\"type\":\"9\",\"fields\":{\"item\":\"List Item 3\"}}},\"callToAction\":{\"type\":\"entry\",\"custom\":\"\",\"entry\":[\"221\"],\"target\":\"\"},\"image\":[\"409\"]}},\"479\":{\"type\":\"imageTextPanel\",\"enabled\":\"1\",\"fields\":{\"orientation\":\"right\",\"heading\":\"Heading (Right Orientation)\",\"body\":\"<p><strong>Body<\\/strong>&nbsp;Lorem ipsum dolor sit amet, vestibulum eget, hac nec condimentum cras. A facilisi, pede maecenas diam accumsan, orci fringilla tellus a felis accumsan, quisque eget curae viverra platea nunc nullam, libero tortor. Sed lorem in molestie, penatibus interdum aliquet quis sed mollis pharetra.&nbsp;<\\/p>\",\"list\":{\"480\":{\"type\":\"9\",\"fields\":{\"item\":\"List Item 1\"}},\"481\":{\"type\":\"9\",\"fields\":{\"item\":\"List Item 2\"}},\"482\":{\"type\":\"9\",\"fields\":{\"item\":\"List Item 3\"}}},\"callToAction\":{\"type\":\"entry\",\"custom\":\"\",\"entry\":[\"221\"],\"target\":\"\"},\"image\":[\"408\"]}},\"483\":{\"type\":\"largeImageTextPanel\",\"enabled\":\"1\",\"fields\":{\"orientation\":\"left\",\"heading\":\"Heading (Left Orientation)\",\"subheading\":\"Subheading\",\"body\":\"<p><strong>Body<\\/strong>&nbsp;Lorem ipsum dolor sit amet, vestibulum eget, hac nec condimentum cras. A facilisi, pede maecenas diam accumsan, orci fringilla tellus a felis accumsan, quisque eget curae viverra platea nunc nullam, libero tortor. Sed lorem in molestie, penatibus interdum aliquet quis sed mollis pharetra.&nbsp;<\\/p>\",\"list\":{\"484\":{\"type\":\"10\",\"fields\":{\"item\":\"List Item 1\"}},\"485\":{\"type\":\"10\",\"fields\":{\"item\":\"List Item 2\"}},\"486\":{\"type\":\"10\",\"fields\":{\"item\":\"List Item 3\"}}},\"callToAction\":{\"type\":\"entry\",\"custom\":\"\",\"entry\":[\"221\"],\"category\":\"\",\"customText\":\"Custom Link Text\",\"target\":\"\"},\"image\":[\"230\"],\"dark\":\"\",\"lift\":\"\"}},\"487\":{\"type\":\"largeImageTextPanel\",\"enabled\":\"1\",\"fields\":{\"orientation\":\"right\",\"heading\":\"Heading (Right Orientation, Dark, Lift)\",\"subheading\":\"Subheading\",\"body\":\"<p><strong>Body<\\/strong>&nbsp;Lorem ipsum dolor sit amet, vestibulum eget, hac nec condimentum cras. A facilisi, pede maecenas diam accumsan, orci fringilla tellus a felis accumsan, quisque eget curae viverra platea nunc nullam, libero tortor. Sed lorem in molestie, penatibus interdum aliquet quis sed mollis pharetra.&nbsp;<\\/p>\",\"list\":{\"488\":{\"type\":\"10\",\"fields\":{\"item\":\"List Item 1\"}},\"489\":{\"type\":\"10\",\"fields\":{\"item\":\"List Item 2\"}},\"490\":{\"type\":\"10\",\"fields\":{\"item\":\"List Item 3\"}}},\"callToAction\":{\"type\":\"entry\",\"custom\":\"\",\"entry\":[\"221\"],\"category\":\"\",\"customText\":\"Custom Link Text\",\"target\":\"\"},\"image\":[\"440\"],\"dark\":\"1\",\"lift\":\"1\"}},\"491\":{\"type\":\"pullQuote\",\"enabled\":\"1\",\"fields\":{\"quote\":\"\\\"Failure is simply the opportunity to begin again, this time more intelligently.\\\"\",\"author\":\"Henry Ford\"}},\"new1\":{\"type\":\"resources\",\"enabled\":\"1\",\"fields\":{\"heading\":\"Heading\",\"body\":\"Body Lorem ipsum dolor sit amet, vestibulum eget, hac nec condimentum cras. A facilisi, pede maecenas diam accumsan, orci fringilla tellus a felis accumsan, quisque eget curae viverra platea nunc nullam, libero tortor. Sed lorem in molestie, penatibus interdum aliquet quis sed mollis pharetra. \",\"resources\":{\"new1\":{\"type\":\"11\",\"fields\":{\"resource\":{\"type\":\"entry\",\"custom\":\"\",\"entry\":[\"221\"],\"asset\":\"\"},\"type\":[\"whitepaper\"],\"featured\":\"\"}},\"new2\":{\"type\":\"11\",\"fields\":{\"resource\":{\"type\":\"entry\",\"custom\":\"\",\"entry\":[\"221\"],\"asset\":\"\"},\"type\":[\"brochure\"],\"featured\":\"1\"}},\"new3\":{\"type\":\"11\",\"fields\":{\"resource\":{\"type\":\"entry\",\"custom\":\"\",\"entry\":[\"221\"],\"asset\":\"\"},\"type\":[\"publication\"],\"featured\":\"1\"}}}}},\"new2\":{\"type\":\"highlights\",\"enabled\":\"1\",\"fields\":{\"heading\":\"Heading\",\"body\":\"Body Lorem ipsum dolor sit amet, vestibulum eget, hac nec condimentum cras. A facilisi, pede maecenas diam accumsan, orci fringilla tellus a felis accumsan, quisque eget curae viverra platea nunc nullam, libero tortor. Sed lorem in molestie, penatibus interdum aliquet quis sed mollis pharetra. \",\"highlights\":{\"new1\":{\"type\":\"12\",\"fields\":{\"highlightTitle\":\"Title\",\"image\":\"Image\",\"orientation\":\"left\"}},\"new2\":{\"type\":\"12\",\"fields\":{\"highlightTitle\":\"Title\",\"image\":\"Image\",\"orientation\":\"right\"}}}}}}}}', '2017-07-27 20:01:12', '2017-07-27 20:01:12', '9674e57f-1354-486e-aa09-dda4c83d84b0'),
 ('93', '221', '9', '1', 'en_us', '15', '', '{\"typeId\":null,\"authorId\":null,\"title\":\"UI\",\"slug\":\"ui\",\"postDate\":1500993555,\"expiryDate\":null,\"enabled\":1,\"parentId\":null,\"fields\":{\"3\":{\"222\":{\"type\":\"masthead\",\"enabled\":\"1\",\"fields\":{\"image\":{\"223\":{\"type\":\"1\",\"fields\":{\"mobileImage\":\"\",\"desktopImage\":\"\"}}},\"subheading\":\"Subheading\",\"heading\":\"Masthead Heading\"}},\"450\":{\"type\":\"gallery\",\"enabled\":\"1\",\"fields\":{\"heading\":\"Heading\",\"gallery\":{\"451\":{\"type\":\"3\",\"fields\":{\"mediaAsset\":[\"413\"],\"caption\":\"Caption of Photo\"}},\"452\":{\"type\":\"3\",\"fields\":{\"mediaAsset\":[\"227\"],\"caption\":\"Caption of Photo\"}},\"453\":{\"type\":\"3\",\"fields\":{\"mediaAsset\":[\"412\"],\"caption\":\"Caption of Photo\"}}}}},\"459\":{\"type\":\"relatedCallOuts\",\"enabled\":\"1\",\"fields\":{\"heading\":\"Heading\",\"callOuts\":[\"139\",\"53\"]}},\"460\":{\"type\":\"openings\",\"enabled\":\"1\",\"fields\":{\"internshipCard\":{\"461\":{\"type\":\"5\",\"fields\":{\"cardTitle\":\"Example Title\",\"description\":\"Example Description is an example of the description of the title.\",\"callToAction\":{\"type\":\"custom\",\"custom\":\"\",\"entry\":\"\",\"customText\":\"\"}}}},\"loadMoreText\":\"\",\"footer\":{\"462\":{\"type\":\"6\",\"fields\":{\"heading\":\"Openings Footer Heading\",\"callToAction\":{\"type\":\"\",\"custom\":\"\",\"entry\":\"\",\"customText\":\"\",\"target\":\"\"}}}}}},\"463\":{\"type\":\"instagramFeed\",\"enabled\":\"1\",\"fields\":{\"heading\":\"Heading\"}},\"464\":{\"type\":\"people\",\"enabled\":\"1\",\"fields\":{\"heading\":\"Heading\",\"people\":{\"465\":{\"type\":\"22\",\"fields\":{\"person\":[\"274\"],\"role\":[\"458\"]}}}}},\"466\":{\"type\":\"listPanel\",\"enabled\":\"1\",\"fields\":{\"heading\":\"Heading\",\"body\":\"<p><strong>Body<\\/strong>&nbsp;Lorem ipsum dolor sit amet, vestibulum eget, hac nec condimentum cras. A facilisi, pede maecenas diam accumsan, orci fringilla tellus a felis accumsan, quisque eget curae viverra platea nunc nullam, libero tortor. Sed lorem in molestie, penatibus interdum aliquet quis sed mollis pharetra.&nbsp; <\\/p>\",\"list\":{\"467\":{\"type\":\"8\",\"fields\":{\"listItem\":\"List Item 1\"}},\"468\":{\"type\":\"8\",\"fields\":{\"listItem\":\"List Item 2\"}},\"469\":{\"type\":\"8\",\"fields\":{\"listItem\":\"List Item 3\"}}},\"centered\":\"\",\"lift\":\"\",\"lightGrayBackground\":\"\"}},\"470\":{\"type\":\"listPanel\",\"enabled\":\"1\",\"fields\":{\"heading\":\"Heading (Centered, Lift, Light Gray Background)\",\"body\":\"<p><strong>Body&nbsp;<\\/strong>Lorem ipsum dolor sit amet, vestibulum eget, hac nec condimentum cras. A facilisi, pede maecenas diam accumsan, orci fringilla tellus a felis accumsan, quisque eget curae viverra platea nunc nullam, libero tortor. Sed lorem in molestie, penatibus interdum aliquet quis sed mollis pharetra.&nbsp; <\\/p>\",\"list\":{\"471\":{\"type\":\"8\",\"fields\":{\"listItem\":\"List Item 1\"}},\"472\":{\"type\":\"8\",\"fields\":{\"listItem\":\"List Item 2\"}},\"473\":{\"type\":\"8\",\"fields\":{\"listItem\":\"List Item 3\"}}},\"centered\":\"1\",\"lift\":\"1\",\"lightGrayBackground\":\"1\"}},\"474\":{\"type\":\"textPanel\",\"enabled\":\"1\",\"fields\":{\"heading\":\"Heading\",\"body\":\"<p><strong>Body&nbsp;<\\/strong>Lorem ipsum dolor sit amet, vestibulum eget, hac nec condimentum cras. A facilisi, pede maecenas diam accumsan, orci fringilla tellus a felis accumsan, quisque eget curae viverra platea nunc nullam, libero tortor. Sed lorem in molestie, penatibus interdum aliquet quis sed mollis pharetra.&nbsp;<\\/p>\"}},\"475\":{\"type\":\"imageTextPanel\",\"enabled\":\"1\",\"fields\":{\"orientation\":\"left\",\"heading\":\"Heading (Left Orientation)\",\"body\":\"<p><strong>Body<\\/strong><strong>&nbsp;<\\/strong>Lorem ipsum dolor sit amet, vestibulum eget, hac nec condimentum cras. A facilisi, pede maecenas diam accumsan, orci fringilla tellus a felis accumsan, quisque eget curae viverra platea nunc nullam, libero tortor. Sed lorem in molestie, penatibus interdum aliquet quis sed mollis pharetra.&nbsp;<\\/p>\",\"list\":{\"476\":{\"type\":\"9\",\"fields\":{\"item\":\"List Item 1\"}},\"477\":{\"type\":\"9\",\"fields\":{\"item\":\"List Item 2\"}},\"478\":{\"type\":\"9\",\"fields\":{\"item\":\"List Item 3\"}}},\"callToAction\":{\"type\":\"entry\",\"custom\":\"\",\"entry\":[\"221\"],\"target\":\"\"},\"image\":[\"409\"]}},\"479\":{\"type\":\"imageTextPanel\",\"enabled\":\"1\",\"fields\":{\"orientation\":\"right\",\"heading\":\"Heading (Right Orientation)\",\"body\":\"<p><strong>Body<\\/strong>&nbsp;Lorem ipsum dolor sit amet, vestibulum eget, hac nec condimentum cras. A facilisi, pede maecenas diam accumsan, orci fringilla tellus a felis accumsan, quisque eget curae viverra platea nunc nullam, libero tortor. Sed lorem in molestie, penatibus interdum aliquet quis sed mollis pharetra.&nbsp;<\\/p>\",\"list\":{\"480\":{\"type\":\"9\",\"fields\":{\"item\":\"List Item 1\"}},\"481\":{\"type\":\"9\",\"fields\":{\"item\":\"List Item 2\"}},\"482\":{\"type\":\"9\",\"fields\":{\"item\":\"List Item 3\"}}},\"callToAction\":{\"type\":\"entry\",\"custom\":\"\",\"entry\":[\"221\"],\"target\":\"\"},\"image\":[\"408\"]}},\"483\":{\"type\":\"largeImageTextPanel\",\"enabled\":\"1\",\"fields\":{\"orientation\":\"left\",\"heading\":\"Heading (Left Orientation)\",\"subheading\":\"Subheading\",\"body\":\"<p><strong>Body<\\/strong>&nbsp;Lorem ipsum dolor sit amet, vestibulum eget, hac nec condimentum cras. A facilisi, pede maecenas diam accumsan, orci fringilla tellus a felis accumsan, quisque eget curae viverra platea nunc nullam, libero tortor. Sed lorem in molestie, penatibus interdum aliquet quis sed mollis pharetra.&nbsp;<\\/p>\",\"list\":{\"484\":{\"type\":\"10\",\"fields\":{\"item\":\"List Item 1\"}},\"485\":{\"type\":\"10\",\"fields\":{\"item\":\"List Item 2\"}},\"486\":{\"type\":\"10\",\"fields\":{\"item\":\"List Item 3\"}}},\"callToAction\":{\"type\":\"entry\",\"custom\":\"\",\"entry\":[\"221\"],\"category\":\"\",\"customText\":\"Custom Link Text\",\"target\":\"\"},\"image\":[\"230\"],\"dark\":\"\",\"lift\":\"\"}},\"487\":{\"type\":\"largeImageTextPanel\",\"enabled\":\"1\",\"fields\":{\"orientation\":\"right\",\"heading\":\"Heading (Right Orientation, Dark, Lift)\",\"subheading\":\"Subheading\",\"body\":\"<p><strong>Body<\\/strong>&nbsp;Lorem ipsum dolor sit amet, vestibulum eget, hac nec condimentum cras. A facilisi, pede maecenas diam accumsan, orci fringilla tellus a felis accumsan, quisque eget curae viverra platea nunc nullam, libero tortor. Sed lorem in molestie, penatibus interdum aliquet quis sed mollis pharetra.&nbsp;<\\/p>\",\"list\":{\"488\":{\"type\":\"10\",\"fields\":{\"item\":\"List Item 1\"}},\"489\":{\"type\":\"10\",\"fields\":{\"item\":\"List Item 2\"}},\"490\":{\"type\":\"10\",\"fields\":{\"item\":\"List Item 3\"}}},\"callToAction\":{\"type\":\"entry\",\"custom\":\"\",\"entry\":[\"221\"],\"category\":\"\",\"customText\":\"Custom Link Text\",\"target\":\"\"},\"image\":[\"440\"],\"dark\":\"1\",\"lift\":\"1\"}},\"491\":{\"type\":\"pullQuote\",\"enabled\":\"1\",\"fields\":{\"quote\":\"\\\"Failure is simply the opportunity to begin again, this time more intelligently.\\\"\",\"author\":\"Henry Ford\"}},\"492\":{\"type\":\"resources\",\"enabled\":\"1\",\"fields\":{\"heading\":\"Heading\",\"body\":\"Body Lorem ipsum dolor sit amet, vestibulum eget, hac nec condimentum cras. A facilisi, pede maecenas diam accumsan, orci fringilla tellus a felis accumsan, quisque eget curae viverra platea nunc nullam, libero tortor. Sed lorem in molestie, penatibus interdum aliquet quis sed mollis pharetra. \",\"resources\":{\"493\":{\"type\":\"11\",\"fields\":{\"resource\":{\"type\":\"entry\",\"custom\":\"\",\"entry\":[\"221\"],\"asset\":\"\"},\"type\":[\"whitepaper\"],\"featured\":\"\"}},\"494\":{\"type\":\"11\",\"fields\":{\"resource\":{\"type\":\"entry\",\"custom\":\"\",\"entry\":[\"221\"],\"asset\":\"\"},\"type\":[\"brochure\"],\"featured\":\"1\"}},\"495\":{\"type\":\"11\",\"fields\":{\"resource\":{\"type\":\"entry\",\"custom\":\"\",\"entry\":[\"221\"],\"asset\":\"\"},\"type\":[\"publication\"],\"featured\":\"1\"}}}}},\"496\":{\"type\":\"highlights\",\"enabled\":\"\",\"fields\":{\"heading\":\"Heading\",\"body\":\"Body Lorem ipsum dolor sit amet, vestibulum eget, hac nec condimentum cras. A facilisi, pede maecenas diam accumsan, orci fringilla tellus a felis accumsan, quisque eget curae viverra platea nunc nullam, libero tortor. Sed lorem in molestie, penatibus interdum aliquet quis sed mollis pharetra. \",\"highlights\":{\"497\":{\"type\":\"12\",\"fields\":{\"highlightTitle\":\"Title\",\"image\":\"Image\",\"orientation\":\"left\"}},\"498\":{\"type\":\"12\",\"fields\":{\"highlightTitle\":\"Title\",\"image\":\"Image\",\"orientation\":\"right\"}}}}}}}}', '2017-07-27 20:01:44', '2017-07-27 20:01:44', 'cfa6f72e-98b4-495c-bd35-5271298c1a7f'),
 ('94', '221', '9', '1', 'en_us', '16', '', '{\"typeId\":null,\"authorId\":null,\"title\":\"UI\",\"slug\":\"ui\",\"postDate\":1500993555,\"expiryDate\":null,\"enabled\":1,\"parentId\":null,\"fields\":{\"3\":{\"222\":{\"type\":\"masthead\",\"enabled\":\"1\",\"fields\":{\"image\":{\"223\":{\"type\":\"1\",\"fields\":{\"mobileImage\":\"\",\"desktopImage\":\"\"}}},\"subheading\":\"Subheading\",\"heading\":\"Masthead Heading\"}},\"450\":{\"type\":\"gallery\",\"enabled\":\"1\",\"fields\":{\"heading\":\"Heading\",\"gallery\":{\"451\":{\"type\":\"3\",\"fields\":{\"mediaAsset\":[\"413\"],\"caption\":\"Caption of Photo\"}},\"452\":{\"type\":\"3\",\"fields\":{\"mediaAsset\":[\"227\"],\"caption\":\"Caption of Photo\"}},\"453\":{\"type\":\"3\",\"fields\":{\"mediaAsset\":[\"412\"],\"caption\":\"Caption of Photo\"}}}}},\"459\":{\"type\":\"relatedCallOuts\",\"enabled\":\"1\",\"fields\":{\"heading\":\"Heading\",\"callOuts\":[\"139\",\"53\"]}},\"460\":{\"type\":\"openings\",\"enabled\":\"1\",\"fields\":{\"internshipCard\":{\"461\":{\"type\":\"5\",\"fields\":{\"cardTitle\":\"Example Title\",\"description\":\"Example Description is an example of the description of the title.\",\"callToAction\":{\"type\":\"custom\",\"custom\":\"\",\"entry\":\"\",\"customText\":\"\"}}}},\"loadMoreText\":\"\",\"footer\":{\"462\":{\"type\":\"6\",\"fields\":{\"heading\":\"Openings Footer Heading\",\"callToAction\":{\"type\":\"\",\"custom\":\"\",\"entry\":\"\",\"customText\":\"\",\"target\":\"\"}}}}}},\"463\":{\"type\":\"instagramFeed\",\"enabled\":\"1\",\"fields\":{\"heading\":\"Heading\"}},\"464\":{\"type\":\"people\",\"enabled\":\"1\",\"fields\":{\"heading\":\"Heading\",\"people\":{\"465\":{\"type\":\"22\",\"fields\":{\"person\":[\"274\"],\"role\":[\"458\"]}}}}},\"466\":{\"type\":\"listPanel\",\"enabled\":\"1\",\"fields\":{\"heading\":\"Heading\",\"body\":\"<p><strong>Body<\\/strong>&nbsp;Lorem ipsum dolor sit amet, vestibulum eget, hac nec condimentum cras. A facilisi, pede maecenas diam accumsan, orci fringilla tellus a felis accumsan, quisque eget curae viverra platea nunc nullam, libero tortor. Sed lorem in molestie, penatibus interdum aliquet quis sed mollis pharetra.&nbsp; <\\/p>\",\"list\":{\"467\":{\"type\":\"8\",\"fields\":{\"listItem\":\"List Item 1\"}},\"468\":{\"type\":\"8\",\"fields\":{\"listItem\":\"List Item 2\"}},\"469\":{\"type\":\"8\",\"fields\":{\"listItem\":\"List Item 3\"}}},\"centered\":\"\",\"lift\":\"\",\"lightGrayBackground\":\"\"}},\"470\":{\"type\":\"listPanel\",\"enabled\":\"1\",\"fields\":{\"heading\":\"Heading (Centered, Lift, Light Gray Background)\",\"body\":\"<p><strong>Body&nbsp;<\\/strong>Lorem ipsum dolor sit amet, vestibulum eget, hac nec condimentum cras. A facilisi, pede maecenas diam accumsan, orci fringilla tellus a felis accumsan, quisque eget curae viverra platea nunc nullam, libero tortor. Sed lorem in molestie, penatibus interdum aliquet quis sed mollis pharetra.&nbsp; <\\/p>\",\"list\":{\"471\":{\"type\":\"8\",\"fields\":{\"listItem\":\"List Item 1\"}},\"472\":{\"type\":\"8\",\"fields\":{\"listItem\":\"List Item 2\"}},\"473\":{\"type\":\"8\",\"fields\":{\"listItem\":\"List Item 3\"}}},\"centered\":\"1\",\"lift\":\"1\",\"lightGrayBackground\":\"1\"}},\"474\":{\"type\":\"textPanel\",\"enabled\":\"1\",\"fields\":{\"heading\":\"Heading\",\"body\":\"<p><strong>Body&nbsp;<\\/strong>Lorem ipsum dolor sit amet, vestibulum eget, hac nec condimentum cras. A facilisi, pede maecenas diam accumsan, orci fringilla tellus a felis accumsan, quisque eget curae viverra platea nunc nullam, libero tortor. Sed lorem in molestie, penatibus interdum aliquet quis sed mollis pharetra.&nbsp;<\\/p>\"}},\"475\":{\"type\":\"imageTextPanel\",\"enabled\":\"1\",\"fields\":{\"orientation\":\"left\",\"heading\":\"Heading (Left Orientation)\",\"body\":\"<p><strong>Body<\\/strong><strong>&nbsp;<\\/strong>Lorem ipsum dolor sit amet, vestibulum eget, hac nec condimentum cras. A facilisi, pede maecenas diam accumsan, orci fringilla tellus a felis accumsan, quisque eget curae viverra platea nunc nullam, libero tortor. Sed lorem in molestie, penatibus interdum aliquet quis sed mollis pharetra.&nbsp;<\\/p>\",\"list\":{\"476\":{\"type\":\"9\",\"fields\":{\"item\":\"List Item 1\"}},\"477\":{\"type\":\"9\",\"fields\":{\"item\":\"List Item 2\"}},\"478\":{\"type\":\"9\",\"fields\":{\"item\":\"List Item 3\"}}},\"callToAction\":{\"type\":\"entry\",\"custom\":\"\",\"entry\":[\"221\"],\"target\":\"\"},\"image\":[\"409\"]}},\"479\":{\"type\":\"imageTextPanel\",\"enabled\":\"1\",\"fields\":{\"orientation\":\"right\",\"heading\":\"Heading (Right Orientation)\",\"body\":\"<p><strong>Body<\\/strong>&nbsp;Lorem ipsum dolor sit amet, vestibulum eget, hac nec condimentum cras. A facilisi, pede maecenas diam accumsan, orci fringilla tellus a felis accumsan, quisque eget curae viverra platea nunc nullam, libero tortor. Sed lorem in molestie, penatibus interdum aliquet quis sed mollis pharetra.&nbsp;<\\/p>\",\"list\":{\"480\":{\"type\":\"9\",\"fields\":{\"item\":\"List Item 1\"}},\"481\":{\"type\":\"9\",\"fields\":{\"item\":\"List Item 2\"}},\"482\":{\"type\":\"9\",\"fields\":{\"item\":\"List Item 3\"}}},\"callToAction\":{\"type\":\"entry\",\"custom\":\"\",\"entry\":[\"221\"],\"target\":\"\"},\"image\":[\"408\"]}},\"483\":{\"type\":\"largeImageTextPanel\",\"enabled\":\"1\",\"fields\":{\"orientation\":\"left\",\"heading\":\"Heading (Left Orientation)\",\"subheading\":\"Subheading\",\"body\":\"<p><strong>Body<\\/strong>&nbsp;Lorem ipsum dolor sit amet, vestibulum eget, hac nec condimentum cras. A facilisi, pede maecenas diam accumsan, orci fringilla tellus a felis accumsan, quisque eget curae viverra platea nunc nullam, libero tortor. Sed lorem in molestie, penatibus interdum aliquet quis sed mollis pharetra.&nbsp;<\\/p>\",\"list\":{\"484\":{\"type\":\"10\",\"fields\":{\"item\":\"List Item 1\"}},\"485\":{\"type\":\"10\",\"fields\":{\"item\":\"List Item 2\"}},\"486\":{\"type\":\"10\",\"fields\":{\"item\":\"List Item 3\"}}},\"callToAction\":{\"type\":\"entry\",\"custom\":\"\",\"entry\":[\"221\"],\"category\":\"\",\"customText\":\"Custom Link Text\",\"target\":\"\"},\"image\":[\"230\"],\"dark\":\"\",\"lift\":\"\"}},\"487\":{\"type\":\"largeImageTextPanel\",\"enabled\":\"1\",\"fields\":{\"orientation\":\"right\",\"heading\":\"Heading (Right Orientation, Dark, Lift)\",\"subheading\":\"Subheading\",\"body\":\"<p><strong>Body<\\/strong>&nbsp;Lorem ipsum dolor sit amet, vestibulum eget, hac nec condimentum cras. A facilisi, pede maecenas diam accumsan, orci fringilla tellus a felis accumsan, quisque eget curae viverra platea nunc nullam, libero tortor. Sed lorem in molestie, penatibus interdum aliquet quis sed mollis pharetra.&nbsp;<\\/p>\",\"list\":{\"488\":{\"type\":\"10\",\"fields\":{\"item\":\"List Item 1\"}},\"489\":{\"type\":\"10\",\"fields\":{\"item\":\"List Item 2\"}},\"490\":{\"type\":\"10\",\"fields\":{\"item\":\"List Item 3\"}}},\"callToAction\":{\"type\":\"entry\",\"custom\":\"\",\"entry\":[\"221\"],\"category\":\"\",\"customText\":\"Custom Link Text\",\"target\":\"\"},\"image\":[\"440\"],\"dark\":\"1\",\"lift\":\"1\"}},\"491\":{\"type\":\"pullQuote\",\"enabled\":\"1\",\"fields\":{\"quote\":\"\\\"Failure is simply the opportunity to begin again, this time more intelligently.\\\"\",\"author\":\"Henry Ford\"}},\"492\":{\"type\":\"resources\",\"enabled\":\"1\",\"fields\":{\"heading\":\"Heading\",\"body\":\"Body Lorem ipsum dolor sit amet, vestibulum eget, hac nec condimentum cras. A facilisi, pede maecenas diam accumsan, orci fringilla tellus a felis accumsan, quisque eget curae viverra platea nunc nullam, libero tortor. Sed lorem in molestie, penatibus interdum aliquet quis sed mollis pharetra. \",\"resources\":{\"493\":{\"type\":\"11\",\"fields\":{\"resource\":{\"type\":\"entry\",\"custom\":\"\",\"entry\":[\"221\"],\"asset\":\"\"},\"type\":[\"whitepaper\"],\"featured\":\"\"}},\"494\":{\"type\":\"11\",\"fields\":{\"resource\":{\"type\":\"entry\",\"custom\":\"\",\"entry\":[\"221\"],\"asset\":\"\"},\"type\":[\"brochure\"],\"featured\":\"1\"}},\"495\":{\"type\":\"11\",\"fields\":{\"resource\":{\"type\":\"entry\",\"custom\":\"\",\"entry\":[\"221\"],\"asset\":\"\"},\"type\":[\"publication\"],\"featured\":\"1\"}}}}},\"496\":{\"type\":\"highlights\",\"enabled\":\"\",\"fields\":{\"heading\":\"Heading\",\"body\":\"Body Lorem ipsum dolor sit amet, vestibulum eget, hac nec condimentum cras. A facilisi, pede maecenas diam accumsan, orci fringilla tellus a felis accumsan, quisque eget curae viverra platea nunc nullam, libero tortor. Sed lorem in molestie, penatibus interdum aliquet quis sed mollis pharetra. \",\"highlights\":{\"497\":{\"type\":\"12\",\"fields\":{\"highlightTitle\":\"Title\",\"image\":\"Image\",\"orientation\":\"left\"}},\"498\":{\"type\":\"12\",\"fields\":{\"highlightTitle\":\"Title\",\"image\":\"Image\",\"orientation\":\"right\"}}}}}}}}', '2017-07-27 20:02:17', '2017-07-27 20:02:17', '722ab019-d66f-405d-a48a-b4431036e8f4'),
 ('95', '221', '9', '1', 'en_us', '17', '', '{\"typeId\":null,\"authorId\":null,\"title\":\"UI\",\"slug\":\"ui\",\"postDate\":1500993555,\"expiryDate\":null,\"enabled\":1,\"parentId\":null,\"fields\":{\"3\":{\"222\":{\"type\":\"masthead\",\"enabled\":\"1\",\"fields\":{\"image\":{\"223\":{\"type\":\"1\",\"fields\":{\"mobileImage\":\"\",\"desktopImage\":\"\"}}},\"subheading\":\"Subheading\",\"heading\":\"Masthead Heading\"}},\"450\":{\"type\":\"gallery\",\"enabled\":\"1\",\"fields\":{\"heading\":\"Heading\",\"gallery\":{\"451\":{\"type\":\"3\",\"fields\":{\"mediaAsset\":[\"413\"],\"caption\":\"Caption of Photo\"}},\"452\":{\"type\":\"3\",\"fields\":{\"mediaAsset\":[\"227\"],\"caption\":\"Caption of Photo\"}},\"453\":{\"type\":\"3\",\"fields\":{\"mediaAsset\":[\"412\"],\"caption\":\"Caption of Photo\"}}}}},\"459\":{\"type\":\"relatedCallOuts\",\"enabled\":\"1\",\"fields\":{\"heading\":\"Heading\",\"callOuts\":[\"139\",\"53\"]}},\"460\":{\"type\":\"openings\",\"enabled\":\"1\",\"fields\":{\"internshipCard\":{\"461\":{\"type\":\"5\",\"fields\":{\"cardTitle\":\"Example Title\",\"description\":\"Example Description is an example of the description of the title.\",\"callToAction\":{\"type\":\"custom\",\"custom\":\"\",\"entry\":\"\",\"customText\":\"\"}}}},\"loadMoreText\":\"\",\"footer\":{\"462\":{\"type\":\"6\",\"fields\":{\"heading\":\"Openings Footer Heading\",\"callToAction\":{\"type\":\"\",\"custom\":\"\",\"entry\":\"\",\"customText\":\"\",\"target\":\"\"}}}}}},\"463\":{\"type\":\"instagramFeed\",\"enabled\":\"1\",\"fields\":{\"heading\":\"Heading\"}},\"464\":{\"type\":\"people\",\"enabled\":\"1\",\"fields\":{\"heading\":\"Heading\",\"people\":{\"465\":{\"type\":\"22\",\"fields\":{\"person\":[\"274\"],\"role\":[\"458\"]}}}}},\"466\":{\"type\":\"listPanel\",\"enabled\":\"1\",\"fields\":{\"heading\":\"Heading\",\"body\":\"<p><strong>Body<\\/strong>&nbsp;Lorem ipsum dolor sit amet, vestibulum eget, hac nec condimentum cras. A facilisi, pede maecenas diam accumsan, orci fringilla tellus a felis accumsan, quisque eget curae viverra platea nunc nullam, libero tortor. Sed lorem in molestie, penatibus interdum aliquet quis sed mollis pharetra.&nbsp; <\\/p>\",\"list\":{\"467\":{\"type\":\"8\",\"fields\":{\"listItem\":\"List Item 1\"}},\"468\":{\"type\":\"8\",\"fields\":{\"listItem\":\"List Item 2\"}},\"469\":{\"type\":\"8\",\"fields\":{\"listItem\":\"List Item 3\"}}},\"centered\":\"\",\"lift\":\"\",\"lightGrayBackground\":\"\"}},\"470\":{\"type\":\"listPanel\",\"enabled\":\"1\",\"fields\":{\"heading\":\"Heading (Centered, Lift, Light Gray Background)\",\"body\":\"<p><strong>Body&nbsp;<\\/strong>Lorem ipsum dolor sit amet, vestibulum eget, hac nec condimentum cras. A facilisi, pede maecenas diam accumsan, orci fringilla tellus a felis accumsan, quisque eget curae viverra platea nunc nullam, libero tortor. Sed lorem in molestie, penatibus interdum aliquet quis sed mollis pharetra.&nbsp; <\\/p>\",\"list\":{\"471\":{\"type\":\"8\",\"fields\":{\"listItem\":\"List Item 1\"}},\"472\":{\"type\":\"8\",\"fields\":{\"listItem\":\"List Item 2\"}},\"473\":{\"type\":\"8\",\"fields\":{\"listItem\":\"List Item 3\"}}},\"centered\":\"1\",\"lift\":\"1\",\"lightGrayBackground\":\"1\"}},\"474\":{\"type\":\"textPanel\",\"enabled\":\"1\",\"fields\":{\"heading\":\"Heading\",\"body\":\"<p><strong>Body&nbsp;<\\/strong>Lorem ipsum dolor sit amet, vestibulum eget, hac nec condimentum cras. A facilisi, pede maecenas diam accumsan, orci fringilla tellus a felis accumsan, quisque eget curae viverra platea nunc nullam, libero tortor. Sed lorem in molestie, penatibus interdum aliquet quis sed mollis pharetra.&nbsp;<\\/p>\"}},\"475\":{\"type\":\"imageTextPanel\",\"enabled\":\"1\",\"fields\":{\"orientation\":\"left\",\"heading\":\"Heading (Left Orientation)\",\"body\":\"<p><strong>Body<\\/strong><strong>&nbsp;<\\/strong>Lorem ipsum dolor sit amet, vestibulum eget, hac nec condimentum cras. A facilisi, pede maecenas diam accumsan, orci fringilla tellus a felis accumsan, quisque eget curae viverra platea nunc nullam, libero tortor. Sed lorem in molestie, penatibus interdum aliquet quis sed mollis pharetra.&nbsp;<\\/p>\",\"list\":{\"476\":{\"type\":\"9\",\"fields\":{\"item\":\"List Item 1\"}},\"477\":{\"type\":\"9\",\"fields\":{\"item\":\"List Item 2\"}},\"478\":{\"type\":\"9\",\"fields\":{\"item\":\"List Item 3\"}}},\"callToAction\":{\"type\":\"entry\",\"custom\":\"\",\"entry\":[\"221\"],\"target\":\"\"},\"image\":[\"409\"]}},\"479\":{\"type\":\"imageTextPanel\",\"enabled\":\"1\",\"fields\":{\"orientation\":\"right\",\"heading\":\"Heading (Right Orientation)\",\"body\":\"<p><strong>Body<\\/strong>&nbsp;Lorem ipsum dolor sit amet, vestibulum eget, hac nec condimentum cras. A facilisi, pede maecenas diam accumsan, orci fringilla tellus a felis accumsan, quisque eget curae viverra platea nunc nullam, libero tortor. Sed lorem in molestie, penatibus interdum aliquet quis sed mollis pharetra.&nbsp;<\\/p>\",\"list\":{\"480\":{\"type\":\"9\",\"fields\":{\"item\":\"List Item 1\"}},\"481\":{\"type\":\"9\",\"fields\":{\"item\":\"List Item 2\"}},\"482\":{\"type\":\"9\",\"fields\":{\"item\":\"List Item 3\"}}},\"callToAction\":{\"type\":\"entry\",\"custom\":\"\",\"entry\":[\"221\"],\"target\":\"\"},\"image\":[\"408\"]}},\"483\":{\"type\":\"largeImageTextPanel\",\"enabled\":\"1\",\"fields\":{\"orientation\":\"left\",\"heading\":\"Heading (Left Orientation)\",\"subheading\":\"Subheading\",\"body\":\"<p><strong>Body<\\/strong>&nbsp;Lorem ipsum dolor sit amet, vestibulum eget, hac nec condimentum cras. A facilisi, pede maecenas diam accumsan, orci fringilla tellus a felis accumsan, quisque eget curae viverra platea nunc nullam, libero tortor. Sed lorem in molestie, penatibus interdum aliquet quis sed mollis pharetra.&nbsp;<\\/p>\",\"list\":{\"484\":{\"type\":\"10\",\"fields\":{\"item\":\"List Item 1\"}},\"485\":{\"type\":\"10\",\"fields\":{\"item\":\"List Item 2\"}},\"486\":{\"type\":\"10\",\"fields\":{\"item\":\"List Item 3\"}}},\"callToAction\":{\"type\":\"entry\",\"custom\":\"\",\"entry\":[\"221\"],\"category\":\"\",\"customText\":\"Custom Link Text\",\"target\":\"\"},\"image\":[\"230\"],\"dark\":\"\",\"lift\":\"\"}},\"487\":{\"type\":\"largeImageTextPanel\",\"enabled\":\"1\",\"fields\":{\"orientation\":\"right\",\"heading\":\"Heading (Right Orientation, Dark, Lift)\",\"subheading\":\"Subheading\",\"body\":\"<p><strong>Body<\\/strong>&nbsp;Lorem ipsum dolor sit amet, vestibulum eget, hac nec condimentum cras. A facilisi, pede maecenas diam accumsan, orci fringilla tellus a felis accumsan, quisque eget curae viverra platea nunc nullam, libero tortor. Sed lorem in molestie, penatibus interdum aliquet quis sed mollis pharetra.&nbsp;<\\/p>\",\"list\":{\"488\":{\"type\":\"10\",\"fields\":{\"item\":\"List Item 1\"}},\"489\":{\"type\":\"10\",\"fields\":{\"item\":\"List Item 2\"}},\"490\":{\"type\":\"10\",\"fields\":{\"item\":\"List Item 3\"}}},\"callToAction\":{\"type\":\"entry\",\"custom\":\"\",\"entry\":[\"221\"],\"category\":\"\",\"customText\":\"Custom Link Text\",\"target\":\"\"},\"image\":[\"440\"],\"dark\":\"1\",\"lift\":\"1\"}},\"491\":{\"type\":\"pullQuote\",\"enabled\":\"1\",\"fields\":{\"quote\":\"\\\"Failure is simply the opportunity to begin again, this time more intelligently.\\\"\",\"author\":\"Henry Ford\"}},\"492\":{\"type\":\"resources\",\"enabled\":\"1\",\"fields\":{\"heading\":\"Heading\",\"body\":\"Body Lorem ipsum dolor sit amet, vestibulum eget, hac nec condimentum cras. A facilisi, pede maecenas diam accumsan, orci fringilla tellus a felis accumsan, quisque eget curae viverra platea nunc nullam, libero tortor. Sed lorem in molestie, penatibus interdum aliquet quis sed mollis pharetra. \",\"resources\":{\"493\":{\"type\":\"11\",\"fields\":{\"resource\":{\"type\":\"entry\",\"custom\":\"\",\"entry\":[\"221\"],\"asset\":\"\"},\"type\":[\"whitepaper\"],\"featured\":\"\"}},\"494\":{\"type\":\"11\",\"fields\":{\"resource\":{\"type\":\"entry\",\"custom\":\"\",\"entry\":[\"221\"],\"asset\":\"\"},\"type\":[\"brochure\"],\"featured\":\"1\"}},\"495\":{\"type\":\"11\",\"fields\":{\"resource\":{\"type\":\"entry\",\"custom\":\"\",\"entry\":[\"221\"],\"asset\":\"\"},\"type\":[\"publication\"],\"featured\":\"1\"}}}}},\"496\":{\"type\":\"highlights\",\"enabled\":\"\",\"fields\":{\"heading\":\"Heading\",\"body\":\"Body Lorem ipsum dolor sit amet, vestibulum eget, hac nec condimentum cras. A facilisi, pede maecenas diam accumsan, orci fringilla tellus a felis accumsan, quisque eget curae viverra platea nunc nullam, libero tortor. Sed lorem in molestie, penatibus interdum aliquet quis sed mollis pharetra. \",\"highlights\":{\"497\":{\"type\":\"12\",\"fields\":{\"highlightTitle\":\"Title\",\"image\":\"Image\",\"orientation\":\"left\"}},\"498\":{\"type\":\"12\",\"fields\":{\"highlightTitle\":\"Title\",\"image\":\"Image\",\"orientation\":\"right\"}}}}},\"new1\":{\"type\":\"featuredClients\",\"enabled\":\"1\",\"fields\":{\"heading\":\"Heading\",\"body\":\"<p><b>Body<\\/b>&nbsp;Lorem ipsum dolor sit amet, vestibulum eget, hac nec condimentum cras. A facilisi, pede maecenas diam accumsan, orci fringilla tellus a felis accumsan, quisque eget curae viverra platea nunc nullam, libero tortor. Sed lorem in molestie, penatibus interdum aliquet quis sed mollis pharetra.&nbsp;<\\/p>\",\"clients\":{\"new1\":{\"type\":\"13\",\"fields\":{\"clientName\":\"Client or Project Name\",\"clientLocation\":{\"name\":\"Eckzample Inc\",\"street\":\"453 Placeholder Dr\",\"street2\":\"\",\"city\":\"New Lorem\",\"region\":\"AK\",\"postalCode\":\"8675309\",\"country\":\"US\"},\"image\":\"\"}}}}}}}}', '2017-07-27 20:03:42', '2017-07-27 20:03:42', '18643b57-a21a-49c3-9ca4-30e8f2819520'),
 ('96', '221', '9', '1', 'en_us', '18', '', '{\"typeId\":null,\"authorId\":null,\"title\":\"UI\",\"slug\":\"ui\",\"postDate\":1500993555,\"expiryDate\":null,\"enabled\":1,\"parentId\":null,\"fields\":{\"3\":{\"222\":{\"type\":\"masthead\",\"enabled\":\"1\",\"fields\":{\"image\":{\"223\":{\"type\":\"1\",\"fields\":{\"mobileImage\":\"\",\"desktopImage\":\"\"}}},\"subheading\":\"Subheading\",\"heading\":\"Masthead Heading\"}},\"450\":{\"type\":\"gallery\",\"enabled\":\"1\",\"fields\":{\"heading\":\"Heading\",\"gallery\":{\"451\":{\"type\":\"3\",\"fields\":{\"mediaAsset\":[\"413\"],\"caption\":\"Caption of Photo\"}},\"452\":{\"type\":\"3\",\"fields\":{\"mediaAsset\":[\"227\"],\"caption\":\"Caption of Photo\"}},\"453\":{\"type\":\"3\",\"fields\":{\"mediaAsset\":[\"412\"],\"caption\":\"Caption of Photo\"}}}}},\"459\":{\"type\":\"relatedCallOuts\",\"enabled\":\"1\",\"fields\":{\"heading\":\"Heading\",\"callOuts\":[\"139\",\"53\"]}},\"460\":{\"type\":\"openings\",\"enabled\":\"1\",\"fields\":{\"internshipCard\":{\"461\":{\"type\":\"5\",\"fields\":{\"cardTitle\":\"Example Title\",\"description\":\"Example Description is an example of the description of the title.\",\"callToAction\":{\"type\":\"custom\",\"custom\":\"\",\"entry\":\"\",\"customText\":\"\"}}}},\"loadMoreText\":\"\",\"footer\":{\"462\":{\"type\":\"6\",\"fields\":{\"heading\":\"Openings Footer Heading\",\"callToAction\":{\"type\":\"\",\"custom\":\"\",\"entry\":\"\",\"customText\":\"\",\"target\":\"\"}}}}}},\"463\":{\"type\":\"instagramFeed\",\"enabled\":\"1\",\"fields\":{\"heading\":\"Heading\"}},\"464\":{\"type\":\"people\",\"enabled\":\"1\",\"fields\":{\"heading\":\"Heading\",\"people\":{\"465\":{\"type\":\"22\",\"fields\":{\"person\":[\"274\"],\"role\":[\"458\"]}}}}},\"466\":{\"type\":\"listPanel\",\"enabled\":\"1\",\"fields\":{\"heading\":\"Heading\",\"body\":\"<p><strong>Body<\\/strong>&nbsp;Lorem ipsum dolor sit amet, vestibulum eget, hac nec condimentum cras. A facilisi, pede maecenas diam accumsan, orci fringilla tellus a felis accumsan, quisque eget curae viverra platea nunc nullam, libero tortor. Sed lorem in molestie, penatibus interdum aliquet quis sed mollis pharetra.&nbsp; <\\/p>\",\"list\":{\"467\":{\"type\":\"8\",\"fields\":{\"listItem\":\"List Item 1\"}},\"468\":{\"type\":\"8\",\"fields\":{\"listItem\":\"List Item 2\"}},\"469\":{\"type\":\"8\",\"fields\":{\"listItem\":\"List Item 3\"}}},\"centered\":\"\",\"lift\":\"\",\"lightGrayBackground\":\"\"}},\"470\":{\"type\":\"listPanel\",\"enabled\":\"1\",\"fields\":{\"heading\":\"Heading (Centered, Lift, Light Gray Background)\",\"body\":\"<p><strong>Body&nbsp;<\\/strong>Lorem ipsum dolor sit amet, vestibulum eget, hac nec condimentum cras. A facilisi, pede maecenas diam accumsan, orci fringilla tellus a felis accumsan, quisque eget curae viverra platea nunc nullam, libero tortor. Sed lorem in molestie, penatibus interdum aliquet quis sed mollis pharetra.&nbsp; <\\/p>\",\"list\":{\"471\":{\"type\":\"8\",\"fields\":{\"listItem\":\"List Item 1\"}},\"472\":{\"type\":\"8\",\"fields\":{\"listItem\":\"List Item 2\"}},\"473\":{\"type\":\"8\",\"fields\":{\"listItem\":\"List Item 3\"}}},\"centered\":\"1\",\"lift\":\"1\",\"lightGrayBackground\":\"1\"}},\"474\":{\"type\":\"textPanel\",\"enabled\":\"1\",\"fields\":{\"heading\":\"Heading\",\"body\":\"<p><strong>Body&nbsp;<\\/strong>Lorem ipsum dolor sit amet, vestibulum eget, hac nec condimentum cras. A facilisi, pede maecenas diam accumsan, orci fringilla tellus a felis accumsan, quisque eget curae viverra platea nunc nullam, libero tortor. Sed lorem in molestie, penatibus interdum aliquet quis sed mollis pharetra.&nbsp;<\\/p>\"}},\"475\":{\"type\":\"imageTextPanel\",\"enabled\":\"1\",\"fields\":{\"orientation\":\"left\",\"heading\":\"Heading (Left Orientation)\",\"body\":\"<p><strong>Body<\\/strong><strong>&nbsp;<\\/strong>Lorem ipsum dolor sit amet, vestibulum eget, hac nec condimentum cras. A facilisi, pede maecenas diam accumsan, orci fringilla tellus a felis accumsan, quisque eget curae viverra platea nunc nullam, libero tortor. Sed lorem in molestie, penatibus interdum aliquet quis sed mollis pharetra.&nbsp;<\\/p>\",\"list\":{\"476\":{\"type\":\"9\",\"fields\":{\"item\":\"List Item 1\"}},\"477\":{\"type\":\"9\",\"fields\":{\"item\":\"List Item 2\"}},\"478\":{\"type\":\"9\",\"fields\":{\"item\":\"List Item 3\"}}},\"callToAction\":{\"type\":\"entry\",\"custom\":\"\",\"entry\":[\"221\"],\"target\":\"\"},\"image\":[\"409\"]}},\"479\":{\"type\":\"imageTextPanel\",\"enabled\":\"1\",\"fields\":{\"orientation\":\"right\",\"heading\":\"Heading (Right Orientation)\",\"body\":\"<p><strong>Body<\\/strong>&nbsp;Lorem ipsum dolor sit amet, vestibulum eget, hac nec condimentum cras. A facilisi, pede maecenas diam accumsan, orci fringilla tellus a felis accumsan, quisque eget curae viverra platea nunc nullam, libero tortor. Sed lorem in molestie, penatibus interdum aliquet quis sed mollis pharetra.&nbsp;<\\/p>\",\"list\":{\"480\":{\"type\":\"9\",\"fields\":{\"item\":\"List Item 1\"}},\"481\":{\"type\":\"9\",\"fields\":{\"item\":\"List Item 2\"}},\"482\":{\"type\":\"9\",\"fields\":{\"item\":\"List Item 3\"}}},\"callToAction\":{\"type\":\"entry\",\"custom\":\"\",\"entry\":[\"221\"],\"target\":\"\"},\"image\":[\"408\"]}},\"483\":{\"type\":\"largeImageTextPanel\",\"enabled\":\"1\",\"fields\":{\"orientation\":\"left\",\"heading\":\"Heading (Left Orientation)\",\"subheading\":\"Subheading\",\"body\":\"<p><strong>Body<\\/strong>&nbsp;Lorem ipsum dolor sit amet, vestibulum eget, hac nec condimentum cras. A facilisi, pede maecenas diam accumsan, orci fringilla tellus a felis accumsan, quisque eget curae viverra platea nunc nullam, libero tortor. Sed lorem in molestie, penatibus interdum aliquet quis sed mollis pharetra.&nbsp;<\\/p>\",\"list\":{\"484\":{\"type\":\"10\",\"fields\":{\"item\":\"List Item 1\"}},\"485\":{\"type\":\"10\",\"fields\":{\"item\":\"List Item 2\"}},\"486\":{\"type\":\"10\",\"fields\":{\"item\":\"List Item 3\"}}},\"callToAction\":{\"type\":\"entry\",\"custom\":\"\",\"entry\":[\"221\"],\"category\":\"\",\"customText\":\"Custom Link Text\",\"target\":\"\"},\"image\":[\"230\"],\"dark\":\"\",\"lift\":\"\"}},\"487\":{\"type\":\"largeImageTextPanel\",\"enabled\":\"1\",\"fields\":{\"orientation\":\"right\",\"heading\":\"Heading (Right Orientation, Dark, Lift)\",\"subheading\":\"Subheading\",\"body\":\"<p><strong>Body<\\/strong>&nbsp;Lorem ipsum dolor sit amet, vestibulum eget, hac nec condimentum cras. A facilisi, pede maecenas diam accumsan, orci fringilla tellus a felis accumsan, quisque eget curae viverra platea nunc nullam, libero tortor. Sed lorem in molestie, penatibus interdum aliquet quis sed mollis pharetra.&nbsp;<\\/p>\",\"list\":{\"488\":{\"type\":\"10\",\"fields\":{\"item\":\"List Item 1\"}},\"489\":{\"type\":\"10\",\"fields\":{\"item\":\"List Item 2\"}},\"490\":{\"type\":\"10\",\"fields\":{\"item\":\"List Item 3\"}}},\"callToAction\":{\"type\":\"entry\",\"custom\":\"\",\"entry\":[\"221\"],\"category\":\"\",\"customText\":\"Custom Link Text\",\"target\":\"\"},\"image\":[\"440\"],\"dark\":\"1\",\"lift\":\"1\"}},\"491\":{\"type\":\"pullQuote\",\"enabled\":\"1\",\"fields\":{\"quote\":\"\\\"Failure is simply the opportunity to begin again, this time more intelligently.\\\"\",\"author\":\"Henry Ford\"}},\"492\":{\"type\":\"resources\",\"enabled\":\"1\",\"fields\":{\"heading\":\"Heading\",\"body\":\"Body Lorem ipsum dolor sit amet, vestibulum eget, hac nec condimentum cras. A facilisi, pede maecenas diam accumsan, orci fringilla tellus a felis accumsan, quisque eget curae viverra platea nunc nullam, libero tortor. Sed lorem in molestie, penatibus interdum aliquet quis sed mollis pharetra. \",\"resources\":{\"493\":{\"type\":\"11\",\"fields\":{\"resource\":{\"type\":\"entry\",\"custom\":\"\",\"entry\":[\"221\"],\"asset\":\"\"},\"type\":[\"whitepaper\"],\"featured\":\"\"}},\"494\":{\"type\":\"11\",\"fields\":{\"resource\":{\"type\":\"entry\",\"custom\":\"\",\"entry\":[\"221\"],\"asset\":\"\"},\"type\":[\"brochure\"],\"featured\":\"1\"}},\"495\":{\"type\":\"11\",\"fields\":{\"resource\":{\"type\":\"entry\",\"custom\":\"\",\"entry\":[\"221\"],\"asset\":\"\"},\"type\":[\"publication\"],\"featured\":\"1\"}}}}},\"496\":{\"type\":\"highlights\",\"enabled\":\"\",\"fields\":{\"heading\":\"Heading\",\"body\":\"Body Lorem ipsum dolor sit amet, vestibulum eget, hac nec condimentum cras. A facilisi, pede maecenas diam accumsan, orci fringilla tellus a felis accumsan, quisque eget curae viverra platea nunc nullam, libero tortor. Sed lorem in molestie, penatibus interdum aliquet quis sed mollis pharetra. \",\"highlights\":{\"497\":{\"type\":\"12\",\"fields\":{\"highlightTitle\":\"Title\",\"image\":\"Image\",\"orientation\":\"left\"}},\"498\":{\"type\":\"12\",\"fields\":{\"highlightTitle\":\"Title\",\"image\":\"Image\",\"orientation\":\"right\"}}}}},\"499\":{\"type\":\"featuredClients\",\"enabled\":\"1\",\"fields\":{\"heading\":\"Heading\",\"body\":\"<p><strong>Body<\\/strong>&nbsp;Lorem ipsum dolor sit amet, vestibulum eget, hac nec condimentum cras. A facilisi, pede maecenas diam accumsan, orci fringilla tellus a felis accumsan, quisque eget curae viverra platea nunc nullam, libero tortor. Sed lorem in molestie, penatibus interdum aliquet quis sed mollis pharetra.&nbsp;<\\/p>\",\"clients\":{\"500\":{\"type\":\"13\",\"fields\":{\"clientName\":\"Client or Project Name\",\"clientLocation\":{\"name\":\"Eckzample Inc\",\"street\":\"453 Placeholder Dr\",\"street2\":\"\",\"city\":\"New Lorem\",\"region\":\"AK\",\"postalCode\":\"8675309\",\"country\":\"US\"},\"image\":[\"502\"]}}}}}}}}', '2017-07-27 20:06:09', '2017-07-27 20:06:09', 'eb7d181a-3fd0-482e-9dd1-fea0b1469677'),
 ('97', '221', '9', '1', 'en_us', '19', '', '{\"typeId\":null,\"authorId\":null,\"title\":\"UI\",\"slug\":\"ui\",\"postDate\":1500993555,\"expiryDate\":null,\"enabled\":1,\"parentId\":null,\"fields\":{\"3\":{\"222\":{\"type\":\"masthead\",\"enabled\":\"1\",\"fields\":{\"image\":{\"223\":{\"type\":\"1\",\"fields\":{\"mobileImage\":\"\",\"desktopImage\":\"\"}}},\"subheading\":\"Subheading\",\"heading\":\"Masthead Heading\"}},\"450\":{\"type\":\"gallery\",\"enabled\":\"1\",\"fields\":{\"heading\":\"Heading\",\"gallery\":{\"451\":{\"type\":\"3\",\"fields\":{\"mediaAsset\":[\"413\"],\"caption\":\"Caption of Photo\"}},\"452\":{\"type\":\"3\",\"fields\":{\"mediaAsset\":[\"227\"],\"caption\":\"Caption of Photo\"}},\"453\":{\"type\":\"3\",\"fields\":{\"mediaAsset\":[\"412\"],\"caption\":\"Caption of Photo\"}}}}},\"459\":{\"type\":\"relatedCallOuts\",\"enabled\":\"1\",\"fields\":{\"heading\":\"Heading\",\"callOuts\":[\"139\",\"53\"]}},\"460\":{\"type\":\"openings\",\"enabled\":\"1\",\"fields\":{\"internshipCard\":{\"461\":{\"type\":\"5\",\"fields\":{\"cardTitle\":\"Example Title\",\"description\":\"Example Description is an example of the description of the title.\",\"callToAction\":{\"type\":\"custom\",\"custom\":\"\",\"entry\":\"\",\"customText\":\"\"}}}},\"loadMoreText\":\"\",\"footer\":{\"462\":{\"type\":\"6\",\"fields\":{\"heading\":\"Openings Footer Heading\",\"callToAction\":{\"type\":\"\",\"custom\":\"\",\"entry\":\"\",\"customText\":\"\",\"target\":\"\"}}}}}},\"463\":{\"type\":\"instagramFeed\",\"enabled\":\"1\",\"fields\":{\"heading\":\"Heading\"}},\"464\":{\"type\":\"people\",\"enabled\":\"1\",\"fields\":{\"heading\":\"Heading\",\"people\":{\"465\":{\"type\":\"22\",\"fields\":{\"person\":[\"274\"],\"role\":[\"458\"]}}}}},\"466\":{\"type\":\"listPanel\",\"enabled\":\"1\",\"fields\":{\"heading\":\"Heading\",\"body\":\"<p><strong>Body<\\/strong>&nbsp;Lorem ipsum dolor sit amet, vestibulum eget, hac nec condimentum cras. A facilisi, pede maecenas diam accumsan, orci fringilla tellus a felis accumsan, quisque eget curae viverra platea nunc nullam, libero tortor. Sed lorem in molestie, penatibus interdum aliquet quis sed mollis pharetra.&nbsp; <\\/p>\",\"list\":{\"467\":{\"type\":\"8\",\"fields\":{\"listItem\":\"List Item 1\"}},\"468\":{\"type\":\"8\",\"fields\":{\"listItem\":\"List Item 2\"}},\"469\":{\"type\":\"8\",\"fields\":{\"listItem\":\"List Item 3\"}}},\"centered\":\"\",\"lift\":\"\",\"lightGrayBackground\":\"\"}},\"470\":{\"type\":\"listPanel\",\"enabled\":\"1\",\"fields\":{\"heading\":\"Heading (Centered, Lift, Light Gray Background)\",\"body\":\"<p><strong>Body&nbsp;<\\/strong>Lorem ipsum dolor sit amet, vestibulum eget, hac nec condimentum cras. A facilisi, pede maecenas diam accumsan, orci fringilla tellus a felis accumsan, quisque eget curae viverra platea nunc nullam, libero tortor. Sed lorem in molestie, penatibus interdum aliquet quis sed mollis pharetra.&nbsp; <\\/p>\",\"list\":{\"471\":{\"type\":\"8\",\"fields\":{\"listItem\":\"List Item 1\"}},\"472\":{\"type\":\"8\",\"fields\":{\"listItem\":\"List Item 2\"}},\"473\":{\"type\":\"8\",\"fields\":{\"listItem\":\"List Item 3\"}}},\"centered\":\"1\",\"lift\":\"1\",\"lightGrayBackground\":\"1\"}},\"474\":{\"type\":\"textPanel\",\"enabled\":\"1\",\"fields\":{\"heading\":\"Heading\",\"body\":\"<p><strong>Body&nbsp;<\\/strong>Lorem ipsum dolor sit amet, vestibulum eget, hac nec condimentum cras. A facilisi, pede maecenas diam accumsan, orci fringilla tellus a felis accumsan, quisque eget curae viverra platea nunc nullam, libero tortor. Sed lorem in molestie, penatibus interdum aliquet quis sed mollis pharetra.&nbsp;<\\/p>\"}},\"475\":{\"type\":\"imageTextPanel\",\"enabled\":\"1\",\"fields\":{\"orientation\":\"left\",\"heading\":\"Heading (Left Orientation)\",\"body\":\"<p><strong>Body<\\/strong><strong>&nbsp;<\\/strong>Lorem ipsum dolor sit amet, vestibulum eget, hac nec condimentum cras. A facilisi, pede maecenas diam accumsan, orci fringilla tellus a felis accumsan, quisque eget curae viverra platea nunc nullam, libero tortor. Sed lorem in molestie, penatibus interdum aliquet quis sed mollis pharetra.&nbsp;<\\/p>\",\"list\":{\"476\":{\"type\":\"9\",\"fields\":{\"item\":\"List Item 1\"}},\"477\":{\"type\":\"9\",\"fields\":{\"item\":\"List Item 2\"}},\"478\":{\"type\":\"9\",\"fields\":{\"item\":\"List Item 3\"}}},\"callToAction\":{\"type\":\"entry\",\"custom\":\"\",\"entry\":[\"221\"],\"target\":\"\"},\"image\":[\"409\"]}},\"479\":{\"type\":\"imageTextPanel\",\"enabled\":\"1\",\"fields\":{\"orientation\":\"right\",\"heading\":\"Heading (Right Orientation)\",\"body\":\"<p><strong>Body<\\/strong>&nbsp;Lorem ipsum dolor sit amet, vestibulum eget, hac nec condimentum cras. A facilisi, pede maecenas diam accumsan, orci fringilla tellus a felis accumsan, quisque eget curae viverra platea nunc nullam, libero tortor. Sed lorem in molestie, penatibus interdum aliquet quis sed mollis pharetra.&nbsp;<\\/p>\",\"list\":{\"480\":{\"type\":\"9\",\"fields\":{\"item\":\"List Item 1\"}},\"481\":{\"type\":\"9\",\"fields\":{\"item\":\"List Item 2\"}},\"482\":{\"type\":\"9\",\"fields\":{\"item\":\"List Item 3\"}}},\"callToAction\":{\"type\":\"entry\",\"custom\":\"\",\"entry\":[\"221\"],\"target\":\"\"},\"image\":[\"408\"]}},\"483\":{\"type\":\"largeImageTextPanel\",\"enabled\":\"1\",\"fields\":{\"orientation\":\"left\",\"heading\":\"Heading (Left Orientation)\",\"subheading\":\"Subheading\",\"body\":\"<p><strong>Body<\\/strong>&nbsp;Lorem ipsum dolor sit amet, vestibulum eget, hac nec condimentum cras. A facilisi, pede maecenas diam accumsan, orci fringilla tellus a felis accumsan, quisque eget curae viverra platea nunc nullam, libero tortor. Sed lorem in molestie, penatibus interdum aliquet quis sed mollis pharetra.&nbsp;<\\/p>\",\"list\":{\"484\":{\"type\":\"10\",\"fields\":{\"item\":\"List Item 1\"}},\"485\":{\"type\":\"10\",\"fields\":{\"item\":\"List Item 2\"}},\"486\":{\"type\":\"10\",\"fields\":{\"item\":\"List Item 3\"}}},\"callToAction\":{\"type\":\"entry\",\"custom\":\"\",\"entry\":[\"221\"],\"category\":\"\",\"customText\":\"Custom Link Text\",\"target\":\"\"},\"image\":[\"230\"],\"dark\":\"\",\"lift\":\"\"}},\"487\":{\"type\":\"largeImageTextPanel\",\"enabled\":\"1\",\"fields\":{\"orientation\":\"right\",\"heading\":\"Heading (Right Orientation, Dark, Lift)\",\"subheading\":\"Subheading\",\"body\":\"<p><strong>Body<\\/strong>&nbsp;Lorem ipsum dolor sit amet, vestibulum eget, hac nec condimentum cras. A facilisi, pede maecenas diam accumsan, orci fringilla tellus a felis accumsan, quisque eget curae viverra platea nunc nullam, libero tortor. Sed lorem in molestie, penatibus interdum aliquet quis sed mollis pharetra.&nbsp;<\\/p>\",\"list\":{\"488\":{\"type\":\"10\",\"fields\":{\"item\":\"List Item 1\"}},\"489\":{\"type\":\"10\",\"fields\":{\"item\":\"List Item 2\"}},\"490\":{\"type\":\"10\",\"fields\":{\"item\":\"List Item 3\"}}},\"callToAction\":{\"type\":\"entry\",\"custom\":\"\",\"entry\":[\"221\"],\"category\":\"\",\"customText\":\"Custom Link Text\",\"target\":\"\"},\"image\":[\"440\"],\"dark\":\"1\",\"lift\":\"1\"}},\"491\":{\"type\":\"pullQuote\",\"enabled\":\"1\",\"fields\":{\"quote\":\"\\\"Failure is simply the opportunity to begin again, this time more intelligently.\\\"\",\"author\":\"Henry Ford\"}},\"492\":{\"type\":\"resources\",\"enabled\":\"1\",\"fields\":{\"heading\":\"Heading\",\"body\":\"Body Lorem ipsum dolor sit amet, vestibulum eget, hac nec condimentum cras. A facilisi, pede maecenas diam accumsan, orci fringilla tellus a felis accumsan, quisque eget curae viverra platea nunc nullam, libero tortor. Sed lorem in molestie, penatibus interdum aliquet quis sed mollis pharetra. \",\"resources\":{\"493\":{\"type\":\"11\",\"fields\":{\"resource\":{\"type\":\"entry\",\"custom\":\"\",\"entry\":[\"221\"],\"asset\":\"\"},\"type\":[\"whitepaper\"],\"featured\":\"\"}},\"494\":{\"type\":\"11\",\"fields\":{\"resource\":{\"type\":\"entry\",\"custom\":\"\",\"entry\":[\"221\"],\"asset\":\"\"},\"type\":[\"brochure\"],\"featured\":\"1\"}},\"495\":{\"type\":\"11\",\"fields\":{\"resource\":{\"type\":\"entry\",\"custom\":\"\",\"entry\":[\"221\"],\"asset\":\"\"},\"type\":[\"publication\"],\"featured\":\"1\"}}}}},\"496\":{\"type\":\"highlights\",\"enabled\":\"\",\"fields\":{\"heading\":\"Heading\",\"body\":\"Body Lorem ipsum dolor sit amet, vestibulum eget, hac nec condimentum cras. A facilisi, pede maecenas diam accumsan, orci fringilla tellus a felis accumsan, quisque eget curae viverra platea nunc nullam, libero tortor. Sed lorem in molestie, penatibus interdum aliquet quis sed mollis pharetra. \",\"highlights\":{\"497\":{\"type\":\"12\",\"fields\":{\"highlightTitle\":\"Title\",\"image\":\"Image\",\"orientation\":\"left\"}},\"498\":{\"type\":\"12\",\"fields\":{\"highlightTitle\":\"Title\",\"image\":\"Image\",\"orientation\":\"right\"}}}}},\"499\":{\"type\":\"featuredClients\",\"enabled\":\"1\",\"fields\":{\"heading\":\"Heading\",\"body\":\"<p><strong>Body<\\/strong>&nbsp;Lorem ipsum dolor sit amet, vestibulum eget, hac nec condimentum cras. A facilisi, pede maecenas diam accumsan, orci fringilla tellus a felis accumsan, quisque eget curae viverra platea nunc nullam, libero tortor. Sed lorem in molestie, penatibus interdum aliquet quis sed mollis pharetra.&nbsp;<\\/p>\",\"clients\":{\"500\":{\"type\":\"13\",\"fields\":{\"clientName\":\"Client or Project Name\",\"clientLocation\":{\"name\":\"Eckzample Inc\",\"street\":\"453 Placeholder Dr\",\"street2\":\"\",\"city\":\"New Lorem\",\"region\":\"AK\",\"postalCode\":\"8675309\",\"country\":\"US\"},\"image\":[\"501\"]}}}}}}}}', '2017-07-27 20:06:34', '2017-07-27 20:06:34', '002f2ec9-100d-47ac-998e-ad01415c8748'),
 ('98', '221', '9', '1', 'en_us', '20', '', '{\"typeId\":null,\"authorId\":null,\"title\":\"UI\",\"slug\":\"ui\",\"postDate\":1500993555,\"expiryDate\":null,\"enabled\":1,\"parentId\":null,\"fields\":{\"3\":{\"222\":{\"type\":\"masthead\",\"enabled\":\"1\",\"fields\":{\"image\":{\"223\":{\"type\":\"1\",\"fields\":{\"mobileImage\":\"\",\"desktopImage\":\"\"}}},\"subheading\":\"Subheading\",\"heading\":\"Masthead Heading\"}},\"450\":{\"type\":\"gallery\",\"enabled\":\"1\",\"fields\":{\"heading\":\"Heading\",\"gallery\":{\"451\":{\"type\":\"3\",\"fields\":{\"mediaAsset\":[\"413\"],\"caption\":\"Caption of Photo\"}},\"452\":{\"type\":\"3\",\"fields\":{\"mediaAsset\":[\"227\"],\"caption\":\"Caption of Photo\"}},\"453\":{\"type\":\"3\",\"fields\":{\"mediaAsset\":[\"412\"],\"caption\":\"Caption of Photo\"}}}}},\"459\":{\"type\":\"relatedCallOuts\",\"enabled\":\"1\",\"fields\":{\"heading\":\"Heading\",\"callOuts\":[\"139\",\"53\"]}},\"460\":{\"type\":\"openings\",\"enabled\":\"1\",\"fields\":{\"internshipCard\":{\"461\":{\"type\":\"5\",\"fields\":{\"cardTitle\":\"Example Title\",\"description\":\"Example Description is an example of the description of the title.\",\"callToAction\":{\"type\":\"custom\",\"custom\":\"\",\"entry\":\"\",\"customText\":\"\"}}}},\"loadMoreText\":\"\",\"footer\":{\"462\":{\"type\":\"6\",\"fields\":{\"heading\":\"Openings Footer Heading\",\"callToAction\":{\"type\":\"\",\"custom\":\"\",\"entry\":\"\",\"customText\":\"\",\"target\":\"\"}}}}}},\"463\":{\"type\":\"instagramFeed\",\"enabled\":\"1\",\"fields\":{\"heading\":\"Heading\"}},\"464\":{\"type\":\"people\",\"enabled\":\"1\",\"fields\":{\"heading\":\"Heading\",\"people\":{\"465\":{\"type\":\"22\",\"fields\":{\"person\":[\"274\"],\"role\":[\"458\"]}}}}},\"466\":{\"type\":\"listPanel\",\"enabled\":\"1\",\"fields\":{\"heading\":\"Heading\",\"body\":\"<p><strong>Body<\\/strong>&nbsp;Lorem ipsum dolor sit amet, vestibulum eget, hac nec condimentum cras. A facilisi, pede maecenas diam accumsan, orci fringilla tellus a felis accumsan, quisque eget curae viverra platea nunc nullam, libero tortor. Sed lorem in molestie, penatibus interdum aliquet quis sed mollis pharetra.&nbsp; <\\/p>\",\"list\":{\"467\":{\"type\":\"8\",\"fields\":{\"listItem\":\"List Item 1\"}},\"468\":{\"type\":\"8\",\"fields\":{\"listItem\":\"List Item 2\"}},\"469\":{\"type\":\"8\",\"fields\":{\"listItem\":\"List Item 3\"}}},\"centered\":\"\",\"lift\":\"\",\"lightGrayBackground\":\"\"}},\"470\":{\"type\":\"listPanel\",\"enabled\":\"1\",\"fields\":{\"heading\":\"Heading (Centered, Lift, Light Gray Background)\",\"body\":\"<p><strong>Body&nbsp;<\\/strong>Lorem ipsum dolor sit amet, vestibulum eget, hac nec condimentum cras. A facilisi, pede maecenas diam accumsan, orci fringilla tellus a felis accumsan, quisque eget curae viverra platea nunc nullam, libero tortor. Sed lorem in molestie, penatibus interdum aliquet quis sed mollis pharetra.&nbsp; <\\/p>\",\"list\":{\"471\":{\"type\":\"8\",\"fields\":{\"listItem\":\"List Item 1\"}},\"472\":{\"type\":\"8\",\"fields\":{\"listItem\":\"List Item 2\"}},\"473\":{\"type\":\"8\",\"fields\":{\"listItem\":\"List Item 3\"}}},\"centered\":\"1\",\"lift\":\"1\",\"lightGrayBackground\":\"1\"}},\"474\":{\"type\":\"textPanel\",\"enabled\":\"1\",\"fields\":{\"heading\":\"Heading\",\"body\":\"<p><strong>Body&nbsp;<\\/strong>Lorem ipsum dolor sit amet, vestibulum eget, hac nec condimentum cras. A facilisi, pede maecenas diam accumsan, orci fringilla tellus a felis accumsan, quisque eget curae viverra platea nunc nullam, libero tortor. Sed lorem in molestie, penatibus interdum aliquet quis sed mollis pharetra.&nbsp;<\\/p>\"}},\"475\":{\"type\":\"imageTextPanel\",\"enabled\":\"1\",\"fields\":{\"orientation\":\"left\",\"heading\":\"Heading (Left Orientation)\",\"body\":\"<p><strong>Body<\\/strong><strong>&nbsp;<\\/strong>Lorem ipsum dolor sit amet, vestibulum eget, hac nec condimentum cras. A facilisi, pede maecenas diam accumsan, orci fringilla tellus a felis accumsan, quisque eget curae viverra platea nunc nullam, libero tortor. Sed lorem in molestie, penatibus interdum aliquet quis sed mollis pharetra.&nbsp;<\\/p>\",\"list\":{\"476\":{\"type\":\"9\",\"fields\":{\"item\":\"List Item 1\"}},\"477\":{\"type\":\"9\",\"fields\":{\"item\":\"List Item 2\"}},\"478\":{\"type\":\"9\",\"fields\":{\"item\":\"List Item 3\"}}},\"callToAction\":{\"type\":\"entry\",\"custom\":\"\",\"entry\":[\"221\"],\"target\":\"\"},\"image\":[\"409\"]}},\"479\":{\"type\":\"imageTextPanel\",\"enabled\":\"1\",\"fields\":{\"orientation\":\"right\",\"heading\":\"Heading (Right Orientation)\",\"body\":\"<p><strong>Body<\\/strong>&nbsp;Lorem ipsum dolor sit amet, vestibulum eget, hac nec condimentum cras. A facilisi, pede maecenas diam accumsan, orci fringilla tellus a felis accumsan, quisque eget curae viverra platea nunc nullam, libero tortor. Sed lorem in molestie, penatibus interdum aliquet quis sed mollis pharetra.&nbsp;<\\/p>\",\"list\":{\"480\":{\"type\":\"9\",\"fields\":{\"item\":\"List Item 1\"}},\"481\":{\"type\":\"9\",\"fields\":{\"item\":\"List Item 2\"}},\"482\":{\"type\":\"9\",\"fields\":{\"item\":\"List Item 3\"}}},\"callToAction\":{\"type\":\"entry\",\"custom\":\"\",\"entry\":[\"221\"],\"target\":\"\"},\"image\":[\"408\"]}},\"483\":{\"type\":\"largeImageTextPanel\",\"enabled\":\"1\",\"fields\":{\"orientation\":\"left\",\"heading\":\"Heading (Left Orientation)\",\"subheading\":\"Subheading\",\"body\":\"<p><strong>Body<\\/strong>&nbsp;Lorem ipsum dolor sit amet, vestibulum eget, hac nec condimentum cras. A facilisi, pede maecenas diam accumsan, orci fringilla tellus a felis accumsan, quisque eget curae viverra platea nunc nullam, libero tortor. Sed lorem in molestie, penatibus interdum aliquet quis sed mollis pharetra.&nbsp;<\\/p>\",\"list\":{\"484\":{\"type\":\"10\",\"fields\":{\"item\":\"List Item 1\"}},\"485\":{\"type\":\"10\",\"fields\":{\"item\":\"List Item 2\"}},\"486\":{\"type\":\"10\",\"fields\":{\"item\":\"List Item 3\"}}},\"callToAction\":{\"type\":\"entry\",\"custom\":\"\",\"entry\":[\"221\"],\"category\":\"\",\"customText\":\"Custom Link Text\",\"target\":\"\"},\"image\":[\"230\"],\"dark\":\"\",\"lift\":\"\"}},\"487\":{\"type\":\"largeImageTextPanel\",\"enabled\":\"1\",\"fields\":{\"orientation\":\"right\",\"heading\":\"Heading (Right Orientation, Dark, Lift)\",\"subheading\":\"Subheading\",\"body\":\"<p><strong>Body<\\/strong>&nbsp;Lorem ipsum dolor sit amet, vestibulum eget, hac nec condimentum cras. A facilisi, pede maecenas diam accumsan, orci fringilla tellus a felis accumsan, quisque eget curae viverra platea nunc nullam, libero tortor. Sed lorem in molestie, penatibus interdum aliquet quis sed mollis pharetra.&nbsp;<\\/p>\",\"list\":{\"488\":{\"type\":\"10\",\"fields\":{\"item\":\"List Item 1\"}},\"489\":{\"type\":\"10\",\"fields\":{\"item\":\"List Item 2\"}},\"490\":{\"type\":\"10\",\"fields\":{\"item\":\"List Item 3\"}}},\"callToAction\":{\"type\":\"entry\",\"custom\":\"\",\"entry\":[\"221\"],\"category\":\"\",\"customText\":\"Custom Link Text\",\"target\":\"\"},\"image\":[\"440\"],\"dark\":\"1\",\"lift\":\"1\"}},\"491\":{\"type\":\"pullQuote\",\"enabled\":\"1\",\"fields\":{\"quote\":\"\\\"Failure is simply the opportunity to begin again, this time more intelligently.\\\"\",\"author\":\"Henry Ford\"}},\"492\":{\"type\":\"resources\",\"enabled\":\"1\",\"fields\":{\"heading\":\"Heading\",\"body\":\"Body Lorem ipsum dolor sit amet, vestibulum eget, hac nec condimentum cras. A facilisi, pede maecenas diam accumsan, orci fringilla tellus a felis accumsan, quisque eget curae viverra platea nunc nullam, libero tortor. Sed lorem in molestie, penatibus interdum aliquet quis sed mollis pharetra. \",\"resources\":{\"493\":{\"type\":\"11\",\"fields\":{\"resource\":{\"type\":\"entry\",\"custom\":\"\",\"entry\":[\"221\"],\"asset\":\"\"},\"type\":[\"whitepaper\"],\"featured\":\"\"}},\"494\":{\"type\":\"11\",\"fields\":{\"resource\":{\"type\":\"entry\",\"custom\":\"\",\"entry\":[\"221\"],\"asset\":\"\"},\"type\":[\"brochure\"],\"featured\":\"1\"}},\"495\":{\"type\":\"11\",\"fields\":{\"resource\":{\"type\":\"entry\",\"custom\":\"\",\"entry\":[\"221\"],\"asset\":\"\"},\"type\":[\"publication\"],\"featured\":\"1\"}}}}},\"496\":{\"type\":\"highlights\",\"enabled\":\"\",\"fields\":{\"heading\":\"Heading\",\"body\":\"Body Lorem ipsum dolor sit amet, vestibulum eget, hac nec condimentum cras. A facilisi, pede maecenas diam accumsan, orci fringilla tellus a felis accumsan, quisque eget curae viverra platea nunc nullam, libero tortor. Sed lorem in molestie, penatibus interdum aliquet quis sed mollis pharetra. \",\"highlights\":{\"497\":{\"type\":\"12\",\"fields\":{\"highlightTitle\":\"Title\",\"image\":\"Image\",\"orientation\":\"left\"}},\"498\":{\"type\":\"12\",\"fields\":{\"highlightTitle\":\"Title\",\"image\":\"Image\",\"orientation\":\"right\"}}}}},\"499\":{\"type\":\"featuredClients\",\"enabled\":\"1\",\"fields\":{\"heading\":\"Heading\",\"body\":\"<p><strong>Body<\\/strong>&nbsp;Lorem ipsum dolor sit amet, vestibulum eget, hac nec condimentum cras. A facilisi, pede maecenas diam accumsan, orci fringilla tellus a felis accumsan, quisque eget curae viverra platea nunc nullam, libero tortor. Sed lorem in molestie, penatibus interdum aliquet quis sed mollis pharetra.&nbsp;<\\/p>\",\"clients\":{\"500\":{\"type\":\"13\",\"fields\":{\"clientName\":\"Client or Project Name\",\"clientLocation\":{\"name\":\"Eckzample Inc\",\"street\":\"453 Placeholder Dr\",\"street2\":\"\",\"city\":\"New Lorem\",\"region\":\"AK\",\"postalCode\":\"8675309\",\"country\":\"US\"},\"image\":[\"502\"]}},\"new1\":{\"type\":\"13\",\"fields\":{\"clientName\":\"Client or Project Name\",\"clientLocation\":{\"name\":\"Ipsum Construction\",\"street\":\"3987 Falls Uhdress Rd\",\"street2\":\"\",\"city\":\"Dolar City\",\"region\":\"NC\",\"postalCode\":\"28173\",\"country\":\"US\"},\"image\":[\"503\"]}}}}}}}}', '2017-07-27 20:08:37', '2017-07-27 20:08:37', 'cd1ad002-aa90-4123-99aa-466ae82e3e0a'),
 ('99', '221', '9', '1', 'en_us', '21', '', '{\"typeId\":null,\"authorId\":null,\"title\":\"UI\",\"slug\":\"ui\",\"postDate\":1500993555,\"expiryDate\":null,\"enabled\":1,\"parentId\":null,\"fields\":{\"3\":{\"222\":{\"type\":\"masthead\",\"enabled\":\"1\",\"fields\":{\"image\":{\"223\":{\"type\":\"1\",\"fields\":{\"mobileImage\":\"\",\"desktopImage\":\"\"}}},\"subheading\":\"Subheading\",\"heading\":\"Masthead Heading\"}},\"450\":{\"type\":\"gallery\",\"enabled\":\"1\",\"fields\":{\"heading\":\"Heading\",\"gallery\":{\"451\":{\"type\":\"3\",\"fields\":{\"mediaAsset\":[\"413\"],\"caption\":\"Caption of Photo\"}},\"452\":{\"type\":\"3\",\"fields\":{\"mediaAsset\":[\"227\"],\"caption\":\"Caption of Photo\"}},\"453\":{\"type\":\"3\",\"fields\":{\"mediaAsset\":[\"412\"],\"caption\":\"Caption of Photo\"}}}}},\"459\":{\"type\":\"relatedCallOuts\",\"enabled\":\"1\",\"fields\":{\"heading\":\"Heading\",\"callOuts\":[\"139\",\"53\"]}},\"460\":{\"type\":\"openings\",\"enabled\":\"1\",\"fields\":{\"internshipCard\":{\"461\":{\"type\":\"5\",\"fields\":{\"cardTitle\":\"Example Title\",\"description\":\"Example Description is an example of the description of the title.\",\"callToAction\":{\"type\":\"custom\",\"custom\":\"\",\"entry\":\"\",\"customText\":\"\"}}}},\"loadMoreText\":\"\",\"footer\":{\"462\":{\"type\":\"6\",\"fields\":{\"heading\":\"Openings Footer Heading\",\"callToAction\":{\"type\":\"\",\"custom\":\"\",\"entry\":\"\",\"customText\":\"\",\"target\":\"\"}}}}}},\"463\":{\"type\":\"instagramFeed\",\"enabled\":\"1\",\"fields\":{\"heading\":\"Heading\"}},\"464\":{\"type\":\"people\",\"enabled\":\"1\",\"fields\":{\"heading\":\"Heading\",\"people\":{\"465\":{\"type\":\"22\",\"fields\":{\"person\":[\"274\"],\"role\":[\"458\"]}}}}},\"466\":{\"type\":\"listPanel\",\"enabled\":\"1\",\"fields\":{\"heading\":\"Heading\",\"body\":\"<p><strong>Body<\\/strong>&nbsp;Lorem ipsum dolor sit amet, vestibulum eget, hac nec condimentum cras. A facilisi, pede maecenas diam accumsan, orci fringilla tellus a felis accumsan, quisque eget curae viverra platea nunc nullam, libero tortor. Sed lorem in molestie, penatibus interdum aliquet quis sed mollis pharetra.&nbsp; <\\/p>\",\"list\":{\"467\":{\"type\":\"8\",\"fields\":{\"listItem\":\"List Item 1\"}},\"468\":{\"type\":\"8\",\"fields\":{\"listItem\":\"List Item 2\"}},\"469\":{\"type\":\"8\",\"fields\":{\"listItem\":\"List Item 3\"}}},\"centered\":\"\",\"lift\":\"\",\"lightGrayBackground\":\"\"}},\"470\":{\"type\":\"listPanel\",\"enabled\":\"1\",\"fields\":{\"heading\":\"Heading (Centered, Lift, Light Gray Background)\",\"body\":\"<p><strong>Body&nbsp;<\\/strong>Lorem ipsum dolor sit amet, vestibulum eget, hac nec condimentum cras. A facilisi, pede maecenas diam accumsan, orci fringilla tellus a felis accumsan, quisque eget curae viverra platea nunc nullam, libero tortor. Sed lorem in molestie, penatibus interdum aliquet quis sed mollis pharetra.&nbsp; <\\/p>\",\"list\":{\"471\":{\"type\":\"8\",\"fields\":{\"listItem\":\"List Item 1\"}},\"472\":{\"type\":\"8\",\"fields\":{\"listItem\":\"List Item 2\"}},\"473\":{\"type\":\"8\",\"fields\":{\"listItem\":\"List Item 3\"}}},\"centered\":\"1\",\"lift\":\"1\",\"lightGrayBackground\":\"1\"}},\"474\":{\"type\":\"textPanel\",\"enabled\":\"1\",\"fields\":{\"heading\":\"Heading\",\"body\":\"<p><strong>Body&nbsp;<\\/strong>Lorem ipsum dolor sit amet, vestibulum eget, hac nec condimentum cras. A facilisi, pede maecenas diam accumsan, orci fringilla tellus a felis accumsan, quisque eget curae viverra platea nunc nullam, libero tortor. Sed lorem in molestie, penatibus interdum aliquet quis sed mollis pharetra.&nbsp;<\\/p>\"}},\"475\":{\"type\":\"imageTextPanel\",\"enabled\":\"1\",\"fields\":{\"orientation\":\"left\",\"heading\":\"Heading (Left Orientation)\",\"body\":\"<p><strong>Body<\\/strong><strong>&nbsp;<\\/strong>Lorem ipsum dolor sit amet, vestibulum eget, hac nec condimentum cras. A facilisi, pede maecenas diam accumsan, orci fringilla tellus a felis accumsan, quisque eget curae viverra platea nunc nullam, libero tortor. Sed lorem in molestie, penatibus interdum aliquet quis sed mollis pharetra.&nbsp;<\\/p>\",\"list\":{\"476\":{\"type\":\"9\",\"fields\":{\"item\":\"List Item 1\"}},\"477\":{\"type\":\"9\",\"fields\":{\"item\":\"List Item 2\"}},\"478\":{\"type\":\"9\",\"fields\":{\"item\":\"List Item 3\"}}},\"callToAction\":{\"type\":\"entry\",\"custom\":\"\",\"entry\":[\"221\"],\"target\":\"\"},\"image\":[\"409\"]}},\"479\":{\"type\":\"imageTextPanel\",\"enabled\":\"1\",\"fields\":{\"orientation\":\"right\",\"heading\":\"Heading (Right Orientation)\",\"body\":\"<p><strong>Body<\\/strong>&nbsp;Lorem ipsum dolor sit amet, vestibulum eget, hac nec condimentum cras. A facilisi, pede maecenas diam accumsan, orci fringilla tellus a felis accumsan, quisque eget curae viverra platea nunc nullam, libero tortor. Sed lorem in molestie, penatibus interdum aliquet quis sed mollis pharetra.&nbsp;<\\/p>\",\"list\":{\"480\":{\"type\":\"9\",\"fields\":{\"item\":\"List Item 1\"}},\"481\":{\"type\":\"9\",\"fields\":{\"item\":\"List Item 2\"}},\"482\":{\"type\":\"9\",\"fields\":{\"item\":\"List Item 3\"}}},\"callToAction\":{\"type\":\"entry\",\"custom\":\"\",\"entry\":[\"221\"],\"target\":\"\"},\"image\":[\"408\"]}},\"483\":{\"type\":\"largeImageTextPanel\",\"enabled\":\"1\",\"fields\":{\"orientation\":\"left\",\"heading\":\"Heading (Left Orientation)\",\"subheading\":\"Subheading\",\"body\":\"<p><strong>Body<\\/strong>&nbsp;Lorem ipsum dolor sit amet, vestibulum eget, hac nec condimentum cras. A facilisi, pede maecenas diam accumsan, orci fringilla tellus a felis accumsan, quisque eget curae viverra platea nunc nullam, libero tortor. Sed lorem in molestie, penatibus interdum aliquet quis sed mollis pharetra.&nbsp;<\\/p>\",\"list\":{\"484\":{\"type\":\"10\",\"fields\":{\"item\":\"List Item 1\"}},\"485\":{\"type\":\"10\",\"fields\":{\"item\":\"List Item 2\"}},\"486\":{\"type\":\"10\",\"fields\":{\"item\":\"List Item 3\"}}},\"callToAction\":{\"type\":\"entry\",\"custom\":\"\",\"entry\":[\"221\"],\"category\":\"\",\"customText\":\"Custom Link Text\",\"target\":\"\"},\"image\":[\"230\"],\"dark\":\"\",\"lift\":\"\"}},\"487\":{\"type\":\"largeImageTextPanel\",\"enabled\":\"1\",\"fields\":{\"orientation\":\"right\",\"heading\":\"Heading (Right Orientation, Dark, Lift)\",\"subheading\":\"Subheading\",\"body\":\"<p><strong>Body<\\/strong>&nbsp;Lorem ipsum dolor sit amet, vestibulum eget, hac nec condimentum cras. A facilisi, pede maecenas diam accumsan, orci fringilla tellus a felis accumsan, quisque eget curae viverra platea nunc nullam, libero tortor. Sed lorem in molestie, penatibus interdum aliquet quis sed mollis pharetra.&nbsp;<\\/p>\",\"list\":{\"488\":{\"type\":\"10\",\"fields\":{\"item\":\"List Item 1\"}},\"489\":{\"type\":\"10\",\"fields\":{\"item\":\"List Item 2\"}},\"490\":{\"type\":\"10\",\"fields\":{\"item\":\"List Item 3\"}}},\"callToAction\":{\"type\":\"entry\",\"custom\":\"\",\"entry\":[\"221\"],\"category\":\"\",\"customText\":\"Custom Link Text\",\"target\":\"\"},\"image\":[\"440\"],\"dark\":\"1\",\"lift\":\"1\"}},\"491\":{\"type\":\"pullQuote\",\"enabled\":\"1\",\"fields\":{\"quote\":\"\\\"Failure is simply the opportunity to begin again, this time more intelligently.\\\"\",\"author\":\"Henry Ford\"}},\"492\":{\"type\":\"resources\",\"enabled\":\"1\",\"fields\":{\"heading\":\"Heading\",\"body\":\"Body Lorem ipsum dolor sit amet, vestibulum eget, hac nec condimentum cras. A facilisi, pede maecenas diam accumsan, orci fringilla tellus a felis accumsan, quisque eget curae viverra platea nunc nullam, libero tortor. Sed lorem in molestie, penatibus interdum aliquet quis sed mollis pharetra. \",\"resources\":{\"493\":{\"type\":\"11\",\"fields\":{\"resource\":{\"type\":\"entry\",\"custom\":\"\",\"entry\":[\"221\"],\"asset\":\"\"},\"type\":[\"whitepaper\"],\"featured\":\"\"}},\"494\":{\"type\":\"11\",\"fields\":{\"resource\":{\"type\":\"entry\",\"custom\":\"\",\"entry\":[\"221\"],\"asset\":\"\"},\"type\":[\"brochure\"],\"featured\":\"1\"}},\"495\":{\"type\":\"11\",\"fields\":{\"resource\":{\"type\":\"entry\",\"custom\":\"\",\"entry\":[\"221\"],\"asset\":\"\"},\"type\":[\"publication\"],\"featured\":\"1\"}}}}},\"496\":{\"type\":\"highlights\",\"enabled\":\"\",\"fields\":{\"heading\":\"Heading\",\"body\":\"Body Lorem ipsum dolor sit amet, vestibulum eget, hac nec condimentum cras. A facilisi, pede maecenas diam accumsan, orci fringilla tellus a felis accumsan, quisque eget curae viverra platea nunc nullam, libero tortor. Sed lorem in molestie, penatibus interdum aliquet quis sed mollis pharetra. \",\"highlights\":{\"497\":{\"type\":\"12\",\"fields\":{\"highlightTitle\":\"Title\",\"image\":\"Image\",\"orientation\":\"left\"}},\"498\":{\"type\":\"12\",\"fields\":{\"highlightTitle\":\"Title\",\"image\":\"Image\",\"orientation\":\"right\"}}}}},\"499\":{\"type\":\"featuredClients\",\"enabled\":\"1\",\"fields\":{\"heading\":\"Heading\",\"body\":\"<p><strong>Body<\\/strong>&nbsp;Lorem ipsum dolor sit amet, vestibulum eget, hac nec condimentum cras. A facilisi, pede maecenas diam accumsan, orci fringilla tellus a felis accumsan, quisque eget curae viverra platea nunc nullam, libero tortor. Sed lorem in molestie, penatibus interdum aliquet quis sed mollis pharetra.&nbsp;<\\/p>\",\"clients\":{\"500\":{\"type\":\"13\",\"fields\":{\"clientName\":\"Client or Project Name\",\"clientLocation\":{\"name\":\"Eckzample Inc\",\"street\":\"453 Placeholder Dr\",\"street2\":\"\",\"city\":\"New Lorem\",\"region\":\"AK\",\"postalCode\":\"8675309\",\"country\":\"US\"},\"image\":[\"502\"]}},\"504\":{\"type\":\"13\",\"fields\":{\"clientName\":\"Client or Project Name\",\"clientLocation\":{\"name\":\"Ipsum Construction\",\"street\":\"3987 Falls Uhdress Rd\",\"street2\":\"\",\"city\":\"Dolar City\",\"region\":\"NC\",\"postalCode\":\"28173\",\"country\":\"US\"},\"image\":[\"503\"]}}}}},\"new1\":{\"type\":\"logoWall\",\"enabled\":\"1\",\"fields\":{\"heading\":\"Heading\",\"body\":\"<p><b>Body<\\/b>&nbsp;Lorem ipsum dolor sit amet, vestibulum eget, hac nec condimentum cras. A facilisi, pede maecenas diam accumsan, orci fringilla tellus a felis accumsan, quisque eget curae viverra platea nunc nullam, libero tortor. Sed lorem in molestie, penatibus interdum aliquet quis sed mollis pharetra.&nbsp;<\\/p>\",\"list\":{\"new1\":{\"type\":\"14\",\"fields\":{\"item\":\"List Item 1\"}},\"new2\":{\"type\":\"14\",\"fields\":{\"item\":\"List Item 2\"}},\"new3\":{\"type\":\"14\",\"fields\":{\"item\":\"List Item 3\"}},\"new4\":{\"type\":\"14\",\"fields\":{\"item\":\"List Item 4\"}}},\"logos\":{\"new1\":{\"type\":\"15\",\"fields\":{\"image\":[\"505\"],\"caption\":\"Lorem Inc\"}},\"new2\":{\"type\":\"15\",\"fields\":{\"image\":[\"506\"],\"caption\":\"Ipsum LLC\"}},\"new3\":{\"type\":\"15\",\"fields\":{\"image\":[\"507\"],\"caption\":\"Eckzampul \"}},\"new4\":{\"type\":\"15\",\"fields\":{\"image\":[\"508\"],\"caption\":\"Muspl Merol \"}},\"new5\":{\"type\":\"15\",\"fields\":{\"image\":[\"509\"],\"caption\":\"Play Soldur\"}},\"new6\":{\"type\":\"15\",\"fields\":{\"image\":[\"510\"],\"caption\":\"Filler Copy Inc\"}},\"new7\":{\"type\":\"15\",\"fields\":{\"image\":[\"511\"],\"caption\":\"Caption Unlimited\"}}}}}}}}', '2017-07-27 20:24:00', '2017-07-27 20:24:00', '1dc38d5c-16ed-45e1-ae55-a95c25bdeb58'),
 ('100', '221', '9', '1', 'en_us', '22', '', '{\"typeId\":null,\"authorId\":null,\"title\":\"UI\",\"slug\":\"ui\",\"postDate\":1500993555,\"expiryDate\":null,\"enabled\":1,\"parentId\":null,\"fields\":{\"3\":{\"222\":{\"type\":\"masthead\",\"enabled\":\"1\",\"fields\":{\"image\":{\"223\":{\"type\":\"1\",\"fields\":{\"mobileImage\":\"\",\"desktopImage\":\"\"}}},\"subheading\":\"Subheading\",\"heading\":\"Masthead Heading\"}},\"450\":{\"type\":\"gallery\",\"enabled\":\"1\",\"fields\":{\"heading\":\"Heading\",\"gallery\":{\"451\":{\"type\":\"3\",\"fields\":{\"mediaAsset\":[\"413\"],\"caption\":\"Caption of Photo\"}},\"452\":{\"type\":\"3\",\"fields\":{\"mediaAsset\":[\"227\"],\"caption\":\"Caption of Photo\"}},\"453\":{\"type\":\"3\",\"fields\":{\"mediaAsset\":[\"412\"],\"caption\":\"Caption of Photo\"}}}}},\"459\":{\"type\":\"relatedCallOuts\",\"enabled\":\"1\",\"fields\":{\"heading\":\"Heading\",\"callOuts\":[\"139\",\"53\"]}},\"460\":{\"type\":\"openings\",\"enabled\":\"1\",\"fields\":{\"internshipCard\":{\"461\":{\"type\":\"5\",\"fields\":{\"cardTitle\":\"Example Title\",\"description\":\"Example Description is an example of the description of the title.\",\"callToAction\":{\"type\":\"custom\",\"custom\":\"\",\"entry\":\"\",\"customText\":\"\"}}}},\"loadMoreText\":\"\",\"footer\":{\"462\":{\"type\":\"6\",\"fields\":{\"heading\":\"Openings Footer Heading\",\"callToAction\":{\"type\":\"\",\"custom\":\"\",\"entry\":\"\",\"customText\":\"\",\"target\":\"\"}}}}}},\"463\":{\"type\":\"instagramFeed\",\"enabled\":\"1\",\"fields\":{\"heading\":\"Heading\"}},\"464\":{\"type\":\"people\",\"enabled\":\"1\",\"fields\":{\"heading\":\"Heading\",\"people\":{\"465\":{\"type\":\"22\",\"fields\":{\"person\":[\"274\"],\"role\":[\"458\"]}}}}},\"466\":{\"type\":\"listPanel\",\"enabled\":\"1\",\"fields\":{\"heading\":\"Heading\",\"body\":\"<p><strong>Body<\\/strong>&nbsp;Lorem ipsum dolor sit amet, vestibulum eget, hac nec condimentum cras. A facilisi, pede maecenas diam accumsan, orci fringilla tellus a felis accumsan, quisque eget curae viverra platea nunc nullam, libero tortor. Sed lorem in molestie, penatibus interdum aliquet quis sed mollis pharetra.&nbsp; <\\/p>\",\"list\":{\"467\":{\"type\":\"8\",\"fields\":{\"listItem\":\"List Item 1\"}},\"468\":{\"type\":\"8\",\"fields\":{\"listItem\":\"List Item 2\"}},\"469\":{\"type\":\"8\",\"fields\":{\"listItem\":\"List Item 3\"}}},\"centered\":\"\",\"lift\":\"\",\"lightGrayBackground\":\"\"}},\"470\":{\"type\":\"listPanel\",\"enabled\":\"1\",\"fields\":{\"heading\":\"Heading (Centered, Lift, Light Gray Background)\",\"body\":\"<p><strong>Body&nbsp;<\\/strong>Lorem ipsum dolor sit amet, vestibulum eget, hac nec condimentum cras. A facilisi, pede maecenas diam accumsan, orci fringilla tellus a felis accumsan, quisque eget curae viverra platea nunc nullam, libero tortor. Sed lorem in molestie, penatibus interdum aliquet quis sed mollis pharetra.&nbsp; <\\/p>\",\"list\":{\"471\":{\"type\":\"8\",\"fields\":{\"listItem\":\"List Item 1\"}},\"472\":{\"type\":\"8\",\"fields\":{\"listItem\":\"List Item 2\"}},\"473\":{\"type\":\"8\",\"fields\":{\"listItem\":\"List Item 3\"}}},\"centered\":\"1\",\"lift\":\"1\",\"lightGrayBackground\":\"1\"}},\"474\":{\"type\":\"textPanel\",\"enabled\":\"1\",\"fields\":{\"heading\":\"Heading\",\"body\":\"<p><strong>Body&nbsp;<\\/strong>Lorem ipsum dolor sit amet, vestibulum eget, hac nec condimentum cras. A facilisi, pede maecenas diam accumsan, orci fringilla tellus a felis accumsan, quisque eget curae viverra platea nunc nullam, libero tortor. Sed lorem in molestie, penatibus interdum aliquet quis sed mollis pharetra.&nbsp;<\\/p>\"}},\"475\":{\"type\":\"imageTextPanel\",\"enabled\":\"1\",\"fields\":{\"orientation\":\"left\",\"heading\":\"Heading (Left Orientation)\",\"body\":\"<p><strong>Body<\\/strong><strong>&nbsp;<\\/strong>Lorem ipsum dolor sit amet, vestibulum eget, hac nec condimentum cras. A facilisi, pede maecenas diam accumsan, orci fringilla tellus a felis accumsan, quisque eget curae viverra platea nunc nullam, libero tortor. Sed lorem in molestie, penatibus interdum aliquet quis sed mollis pharetra.&nbsp;<\\/p>\",\"list\":{\"476\":{\"type\":\"9\",\"fields\":{\"item\":\"List Item 1\"}},\"477\":{\"type\":\"9\",\"fields\":{\"item\":\"List Item 2\"}},\"478\":{\"type\":\"9\",\"fields\":{\"item\":\"List Item 3\"}}},\"callToAction\":{\"type\":\"entry\",\"custom\":\"\",\"entry\":[\"221\"],\"target\":\"\"},\"image\":[\"409\"]}},\"479\":{\"type\":\"imageTextPanel\",\"enabled\":\"1\",\"fields\":{\"orientation\":\"right\",\"heading\":\"Heading (Right Orientation)\",\"body\":\"<p><strong>Body<\\/strong>&nbsp;Lorem ipsum dolor sit amet, vestibulum eget, hac nec condimentum cras. A facilisi, pede maecenas diam accumsan, orci fringilla tellus a felis accumsan, quisque eget curae viverra platea nunc nullam, libero tortor. Sed lorem in molestie, penatibus interdum aliquet quis sed mollis pharetra.&nbsp;<\\/p>\",\"list\":{\"480\":{\"type\":\"9\",\"fields\":{\"item\":\"List Item 1\"}},\"481\":{\"type\":\"9\",\"fields\":{\"item\":\"List Item 2\"}},\"482\":{\"type\":\"9\",\"fields\":{\"item\":\"List Item 3\"}}},\"callToAction\":{\"type\":\"entry\",\"custom\":\"\",\"entry\":[\"221\"],\"target\":\"\"},\"image\":[\"408\"]}},\"483\":{\"type\":\"largeImageTextPanel\",\"enabled\":\"1\",\"fields\":{\"orientation\":\"left\",\"heading\":\"Heading (Left Orientation)\",\"subheading\":\"Subheading\",\"body\":\"<p><strong>Body<\\/strong>&nbsp;Lorem ipsum dolor sit amet, vestibulum eget, hac nec condimentum cras. A facilisi, pede maecenas diam accumsan, orci fringilla tellus a felis accumsan, quisque eget curae viverra platea nunc nullam, libero tortor. Sed lorem in molestie, penatibus interdum aliquet quis sed mollis pharetra.&nbsp;<\\/p>\",\"list\":{\"484\":{\"type\":\"10\",\"fields\":{\"item\":\"List Item 1\"}},\"485\":{\"type\":\"10\",\"fields\":{\"item\":\"List Item 2\"}},\"486\":{\"type\":\"10\",\"fields\":{\"item\":\"List Item 3\"}}},\"callToAction\":{\"type\":\"entry\",\"custom\":\"\",\"entry\":[\"221\"],\"category\":\"\",\"customText\":\"Custom Link Text\",\"target\":\"\"},\"image\":[\"230\"],\"dark\":\"\",\"lift\":\"\"}},\"487\":{\"type\":\"largeImageTextPanel\",\"enabled\":\"1\",\"fields\":{\"orientation\":\"right\",\"heading\":\"Heading (Right Orientation, Dark, Lift)\",\"subheading\":\"Subheading\",\"body\":\"<p><strong>Body<\\/strong>&nbsp;Lorem ipsum dolor sit amet, vestibulum eget, hac nec condimentum cras. A facilisi, pede maecenas diam accumsan, orci fringilla tellus a felis accumsan, quisque eget curae viverra platea nunc nullam, libero tortor. Sed lorem in molestie, penatibus interdum aliquet quis sed mollis pharetra.&nbsp;<\\/p>\",\"list\":{\"488\":{\"type\":\"10\",\"fields\":{\"item\":\"List Item 1\"}},\"489\":{\"type\":\"10\",\"fields\":{\"item\":\"List Item 2\"}},\"490\":{\"type\":\"10\",\"fields\":{\"item\":\"List Item 3\"}}},\"callToAction\":{\"type\":\"entry\",\"custom\":\"\",\"entry\":[\"221\"],\"category\":\"\",\"customText\":\"Custom Link Text\",\"target\":\"\"},\"image\":[\"440\"],\"dark\":\"1\",\"lift\":\"1\"}},\"491\":{\"type\":\"pullQuote\",\"enabled\":\"1\",\"fields\":{\"quote\":\"\\\"Failure is simply the opportunity to begin again, this time more intelligently.\\\"\",\"author\":\"Henry Ford\"}},\"492\":{\"type\":\"resources\",\"enabled\":\"1\",\"fields\":{\"heading\":\"Heading\",\"body\":\"Body Lorem ipsum dolor sit amet, vestibulum eget, hac nec condimentum cras. A facilisi, pede maecenas diam accumsan, orci fringilla tellus a felis accumsan, quisque eget curae viverra platea nunc nullam, libero tortor. Sed lorem in molestie, penatibus interdum aliquet quis sed mollis pharetra. \",\"resources\":{\"493\":{\"type\":\"11\",\"fields\":{\"resource\":{\"type\":\"entry\",\"custom\":\"\",\"entry\":[\"221\"],\"asset\":\"\"},\"type\":[\"whitepaper\"],\"featured\":\"\"}},\"494\":{\"type\":\"11\",\"fields\":{\"resource\":{\"type\":\"entry\",\"custom\":\"\",\"entry\":[\"221\"],\"asset\":\"\"},\"type\":[\"brochure\"],\"featured\":\"1\"}},\"495\":{\"type\":\"11\",\"fields\":{\"resource\":{\"type\":\"entry\",\"custom\":\"\",\"entry\":[\"221\"],\"asset\":\"\"},\"type\":[\"publication\"],\"featured\":\"1\"}}}}},\"496\":{\"type\":\"highlights\",\"enabled\":\"\",\"fields\":{\"heading\":\"Heading\",\"body\":\"Body Lorem ipsum dolor sit amet, vestibulum eget, hac nec condimentum cras. A facilisi, pede maecenas diam accumsan, orci fringilla tellus a felis accumsan, quisque eget curae viverra platea nunc nullam, libero tortor. Sed lorem in molestie, penatibus interdum aliquet quis sed mollis pharetra. \",\"highlights\":{\"497\":{\"type\":\"12\",\"fields\":{\"highlightTitle\":\"Title\",\"image\":\"Image\",\"orientation\":\"left\"}},\"498\":{\"type\":\"12\",\"fields\":{\"highlightTitle\":\"Title\",\"image\":\"Image\",\"orientation\":\"right\"}}}}},\"499\":{\"type\":\"featuredClients\",\"enabled\":\"1\",\"fields\":{\"heading\":\"Heading\",\"body\":\"<p><strong>Body<\\/strong>&nbsp;Lorem ipsum dolor sit amet, vestibulum eget, hac nec condimentum cras. A facilisi, pede maecenas diam accumsan, orci fringilla tellus a felis accumsan, quisque eget curae viverra platea nunc nullam, libero tortor. Sed lorem in molestie, penatibus interdum aliquet quis sed mollis pharetra.&nbsp;<\\/p>\",\"clients\":{\"500\":{\"type\":\"13\",\"fields\":{\"clientName\":\"Client or Project Name\",\"clientLocation\":{\"name\":\"Eckzample Inc\",\"street\":\"453 Placeholder Dr\",\"street2\":\"\",\"city\":\"New Lorem\",\"region\":\"AK\",\"postalCode\":\"8675309\",\"country\":\"US\"},\"image\":[\"502\"]}},\"504\":{\"type\":\"13\",\"fields\":{\"clientName\":\"Client or Project Name\",\"clientLocation\":{\"name\":\"Ipsum Construction\",\"street\":\"3987 Falls Uhdress Rd\",\"street2\":\"\",\"city\":\"Dolar City\",\"region\":\"NC\",\"postalCode\":\"28173\",\"country\":\"US\"},\"image\":[\"503\"]}}}}},\"512\":{\"type\":\"logoWall\",\"enabled\":\"1\",\"fields\":{\"heading\":\"Heading\",\"body\":\"<p><strong>Body<\\/strong>&nbsp;Lorem ipsum dolor sit amet, vestibulum eget, hac nec condimentum cras. A facilisi, pede maecenas diam accumsan, orci fringilla tellus a felis accumsan, quisque eget curae viverra platea nunc nullam, libero tortor. Sed lorem in molestie, penatibus interdum aliquet quis sed mollis pharetra.&nbsp;<\\/p>\",\"list\":{\"513\":{\"type\":\"14\",\"fields\":{\"item\":\"List Item 1\"}},\"514\":{\"type\":\"14\",\"fields\":{\"item\":\"List Item 2\"}},\"515\":{\"type\":\"14\",\"fields\":{\"item\":\"List Item 3\"}},\"516\":{\"type\":\"14\",\"fields\":{\"item\":\"List Item 4\"}}},\"logos\":{\"517\":{\"type\":\"15\",\"fields\":{\"image\":[\"505\"],\"caption\":\"Lorem Inc\"}},\"518\":{\"type\":\"15\",\"fields\":{\"image\":[\"506\"],\"caption\":\"Ipsum LLC\"}},\"519\":{\"type\":\"15\",\"fields\":{\"image\":[\"507\"],\"caption\":\"Eckzampul \"}},\"521\":{\"type\":\"15\",\"fields\":{\"image\":[\"509\"],\"caption\":\"Play Soldur\"}},\"523\":{\"type\":\"15\",\"fields\":{\"image\":[\"511\"],\"caption\":\"Capshun HLC\"}}}}}}}}', '2017-07-27 20:25:45', '2017-07-27 20:25:45', '357fe2e4-5157-452a-bdca-db655413ad56'),
 ('101', '221', '9', '1', 'en_us', '23', '', '{\"typeId\":null,\"authorId\":null,\"title\":\"UI\",\"slug\":\"ui\",\"postDate\":1500993555,\"expiryDate\":null,\"enabled\":1,\"parentId\":null,\"fields\":{\"3\":{\"222\":{\"type\":\"masthead\",\"enabled\":\"1\",\"fields\":{\"image\":{\"223\":{\"type\":\"1\",\"fields\":{\"mobileImage\":\"\",\"desktopImage\":\"\"}}},\"subheading\":\"Subheading\",\"heading\":\"Masthead Heading\"}},\"450\":{\"type\":\"gallery\",\"enabled\":\"1\",\"fields\":{\"heading\":\"Heading\",\"gallery\":{\"451\":{\"type\":\"3\",\"fields\":{\"mediaAsset\":[\"413\"],\"caption\":\"Caption of Photo\"}},\"452\":{\"type\":\"3\",\"fields\":{\"mediaAsset\":[\"227\"],\"caption\":\"Caption of Photo\"}},\"453\":{\"type\":\"3\",\"fields\":{\"mediaAsset\":[\"412\"],\"caption\":\"Caption of Photo\"}}}}},\"459\":{\"type\":\"relatedCallOuts\",\"enabled\":\"1\",\"fields\":{\"heading\":\"Heading\",\"callOuts\":[\"139\",\"53\"]}},\"460\":{\"type\":\"openings\",\"enabled\":\"1\",\"fields\":{\"internshipCard\":{\"461\":{\"type\":\"5\",\"fields\":{\"cardTitle\":\"Example Title\",\"description\":\"Example Description is an example of the description of the title.\",\"callToAction\":{\"type\":\"custom\",\"custom\":\"\",\"entry\":\"\",\"customText\":\"\"}}}},\"loadMoreText\":\"\",\"footer\":{\"462\":{\"type\":\"6\",\"fields\":{\"heading\":\"Openings Footer Heading\",\"callToAction\":{\"type\":\"\",\"custom\":\"\",\"entry\":\"\",\"customText\":\"\",\"target\":\"\"}}}}}},\"463\":{\"type\":\"instagramFeed\",\"enabled\":\"1\",\"fields\":{\"heading\":\"Heading\"}},\"464\":{\"type\":\"people\",\"enabled\":\"1\",\"fields\":{\"heading\":\"Heading\",\"people\":{\"465\":{\"type\":\"22\",\"fields\":{\"person\":[\"274\"],\"role\":[\"458\"]}}}}},\"466\":{\"type\":\"listPanel\",\"enabled\":\"1\",\"fields\":{\"heading\":\"Heading\",\"body\":\"<p><strong>Body<\\/strong>&nbsp;Lorem ipsum dolor sit amet, vestibulum eget, hac nec condimentum cras. A facilisi, pede maecenas diam accumsan, orci fringilla tellus a felis accumsan, quisque eget curae viverra platea nunc nullam, libero tortor. Sed lorem in molestie, penatibus interdum aliquet quis sed mollis pharetra.&nbsp; <\\/p>\",\"list\":{\"467\":{\"type\":\"8\",\"fields\":{\"listItem\":\"List Item 1\"}},\"468\":{\"type\":\"8\",\"fields\":{\"listItem\":\"List Item 2\"}},\"469\":{\"type\":\"8\",\"fields\":{\"listItem\":\"List Item 3\"}}},\"centered\":\"\",\"lift\":\"\",\"lightGrayBackground\":\"\"}},\"470\":{\"type\":\"listPanel\",\"enabled\":\"1\",\"fields\":{\"heading\":\"Heading (Centered, Lift, Light Gray Background)\",\"body\":\"<p><strong>Body&nbsp;<\\/strong>Lorem ipsum dolor sit amet, vestibulum eget, hac nec condimentum cras. A facilisi, pede maecenas diam accumsan, orci fringilla tellus a felis accumsan, quisque eget curae viverra platea nunc nullam, libero tortor. Sed lorem in molestie, penatibus interdum aliquet quis sed mollis pharetra.&nbsp; <\\/p>\",\"list\":{\"471\":{\"type\":\"8\",\"fields\":{\"listItem\":\"List Item 1\"}},\"472\":{\"type\":\"8\",\"fields\":{\"listItem\":\"List Item 2\"}},\"473\":{\"type\":\"8\",\"fields\":{\"listItem\":\"List Item 3\"}}},\"centered\":\"1\",\"lift\":\"1\",\"lightGrayBackground\":\"1\"}},\"474\":{\"type\":\"textPanel\",\"enabled\":\"1\",\"fields\":{\"heading\":\"Heading\",\"body\":\"<p><strong>Body&nbsp;<\\/strong>Lorem ipsum dolor sit amet, vestibulum eget, hac nec condimentum cras. A facilisi, pede maecenas diam accumsan, orci fringilla tellus a felis accumsan, quisque eget curae viverra platea nunc nullam, libero tortor. Sed lorem in molestie, penatibus interdum aliquet quis sed mollis pharetra.&nbsp;<\\/p>\"}},\"475\":{\"type\":\"imageTextPanel\",\"enabled\":\"1\",\"fields\":{\"orientation\":\"left\",\"heading\":\"Heading (Left Orientation)\",\"body\":\"<p><strong>Body<\\/strong><strong>&nbsp;<\\/strong>Lorem ipsum dolor sit amet, vestibulum eget, hac nec condimentum cras. A facilisi, pede maecenas diam accumsan, orci fringilla tellus a felis accumsan, quisque eget curae viverra platea nunc nullam, libero tortor. Sed lorem in molestie, penatibus interdum aliquet quis sed mollis pharetra.&nbsp;<\\/p>\",\"list\":{\"476\":{\"type\":\"9\",\"fields\":{\"item\":\"List Item 1\"}},\"477\":{\"type\":\"9\",\"fields\":{\"item\":\"List Item 2\"}},\"478\":{\"type\":\"9\",\"fields\":{\"item\":\"List Item 3\"}}},\"callToAction\":{\"type\":\"entry\",\"custom\":\"\",\"entry\":[\"221\"],\"target\":\"\"},\"image\":[\"409\"]}},\"479\":{\"type\":\"imageTextPanel\",\"enabled\":\"1\",\"fields\":{\"orientation\":\"right\",\"heading\":\"Heading (Right Orientation)\",\"body\":\"<p><strong>Body<\\/strong>&nbsp;Lorem ipsum dolor sit amet, vestibulum eget, hac nec condimentum cras. A facilisi, pede maecenas diam accumsan, orci fringilla tellus a felis accumsan, quisque eget curae viverra platea nunc nullam, libero tortor. Sed lorem in molestie, penatibus interdum aliquet quis sed mollis pharetra.&nbsp;<\\/p>\",\"list\":{\"480\":{\"type\":\"9\",\"fields\":{\"item\":\"List Item 1\"}},\"481\":{\"type\":\"9\",\"fields\":{\"item\":\"List Item 2\"}},\"482\":{\"type\":\"9\",\"fields\":{\"item\":\"List Item 3\"}}},\"callToAction\":{\"type\":\"entry\",\"custom\":\"\",\"entry\":[\"221\"],\"target\":\"\"},\"image\":[\"408\"]}},\"483\":{\"type\":\"largeImageTextPanel\",\"enabled\":\"1\",\"fields\":{\"orientation\":\"left\",\"heading\":\"Heading (Left Orientation)\",\"subheading\":\"Subheading\",\"body\":\"<p><strong>Body<\\/strong>&nbsp;Lorem ipsum dolor sit amet, vestibulum eget, hac nec condimentum cras. A facilisi, pede maecenas diam accumsan, orci fringilla tellus a felis accumsan, quisque eget curae viverra platea nunc nullam, libero tortor. Sed lorem in molestie, penatibus interdum aliquet quis sed mollis pharetra.&nbsp;<\\/p>\",\"list\":{\"484\":{\"type\":\"10\",\"fields\":{\"item\":\"List Item 1\"}},\"485\":{\"type\":\"10\",\"fields\":{\"item\":\"List Item 2\"}},\"486\":{\"type\":\"10\",\"fields\":{\"item\":\"List Item 3\"}}},\"callToAction\":{\"type\":\"entry\",\"custom\":\"\",\"entry\":[\"221\"],\"category\":\"\",\"customText\":\"Custom Link Text\",\"target\":\"\"},\"image\":[\"230\"],\"dark\":\"\",\"lift\":\"\"}},\"487\":{\"type\":\"largeImageTextPanel\",\"enabled\":\"1\",\"fields\":{\"orientation\":\"right\",\"heading\":\"Heading (Right Orientation, Dark, Lift)\",\"subheading\":\"Subheading\",\"body\":\"<p><strong>Body<\\/strong>&nbsp;Lorem ipsum dolor sit amet, vestibulum eget, hac nec condimentum cras. A facilisi, pede maecenas diam accumsan, orci fringilla tellus a felis accumsan, quisque eget curae viverra platea nunc nullam, libero tortor. Sed lorem in molestie, penatibus interdum aliquet quis sed mollis pharetra.&nbsp;<\\/p>\",\"list\":{\"488\":{\"type\":\"10\",\"fields\":{\"item\":\"List Item 1\"}},\"489\":{\"type\":\"10\",\"fields\":{\"item\":\"List Item 2\"}},\"490\":{\"type\":\"10\",\"fields\":{\"item\":\"List Item 3\"}}},\"callToAction\":{\"type\":\"entry\",\"custom\":\"\",\"entry\":[\"221\"],\"category\":\"\",\"customText\":\"Custom Link Text\",\"target\":\"\"},\"image\":[\"440\"],\"dark\":\"1\",\"lift\":\"1\"}},\"491\":{\"type\":\"pullQuote\",\"enabled\":\"1\",\"fields\":{\"quote\":\"\\\"Failure is simply the opportunity to begin again, this time more intelligently.\\\"\",\"author\":\"Henry Ford\"}},\"492\":{\"type\":\"resources\",\"enabled\":\"1\",\"fields\":{\"heading\":\"Heading\",\"body\":\"Body Lorem ipsum dolor sit amet, vestibulum eget, hac nec condimentum cras. A facilisi, pede maecenas diam accumsan, orci fringilla tellus a felis accumsan, quisque eget curae viverra platea nunc nullam, libero tortor. Sed lorem in molestie, penatibus interdum aliquet quis sed mollis pharetra. \",\"resources\":{\"493\":{\"type\":\"11\",\"fields\":{\"resource\":{\"type\":\"entry\",\"custom\":\"\",\"entry\":[\"221\"],\"asset\":\"\"},\"type\":[\"whitepaper\"],\"featured\":\"\"}},\"494\":{\"type\":\"11\",\"fields\":{\"resource\":{\"type\":\"entry\",\"custom\":\"\",\"entry\":[\"221\"],\"asset\":\"\"},\"type\":[\"brochure\"],\"featured\":\"1\"}},\"495\":{\"type\":\"11\",\"fields\":{\"resource\":{\"type\":\"entry\",\"custom\":\"\",\"entry\":[\"221\"],\"asset\":\"\"},\"type\":[\"publication\"],\"featured\":\"1\"}}}}},\"496\":{\"type\":\"highlights\",\"enabled\":\"\",\"fields\":{\"heading\":\"Heading\",\"body\":\"Body Lorem ipsum dolor sit amet, vestibulum eget, hac nec condimentum cras. A facilisi, pede maecenas diam accumsan, orci fringilla tellus a felis accumsan, quisque eget curae viverra platea nunc nullam, libero tortor. Sed lorem in molestie, penatibus interdum aliquet quis sed mollis pharetra. \",\"highlights\":{\"497\":{\"type\":\"12\",\"fields\":{\"highlightTitle\":\"Title\",\"image\":\"Image\",\"orientation\":\"left\"}},\"498\":{\"type\":\"12\",\"fields\":{\"highlightTitle\":\"Title\",\"image\":\"Image\",\"orientation\":\"right\"}}}}},\"499\":{\"type\":\"featuredClients\",\"enabled\":\"1\",\"fields\":{\"heading\":\"Heading\",\"body\":\"<p><strong>Body<\\/strong>&nbsp;Lorem ipsum dolor sit amet, vestibulum eget, hac nec condimentum cras. A facilisi, pede maecenas diam accumsan, orci fringilla tellus a felis accumsan, quisque eget curae viverra platea nunc nullam, libero tortor. Sed lorem in molestie, penatibus interdum aliquet quis sed mollis pharetra.&nbsp;<\\/p>\",\"clients\":{\"500\":{\"type\":\"13\",\"fields\":{\"clientName\":\"Client or Project Name\",\"clientLocation\":{\"name\":\"Eckzample Inc\",\"street\":\"453 Placeholder Dr\",\"street2\":\"\",\"city\":\"New Lorem\",\"region\":\"AK\",\"postalCode\":\"8675309\",\"country\":\"US\"},\"image\":[\"502\"]}},\"504\":{\"type\":\"13\",\"fields\":{\"clientName\":\"Client or Project Name\",\"clientLocation\":{\"name\":\"Ipsum Construction\",\"street\":\"3987 Falls Uhdress Rd\",\"street2\":\"\",\"city\":\"Dolar City\",\"region\":\"NC\",\"postalCode\":\"28173\",\"country\":\"US\"},\"image\":[\"503\"]}}}}},\"512\":{\"type\":\"logoWall\",\"enabled\":\"1\",\"fields\":{\"heading\":\"Heading\",\"body\":\"<p><strong>Body<\\/strong>&nbsp;Lorem ipsum dolor sit amet, vestibulum eget, hac nec condimentum cras. A facilisi, pede maecenas diam accumsan, orci fringilla tellus a felis accumsan, quisque eget curae viverra platea nunc nullam, libero tortor. Sed lorem in molestie, penatibus interdum aliquet quis sed mollis pharetra.&nbsp;<\\/p>\",\"list\":{\"513\":{\"type\":\"14\",\"fields\":{\"item\":\"List Item 1\"}},\"514\":{\"type\":\"14\",\"fields\":{\"item\":\"List Item 2\"}},\"515\":{\"type\":\"14\",\"fields\":{\"item\":\"List Item 3\"}},\"516\":{\"type\":\"14\",\"fields\":{\"item\":\"List Item 4\"}}},\"logos\":{\"517\":{\"type\":\"15\",\"fields\":{\"image\":[\"505\"],\"caption\":\"Lorem Inc\"}},\"518\":{\"type\":\"15\",\"fields\":{\"image\":[\"506\"],\"caption\":\"Ipsum LLC\"}},\"519\":{\"type\":\"15\",\"fields\":{\"image\":[\"507\"],\"caption\":\"Eckzampul \"}},\"521\":{\"type\":\"15\",\"fields\":{\"image\":[\"509\"],\"caption\":\"Play Soldur\"}},\"523\":{\"type\":\"15\",\"fields\":{\"image\":[\"511\"],\"caption\":\"Capshun HLC\"}}}}},\"new1\":{\"type\":\"valuesPanel\",\"enabled\":\"1\",\"fields\":{\"heading\":\"Heading\",\"values\":{\"new1\":{\"type\":\"20\",\"fields\":{\"Value\":\"Value Name 1\",\"header\":\"Header\",\"body\":\"Lorem ipsum dolor sit amet, vestibulum eget, hac nec condimentum cras. \"}},\"new2\":{\"type\":\"20\",\"fields\":{\"Value\":\"Value Name 2\",\"header\":\"Header\",\"body\":\"Lorem ipsum dolor sit amet, vestibulum eget, hac nec condimentum cras. \"}},\"new3\":{\"type\":\"20\",\"fields\":{\"Value\":\"Value Name 3\",\"header\":\"Header\",\"body\":\"Lorem ipsum dolor sit amet, vestibulum eget, hac nec condimentum cras. \"}}}}},\"new2\":{\"type\":\"contentSelector\",\"enabled\":\"1\",\"fields\":{\"heading\":\"Heading\",\"backgroundImage\":[\"228\"],\"benefit\":{\"new1\":{\"type\":\"16\",\"fields\":{\"benefitName\":\"Benefit Name 1\",\"body\":\"<p>Lorem ipsum dolor sit amet, vestibulum eget, hac nec condimentum cras.&nbsp;<\\/p>\"}},\"new2\":{\"type\":\"16\",\"fields\":{\"benefitName\":\"Benefit Name 2\",\"body\":\"<p>Lorem ipsum dolor sit amet, vestibulum eget, hac nec condimentum cras.&nbsp;<\\/p>\"}},\"new3\":{\"type\":\"16\",\"fields\":{\"benefitName\":\"Benefit Name 3\",\"body\":\"<p>Lorem ipsum dolor sit amet, vestibulum eget, hac nec condimentum cras.&nbsp;<\\/p>\"}}}}},\"new3\":{\"type\":\"ctaListing\",\"enabled\":\"1\",\"fields\":{\"heading\":\"Heading\",\"listing\":{\"new1\":{\"type\":\"18\",\"fields\":{\"itemTitle\":\"Title Example 1\",\"excerpt\":\"Lorem ipsum dolor sit amet, vestibulum eget, hac nec condimentum cras. \",\"callToAction\":{\"type\":\"\",\"custom\":\"\",\"entry\":\"\",\"category\":\"\",\"customText\":\"\",\"target\":\"\"}}},\"new2\":{\"type\":\"18\",\"fields\":{\"itemTitle\":\"Title Example 2\",\"excerpt\":\"Lorem ipsum dolor sit amet, vestibulum eget, hac nec condimentum cras. \",\"callToAction\":{\"type\":\"\",\"custom\":\"\",\"entry\":\"\",\"category\":\"\",\"customText\":\"\",\"target\":\"\"}}}}}},\"new4\":{\"type\":\"callToActionPanel\",\"enabled\":\"1\",\"fields\":{\"heading\":\"Heading\",\"callToAction\":{\"type\":\"entry\",\"custom\":\"\",\"entry\":[\"221\"],\"asset\":\"\",\"customText\":\"Custom Link Text\",\"target\":\"\"}}},\"new5\":{\"type\":\"locationsPanel\",\"enabled\":\"1\",\"fields\":{\"heading\":\"Heading\",\"backgroundImage\":\"\"}},\"new6\":{\"type\":\"caseStudyFilter\",\"enabled\":\"1\",\"fields\":{\"limit\":\"4\"}},\"new7\":{\"type\":\"contact\",\"enabled\":\"1\",\"fields\":{\"heading\":\"Heading\"}},\"new8\":{\"type\":\"marketsPanel\",\"enabled\":\"1\",\"fields\":{\"heading\":\"Heading\",\"markets\":[\"20\",\"24\",\"25\"]}},\"new9\":{\"type\":\"multipleImagePanel\",\"enabled\":\"1\",\"fields\":{\"leftImage\":[\"417\"],\"rightImage\":[\"418\"],\"upperImage\":\"left\",\"backgroundImageIsVisible\":\"\"}}}}}', '2017-07-27 20:30:19', '2017-07-27 20:30:19', '1c958e0a-b598-4afa-a228-728521aa0fdb'),
 ('102', '221', '9', '1', 'en_us', '24', '', '{\"typeId\":null,\"authorId\":null,\"title\":\"UI\",\"slug\":\"ui\",\"postDate\":1500993555,\"expiryDate\":null,\"enabled\":1,\"parentId\":null,\"fields\":{\"3\":{\"222\":{\"type\":\"masthead\",\"enabled\":\"1\",\"fields\":{\"image\":{\"223\":{\"type\":\"1\",\"fields\":{\"mobileImage\":\"\",\"desktopImage\":\"\"}}},\"subheading\":\"Subheading\",\"heading\":\"Masthead Heading\"}},\"450\":{\"type\":\"gallery\",\"enabled\":\"1\",\"fields\":{\"heading\":\"Heading\",\"gallery\":{\"451\":{\"type\":\"3\",\"fields\":{\"mediaAsset\":[\"413\"],\"caption\":\"Caption of Photo\"}},\"452\":{\"type\":\"3\",\"fields\":{\"mediaAsset\":[\"227\"],\"caption\":\"Caption of Photo\"}},\"453\":{\"type\":\"3\",\"fields\":{\"mediaAsset\":[\"412\"],\"caption\":\"Caption of Photo\"}}}}},\"459\":{\"type\":\"relatedCallOuts\",\"enabled\":\"1\",\"fields\":{\"heading\":\"Heading\",\"callOuts\":[\"139\",\"53\"]}},\"460\":{\"type\":\"openings\",\"enabled\":\"1\",\"fields\":{\"internshipCard\":{\"461\":{\"type\":\"5\",\"fields\":{\"cardTitle\":\"Example Title\",\"description\":\"Example Description is an example of the description of the title.\",\"callToAction\":{\"type\":\"custom\",\"custom\":\"\",\"entry\":\"\",\"customText\":\"\"}}}},\"loadMoreText\":\"\",\"footer\":{\"462\":{\"type\":\"6\",\"fields\":{\"heading\":\"Openings Footer Heading\",\"callToAction\":{\"type\":\"\",\"custom\":\"\",\"entry\":\"\",\"customText\":\"\",\"target\":\"\"}}}}}},\"463\":{\"type\":\"instagramFeed\",\"enabled\":\"1\",\"fields\":{\"heading\":\"Heading\"}},\"464\":{\"type\":\"people\",\"enabled\":\"1\",\"fields\":{\"heading\":\"Heading\",\"people\":{\"465\":{\"type\":\"22\",\"fields\":{\"person\":[\"274\"],\"role\":[\"458\"]}}}}},\"466\":{\"type\":\"listPanel\",\"enabled\":\"1\",\"fields\":{\"heading\":\"Heading\",\"body\":\"<p><strong>Body<\\/strong>&nbsp;Lorem ipsum dolor sit amet, vestibulum eget, hac nec condimentum cras. A facilisi, pede maecenas diam accumsan, orci fringilla tellus a felis accumsan, quisque eget curae viverra platea nunc nullam, libero tortor. Sed lorem in molestie, penatibus interdum aliquet quis sed mollis pharetra.&nbsp; <\\/p>\",\"list\":{\"467\":{\"type\":\"8\",\"fields\":{\"listItem\":\"List Item 1\"}},\"468\":{\"type\":\"8\",\"fields\":{\"listItem\":\"List Item 2\"}},\"469\":{\"type\":\"8\",\"fields\":{\"listItem\":\"List Item 3\"}}},\"centered\":\"\",\"lift\":\"\",\"lightGrayBackground\":\"\"}},\"470\":{\"type\":\"listPanel\",\"enabled\":\"1\",\"fields\":{\"heading\":\"Heading (Centered, Lift, Light Gray Background)\",\"body\":\"<p><strong>Body&nbsp;<\\/strong>Lorem ipsum dolor sit amet, vestibulum eget, hac nec condimentum cras. A facilisi, pede maecenas diam accumsan, orci fringilla tellus a felis accumsan, quisque eget curae viverra platea nunc nullam, libero tortor. Sed lorem in molestie, penatibus interdum aliquet quis sed mollis pharetra.&nbsp; <\\/p>\",\"list\":{\"471\":{\"type\":\"8\",\"fields\":{\"listItem\":\"List Item 1\"}},\"472\":{\"type\":\"8\",\"fields\":{\"listItem\":\"List Item 2\"}},\"473\":{\"type\":\"8\",\"fields\":{\"listItem\":\"List Item 3\"}}},\"centered\":\"1\",\"lift\":\"1\",\"lightGrayBackground\":\"1\"}},\"474\":{\"type\":\"textPanel\",\"enabled\":\"1\",\"fields\":{\"heading\":\"Heading\",\"body\":\"<p><strong>Body&nbsp;<\\/strong>Lorem ipsum dolor sit amet, vestibulum eget, hac nec condimentum cras. A facilisi, pede maecenas diam accumsan, orci fringilla tellus a felis accumsan, quisque eget curae viverra platea nunc nullam, libero tortor. Sed lorem in molestie, penatibus interdum aliquet quis sed mollis pharetra.&nbsp;<\\/p>\"}},\"475\":{\"type\":\"imageTextPanel\",\"enabled\":\"1\",\"fields\":{\"orientation\":\"left\",\"heading\":\"Heading (Left Orientation)\",\"body\":\"<p><strong>Body<\\/strong><strong>&nbsp;<\\/strong>Lorem ipsum dolor sit amet, vestibulum eget, hac nec condimentum cras. A facilisi, pede maecenas diam accumsan, orci fringilla tellus a felis accumsan, quisque eget curae viverra platea nunc nullam, libero tortor. Sed lorem in molestie, penatibus interdum aliquet quis sed mollis pharetra.&nbsp;<\\/p>\",\"list\":{\"476\":{\"type\":\"9\",\"fields\":{\"item\":\"List Item 1\"}},\"477\":{\"type\":\"9\",\"fields\":{\"item\":\"List Item 2\"}},\"478\":{\"type\":\"9\",\"fields\":{\"item\":\"List Item 3\"}}},\"callToAction\":{\"type\":\"entry\",\"custom\":\"\",\"entry\":[\"221\"],\"target\":\"\"},\"image\":[\"409\"]}},\"479\":{\"type\":\"imageTextPanel\",\"enabled\":\"1\",\"fields\":{\"orientation\":\"right\",\"heading\":\"Heading (Right Orientation)\",\"body\":\"<p><strong>Body<\\/strong>&nbsp;Lorem ipsum dolor sit amet, vestibulum eget, hac nec condimentum cras. A facilisi, pede maecenas diam accumsan, orci fringilla tellus a felis accumsan, quisque eget curae viverra platea nunc nullam, libero tortor. Sed lorem in molestie, penatibus interdum aliquet quis sed mollis pharetra.&nbsp;<\\/p>\",\"list\":{\"480\":{\"type\":\"9\",\"fields\":{\"item\":\"List Item 1\"}},\"481\":{\"type\":\"9\",\"fields\":{\"item\":\"List Item 2\"}},\"482\":{\"type\":\"9\",\"fields\":{\"item\":\"List Item 3\"}}},\"callToAction\":{\"type\":\"entry\",\"custom\":\"\",\"entry\":[\"221\"],\"target\":\"\"},\"image\":[\"408\"]}},\"483\":{\"type\":\"largeImageTextPanel\",\"enabled\":\"1\",\"fields\":{\"orientation\":\"left\",\"heading\":\"Heading (Left Orientation)\",\"subheading\":\"Subheading\",\"body\":\"<p><strong>Body<\\/strong>&nbsp;Lorem ipsum dolor sit amet, vestibulum eget, hac nec condimentum cras. A facilisi, pede maecenas diam accumsan, orci fringilla tellus a felis accumsan, quisque eget curae viverra platea nunc nullam, libero tortor. Sed lorem in molestie, penatibus interdum aliquet quis sed mollis pharetra.&nbsp;<\\/p>\",\"list\":{\"484\":{\"type\":\"10\",\"fields\":{\"item\":\"List Item 1\"}},\"485\":{\"type\":\"10\",\"fields\":{\"item\":\"List Item 2\"}},\"486\":{\"type\":\"10\",\"fields\":{\"item\":\"List Item 3\"}}},\"callToAction\":{\"type\":\"entry\",\"custom\":\"\",\"entry\":[\"221\"],\"category\":\"\",\"customText\":\"Custom Link Text\",\"target\":\"\"},\"image\":[\"230\"],\"dark\":\"\",\"lift\":\"\"}},\"487\":{\"type\":\"largeImageTextPanel\",\"enabled\":\"1\",\"fields\":{\"orientation\":\"right\",\"heading\":\"Heading (Right Orientation, Dark, Lift)\",\"subheading\":\"Subheading\",\"body\":\"<p><strong>Body<\\/strong>&nbsp;Lorem ipsum dolor sit amet, vestibulum eget, hac nec condimentum cras. A facilisi, pede maecenas diam accumsan, orci fringilla tellus a felis accumsan, quisque eget curae viverra platea nunc nullam, libero tortor. Sed lorem in molestie, penatibus interdum aliquet quis sed mollis pharetra.&nbsp;<\\/p>\",\"list\":{\"488\":{\"type\":\"10\",\"fields\":{\"item\":\"List Item 1\"}},\"489\":{\"type\":\"10\",\"fields\":{\"item\":\"List Item 2\"}},\"490\":{\"type\":\"10\",\"fields\":{\"item\":\"List Item 3\"}}},\"callToAction\":{\"type\":\"entry\",\"custom\":\"\",\"entry\":[\"221\"],\"category\":\"\",\"customText\":\"Custom Link Text\",\"target\":\"\"},\"image\":[\"440\"],\"dark\":\"1\",\"lift\":\"1\"}},\"491\":{\"type\":\"pullQuote\",\"enabled\":\"1\",\"fields\":{\"quote\":\"\\\"Failure is simply the opportunity to begin again, this time more intelligently.\\\"\",\"author\":\"Henry Ford\"}},\"492\":{\"type\":\"resources\",\"enabled\":\"1\",\"fields\":{\"heading\":\"Heading\",\"body\":\"Body Lorem ipsum dolor sit amet, vestibulum eget, hac nec condimentum cras. A facilisi, pede maecenas diam accumsan, orci fringilla tellus a felis accumsan, quisque eget curae viverra platea nunc nullam, libero tortor. Sed lorem in molestie, penatibus interdum aliquet quis sed mollis pharetra. \",\"resources\":{\"493\":{\"type\":\"11\",\"fields\":{\"resource\":{\"type\":\"entry\",\"custom\":\"\",\"entry\":[\"221\"],\"asset\":\"\"},\"type\":[\"whitepaper\"],\"featured\":\"\"}},\"494\":{\"type\":\"11\",\"fields\":{\"resource\":{\"type\":\"entry\",\"custom\":\"\",\"entry\":[\"221\"],\"asset\":\"\"},\"type\":[\"brochure\"],\"featured\":\"1\"}},\"495\":{\"type\":\"11\",\"fields\":{\"resource\":{\"type\":\"entry\",\"custom\":\"\",\"entry\":[\"221\"],\"asset\":\"\"},\"type\":[\"publication\"],\"featured\":\"1\"}}}}},\"496\":{\"type\":\"highlights\",\"enabled\":\"\",\"fields\":{\"heading\":\"Heading\",\"body\":\"Body Lorem ipsum dolor sit amet, vestibulum eget, hac nec condimentum cras. A facilisi, pede maecenas diam accumsan, orci fringilla tellus a felis accumsan, quisque eget curae viverra platea nunc nullam, libero tortor. Sed lorem in molestie, penatibus interdum aliquet quis sed mollis pharetra. \",\"highlights\":{\"497\":{\"type\":\"12\",\"fields\":{\"highlightTitle\":\"Title\",\"image\":\"Image\",\"orientation\":\"left\"}},\"498\":{\"type\":\"12\",\"fields\":{\"highlightTitle\":\"Title\",\"image\":\"Image\",\"orientation\":\"right\"}}}}},\"499\":{\"type\":\"featuredClients\",\"enabled\":\"1\",\"fields\":{\"heading\":\"Heading\",\"body\":\"<p><strong>Body<\\/strong>&nbsp;Lorem ipsum dolor sit amet, vestibulum eget, hac nec condimentum cras. A facilisi, pede maecenas diam accumsan, orci fringilla tellus a felis accumsan, quisque eget curae viverra platea nunc nullam, libero tortor. Sed lorem in molestie, penatibus interdum aliquet quis sed mollis pharetra.&nbsp;<\\/p>\",\"clients\":{\"500\":{\"type\":\"13\",\"fields\":{\"clientName\":\"Client or Project Name\",\"clientLocation\":{\"name\":\"Eckzample Inc\",\"street\":\"453 Placeholder Dr\",\"street2\":\"\",\"city\":\"New Lorem\",\"region\":\"AK\",\"postalCode\":\"8675309\",\"country\":\"US\"},\"image\":[\"502\"]}},\"504\":{\"type\":\"13\",\"fields\":{\"clientName\":\"Client or Project Name\",\"clientLocation\":{\"name\":\"Ipsum Construction\",\"street\":\"3987 Falls Uhdress Rd\",\"street2\":\"\",\"city\":\"Dolar City\",\"region\":\"NC\",\"postalCode\":\"28173\",\"country\":\"US\"},\"image\":[\"503\"]}}}}},\"512\":{\"type\":\"logoWall\",\"enabled\":\"1\",\"fields\":{\"heading\":\"Heading\",\"body\":\"<p><strong>Body<\\/strong>&nbsp;Lorem ipsum dolor sit amet, vestibulum eget, hac nec condimentum cras. A facilisi, pede maecenas diam accumsan, orci fringilla tellus a felis accumsan, quisque eget curae viverra platea nunc nullam, libero tortor. Sed lorem in molestie, penatibus interdum aliquet quis sed mollis pharetra.&nbsp;<\\/p>\",\"list\":{\"513\":{\"type\":\"14\",\"fields\":{\"item\":\"List Item 1\"}},\"514\":{\"type\":\"14\",\"fields\":{\"item\":\"List Item 2\"}},\"515\":{\"type\":\"14\",\"fields\":{\"item\":\"List Item 3\"}},\"516\":{\"type\":\"14\",\"fields\":{\"item\":\"List Item 4\"}}},\"logos\":{\"517\":{\"type\":\"15\",\"fields\":{\"image\":[\"505\"],\"caption\":\"Lorem Inc\"}},\"518\":{\"type\":\"15\",\"fields\":{\"image\":[\"506\"],\"caption\":\"Ipsum LLC\"}},\"519\":{\"type\":\"15\",\"fields\":{\"image\":[\"507\"],\"caption\":\"Eckzampul \"}},\"521\":{\"type\":\"15\",\"fields\":{\"image\":[\"509\"],\"caption\":\"Play Soldur\"}},\"523\":{\"type\":\"15\",\"fields\":{\"image\":[\"511\"],\"caption\":\"Capshun HLC\"}}}}},\"524\":{\"type\":\"valuesPanel\",\"enabled\":\"1\",\"fields\":{\"heading\":\"Heading\",\"values\":{\"525\":{\"type\":\"20\",\"fields\":{\"Value\":\"Value Name 1\",\"header\":\"Header\",\"body\":\"Lorem ipsum dolor sit amet, vestibulum eget, hac nec condimentum cras. \"}},\"526\":{\"type\":\"20\",\"fields\":{\"Value\":\"Value Name 2\",\"header\":\"Header\",\"body\":\"Lorem ipsum dolor sit amet, vestibulum eget, hac nec condimentum cras. \"}},\"527\":{\"type\":\"20\",\"fields\":{\"Value\":\"Value Name 3\",\"header\":\"Header\",\"body\":\"Lorem ipsum dolor sit amet, vestibulum eget, hac nec condimentum cras. \"}}}}},\"528\":{\"type\":\"contentSelector\",\"enabled\":\"1\",\"fields\":{\"heading\":\"Heading\",\"backgroundImage\":[\"228\"],\"benefit\":{\"529\":{\"type\":\"16\",\"fields\":{\"benefitName\":\"Benefit Name 1\",\"body\":\"<p>Lorem ipsum dolor sit amet, vestibulum eget, hac nec condimentum cras.&nbsp;<\\/p>\"}},\"530\":{\"type\":\"16\",\"fields\":{\"benefitName\":\"Benefit Name 2\",\"body\":\"<p>Lorem ipsum dolor sit amet, vestibulum eget, hac nec condimentum cras.&nbsp;<\\/p>\"}},\"531\":{\"type\":\"16\",\"fields\":{\"benefitName\":\"Benefit Name 3\",\"body\":\"<p>Lorem ipsum dolor sit amet, vestibulum eget, hac nec condimentum cras.&nbsp;<\\/p>\"}}}}},\"532\":{\"type\":\"ctaListing\",\"enabled\":\"1\",\"fields\":{\"heading\":\"Heading\",\"listing\":{\"533\":{\"type\":\"18\",\"fields\":{\"itemTitle\":\"Title Example 1\",\"excerpt\":\"Lorem ipsum dolor sit amet, vestibulum eget, hac nec condimentum cras. \",\"callToAction\":{\"type\":\"entry\",\"custom\":\"\",\"entry\":[\"221\"],\"category\":\"\",\"customText\":\"Custom Link Text\",\"target\":\"\"}}},\"534\":{\"type\":\"18\",\"fields\":{\"itemTitle\":\"Title Example 2\",\"excerpt\":\"Lorem ipsum dolor sit amet, vestibulum eget, hac nec condimentum cras. \",\"callToAction\":{\"type\":\"entry\",\"custom\":\"\",\"entry\":[\"221\"],\"category\":\"\",\"customText\":\"Custom Link Text\",\"target\":\"\"}}}}}},\"535\":{\"type\":\"callToActionPanel\",\"enabled\":\"1\",\"fields\":{\"heading\":\"Heading\",\"callToAction\":{\"type\":\"entry\",\"custom\":\"\",\"entry\":[\"221\"],\"asset\":\"\",\"customText\":\"Custom Link Text\",\"target\":\"\"}}},\"536\":{\"type\":\"locationsPanel\",\"enabled\":\"1\",\"fields\":{\"heading\":\"Heading\",\"backgroundImage\":\"\"}},\"537\":{\"type\":\"caseStudyFilter\",\"enabled\":\"1\",\"fields\":{\"limit\":\"4\"}},\"538\":{\"type\":\"contact\",\"enabled\":\"1\",\"fields\":{\"heading\":\"Heading\"}},\"539\":{\"type\":\"marketsPanel\",\"enabled\":\"1\",\"fields\":{\"heading\":\"Heading\",\"markets\":[\"20\",\"24\",\"25\"]}},\"540\":{\"type\":\"multipleImagePanel\",\"enabled\":\"1\",\"fields\":{\"leftImage\":[\"417\"],\"rightImage\":[\"418\"],\"upperImage\":\"left\",\"backgroundImageIsVisible\":\"\"}}}}}', '2017-07-27 20:31:52', '2017-07-27 20:31:52', 'be2628d7-7507-43ff-8d8d-37bf9af3e0e2'),
 ('103', '221', '9', '1', 'en_us', '25', '', '{\"typeId\":null,\"authorId\":null,\"title\":\"UI\",\"slug\":\"ui\",\"postDate\":1500993555,\"expiryDate\":null,\"enabled\":1,\"parentId\":null,\"fields\":{\"3\":{\"222\":{\"type\":\"masthead\",\"enabled\":\"1\",\"fields\":{\"image\":{\"223\":{\"type\":\"1\",\"fields\":{\"mobileImage\":\"\",\"desktopImage\":\"\"}}},\"subheading\":\"Subheading\",\"heading\":\"Masthead Heading\"}},\"450\":{\"type\":\"gallery\",\"enabled\":\"1\",\"fields\":{\"heading\":\"Heading\",\"gallery\":{\"451\":{\"type\":\"3\",\"fields\":{\"mediaAsset\":[\"413\"],\"caption\":\"Caption of Photo\"}},\"452\":{\"type\":\"3\",\"fields\":{\"mediaAsset\":[\"227\"],\"caption\":\"Caption of Photo\"}},\"453\":{\"type\":\"3\",\"fields\":{\"mediaAsset\":[\"412\"],\"caption\":\"Caption of Photo\"}}}}},\"459\":{\"type\":\"relatedCallOuts\",\"enabled\":\"1\",\"fields\":{\"heading\":\"Heading\",\"callOuts\":[\"139\",\"53\"]}},\"460\":{\"type\":\"openings\",\"enabled\":\"1\",\"fields\":{\"internshipCard\":{\"461\":{\"type\":\"5\",\"fields\":{\"cardTitle\":\"Example Title\",\"description\":\"Example Description is an example of the description of the title.\",\"callToAction\":{\"type\":\"custom\",\"custom\":\"\",\"entry\":\"\",\"customText\":\"\"}}}},\"loadMoreText\":\"\",\"footer\":{\"462\":{\"type\":\"6\",\"fields\":{\"heading\":\"Openings Footer Heading\",\"callToAction\":{\"type\":\"\",\"custom\":\"\",\"entry\":\"\",\"customText\":\"\",\"target\":\"\"}}}}}},\"463\":{\"type\":\"instagramFeed\",\"enabled\":\"1\",\"fields\":{\"heading\":\"Heading\"}},\"464\":{\"type\":\"people\",\"enabled\":\"1\",\"fields\":{\"heading\":\"Heading\",\"people\":{\"465\":{\"type\":\"22\",\"fields\":{\"person\":[\"274\"],\"role\":[\"458\"]}}}}},\"466\":{\"type\":\"listPanel\",\"enabled\":\"1\",\"fields\":{\"heading\":\"Heading\",\"body\":\"<p><strong>Body<\\/strong>&nbsp;Lorem ipsum dolor sit amet, vestibulum eget, hac nec condimentum cras. A facilisi, pede maecenas diam accumsan, orci fringilla tellus a felis accumsan, quisque eget curae viverra platea nunc nullam, libero tortor. Sed lorem in molestie, penatibus interdum aliquet quis sed mollis pharetra.&nbsp; <\\/p>\",\"list\":{\"467\":{\"type\":\"8\",\"fields\":{\"listItem\":\"List Item 1\"}},\"468\":{\"type\":\"8\",\"fields\":{\"listItem\":\"List Item 2\"}},\"469\":{\"type\":\"8\",\"fields\":{\"listItem\":\"List Item 3\"}}},\"centered\":\"\",\"lift\":\"\",\"lightGrayBackground\":\"\"}},\"470\":{\"type\":\"listPanel\",\"enabled\":\"1\",\"fields\":{\"heading\":\"Heading (Centered, Lift, Light Gray Background)\",\"body\":\"<p><strong>Body&nbsp;<\\/strong>Lorem ipsum dolor sit amet, vestibulum eget, hac nec condimentum cras. A facilisi, pede maecenas diam accumsan, orci fringilla tellus a felis accumsan, quisque eget curae viverra platea nunc nullam, libero tortor. Sed lorem in molestie, penatibus interdum aliquet quis sed mollis pharetra.&nbsp; <\\/p>\",\"list\":{\"471\":{\"type\":\"8\",\"fields\":{\"listItem\":\"List Item 1\"}},\"472\":{\"type\":\"8\",\"fields\":{\"listItem\":\"List Item 2\"}},\"473\":{\"type\":\"8\",\"fields\":{\"listItem\":\"List Item 3\"}}},\"centered\":\"1\",\"lift\":\"1\",\"lightGrayBackground\":\"1\"}},\"474\":{\"type\":\"textPanel\",\"enabled\":\"1\",\"fields\":{\"heading\":\"Heading\",\"body\":\"<p><strong>Body&nbsp;<\\/strong>Lorem ipsum dolor sit amet, vestibulum eget, hac nec condimentum cras. A facilisi, pede maecenas diam accumsan, orci fringilla tellus a felis accumsan, quisque eget curae viverra platea nunc nullam, libero tortor. Sed lorem in molestie, penatibus interdum aliquet quis sed mollis pharetra.&nbsp;<\\/p>\"}},\"475\":{\"type\":\"imageTextPanel\",\"enabled\":\"1\",\"fields\":{\"orientation\":\"left\",\"heading\":\"Heading (Left Orientation)\",\"body\":\"<p><strong>Body<\\/strong><strong>&nbsp;<\\/strong>Lorem ipsum dolor sit amet, vestibulum eget, hac nec condimentum cras. A facilisi, pede maecenas diam accumsan, orci fringilla tellus a felis accumsan, quisque eget curae viverra platea nunc nullam, libero tortor. Sed lorem in molestie, penatibus interdum aliquet quis sed mollis pharetra.&nbsp;<\\/p>\",\"list\":{\"476\":{\"type\":\"9\",\"fields\":{\"item\":\"List Item 1\"}},\"477\":{\"type\":\"9\",\"fields\":{\"item\":\"List Item 2\"}},\"478\":{\"type\":\"9\",\"fields\":{\"item\":\"List Item 3\"}}},\"callToAction\":{\"type\":\"entry\",\"custom\":\"\",\"entry\":[\"221\"],\"target\":\"\"},\"image\":[\"409\"]}},\"479\":{\"type\":\"imageTextPanel\",\"enabled\":\"1\",\"fields\":{\"orientation\":\"right\",\"heading\":\"Heading (Right Orientation)\",\"body\":\"<p><strong>Body<\\/strong>&nbsp;Lorem ipsum dolor sit amet, vestibulum eget, hac nec condimentum cras. A facilisi, pede maecenas diam accumsan, orci fringilla tellus a felis accumsan, quisque eget curae viverra platea nunc nullam, libero tortor. Sed lorem in molestie, penatibus interdum aliquet quis sed mollis pharetra.&nbsp;<\\/p>\",\"list\":{\"480\":{\"type\":\"9\",\"fields\":{\"item\":\"List Item 1\"}},\"481\":{\"type\":\"9\",\"fields\":{\"item\":\"List Item 2\"}},\"482\":{\"type\":\"9\",\"fields\":{\"item\":\"List Item 3\"}}},\"callToAction\":{\"type\":\"entry\",\"custom\":\"\",\"entry\":[\"221\"],\"target\":\"\"},\"image\":[\"408\"]}},\"483\":{\"type\":\"largeImageTextPanel\",\"enabled\":\"1\",\"fields\":{\"orientation\":\"left\",\"heading\":\"Heading (Left Orientation)\",\"subheading\":\"Subheading\",\"body\":\"<p><strong>Body<\\/strong>&nbsp;Lorem ipsum dolor sit amet, vestibulum eget, hac nec condimentum cras. A facilisi, pede maecenas diam accumsan, orci fringilla tellus a felis accumsan, quisque eget curae viverra platea nunc nullam, libero tortor. Sed lorem in molestie, penatibus interdum aliquet quis sed mollis pharetra.&nbsp;<\\/p>\",\"list\":{\"484\":{\"type\":\"10\",\"fields\":{\"item\":\"List Item 1\"}},\"485\":{\"type\":\"10\",\"fields\":{\"item\":\"List Item 2\"}},\"486\":{\"type\":\"10\",\"fields\":{\"item\":\"List Item 3\"}}},\"callToAction\":{\"type\":\"entry\",\"custom\":\"\",\"entry\":[\"221\"],\"category\":\"\",\"customText\":\"Custom Link Text\",\"target\":\"\"},\"image\":[\"230\"],\"dark\":\"\",\"lift\":\"\"}},\"487\":{\"type\":\"largeImageTextPanel\",\"enabled\":\"1\",\"fields\":{\"orientation\":\"right\",\"heading\":\"Heading (Right Orientation, Dark, Lift)\",\"subheading\":\"Subheading\",\"body\":\"<p><strong>Body<\\/strong>&nbsp;Lorem ipsum dolor sit amet, vestibulum eget, hac nec condimentum cras. A facilisi, pede maecenas diam accumsan, orci fringilla tellus a felis accumsan, quisque eget curae viverra platea nunc nullam, libero tortor. Sed lorem in molestie, penatibus interdum aliquet quis sed mollis pharetra.&nbsp;<\\/p>\",\"list\":{\"488\":{\"type\":\"10\",\"fields\":{\"item\":\"List Item 1\"}},\"489\":{\"type\":\"10\",\"fields\":{\"item\":\"List Item 2\"}},\"490\":{\"type\":\"10\",\"fields\":{\"item\":\"List Item 3\"}}},\"callToAction\":{\"type\":\"entry\",\"custom\":\"\",\"entry\":[\"221\"],\"category\":\"\",\"customText\":\"Custom Link Text\",\"target\":\"\"},\"image\":[\"440\"],\"dark\":\"1\",\"lift\":\"1\"}},\"491\":{\"type\":\"pullQuote\",\"enabled\":\"1\",\"fields\":{\"quote\":\"\\\"Failure is simply the opportunity to begin again, this time more intelligently.\\\"\",\"author\":\"Henry Ford\"}},\"492\":{\"type\":\"resources\",\"enabled\":\"1\",\"fields\":{\"heading\":\"Heading\",\"body\":\"Body Lorem ipsum dolor sit amet, vestibulum eget, hac nec condimentum cras. A facilisi, pede maecenas diam accumsan, orci fringilla tellus a felis accumsan, quisque eget curae viverra platea nunc nullam, libero tortor. Sed lorem in molestie, penatibus interdum aliquet quis sed mollis pharetra. \",\"resources\":{\"493\":{\"type\":\"11\",\"fields\":{\"resource\":{\"type\":\"entry\",\"custom\":\"\",\"entry\":[\"221\"],\"asset\":\"\"},\"type\":[\"whitepaper\"],\"featured\":\"\"}},\"494\":{\"type\":\"11\",\"fields\":{\"resource\":{\"type\":\"entry\",\"custom\":\"\",\"entry\":[\"221\"],\"asset\":\"\"},\"type\":[\"brochure\"],\"featured\":\"1\"}},\"495\":{\"type\":\"11\",\"fields\":{\"resource\":{\"type\":\"entry\",\"custom\":\"\",\"entry\":[\"221\"],\"asset\":\"\"},\"type\":[\"publication\"],\"featured\":\"1\"}}}}},\"496\":{\"type\":\"highlights\",\"enabled\":\"\",\"fields\":{\"heading\":\"Heading\",\"body\":\"Body Lorem ipsum dolor sit amet, vestibulum eget, hac nec condimentum cras. A facilisi, pede maecenas diam accumsan, orci fringilla tellus a felis accumsan, quisque eget curae viverra platea nunc nullam, libero tortor. Sed lorem in molestie, penatibus interdum aliquet quis sed mollis pharetra. \",\"highlights\":{\"497\":{\"type\":\"12\",\"fields\":{\"highlightTitle\":\"Title\",\"image\":\"Image\",\"orientation\":\"left\"}},\"498\":{\"type\":\"12\",\"fields\":{\"highlightTitle\":\"Title\",\"image\":\"Image\",\"orientation\":\"right\"}}}}},\"499\":{\"type\":\"featuredClients\",\"enabled\":\"1\",\"fields\":{\"heading\":\"Heading\",\"body\":\"<p><strong>Body<\\/strong>&nbsp;Lorem ipsum dolor sit amet, vestibulum eget, hac nec condimentum cras. A facilisi, pede maecenas diam accumsan, orci fringilla tellus a felis accumsan, quisque eget curae viverra platea nunc nullam, libero tortor. Sed lorem in molestie, penatibus interdum aliquet quis sed mollis pharetra.&nbsp;<\\/p>\",\"clients\":{\"500\":{\"type\":\"13\",\"fields\":{\"clientName\":\"Client or Project Name\",\"clientLocation\":{\"name\":\"Eckzample Inc\",\"street\":\"453 Placeholder Dr\",\"street2\":\"\",\"city\":\"New Lorem\",\"region\":\"AK\",\"postalCode\":\"8675309\",\"country\":\"US\"},\"image\":[\"502\"]}},\"504\":{\"type\":\"13\",\"fields\":{\"clientName\":\"Client or Project Name\",\"clientLocation\":{\"name\":\"Ipsum Construction\",\"street\":\"3987 Falls Uhdress Rd\",\"street2\":\"\",\"city\":\"Dolar City\",\"region\":\"NC\",\"postalCode\":\"28173\",\"country\":\"US\"},\"image\":[\"503\"]}}}}},\"512\":{\"type\":\"logoWall\",\"enabled\":\"1\",\"fields\":{\"heading\":\"Heading\",\"body\":\"<p><strong>Body<\\/strong>&nbsp;Lorem ipsum dolor sit amet, vestibulum eget, hac nec condimentum cras. A facilisi, pede maecenas diam accumsan, orci fringilla tellus a felis accumsan, quisque eget curae viverra platea nunc nullam, libero tortor. Sed lorem in molestie, penatibus interdum aliquet quis sed mollis pharetra.&nbsp;<\\/p>\",\"list\":{\"513\":{\"type\":\"14\",\"fields\":{\"item\":\"List Item 1\"}},\"514\":{\"type\":\"14\",\"fields\":{\"item\":\"List Item 2\"}},\"515\":{\"type\":\"14\",\"fields\":{\"item\":\"List Item 3\"}},\"516\":{\"type\":\"14\",\"fields\":{\"item\":\"List Item 4\"}}},\"logos\":{\"517\":{\"type\":\"15\",\"fields\":{\"image\":[\"505\"],\"caption\":\"Lorem Inc\"}},\"518\":{\"type\":\"15\",\"fields\":{\"image\":[\"506\"],\"caption\":\"Ipsum LLC\"}},\"519\":{\"type\":\"15\",\"fields\":{\"image\":[\"507\"],\"caption\":\"Eckzampul \"}},\"521\":{\"type\":\"15\",\"fields\":{\"image\":[\"509\"],\"caption\":\"Play Soldur\"}},\"523\":{\"type\":\"15\",\"fields\":{\"image\":[\"511\"],\"caption\":\"Capshun HLC\"}}}}},\"524\":{\"type\":\"valuesPanel\",\"enabled\":\"1\",\"fields\":{\"heading\":\"Heading\",\"values\":{\"525\":{\"type\":\"20\",\"fields\":{\"Value\":\"Value Name 1\",\"header\":\"Header\",\"body\":\"Lorem ipsum dolor sit amet, vestibulum eget, hac nec condimentum cras. \"}},\"526\":{\"type\":\"20\",\"fields\":{\"Value\":\"Value Name 2\",\"header\":\"Header\",\"body\":\"Lorem ipsum dolor sit amet, vestibulum eget, hac nec condimentum cras. \"}},\"527\":{\"type\":\"20\",\"fields\":{\"Value\":\"Value Name 3\",\"header\":\"Header\",\"body\":\"Lorem ipsum dolor sit amet, vestibulum eget, hac nec condimentum cras. \"}}}}},\"528\":{\"type\":\"contentSelector\",\"enabled\":\"1\",\"fields\":{\"heading\":\"Heading\",\"backgroundImage\":[\"228\"],\"benefit\":{\"529\":{\"type\":\"16\",\"fields\":{\"benefitName\":\"Benefit Name 1\",\"body\":\"<p>Lorem ipsum dolor sit amet, vestibulum eget, hac nec condimentum cras.&nbsp;<\\/p>\"}},\"530\":{\"type\":\"16\",\"fields\":{\"benefitName\":\"Benefit Name 2\",\"body\":\"<p>Lorem ipsum dolor sit amet, vestibulum eget, hac nec condimentum cras.&nbsp;<\\/p>\"}},\"531\":{\"type\":\"16\",\"fields\":{\"benefitName\":\"Benefit Name 3\",\"body\":\"<p>Lorem ipsum dolor sit amet, vestibulum eget, hac nec condimentum cras.&nbsp;<\\/p>\"}}}}},\"532\":{\"type\":\"ctaListing\",\"enabled\":\"1\",\"fields\":{\"heading\":\"Heading\",\"listing\":{\"533\":{\"type\":\"18\",\"fields\":{\"itemTitle\":\"Title Example 1\",\"excerpt\":\"Lorem ipsum dolor sit amet, vestibulum eget, hac nec condimentum cras. \",\"callToAction\":{\"type\":\"entry\",\"custom\":\"\",\"entry\":[\"221\"],\"category\":\"\",\"customText\":\"Custom Link Text\",\"target\":\"\"}}},\"534\":{\"type\":\"18\",\"fields\":{\"itemTitle\":\"Title Example 2\",\"excerpt\":\"Lorem ipsum dolor sit amet, vestibulum eget, hac nec condimentum cras. \",\"callToAction\":{\"type\":\"entry\",\"custom\":\"\",\"entry\":[\"221\"],\"category\":\"\",\"customText\":\"Custom Link Text\",\"target\":\"\"}}}}}},\"535\":{\"type\":\"callToActionPanel\",\"enabled\":\"1\",\"fields\":{\"heading\":\"Heading\",\"callToAction\":{\"type\":\"entry\",\"custom\":\"\",\"entry\":[\"221\"],\"asset\":\"\",\"customText\":\"Custom Link Text\",\"target\":\"\"}}},\"536\":{\"type\":\"locationsPanel\",\"enabled\":\"1\",\"fields\":{\"heading\":\"Heading\",\"backgroundImage\":\"\"}},\"537\":{\"type\":\"caseStudyFilter\",\"enabled\":\"1\",\"fields\":{\"limit\":\"4\"}},\"538\":{\"type\":\"contact\",\"enabled\":\"1\",\"fields\":{\"heading\":\"Heading\"}},\"539\":{\"type\":\"marketsPanel\",\"enabled\":\"1\",\"fields\":{\"heading\":\"Heading\",\"markets\":[\"20\",\"24\",\"25\"]}},\"540\":{\"type\":\"multipleImagePanel\",\"enabled\":\"1\",\"fields\":{\"leftImage\":[\"417\"],\"rightImage\":[\"418\"],\"upperImage\":\"left\",\"backgroundImageIsVisible\":\"\"}}}}}', '2017-07-27 20:32:56', '2017-07-27 20:32:56', 'b900b0b6-1f53-410c-9b3b-c944c52810e4'),
 ('104', '221', '9', '1', 'en_us', '26', '', '{\"typeId\":null,\"authorId\":null,\"title\":\"UI\",\"slug\":\"ui\",\"postDate\":1500993555,\"expiryDate\":null,\"enabled\":1,\"parentId\":null,\"fields\":{\"3\":{\"222\":{\"type\":\"masthead\",\"enabled\":\"1\",\"fields\":{\"image\":{\"223\":{\"type\":\"1\",\"fields\":{\"mobileImage\":\"\",\"desktopImage\":\"\"}}},\"subheading\":\"Subheading\",\"heading\":\"Masthead Heading\"}},\"450\":{\"type\":\"gallery\",\"enabled\":\"1\",\"fields\":{\"heading\":\"Heading\",\"gallery\":{\"451\":{\"type\":\"3\",\"fields\":{\"mediaAsset\":[\"413\"],\"caption\":\"Caption of Photo\"}},\"452\":{\"type\":\"3\",\"fields\":{\"mediaAsset\":[\"227\"],\"caption\":\"Caption of Photo\"}},\"453\":{\"type\":\"3\",\"fields\":{\"mediaAsset\":[\"412\"],\"caption\":\"Caption of Photo\"}}}}},\"459\":{\"type\":\"relatedCallOuts\",\"enabled\":\"1\",\"fields\":{\"heading\":\"Heading\",\"callOuts\":[\"139\",\"53\"]}},\"460\":{\"type\":\"openings\",\"enabled\":\"1\",\"fields\":{\"internshipCard\":{\"461\":{\"type\":\"5\",\"fields\":{\"cardTitle\":\"Example Title\",\"description\":\"Example Description is an example of the description of the title.\",\"callToAction\":{\"type\":\"custom\",\"custom\":\"\",\"entry\":\"\",\"customText\":\"\"}}}},\"loadMoreText\":\"\",\"footer\":{\"462\":{\"type\":\"6\",\"fields\":{\"heading\":\"Openings Footer Heading\",\"callToAction\":{\"type\":\"\",\"custom\":\"\",\"entry\":\"\",\"customText\":\"\",\"target\":\"\"}}}}}},\"463\":{\"type\":\"instagramFeed\",\"enabled\":\"1\",\"fields\":{\"heading\":\"Heading\"}},\"464\":{\"type\":\"people\",\"enabled\":\"1\",\"fields\":{\"heading\":\"Heading\",\"people\":{\"465\":{\"type\":\"22\",\"fields\":{\"person\":[\"274\"],\"role\":[\"458\"]}}}}},\"466\":{\"type\":\"listPanel\",\"enabled\":\"1\",\"fields\":{\"heading\":\"Heading\",\"body\":\"<p><strong>Body<\\/strong>&nbsp;Lorem ipsum dolor sit amet, vestibulum eget, hac nec condimentum cras. A facilisi, pede maecenas diam accumsan, orci fringilla tellus a felis accumsan, quisque eget curae viverra platea nunc nullam, libero tortor. Sed lorem in molestie, penatibus interdum aliquet quis sed mollis pharetra.&nbsp; <\\/p>\",\"list\":{\"467\":{\"type\":\"8\",\"fields\":{\"listItem\":\"List Item 1\"}},\"468\":{\"type\":\"8\",\"fields\":{\"listItem\":\"List Item 2\"}},\"469\":{\"type\":\"8\",\"fields\":{\"listItem\":\"List Item 3\"}}},\"centered\":\"\",\"lift\":\"\",\"lightGrayBackground\":\"\"}},\"470\":{\"type\":\"listPanel\",\"enabled\":\"1\",\"fields\":{\"heading\":\"Heading (Centered, Lift, Light Gray Background)\",\"body\":\"<p><strong>Body&nbsp;<\\/strong>Lorem ipsum dolor sit amet, vestibulum eget, hac nec condimentum cras. A facilisi, pede maecenas diam accumsan, orci fringilla tellus a felis accumsan, quisque eget curae viverra platea nunc nullam, libero tortor. Sed lorem in molestie, penatibus interdum aliquet quis sed mollis pharetra.&nbsp; <\\/p>\",\"list\":{\"471\":{\"type\":\"8\",\"fields\":{\"listItem\":\"List Item 1\"}},\"472\":{\"type\":\"8\",\"fields\":{\"listItem\":\"List Item 2\"}},\"473\":{\"type\":\"8\",\"fields\":{\"listItem\":\"List Item 3\"}}},\"centered\":\"1\",\"lift\":\"1\",\"lightGrayBackground\":\"1\"}},\"474\":{\"type\":\"textPanel\",\"enabled\":\"1\",\"fields\":{\"heading\":\"Heading\",\"body\":\"<p><strong>Body&nbsp;<\\/strong>Lorem ipsum dolor sit amet, vestibulum eget, hac nec condimentum cras. A facilisi, pede maecenas diam accumsan, orci fringilla tellus a felis accumsan, quisque eget curae viverra platea nunc nullam, libero tortor. Sed lorem in molestie, penatibus interdum aliquet quis sed mollis pharetra.&nbsp;<\\/p>\"}},\"475\":{\"type\":\"imageTextPanel\",\"enabled\":\"1\",\"fields\":{\"orientation\":\"left\",\"heading\":\"Heading (Left Orientation)\",\"body\":\"<p><strong>Body<\\/strong><strong>&nbsp;<\\/strong>Lorem ipsum dolor sit amet, vestibulum eget, hac nec condimentum cras. A facilisi, pede maecenas diam accumsan, orci fringilla tellus a felis accumsan, quisque eget curae viverra platea nunc nullam, libero tortor. Sed lorem in molestie, penatibus interdum aliquet quis sed mollis pharetra.&nbsp;<\\/p>\",\"list\":{\"476\":{\"type\":\"9\",\"fields\":{\"item\":\"List Item 1\"}},\"477\":{\"type\":\"9\",\"fields\":{\"item\":\"List Item 2\"}},\"478\":{\"type\":\"9\",\"fields\":{\"item\":\"List Item 3\"}}},\"callToAction\":{\"type\":\"entry\",\"custom\":\"\",\"entry\":[\"221\"],\"target\":\"\"},\"image\":[\"409\"]}},\"479\":{\"type\":\"imageTextPanel\",\"enabled\":\"1\",\"fields\":{\"orientation\":\"right\",\"heading\":\"Heading (Right Orientation)\",\"body\":\"<p><strong>Body<\\/strong>&nbsp;Lorem ipsum dolor sit amet, vestibulum eget, hac nec condimentum cras. A facilisi, pede maecenas diam accumsan, orci fringilla tellus a felis accumsan, quisque eget curae viverra platea nunc nullam, libero tortor. Sed lorem in molestie, penatibus interdum aliquet quis sed mollis pharetra.&nbsp;<\\/p>\",\"list\":{\"480\":{\"type\":\"9\",\"fields\":{\"item\":\"List Item 1\"}},\"481\":{\"type\":\"9\",\"fields\":{\"item\":\"List Item 2\"}},\"482\":{\"type\":\"9\",\"fields\":{\"item\":\"List Item 3\"}}},\"callToAction\":{\"type\":\"entry\",\"custom\":\"\",\"entry\":[\"221\"],\"target\":\"\"},\"image\":[\"408\"]}},\"483\":{\"type\":\"largeImageTextPanel\",\"enabled\":\"1\",\"fields\":{\"orientation\":\"left\",\"heading\":\"Heading (Left Orientation)\",\"subheading\":\"Subheading\",\"body\":\"<p><strong>Body<\\/strong>&nbsp;Lorem ipsum dolor sit amet, vestibulum eget, hac nec condimentum cras. A facilisi, pede maecenas diam accumsan, orci fringilla tellus a felis accumsan, quisque eget curae viverra platea nunc nullam, libero tortor. Sed lorem in molestie, penatibus interdum aliquet quis sed mollis pharetra.&nbsp;<\\/p>\",\"list\":{\"484\":{\"type\":\"10\",\"fields\":{\"item\":\"List Item 1\"}},\"485\":{\"type\":\"10\",\"fields\":{\"item\":\"List Item 2\"}},\"486\":{\"type\":\"10\",\"fields\":{\"item\":\"List Item 3\"}}},\"callToAction\":{\"type\":\"entry\",\"custom\":\"\",\"entry\":[\"221\"],\"category\":\"\",\"customText\":\"Custom Link Text\",\"target\":\"\"},\"image\":[\"230\"],\"dark\":\"\",\"lift\":\"\"}},\"487\":{\"type\":\"largeImageTextPanel\",\"enabled\":\"1\",\"fields\":{\"orientation\":\"right\",\"heading\":\"Heading (Right Orientation, Dark, Lift)\",\"subheading\":\"Subheading\",\"body\":\"<p><strong>Body<\\/strong>&nbsp;Lorem ipsum dolor sit amet, vestibulum eget, hac nec condimentum cras. A facilisi, pede maecenas diam accumsan, orci fringilla tellus a felis accumsan, quisque eget curae viverra platea nunc nullam, libero tortor. Sed lorem in molestie, penatibus interdum aliquet quis sed mollis pharetra.&nbsp;<\\/p>\",\"list\":{\"488\":{\"type\":\"10\",\"fields\":{\"item\":\"List Item 1\"}},\"489\":{\"type\":\"10\",\"fields\":{\"item\":\"List Item 2\"}},\"490\":{\"type\":\"10\",\"fields\":{\"item\":\"List Item 3\"}}},\"callToAction\":{\"type\":\"entry\",\"custom\":\"\",\"entry\":[\"221\"],\"category\":\"\",\"customText\":\"Custom Link Text\",\"target\":\"\"},\"image\":[\"440\"],\"dark\":\"1\",\"lift\":\"1\"}},\"491\":{\"type\":\"pullQuote\",\"enabled\":\"1\",\"fields\":{\"quote\":\"\\\"Failure is simply the opportunity to begin again, this time more intelligently.\\\"\",\"author\":\"Henry Ford\"}},\"492\":{\"type\":\"resources\",\"enabled\":\"1\",\"fields\":{\"heading\":\"Heading\",\"body\":\"Body Lorem ipsum dolor sit amet, vestibulum eget, hac nec condimentum cras. A facilisi, pede maecenas diam accumsan, orci fringilla tellus a felis accumsan, quisque eget curae viverra platea nunc nullam, libero tortor. Sed lorem in molestie, penatibus interdum aliquet quis sed mollis pharetra. \",\"resources\":{\"493\":{\"type\":\"11\",\"fields\":{\"resource\":{\"type\":\"entry\",\"custom\":\"\",\"entry\":[\"221\"],\"asset\":\"\"},\"type\":[\"whitepaper\"],\"featured\":\"\"}},\"494\":{\"type\":\"11\",\"fields\":{\"resource\":{\"type\":\"entry\",\"custom\":\"\",\"entry\":[\"221\"],\"asset\":\"\"},\"type\":[\"brochure\"],\"featured\":\"1\"}},\"495\":{\"type\":\"11\",\"fields\":{\"resource\":{\"type\":\"entry\",\"custom\":\"\",\"entry\":[\"221\"],\"asset\":\"\"},\"type\":[\"publication\"],\"featured\":\"1\"}}}}},\"496\":{\"type\":\"highlights\",\"enabled\":\"\",\"fields\":{\"heading\":\"Heading\",\"body\":\"Body Lorem ipsum dolor sit amet, vestibulum eget, hac nec condimentum cras. A facilisi, pede maecenas diam accumsan, orci fringilla tellus a felis accumsan, quisque eget curae viverra platea nunc nullam, libero tortor. Sed lorem in molestie, penatibus interdum aliquet quis sed mollis pharetra. \",\"highlights\":{\"497\":{\"type\":\"12\",\"fields\":{\"highlightTitle\":\"Title\",\"image\":\"Image\",\"orientation\":\"left\"}},\"498\":{\"type\":\"12\",\"fields\":{\"highlightTitle\":\"Title\",\"image\":\"Image\",\"orientation\":\"right\"}}}}},\"499\":{\"type\":\"featuredClients\",\"enabled\":\"1\",\"fields\":{\"heading\":\"Heading\",\"body\":\"<p><strong>Body<\\/strong>&nbsp;Lorem ipsum dolor sit amet, vestibulum eget, hac nec condimentum cras. A facilisi, pede maecenas diam accumsan, orci fringilla tellus a felis accumsan, quisque eget curae viverra platea nunc nullam, libero tortor. Sed lorem in molestie, penatibus interdum aliquet quis sed mollis pharetra.&nbsp;<\\/p>\",\"clients\":{\"500\":{\"type\":\"13\",\"fields\":{\"clientName\":\"Client or Project Name\",\"clientLocation\":{\"name\":\"Eckzample Inc\",\"street\":\"453 Placeholder Dr\",\"street2\":\"\",\"city\":\"New Lorem\",\"region\":\"AK\",\"postalCode\":\"8675309\",\"country\":\"US\"},\"image\":[\"502\"]}},\"504\":{\"type\":\"13\",\"fields\":{\"clientName\":\"Client or Project Name\",\"clientLocation\":{\"name\":\"Ipsum Construction\",\"street\":\"3987 Falls Uhdress Rd\",\"street2\":\"\",\"city\":\"Dolar City\",\"region\":\"NC\",\"postalCode\":\"28173\",\"country\":\"US\"},\"image\":[\"503\"]}}}}},\"512\":{\"type\":\"logoWall\",\"enabled\":\"1\",\"fields\":{\"heading\":\"Heading\",\"body\":\"<p><strong>Body<\\/strong>&nbsp;Lorem ipsum dolor sit amet, vestibulum eget, hac nec condimentum cras. A facilisi, pede maecenas diam accumsan, orci fringilla tellus a felis accumsan, quisque eget curae viverra platea nunc nullam, libero tortor. Sed lorem in molestie, penatibus interdum aliquet quis sed mollis pharetra.&nbsp;<\\/p>\",\"list\":{\"513\":{\"type\":\"14\",\"fields\":{\"item\":\"List Item 1\"}},\"514\":{\"type\":\"14\",\"fields\":{\"item\":\"List Item 2\"}},\"515\":{\"type\":\"14\",\"fields\":{\"item\":\"List Item 3\"}},\"516\":{\"type\":\"14\",\"fields\":{\"item\":\"List Item 4\"}}},\"logos\":{\"517\":{\"type\":\"15\",\"fields\":{\"image\":[\"505\"],\"caption\":\"Lorem Inc\"}},\"518\":{\"type\":\"15\",\"fields\":{\"image\":[\"506\"],\"caption\":\"Ipsum LLC\"}},\"519\":{\"type\":\"15\",\"fields\":{\"image\":[\"507\"],\"caption\":\"Eckzampul \"}},\"521\":{\"type\":\"15\",\"fields\":{\"image\":[\"509\"],\"caption\":\"Play Soldur\"}},\"523\":{\"type\":\"15\",\"fields\":{\"image\":[\"511\"],\"caption\":\"Capshun HLC\"}}}}},\"524\":{\"type\":\"valuesPanel\",\"enabled\":\"1\",\"fields\":{\"heading\":\"Heading\",\"values\":{\"525\":{\"type\":\"20\",\"fields\":{\"Value\":\"Value Name 1\",\"header\":\"Header\",\"body\":\"Lorem ipsum dolor sit amet, vestibulum eget, hac nec condimentum cras. \"}},\"526\":{\"type\":\"20\",\"fields\":{\"Value\":\"Value Name 2\",\"header\":\"Header\",\"body\":\"Lorem ipsum dolor sit amet, vestibulum eget, hac nec condimentum cras. \"}},\"527\":{\"type\":\"20\",\"fields\":{\"Value\":\"Value Name 3\",\"header\":\"Header\",\"body\":\"Lorem ipsum dolor sit amet, vestibulum eget, hac nec condimentum cras. \"}}}}},\"528\":{\"type\":\"contentSelector\",\"enabled\":\"1\",\"fields\":{\"heading\":\"Heading\",\"backgroundImage\":[\"228\"],\"benefit\":{\"529\":{\"type\":\"16\",\"fields\":{\"benefitName\":\"Benefit Name 1\",\"body\":\"<p>Lorem ipsum dolor sit amet, vestibulum eget, hac nec condimentum cras.&nbsp;<\\/p>\"}},\"530\":{\"type\":\"16\",\"fields\":{\"benefitName\":\"Benefit Name 2\",\"body\":\"<p>Lorem ipsum dolor sit amet, vestibulum eget, hac nec condimentum cras.&nbsp;<\\/p>\"}},\"531\":{\"type\":\"16\",\"fields\":{\"benefitName\":\"Benefit Name 3\",\"body\":\"<p>Lorem ipsum dolor sit amet, vestibulum eget, hac nec condimentum cras.&nbsp;<\\/p>\"}}}}},\"532\":{\"type\":\"ctaListing\",\"enabled\":\"1\",\"fields\":{\"heading\":\"Heading\",\"listing\":{\"533\":{\"type\":\"18\",\"fields\":{\"itemTitle\":\"Title Example 1\",\"excerpt\":\"Lorem ipsum dolor sit amet, vestibulum eget, hac nec condimentum cras. \",\"callToAction\":{\"type\":\"entry\",\"custom\":\"\",\"entry\":[\"221\"],\"category\":\"\",\"customText\":\"Custom Link Text\",\"target\":\"\"}}},\"534\":{\"type\":\"18\",\"fields\":{\"itemTitle\":\"Title Example 2\",\"excerpt\":\"Lorem ipsum dolor sit amet, vestibulum eget, hac nec condimentum cras. \",\"callToAction\":{\"type\":\"entry\",\"custom\":\"\",\"entry\":[\"221\"],\"category\":\"\",\"customText\":\"Custom Link Text\",\"target\":\"\"}}}}}},\"535\":{\"type\":\"callToActionPanel\",\"enabled\":\"1\",\"fields\":{\"heading\":\"Heading\",\"callToAction\":{\"type\":\"entry\",\"custom\":\"\",\"entry\":[\"221\"],\"asset\":\"\",\"customText\":\"Custom Link Text\",\"target\":\"\"}}},\"536\":{\"type\":\"locationsPanel\",\"enabled\":\"1\",\"fields\":{\"heading\":\"Heading\",\"backgroundImage\":\"\"}},\"537\":{\"type\":\"caseStudyFilter\",\"enabled\":\"1\",\"fields\":{\"limit\":\"4\"}},\"538\":{\"type\":\"contact\",\"enabled\":\"1\",\"fields\":{\"heading\":\"Heading\"}},\"539\":{\"type\":\"marketsPanel\",\"enabled\":\"1\",\"fields\":{\"heading\":\"Heading\",\"markets\":[\"20\",\"55\",\"80\",\"81\",\"21\",\"82\",\"83\",\"84\",\"85\",\"86\",\"22\",\"23\",\"24\",\"25\"]}},\"540\":{\"type\":\"multipleImagePanel\",\"enabled\":\"1\",\"fields\":{\"leftImage\":[\"417\"],\"rightImage\":[\"418\"],\"upperImage\":\"left\",\"backgroundImageIsVisible\":\"\"}}}}}', '2017-07-27 20:34:46', '2017-07-27 20:34:46', '51db962c-0e7c-45eb-ad9d-476817da565c'),
 ('105', '221', '9', '1', 'en_us', '27', '', '{\"typeId\":null,\"authorId\":null,\"title\":\"UI\",\"slug\":\"ui\",\"postDate\":1500993555,\"expiryDate\":null,\"enabled\":1,\"parentId\":null,\"fields\":{\"3\":{\"222\":{\"type\":\"masthead\",\"enabled\":\"1\",\"fields\":{\"image\":{\"223\":{\"type\":\"1\",\"fields\":{\"mobileImage\":\"\",\"desktopImage\":\"\"}}},\"subheading\":\"Subheading\",\"heading\":\"Masthead Heading\"}},\"450\":{\"type\":\"gallery\",\"enabled\":\"1\",\"fields\":{\"heading\":\"Heading\",\"gallery\":{\"451\":{\"type\":\"3\",\"fields\":{\"mediaAsset\":[\"413\"],\"caption\":\"Caption of Photo\"}},\"452\":{\"type\":\"3\",\"fields\":{\"mediaAsset\":[\"227\"],\"caption\":\"Caption of Photo\"}},\"453\":{\"type\":\"3\",\"fields\":{\"mediaAsset\":[\"412\"],\"caption\":\"Caption of Photo\"}}}}},\"459\":{\"type\":\"relatedCallOuts\",\"enabled\":\"1\",\"fields\":{\"heading\":\"Heading\",\"callOuts\":[\"139\",\"53\"]}},\"460\":{\"type\":\"openings\",\"enabled\":\"1\",\"fields\":{\"internshipCard\":{\"461\":{\"type\":\"5\",\"fields\":{\"cardTitle\":\"Example Title\",\"description\":\"Example Description is an example of the description of the title.\",\"callToAction\":{\"type\":\"custom\",\"custom\":\"\",\"entry\":\"\",\"customText\":\"\"}}}},\"loadMoreText\":\"\",\"footer\":{\"462\":{\"type\":\"6\",\"fields\":{\"heading\":\"Openings Footer Heading\",\"callToAction\":{\"type\":\"\",\"custom\":\"\",\"entry\":\"\",\"customText\":\"\",\"target\":\"\"}}}}}},\"463\":{\"type\":\"instagramFeed\",\"enabled\":\"1\",\"fields\":{\"heading\":\"Heading\"}},\"464\":{\"type\":\"people\",\"enabled\":\"1\",\"fields\":{\"heading\":\"Heading\",\"people\":{\"465\":{\"type\":\"22\",\"fields\":{\"person\":[\"274\"],\"role\":[\"458\"]}}}}},\"466\":{\"type\":\"listPanel\",\"enabled\":\"1\",\"fields\":{\"heading\":\"Heading\",\"body\":\"<p><strong>Body<\\/strong>&nbsp;Lorem ipsum dolor sit amet, vestibulum eget, hac nec condimentum cras. A facilisi, pede maecenas diam accumsan, orci fringilla tellus a felis accumsan, quisque eget curae viverra platea nunc nullam, libero tortor. Sed lorem in molestie, penatibus interdum aliquet quis sed mollis pharetra.&nbsp; <\\/p>\",\"list\":{\"467\":{\"type\":\"8\",\"fields\":{\"listItem\":\"List Item 1\"}},\"468\":{\"type\":\"8\",\"fields\":{\"listItem\":\"List Item 2\"}},\"469\":{\"type\":\"8\",\"fields\":{\"listItem\":\"List Item 3\"}}},\"centered\":\"\",\"lift\":\"\",\"lightGrayBackground\":\"\"}},\"470\":{\"type\":\"listPanel\",\"enabled\":\"1\",\"fields\":{\"heading\":\"Heading (Centered, Lift, Light Gray Background)\",\"body\":\"<p><strong>Body&nbsp;<\\/strong>Lorem ipsum dolor sit amet, vestibulum eget, hac nec condimentum cras. A facilisi, pede maecenas diam accumsan, orci fringilla tellus a felis accumsan, quisque eget curae viverra platea nunc nullam, libero tortor. Sed lorem in molestie, penatibus interdum aliquet quis sed mollis pharetra.&nbsp; <\\/p>\",\"list\":{\"471\":{\"type\":\"8\",\"fields\":{\"listItem\":\"List Item 1\"}},\"472\":{\"type\":\"8\",\"fields\":{\"listItem\":\"List Item 2\"}},\"473\":{\"type\":\"8\",\"fields\":{\"listItem\":\"List Item 3\"}}},\"centered\":\"1\",\"lift\":\"1\",\"lightGrayBackground\":\"1\"}},\"474\":{\"type\":\"textPanel\",\"enabled\":\"1\",\"fields\":{\"heading\":\"Heading\",\"body\":\"<p><strong>Body&nbsp;<\\/strong>Lorem ipsum dolor sit amet, vestibulum eget, hac nec condimentum cras. A facilisi, pede maecenas diam accumsan, orci fringilla tellus a felis accumsan, quisque eget curae viverra platea nunc nullam, libero tortor. Sed lorem in molestie, penatibus interdum aliquet quis sed mollis pharetra.&nbsp;<\\/p>\"}},\"475\":{\"type\":\"imageTextPanel\",\"enabled\":\"1\",\"fields\":{\"orientation\":\"left\",\"heading\":\"Heading (Left Orientation)\",\"body\":\"<p><strong>Body<\\/strong><strong>&nbsp;<\\/strong>Lorem ipsum dolor sit amet, vestibulum eget, hac nec condimentum cras. A facilisi, pede maecenas diam accumsan, orci fringilla tellus a felis accumsan, quisque eget curae viverra platea nunc nullam, libero tortor. Sed lorem in molestie, penatibus interdum aliquet quis sed mollis pharetra.&nbsp;<\\/p>\",\"list\":{\"476\":{\"type\":\"9\",\"fields\":{\"item\":\"List Item 1\"}},\"477\":{\"type\":\"9\",\"fields\":{\"item\":\"List Item 2\"}},\"478\":{\"type\":\"9\",\"fields\":{\"item\":\"List Item 3\"}}},\"callToAction\":{\"type\":\"entry\",\"custom\":\"\",\"entry\":[\"221\"],\"target\":\"\"},\"image\":[\"409\"]}},\"479\":{\"type\":\"imageTextPanel\",\"enabled\":\"1\",\"fields\":{\"orientation\":\"right\",\"heading\":\"Heading (Right Orientation)\",\"body\":\"<p><strong>Body<\\/strong>&nbsp;Lorem ipsum dolor sit amet, vestibulum eget, hac nec condimentum cras. A facilisi, pede maecenas diam accumsan, orci fringilla tellus a felis accumsan, quisque eget curae viverra platea nunc nullam, libero tortor. Sed lorem in molestie, penatibus interdum aliquet quis sed mollis pharetra.&nbsp;<\\/p>\",\"list\":{\"480\":{\"type\":\"9\",\"fields\":{\"item\":\"List Item 1\"}},\"481\":{\"type\":\"9\",\"fields\":{\"item\":\"List Item 2\"}},\"482\":{\"type\":\"9\",\"fields\":{\"item\":\"List Item 3\"}}},\"callToAction\":{\"type\":\"entry\",\"custom\":\"\",\"entry\":[\"221\"],\"target\":\"\"},\"image\":[\"408\"]}},\"483\":{\"type\":\"largeImageTextPanel\",\"enabled\":\"1\",\"fields\":{\"orientation\":\"left\",\"heading\":\"Heading (Left Orientation)\",\"subheading\":\"Subheading\",\"body\":\"<p><strong>Body<\\/strong>&nbsp;Lorem ipsum dolor sit amet, vestibulum eget, hac nec condimentum cras. A facilisi, pede maecenas diam accumsan, orci fringilla tellus a felis accumsan, quisque eget curae viverra platea nunc nullam, libero tortor. Sed lorem in molestie, penatibus interdum aliquet quis sed mollis pharetra.&nbsp;<\\/p>\",\"list\":{\"484\":{\"type\":\"10\",\"fields\":{\"item\":\"List Item 1\"}},\"485\":{\"type\":\"10\",\"fields\":{\"item\":\"List Item 2\"}},\"486\":{\"type\":\"10\",\"fields\":{\"item\":\"List Item 3\"}}},\"callToAction\":{\"type\":\"entry\",\"custom\":\"\",\"entry\":[\"221\"],\"category\":\"\",\"customText\":\"Custom Link Text\",\"target\":\"\"},\"image\":[\"230\"],\"dark\":\"\",\"lift\":\"\"}},\"487\":{\"type\":\"largeImageTextPanel\",\"enabled\":\"1\",\"fields\":{\"orientation\":\"right\",\"heading\":\"Heading (Right Orientation, Dark, Lift)\",\"subheading\":\"Subheading\",\"body\":\"<p><strong>Body<\\/strong>&nbsp;Lorem ipsum dolor sit amet, vestibulum eget, hac nec condimentum cras. A facilisi, pede maecenas diam accumsan, orci fringilla tellus a felis accumsan, quisque eget curae viverra platea nunc nullam, libero tortor. Sed lorem in molestie, penatibus interdum aliquet quis sed mollis pharetra.&nbsp;<\\/p>\",\"list\":{\"488\":{\"type\":\"10\",\"fields\":{\"item\":\"List Item 1\"}},\"489\":{\"type\":\"10\",\"fields\":{\"item\":\"List Item 2\"}},\"490\":{\"type\":\"10\",\"fields\":{\"item\":\"List Item 3\"}}},\"callToAction\":{\"type\":\"entry\",\"custom\":\"\",\"entry\":[\"221\"],\"category\":\"\",\"customText\":\"Custom Link Text\",\"target\":\"\"},\"image\":[\"440\"],\"dark\":\"1\",\"lift\":\"1\"}},\"491\":{\"type\":\"pullQuote\",\"enabled\":\"1\",\"fields\":{\"quote\":\"\\\"Failure is simply the opportunity to begin again, this time more intelligently.\\\"\",\"author\":\"Henry Ford\"}},\"492\":{\"type\":\"resources\",\"enabled\":\"1\",\"fields\":{\"heading\":\"Heading\",\"body\":\"Body Lorem ipsum dolor sit amet, vestibulum eget, hac nec condimentum cras. A facilisi, pede maecenas diam accumsan, orci fringilla tellus a felis accumsan, quisque eget curae viverra platea nunc nullam, libero tortor. Sed lorem in molestie, penatibus interdum aliquet quis sed mollis pharetra. \",\"resources\":{\"493\":{\"type\":\"11\",\"fields\":{\"resource\":{\"type\":\"entry\",\"custom\":\"\",\"entry\":[\"221\"],\"asset\":\"\"},\"type\":[\"whitepaper\"],\"featured\":\"\"}},\"494\":{\"type\":\"11\",\"fields\":{\"resource\":{\"type\":\"entry\",\"custom\":\"\",\"entry\":[\"221\"],\"asset\":\"\"},\"type\":[\"brochure\"],\"featured\":\"1\"}},\"495\":{\"type\":\"11\",\"fields\":{\"resource\":{\"type\":\"entry\",\"custom\":\"\",\"entry\":[\"221\"],\"asset\":\"\"},\"type\":[\"publication\"],\"featured\":\"1\"}}}}},\"496\":{\"type\":\"highlights\",\"enabled\":\"\",\"fields\":{\"heading\":\"Heading\",\"body\":\"Body Lorem ipsum dolor sit amet, vestibulum eget, hac nec condimentum cras. A facilisi, pede maecenas diam accumsan, orci fringilla tellus a felis accumsan, quisque eget curae viverra platea nunc nullam, libero tortor. Sed lorem in molestie, penatibus interdum aliquet quis sed mollis pharetra. \",\"highlights\":{\"497\":{\"type\":\"12\",\"fields\":{\"highlightTitle\":\"Title\",\"image\":\"Image\",\"orientation\":\"left\"}},\"498\":{\"type\":\"12\",\"fields\":{\"highlightTitle\":\"Title\",\"image\":\"Image\",\"orientation\":\"right\"}}}}},\"499\":{\"type\":\"featuredClients\",\"enabled\":\"1\",\"fields\":{\"heading\":\"Heading\",\"body\":\"<p><strong>Body<\\/strong>&nbsp;Lorem ipsum dolor sit amet, vestibulum eget, hac nec condimentum cras. A facilisi, pede maecenas diam accumsan, orci fringilla tellus a felis accumsan, quisque eget curae viverra platea nunc nullam, libero tortor. Sed lorem in molestie, penatibus interdum aliquet quis sed mollis pharetra.&nbsp;<\\/p>\",\"clients\":{\"500\":{\"type\":\"13\",\"fields\":{\"clientName\":\"Client or Project Name\",\"clientLocation\":{\"name\":\"Eckzample Inc\",\"street\":\"453 Placeholder Dr\",\"street2\":\"\",\"city\":\"New Lorem\",\"region\":\"AK\",\"postalCode\":\"8675309\",\"country\":\"US\"},\"image\":[\"502\"]}},\"504\":{\"type\":\"13\",\"fields\":{\"clientName\":\"Client or Project Name\",\"clientLocation\":{\"name\":\"Ipsum Construction\",\"street\":\"3987 Falls Uhdress Rd\",\"street2\":\"\",\"city\":\"Dolar City\",\"region\":\"NC\",\"postalCode\":\"28173\",\"country\":\"US\"},\"image\":[\"503\"]}}}}},\"512\":{\"type\":\"logoWall\",\"enabled\":\"1\",\"fields\":{\"heading\":\"Heading\",\"body\":\"<p><strong>Body<\\/strong>&nbsp;Lorem ipsum dolor sit amet, vestibulum eget, hac nec condimentum cras. A facilisi, pede maecenas diam accumsan, orci fringilla tellus a felis accumsan, quisque eget curae viverra platea nunc nullam, libero tortor. Sed lorem in molestie, penatibus interdum aliquet quis sed mollis pharetra.&nbsp;<\\/p>\",\"list\":{\"513\":{\"type\":\"14\",\"fields\":{\"item\":\"List Item 1\"}},\"514\":{\"type\":\"14\",\"fields\":{\"item\":\"List Item 2\"}},\"515\":{\"type\":\"14\",\"fields\":{\"item\":\"List Item 3\"}},\"516\":{\"type\":\"14\",\"fields\":{\"item\":\"List Item 4\"}}},\"logos\":{\"517\":{\"type\":\"15\",\"fields\":{\"image\":[\"505\"],\"caption\":\"Lorem Inc\"}},\"518\":{\"type\":\"15\",\"fields\":{\"image\":[\"506\"],\"caption\":\"Ipsum LLC\"}},\"519\":{\"type\":\"15\",\"fields\":{\"image\":[\"507\"],\"caption\":\"Eckzampul \"}},\"521\":{\"type\":\"15\",\"fields\":{\"image\":[\"509\"],\"caption\":\"Play Soldur\"}},\"523\":{\"type\":\"15\",\"fields\":{\"image\":[\"511\"],\"caption\":\"Capshun HLC\"}}}}},\"524\":{\"type\":\"valuesPanel\",\"enabled\":\"1\",\"fields\":{\"heading\":\"Heading\",\"values\":{\"525\":{\"type\":\"20\",\"fields\":{\"Value\":\"Value Name 1\",\"header\":\"Header\",\"body\":\"Lorem ipsum dolor sit amet, vestibulum eget, hac nec condimentum cras. \"}},\"526\":{\"type\":\"20\",\"fields\":{\"Value\":\"Value Name 2\",\"header\":\"Header\",\"body\":\"Lorem ipsum dolor sit amet, vestibulum eget, hac nec condimentum cras. \"}},\"527\":{\"type\":\"20\",\"fields\":{\"Value\":\"Value Name 3\",\"header\":\"Header\",\"body\":\"Lorem ipsum dolor sit amet, vestibulum eget, hac nec condimentum cras. \"}}}}},\"528\":{\"type\":\"contentSelector\",\"enabled\":\"1\",\"fields\":{\"heading\":\"Heading\",\"backgroundImage\":[\"228\"],\"benefit\":{\"529\":{\"type\":\"16\",\"fields\":{\"benefitName\":\"Benefit Name 1\",\"body\":\"<p>Lorem ipsum dolor sit amet, vestibulum eget, hac nec condimentum cras.&nbsp;<\\/p>\"}},\"530\":{\"type\":\"16\",\"fields\":{\"benefitName\":\"Benefit Name 2\",\"body\":\"<p>Lorem ipsum dolor sit amet, vestibulum eget, hac nec condimentum cras.&nbsp;<\\/p>\"}},\"531\":{\"type\":\"16\",\"fields\":{\"benefitName\":\"Benefit Name 3\",\"body\":\"<p>Lorem ipsum dolor sit amet, vestibulum eget, hac nec condimentum cras.&nbsp;<\\/p>\"}}}}},\"532\":{\"type\":\"ctaListing\",\"enabled\":\"1\",\"fields\":{\"heading\":\"Heading\",\"listing\":{\"533\":{\"type\":\"18\",\"fields\":{\"itemTitle\":\"Title Example 1\",\"excerpt\":\"Lorem ipsum dolor sit amet, vestibulum eget, hac nec condimentum cras. \",\"callToAction\":{\"type\":\"entry\",\"custom\":\"\",\"entry\":[\"221\"],\"category\":\"\",\"customText\":\"Custom Link Text\",\"target\":\"\"}}},\"534\":{\"type\":\"18\",\"fields\":{\"itemTitle\":\"Title Example 2\",\"excerpt\":\"Lorem ipsum dolor sit amet, vestibulum eget, hac nec condimentum cras. \",\"callToAction\":{\"type\":\"entry\",\"custom\":\"\",\"entry\":[\"221\"],\"category\":\"\",\"customText\":\"Custom Link Text\",\"target\":\"\"}}}}}},\"535\":{\"type\":\"callToActionPanel\",\"enabled\":\"1\",\"fields\":{\"heading\":\"Heading\",\"callToAction\":{\"type\":\"entry\",\"custom\":\"\",\"entry\":[\"221\"],\"asset\":\"\",\"customText\":\"Custom Link Text\",\"target\":\"\"}}},\"536\":{\"type\":\"locationsPanel\",\"enabled\":\"1\",\"fields\":{\"heading\":\"Heading\",\"backgroundImage\":\"\"}},\"537\":{\"type\":\"caseStudyFilter\",\"enabled\":\"1\",\"fields\":{\"limit\":\"4\"}},\"538\":{\"type\":\"contact\",\"enabled\":\"1\",\"fields\":{\"heading\":\"Heading\"}},\"539\":{\"type\":\"marketsPanel\",\"enabled\":\"1\",\"fields\":{\"heading\":\"Heading\",\"markets\":[\"20\",\"21\",\"22\",\"23\",\"24\",\"25\"]}},\"540\":{\"type\":\"multipleImagePanel\",\"enabled\":\"1\",\"fields\":{\"leftImage\":[\"417\"],\"rightImage\":[\"418\"],\"upperImage\":\"left\",\"backgroundImageIsVisible\":\"\"}}}}}', '2017-07-27 20:35:20', '2017-07-27 20:35:20', '0d9c85b5-f9fa-4471-a02c-998ddcbfcb8d'),
 ('106', '221', '9', '1', 'en_us', '28', '', '{\"typeId\":null,\"authorId\":null,\"title\":\"UI\",\"slug\":\"ui\",\"postDate\":1500993555,\"expiryDate\":null,\"enabled\":1,\"parentId\":null,\"fields\":{\"3\":{\"222\":{\"type\":\"masthead\",\"enabled\":\"1\",\"fields\":{\"image\":{\"223\":{\"type\":\"1\",\"fields\":{\"mobileImage\":[\"455\"],\"desktopImage\":\"\"}}},\"subheading\":\"Subheading\",\"heading\":\"Masthead Heading\"}},\"450\":{\"type\":\"gallery\",\"enabled\":\"1\",\"fields\":{\"heading\":\"Heading\",\"gallery\":{\"451\":{\"type\":\"3\",\"fields\":{\"mediaAsset\":[\"413\"],\"caption\":\"Caption of Photo\"}},\"452\":{\"type\":\"3\",\"fields\":{\"mediaAsset\":[\"227\"],\"caption\":\"Caption of Photo\"}},\"453\":{\"type\":\"3\",\"fields\":{\"mediaAsset\":[\"412\"],\"caption\":\"Caption of Photo\"}}}}},\"459\":{\"type\":\"relatedCallOuts\",\"enabled\":\"1\",\"fields\":{\"heading\":\"Heading\",\"callOuts\":[\"139\",\"53\"]}},\"460\":{\"type\":\"openings\",\"enabled\":\"1\",\"fields\":{\"internshipCard\":{\"461\":{\"type\":\"5\",\"fields\":{\"cardTitle\":\"Example Title\",\"description\":\"Example Description is an example of the description of the title.\",\"callToAction\":{\"type\":\"custom\",\"custom\":\"\",\"entry\":\"\",\"customText\":\"\"}}}},\"loadMoreText\":\"\",\"footer\":{\"462\":{\"type\":\"6\",\"fields\":{\"heading\":\"Openings Footer Heading\",\"callToAction\":{\"type\":\"\",\"custom\":\"\",\"entry\":\"\",\"customText\":\"\",\"target\":\"\"}}}}}},\"463\":{\"type\":\"instagramFeed\",\"enabled\":\"1\",\"fields\":{\"heading\":\"Heading\"}},\"464\":{\"type\":\"people\",\"enabled\":\"1\",\"fields\":{\"heading\":\"Heading\",\"people\":{\"465\":{\"type\":\"22\",\"fields\":{\"person\":[\"274\"],\"role\":[\"458\"]}}}}},\"466\":{\"type\":\"listPanel\",\"enabled\":\"1\",\"fields\":{\"heading\":\"Heading\",\"body\":\"<p><strong>Body<\\/strong>&nbsp;Lorem ipsum dolor sit amet, vestibulum eget, hac nec condimentum cras. A facilisi, pede maecenas diam accumsan, orci fringilla tellus a felis accumsan, quisque eget curae viverra platea nunc nullam, libero tortor. Sed lorem in molestie, penatibus interdum aliquet quis sed mollis pharetra.&nbsp; <\\/p>\",\"list\":{\"467\":{\"type\":\"8\",\"fields\":{\"listItem\":\"List Item 1\"}},\"468\":{\"type\":\"8\",\"fields\":{\"listItem\":\"List Item 2\"}},\"469\":{\"type\":\"8\",\"fields\":{\"listItem\":\"List Item 3\"}}},\"centered\":\"\",\"lift\":\"\",\"lightGrayBackground\":\"\"}},\"470\":{\"type\":\"listPanel\",\"enabled\":\"1\",\"fields\":{\"heading\":\"Heading (Centered, Lift, Light Gray Background)\",\"body\":\"<p><strong>Body&nbsp;<\\/strong>Lorem ipsum dolor sit amet, vestibulum eget, hac nec condimentum cras. A facilisi, pede maecenas diam accumsan, orci fringilla tellus a felis accumsan, quisque eget curae viverra platea nunc nullam, libero tortor. Sed lorem in molestie, penatibus interdum aliquet quis sed mollis pharetra.&nbsp; <\\/p>\",\"list\":{\"471\":{\"type\":\"8\",\"fields\":{\"listItem\":\"List Item 1\"}},\"472\":{\"type\":\"8\",\"fields\":{\"listItem\":\"List Item 2\"}},\"473\":{\"type\":\"8\",\"fields\":{\"listItem\":\"List Item 3\"}}},\"centered\":\"1\",\"lift\":\"1\",\"lightGrayBackground\":\"1\"}},\"474\":{\"type\":\"textPanel\",\"enabled\":\"1\",\"fields\":{\"heading\":\"Heading\",\"body\":\"<p><strong>Body&nbsp;<\\/strong>Lorem ipsum dolor sit amet, vestibulum eget, hac nec condimentum cras. A facilisi, pede maecenas diam accumsan, orci fringilla tellus a felis accumsan, quisque eget curae viverra platea nunc nullam, libero tortor. Sed lorem in molestie, penatibus interdum aliquet quis sed mollis pharetra.&nbsp;<\\/p>\"}},\"475\":{\"type\":\"imageTextPanel\",\"enabled\":\"1\",\"fields\":{\"orientation\":\"left\",\"heading\":\"Heading (Left Orientation)\",\"body\":\"<p><strong>Body<\\/strong><strong>&nbsp;<\\/strong>Lorem ipsum dolor sit amet, vestibulum eget, hac nec condimentum cras. A facilisi, pede maecenas diam accumsan, orci fringilla tellus a felis accumsan, quisque eget curae viverra platea nunc nullam, libero tortor. Sed lorem in molestie, penatibus interdum aliquet quis sed mollis pharetra.&nbsp;<\\/p>\",\"list\":{\"476\":{\"type\":\"9\",\"fields\":{\"item\":\"List Item 1\"}},\"477\":{\"type\":\"9\",\"fields\":{\"item\":\"List Item 2\"}},\"478\":{\"type\":\"9\",\"fields\":{\"item\":\"List Item 3\"}}},\"callToAction\":{\"type\":\"entry\",\"custom\":\"\",\"entry\":[\"221\"],\"target\":\"\"},\"image\":[\"409\"]}},\"479\":{\"type\":\"imageTextPanel\",\"enabled\":\"1\",\"fields\":{\"orientation\":\"right\",\"heading\":\"Heading (Right Orientation)\",\"body\":\"<p><strong>Body<\\/strong>&nbsp;Lorem ipsum dolor sit amet, vestibulum eget, hac nec condimentum cras. A facilisi, pede maecenas diam accumsan, orci fringilla tellus a felis accumsan, quisque eget curae viverra platea nunc nullam, libero tortor. Sed lorem in molestie, penatibus interdum aliquet quis sed mollis pharetra.&nbsp;<\\/p>\",\"list\":{\"480\":{\"type\":\"9\",\"fields\":{\"item\":\"List Item 1\"}},\"481\":{\"type\":\"9\",\"fields\":{\"item\":\"List Item 2\"}},\"482\":{\"type\":\"9\",\"fields\":{\"item\":\"List Item 3\"}}},\"callToAction\":{\"type\":\"entry\",\"custom\":\"\",\"entry\":[\"221\"],\"target\":\"\"},\"image\":[\"408\"]}},\"483\":{\"type\":\"largeImageTextPanel\",\"enabled\":\"1\",\"fields\":{\"orientation\":\"left\",\"heading\":\"Heading (Left Orientation)\",\"subheading\":\"Subheading\",\"body\":\"<p><strong>Body<\\/strong>&nbsp;Lorem ipsum dolor sit amet, vestibulum eget, hac nec condimentum cras. A facilisi, pede maecenas diam accumsan, orci fringilla tellus a felis accumsan, quisque eget curae viverra platea nunc nullam, libero tortor. Sed lorem in molestie, penatibus interdum aliquet quis sed mollis pharetra.&nbsp;<\\/p>\",\"list\":{\"484\":{\"type\":\"10\",\"fields\":{\"item\":\"List Item 1\"}},\"485\":{\"type\":\"10\",\"fields\":{\"item\":\"List Item 2\"}},\"486\":{\"type\":\"10\",\"fields\":{\"item\":\"List Item 3\"}}},\"callToAction\":{\"type\":\"entry\",\"custom\":\"\",\"entry\":[\"221\"],\"category\":\"\",\"customText\":\"Custom Link Text\",\"target\":\"\"},\"image\":[\"230\"],\"dark\":\"\",\"lift\":\"\"}},\"487\":{\"type\":\"largeImageTextPanel\",\"enabled\":\"1\",\"fields\":{\"orientation\":\"right\",\"heading\":\"Heading (Right Orientation, Dark, Lift)\",\"subheading\":\"Subheading\",\"body\":\"<p><strong>Body<\\/strong>&nbsp;Lorem ipsum dolor sit amet, vestibulum eget, hac nec condimentum cras. A facilisi, pede maecenas diam accumsan, orci fringilla tellus a felis accumsan, quisque eget curae viverra platea nunc nullam, libero tortor. Sed lorem in molestie, penatibus interdum aliquet quis sed mollis pharetra.&nbsp;<\\/p>\",\"list\":{\"488\":{\"type\":\"10\",\"fields\":{\"item\":\"List Item 1\"}},\"489\":{\"type\":\"10\",\"fields\":{\"item\":\"List Item 2\"}},\"490\":{\"type\":\"10\",\"fields\":{\"item\":\"List Item 3\"}}},\"callToAction\":{\"type\":\"entry\",\"custom\":\"\",\"entry\":[\"221\"],\"category\":\"\",\"customText\":\"Custom Link Text\",\"target\":\"\"},\"image\":[\"440\"],\"dark\":\"1\",\"lift\":\"1\"}},\"491\":{\"type\":\"pullQuote\",\"enabled\":\"1\",\"fields\":{\"quote\":\"\\\"Failure is simply the opportunity to begin again, this time more intelligently.\\\"\",\"author\":\"Henry Ford\"}},\"492\":{\"type\":\"resources\",\"enabled\":\"1\",\"fields\":{\"heading\":\"Heading\",\"body\":\"Body Lorem ipsum dolor sit amet, vestibulum eget, hac nec condimentum cras. A facilisi, pede maecenas diam accumsan, orci fringilla tellus a felis accumsan, quisque eget curae viverra platea nunc nullam, libero tortor. Sed lorem in molestie, penatibus interdum aliquet quis sed mollis pharetra. \",\"resources\":{\"493\":{\"type\":\"11\",\"fields\":{\"resource\":{\"type\":\"entry\",\"custom\":\"\",\"entry\":[\"221\"],\"asset\":\"\"},\"type\":[\"whitepaper\"],\"featured\":\"\"}},\"494\":{\"type\":\"11\",\"fields\":{\"resource\":{\"type\":\"entry\",\"custom\":\"\",\"entry\":[\"221\"],\"asset\":\"\"},\"type\":[\"brochure\"],\"featured\":\"1\"}},\"495\":{\"type\":\"11\",\"fields\":{\"resource\":{\"type\":\"entry\",\"custom\":\"\",\"entry\":[\"221\"],\"asset\":\"\"},\"type\":[\"publication\"],\"featured\":\"1\"}}}}},\"496\":{\"type\":\"highlights\",\"enabled\":\"\",\"fields\":{\"heading\":\"Heading\",\"body\":\"Body Lorem ipsum dolor sit amet, vestibulum eget, hac nec condimentum cras. A facilisi, pede maecenas diam accumsan, orci fringilla tellus a felis accumsan, quisque eget curae viverra platea nunc nullam, libero tortor. Sed lorem in molestie, penatibus interdum aliquet quis sed mollis pharetra. \",\"highlights\":{\"497\":{\"type\":\"12\",\"fields\":{\"highlightTitle\":\"Title\",\"image\":\"Image\",\"orientation\":\"left\"}},\"498\":{\"type\":\"12\",\"fields\":{\"highlightTitle\":\"Title\",\"image\":\"Image\",\"orientation\":\"right\"}}}}},\"499\":{\"type\":\"featuredClients\",\"enabled\":\"1\",\"fields\":{\"heading\":\"Heading\",\"body\":\"<p><strong>Body<\\/strong>&nbsp;Lorem ipsum dolor sit amet, vestibulum eget, hac nec condimentum cras. A facilisi, pede maecenas diam accumsan, orci fringilla tellus a felis accumsan, quisque eget curae viverra platea nunc nullam, libero tortor. Sed lorem in molestie, penatibus interdum aliquet quis sed mollis pharetra.&nbsp;<\\/p>\",\"clients\":{\"500\":{\"type\":\"13\",\"fields\":{\"clientName\":\"Client or Project Name\",\"clientLocation\":{\"name\":\"Eckzample Inc\",\"street\":\"453 Placeholder Dr\",\"street2\":\"\",\"city\":\"New Lorem\",\"region\":\"AK\",\"postalCode\":\"8675309\",\"country\":\"US\"},\"image\":[\"502\"]}},\"504\":{\"type\":\"13\",\"fields\":{\"clientName\":\"Client or Project Name\",\"clientLocation\":{\"name\":\"Ipsum Construction\",\"street\":\"3987 Falls Uhdress Rd\",\"street2\":\"\",\"city\":\"Dolar City\",\"region\":\"NC\",\"postalCode\":\"28173\",\"country\":\"US\"},\"image\":[\"503\"]}}}}},\"512\":{\"type\":\"logoWall\",\"enabled\":\"1\",\"fields\":{\"heading\":\"Heading\",\"body\":\"<p><strong>Body<\\/strong>&nbsp;Lorem ipsum dolor sit amet, vestibulum eget, hac nec condimentum cras. A facilisi, pede maecenas diam accumsan, orci fringilla tellus a felis accumsan, quisque eget curae viverra platea nunc nullam, libero tortor. Sed lorem in molestie, penatibus interdum aliquet quis sed mollis pharetra.&nbsp;<\\/p>\",\"list\":{\"513\":{\"type\":\"14\",\"fields\":{\"item\":\"List Item 1\"}},\"514\":{\"type\":\"14\",\"fields\":{\"item\":\"List Item 2\"}},\"515\":{\"type\":\"14\",\"fields\":{\"item\":\"List Item 3\"}},\"516\":{\"type\":\"14\",\"fields\":{\"item\":\"List Item 4\"}}},\"logos\":{\"517\":{\"type\":\"15\",\"fields\":{\"image\":[\"505\"],\"caption\":\"Lorem Inc\"}},\"518\":{\"type\":\"15\",\"fields\":{\"image\":[\"506\"],\"caption\":\"Ipsum LLC\"}},\"519\":{\"type\":\"15\",\"fields\":{\"image\":[\"507\"],\"caption\":\"Eckzampul \"}},\"521\":{\"type\":\"15\",\"fields\":{\"image\":[\"509\"],\"caption\":\"Play Soldur\"}},\"523\":{\"type\":\"15\",\"fields\":{\"image\":[\"511\"],\"caption\":\"Capshun HLC\"}}}}},\"524\":{\"type\":\"valuesPanel\",\"enabled\":\"1\",\"fields\":{\"heading\":\"Heading\",\"values\":{\"525\":{\"type\":\"20\",\"fields\":{\"Value\":\"Value Name 1\",\"header\":\"Header\",\"body\":\"Lorem ipsum dolor sit amet, vestibulum eget, hac nec condimentum cras. \"}},\"526\":{\"type\":\"20\",\"fields\":{\"Value\":\"Value Name 2\",\"header\":\"Header\",\"body\":\"Lorem ipsum dolor sit amet, vestibulum eget, hac nec condimentum cras. \"}},\"527\":{\"type\":\"20\",\"fields\":{\"Value\":\"Value Name 3\",\"header\":\"Header\",\"body\":\"Lorem ipsum dolor sit amet, vestibulum eget, hac nec condimentum cras. \"}}}}},\"528\":{\"type\":\"contentSelector\",\"enabled\":\"1\",\"fields\":{\"heading\":\"Heading\",\"backgroundImage\":[\"228\"],\"benefit\":{\"529\":{\"type\":\"16\",\"fields\":{\"benefitName\":\"Benefit Name 1\",\"body\":\"<p>Lorem ipsum dolor sit amet, vestibulum eget, hac nec condimentum cras.&nbsp;<\\/p>\"}},\"530\":{\"type\":\"16\",\"fields\":{\"benefitName\":\"Benefit Name 2\",\"body\":\"<p>Lorem ipsum dolor sit amet, vestibulum eget, hac nec condimentum cras.&nbsp;<\\/p>\"}},\"531\":{\"type\":\"16\",\"fields\":{\"benefitName\":\"Benefit Name 3\",\"body\":\"<p>Lorem ipsum dolor sit amet, vestibulum eget, hac nec condimentum cras.&nbsp;<\\/p>\"}}}}},\"532\":{\"type\":\"ctaListing\",\"enabled\":\"1\",\"fields\":{\"heading\":\"Heading\",\"listing\":{\"533\":{\"type\":\"18\",\"fields\":{\"itemTitle\":\"Title Example 1\",\"excerpt\":\"Lorem ipsum dolor sit amet, vestibulum eget, hac nec condimentum cras. \",\"callToAction\":{\"type\":\"entry\",\"custom\":\"\",\"entry\":[\"221\"],\"category\":\"\",\"customText\":\"Custom Link Text\",\"target\":\"\"}}},\"534\":{\"type\":\"18\",\"fields\":{\"itemTitle\":\"Title Example 2\",\"excerpt\":\"Lorem ipsum dolor sit amet, vestibulum eget, hac nec condimentum cras. \",\"callToAction\":{\"type\":\"entry\",\"custom\":\"\",\"entry\":[\"221\"],\"category\":\"\",\"customText\":\"Custom Link Text\",\"target\":\"\"}}}}}},\"535\":{\"type\":\"callToActionPanel\",\"enabled\":\"1\",\"fields\":{\"heading\":\"Heading\",\"callToAction\":{\"type\":\"entry\",\"custom\":\"\",\"entry\":[\"221\"],\"asset\":\"\",\"customText\":\"Custom Link Text\",\"target\":\"\"}}},\"536\":{\"type\":\"locationsPanel\",\"enabled\":\"1\",\"fields\":{\"heading\":\"Heading\",\"backgroundImage\":\"\"}},\"537\":{\"type\":\"caseStudyFilter\",\"enabled\":\"1\",\"fields\":{\"limit\":\"4\"}},\"538\":{\"type\":\"contact\",\"enabled\":\"1\",\"fields\":{\"heading\":\"Heading\"}},\"539\":{\"type\":\"marketsPanel\",\"enabled\":\"1\",\"fields\":{\"heading\":\"Heading\",\"markets\":[\"20\",\"21\",\"22\",\"23\",\"24\",\"25\"]}},\"540\":{\"type\":\"multipleImagePanel\",\"enabled\":\"1\",\"fields\":{\"leftImage\":[\"417\"],\"rightImage\":[\"418\"],\"upperImage\":\"left\",\"backgroundImageIsVisible\":\"\"}}}}}', '2017-07-27 20:36:30', '2017-07-27 20:36:30', '74f6db9b-d06c-4fb1-8b18-71895492df0f'),
 ('107', '221', '9', '1', 'en_us', '29', '', '{\"typeId\":null,\"authorId\":null,\"title\":\"UI\",\"slug\":\"ui\",\"postDate\":1500993555,\"expiryDate\":null,\"enabled\":1,\"parentId\":null,\"fields\":{\"3\":{\"222\":{\"type\":\"masthead\",\"enabled\":\"1\",\"fields\":{\"image\":{\"223\":{\"type\":\"1\",\"fields\":{\"mobileImage\":[\"455\"],\"desktopImage\":\"\"}}},\"subheading\":\"Subheading\",\"heading\":\"Heading\"}},\"450\":{\"type\":\"gallery\",\"enabled\":\"1\",\"fields\":{\"heading\":\"Heading\",\"gallery\":{\"451\":{\"type\":\"3\",\"fields\":{\"mediaAsset\":[\"413\"],\"caption\":\"Caption of Photo\"}},\"452\":{\"type\":\"3\",\"fields\":{\"mediaAsset\":[\"227\"],\"caption\":\"Caption of Photo\"}},\"453\":{\"type\":\"3\",\"fields\":{\"mediaAsset\":[\"412\"],\"caption\":\"Caption of Photo\"}}}}},\"459\":{\"type\":\"relatedCallOuts\",\"enabled\":\"1\",\"fields\":{\"heading\":\"Heading\",\"callOuts\":[\"139\",\"53\"]}},\"460\":{\"type\":\"openings\",\"enabled\":\"1\",\"fields\":{\"internshipCard\":{\"461\":{\"type\":\"5\",\"fields\":{\"cardTitle\":\"Example Title\",\"description\":\"Example Description is an example of the description of the title.\",\"callToAction\":{\"type\":\"custom\",\"custom\":\"\",\"entry\":\"\",\"customText\":\"\"}}}},\"loadMoreText\":\"\",\"footer\":{\"462\":{\"type\":\"6\",\"fields\":{\"heading\":\"Openings Footer Heading\",\"callToAction\":{\"type\":\"\",\"custom\":\"\",\"entry\":\"\",\"customText\":\"\",\"target\":\"\"}}}}}},\"463\":{\"type\":\"instagramFeed\",\"enabled\":\"1\",\"fields\":{\"heading\":\"Heading\"}},\"464\":{\"type\":\"people\",\"enabled\":\"1\",\"fields\":{\"heading\":\"Heading\",\"people\":{\"465\":{\"type\":\"22\",\"fields\":{\"person\":[\"274\"],\"role\":[\"458\"]}}}}},\"466\":{\"type\":\"listPanel\",\"enabled\":\"1\",\"fields\":{\"heading\":\"Heading\",\"body\":\"<p><strong>Body<\\/strong>&nbsp;Lorem ipsum dolor sit amet, vestibulum eget, hac nec condimentum cras. A facilisi, pede maecenas diam accumsan, orci fringilla tellus a felis accumsan, quisque eget curae viverra platea nunc nullam, libero tortor. Sed lorem in molestie, penatibus interdum aliquet quis sed mollis pharetra.&nbsp; <\\/p>\",\"list\":{\"467\":{\"type\":\"8\",\"fields\":{\"listItem\":\"List Item 1\"}},\"468\":{\"type\":\"8\",\"fields\":{\"listItem\":\"List Item 2\"}},\"469\":{\"type\":\"8\",\"fields\":{\"listItem\":\"List Item 3\"}}},\"centered\":\"\",\"lift\":\"\",\"lightGrayBackground\":\"\"}},\"470\":{\"type\":\"listPanel\",\"enabled\":\"1\",\"fields\":{\"heading\":\"Heading (Centered, Lift, Light Gray Background)\",\"body\":\"<p><strong>Body&nbsp;<\\/strong>Lorem ipsum dolor sit amet, vestibulum eget, hac nec condimentum cras. A facilisi, pede maecenas diam accumsan, orci fringilla tellus a felis accumsan, quisque eget curae viverra platea nunc nullam, libero tortor. Sed lorem in molestie, penatibus interdum aliquet quis sed mollis pharetra.&nbsp; <\\/p>\",\"list\":{\"471\":{\"type\":\"8\",\"fields\":{\"listItem\":\"List Item 1\"}},\"472\":{\"type\":\"8\",\"fields\":{\"listItem\":\"List Item 2\"}},\"473\":{\"type\":\"8\",\"fields\":{\"listItem\":\"List Item 3\"}}},\"centered\":\"1\",\"lift\":\"1\",\"lightGrayBackground\":\"1\"}},\"474\":{\"type\":\"textPanel\",\"enabled\":\"1\",\"fields\":{\"heading\":\"Heading\",\"body\":\"<p><strong>Body&nbsp;<\\/strong>Lorem ipsum dolor sit amet, vestibulum eget, hac nec condimentum cras. A facilisi, pede maecenas diam accumsan, orci fringilla tellus a felis accumsan, quisque eget curae viverra platea nunc nullam, libero tortor. Sed lorem in molestie, penatibus interdum aliquet quis sed mollis pharetra.&nbsp;<\\/p>\"}},\"475\":{\"type\":\"imageTextPanel\",\"enabled\":\"1\",\"fields\":{\"orientation\":\"left\",\"heading\":\"Heading (Left Orientation)\",\"body\":\"<p><strong>Body<\\/strong><strong>&nbsp;<\\/strong>Lorem ipsum dolor sit amet, vestibulum eget, hac nec condimentum cras. A facilisi, pede maecenas diam accumsan, orci fringilla tellus a felis accumsan, quisque eget curae viverra platea nunc nullam, libero tortor. Sed lorem in molestie, penatibus interdum aliquet quis sed mollis pharetra.&nbsp;<\\/p>\",\"list\":{\"476\":{\"type\":\"9\",\"fields\":{\"item\":\"List Item 1\"}},\"477\":{\"type\":\"9\",\"fields\":{\"item\":\"List Item 2\"}},\"478\":{\"type\":\"9\",\"fields\":{\"item\":\"List Item 3\"}}},\"callToAction\":{\"type\":\"entry\",\"custom\":\"\",\"entry\":[\"221\"],\"target\":\"\"},\"image\":[\"409\"]}},\"479\":{\"type\":\"imageTextPanel\",\"enabled\":\"1\",\"fields\":{\"orientation\":\"right\",\"heading\":\"Heading (Right Orientation)\",\"body\":\"<p><strong>Body<\\/strong>&nbsp;Lorem ipsum dolor sit amet, vestibulum eget, hac nec condimentum cras. A facilisi, pede maecenas diam accumsan, orci fringilla tellus a felis accumsan, quisque eget curae viverra platea nunc nullam, libero tortor. Sed lorem in molestie, penatibus interdum aliquet quis sed mollis pharetra.&nbsp;<\\/p>\",\"list\":{\"480\":{\"type\":\"9\",\"fields\":{\"item\":\"List Item 1\"}},\"481\":{\"type\":\"9\",\"fields\":{\"item\":\"List Item 2\"}},\"482\":{\"type\":\"9\",\"fields\":{\"item\":\"List Item 3\"}}},\"callToAction\":{\"type\":\"entry\",\"custom\":\"\",\"entry\":[\"221\"],\"target\":\"\"},\"image\":[\"408\"]}},\"483\":{\"type\":\"largeImageTextPanel\",\"enabled\":\"1\",\"fields\":{\"orientation\":\"left\",\"heading\":\"Heading (Left Orientation)\",\"subheading\":\"Subheading\",\"body\":\"<p><strong>Body<\\/strong>&nbsp;Lorem ipsum dolor sit amet, vestibulum eget, hac nec condimentum cras. A facilisi, pede maecenas diam accumsan, orci fringilla tellus a felis accumsan, quisque eget curae viverra platea nunc nullam, libero tortor. Sed lorem in molestie, penatibus interdum aliquet quis sed mollis pharetra.&nbsp;<\\/p>\",\"list\":{\"484\":{\"type\":\"10\",\"fields\":{\"item\":\"List Item 1\"}},\"485\":{\"type\":\"10\",\"fields\":{\"item\":\"List Item 2\"}},\"486\":{\"type\":\"10\",\"fields\":{\"item\":\"List Item 3\"}}},\"callToAction\":{\"type\":\"entry\",\"custom\":\"\",\"entry\":[\"221\"],\"category\":\"\",\"customText\":\"Custom Link Text\",\"target\":\"\"},\"image\":[\"230\"],\"dark\":\"\",\"lift\":\"\"}},\"487\":{\"type\":\"largeImageTextPanel\",\"enabled\":\"1\",\"fields\":{\"orientation\":\"right\",\"heading\":\"Heading (Right Orientation, Dark, Lift)\",\"subheading\":\"Subheading\",\"body\":\"<p><strong>Body<\\/strong>&nbsp;Lorem ipsum dolor sit amet, vestibulum eget, hac nec condimentum cras. A facilisi, pede maecenas diam accumsan, orci fringilla tellus a felis accumsan, quisque eget curae viverra platea nunc nullam, libero tortor. Sed lorem in molestie, penatibus interdum aliquet quis sed mollis pharetra.&nbsp;<\\/p>\",\"list\":{\"488\":{\"type\":\"10\",\"fields\":{\"item\":\"List Item 1\"}},\"489\":{\"type\":\"10\",\"fields\":{\"item\":\"List Item 2\"}},\"490\":{\"type\":\"10\",\"fields\":{\"item\":\"List Item 3\"}}},\"callToAction\":{\"type\":\"entry\",\"custom\":\"\",\"entry\":[\"221\"],\"category\":\"\",\"customText\":\"Custom Link Text\",\"target\":\"\"},\"image\":[\"440\"],\"dark\":\"1\",\"lift\":\"1\"}},\"491\":{\"type\":\"pullQuote\",\"enabled\":\"1\",\"fields\":{\"quote\":\"\\\"Failure is simply the opportunity to begin again, this time more intelligently.\\\"\",\"author\":\"Henry Ford\"}},\"492\":{\"type\":\"resources\",\"enabled\":\"1\",\"fields\":{\"heading\":\"Heading\",\"body\":\"Body Lorem ipsum dolor sit amet, vestibulum eget, hac nec condimentum cras. A facilisi, pede maecenas diam accumsan, orci fringilla tellus a felis accumsan, quisque eget curae viverra platea nunc nullam, libero tortor. Sed lorem in molestie, penatibus interdum aliquet quis sed mollis pharetra. \",\"resources\":{\"493\":{\"type\":\"11\",\"fields\":{\"resource\":{\"type\":\"entry\",\"custom\":\"\",\"entry\":[\"221\"],\"asset\":\"\"},\"type\":[\"whitepaper\"],\"featured\":\"\"}},\"494\":{\"type\":\"11\",\"fields\":{\"resource\":{\"type\":\"entry\",\"custom\":\"\",\"entry\":[\"221\"],\"asset\":\"\"},\"type\":[\"brochure\"],\"featured\":\"1\"}},\"495\":{\"type\":\"11\",\"fields\":{\"resource\":{\"type\":\"entry\",\"custom\":\"\",\"entry\":[\"221\"],\"asset\":\"\"},\"type\":[\"publication\"],\"featured\":\"1\"}}}}},\"496\":{\"type\":\"highlights\",\"enabled\":\"\",\"fields\":{\"heading\":\"Heading\",\"body\":\"Body Lorem ipsum dolor sit amet, vestibulum eget, hac nec condimentum cras. A facilisi, pede maecenas diam accumsan, orci fringilla tellus a felis accumsan, quisque eget curae viverra platea nunc nullam, libero tortor. Sed lorem in molestie, penatibus interdum aliquet quis sed mollis pharetra. \",\"highlights\":{\"497\":{\"type\":\"12\",\"fields\":{\"highlightTitle\":\"Title\",\"image\":\"Image\",\"orientation\":\"left\"}},\"498\":{\"type\":\"12\",\"fields\":{\"highlightTitle\":\"Title\",\"image\":\"Image\",\"orientation\":\"right\"}}}}},\"499\":{\"type\":\"featuredClients\",\"enabled\":\"1\",\"fields\":{\"heading\":\"Heading\",\"body\":\"<p><strong>Body<\\/strong>&nbsp;Lorem ipsum dolor sit amet, vestibulum eget, hac nec condimentum cras. A facilisi, pede maecenas diam accumsan, orci fringilla tellus a felis accumsan, quisque eget curae viverra platea nunc nullam, libero tortor. Sed lorem in molestie, penatibus interdum aliquet quis sed mollis pharetra.&nbsp;<\\/p>\",\"clients\":{\"500\":{\"type\":\"13\",\"fields\":{\"clientName\":\"Client or Project Name\",\"clientLocation\":{\"name\":\"Eckzample Inc\",\"street\":\"453 Placeholder Dr\",\"street2\":\"\",\"city\":\"New Lorem\",\"region\":\"AK\",\"postalCode\":\"8675309\",\"country\":\"US\"},\"image\":[\"502\"]}},\"504\":{\"type\":\"13\",\"fields\":{\"clientName\":\"Client or Project Name\",\"clientLocation\":{\"name\":\"Ipsum Construction\",\"street\":\"3987 Falls Uhdress Rd\",\"street2\":\"\",\"city\":\"Dolar City\",\"region\":\"NC\",\"postalCode\":\"28173\",\"country\":\"US\"},\"image\":[\"503\"]}}}}},\"512\":{\"type\":\"logoWall\",\"enabled\":\"1\",\"fields\":{\"heading\":\"Heading\",\"body\":\"<p><strong>Body<\\/strong>&nbsp;Lorem ipsum dolor sit amet, vestibulum eget, hac nec condimentum cras. A facilisi, pede maecenas diam accumsan, orci fringilla tellus a felis accumsan, quisque eget curae viverra platea nunc nullam, libero tortor. Sed lorem in molestie, penatibus interdum aliquet quis sed mollis pharetra.&nbsp;<\\/p>\",\"list\":{\"513\":{\"type\":\"14\",\"fields\":{\"item\":\"List Item 1\"}},\"514\":{\"type\":\"14\",\"fields\":{\"item\":\"List Item 2\"}},\"515\":{\"type\":\"14\",\"fields\":{\"item\":\"List Item 3\"}},\"516\":{\"type\":\"14\",\"fields\":{\"item\":\"List Item 4\"}}},\"logos\":{\"517\":{\"type\":\"15\",\"fields\":{\"image\":[\"505\"],\"caption\":\"Lorem Inc\"}},\"518\":{\"type\":\"15\",\"fields\":{\"image\":[\"506\"],\"caption\":\"Ipsum LLC\"}},\"519\":{\"type\":\"15\",\"fields\":{\"image\":[\"507\"],\"caption\":\"Eckzampul \"}},\"521\":{\"type\":\"15\",\"fields\":{\"image\":[\"509\"],\"caption\":\"Play Soldur\"}},\"523\":{\"type\":\"15\",\"fields\":{\"image\":[\"511\"],\"caption\":\"Capshun HLC\"}}}}},\"524\":{\"type\":\"valuesPanel\",\"enabled\":\"1\",\"fields\":{\"heading\":\"Heading\",\"values\":{\"525\":{\"type\":\"20\",\"fields\":{\"Value\":\"Value Name 1\",\"header\":\"Header\",\"body\":\"Lorem ipsum dolor sit amet, vestibulum eget, hac nec condimentum cras. \"}},\"526\":{\"type\":\"20\",\"fields\":{\"Value\":\"Value Name 2\",\"header\":\"Header\",\"body\":\"Lorem ipsum dolor sit amet, vestibulum eget, hac nec condimentum cras. \"}},\"527\":{\"type\":\"20\",\"fields\":{\"Value\":\"Value Name 3\",\"header\":\"Header\",\"body\":\"Lorem ipsum dolor sit amet, vestibulum eget, hac nec condimentum cras. \"}}}}},\"528\":{\"type\":\"contentSelector\",\"enabled\":\"1\",\"fields\":{\"heading\":\"Heading\",\"backgroundImage\":[\"228\"],\"benefit\":{\"529\":{\"type\":\"16\",\"fields\":{\"benefitName\":\"Benefit Name 1\",\"body\":\"<p>Lorem ipsum dolor sit amet, vestibulum eget, hac nec condimentum cras.&nbsp;<\\/p>\"}},\"530\":{\"type\":\"16\",\"fields\":{\"benefitName\":\"Benefit Name 2\",\"body\":\"<p>Lorem ipsum dolor sit amet, vestibulum eget, hac nec condimentum cras.&nbsp;<\\/p>\"}},\"531\":{\"type\":\"16\",\"fields\":{\"benefitName\":\"Benefit Name 3\",\"body\":\"<p>Lorem ipsum dolor sit amet, vestibulum eget, hac nec condimentum cras.&nbsp;<\\/p>\"}}}}},\"532\":{\"type\":\"ctaListing\",\"enabled\":\"1\",\"fields\":{\"heading\":\"Heading\",\"listing\":{\"533\":{\"type\":\"18\",\"fields\":{\"itemTitle\":\"Title Example 1\",\"excerpt\":\"Lorem ipsum dolor sit amet, vestibulum eget, hac nec condimentum cras. \",\"callToAction\":{\"type\":\"entry\",\"custom\":\"\",\"entry\":[\"221\"],\"category\":\"\",\"customText\":\"Custom Link Text\",\"target\":\"\"}}},\"534\":{\"type\":\"18\",\"fields\":{\"itemTitle\":\"Title Example 2\",\"excerpt\":\"Lorem ipsum dolor sit amet, vestibulum eget, hac nec condimentum cras. \",\"callToAction\":{\"type\":\"entry\",\"custom\":\"\",\"entry\":[\"221\"],\"category\":\"\",\"customText\":\"Custom Link Text\",\"target\":\"\"}}}}}},\"535\":{\"type\":\"callToActionPanel\",\"enabled\":\"1\",\"fields\":{\"heading\":\"Heading\",\"callToAction\":{\"type\":\"entry\",\"custom\":\"\",\"entry\":[\"221\"],\"asset\":\"\",\"customText\":\"Custom Link Text\",\"target\":\"\"}}},\"536\":{\"type\":\"locationsPanel\",\"enabled\":\"1\",\"fields\":{\"heading\":\"Heading\",\"backgroundImage\":\"\"}},\"537\":{\"type\":\"caseStudyFilter\",\"enabled\":\"1\",\"fields\":{\"limit\":\"4\"}},\"538\":{\"type\":\"contact\",\"enabled\":\"1\",\"fields\":{\"heading\":\"Heading\"}},\"539\":{\"type\":\"marketsPanel\",\"enabled\":\"1\",\"fields\":{\"heading\":\"Heading\",\"markets\":[\"20\",\"21\",\"22\",\"23\",\"24\",\"25\"]}},\"540\":{\"type\":\"multipleImagePanel\",\"enabled\":\"1\",\"fields\":{\"leftImage\":[\"417\"],\"rightImage\":[\"418\"],\"upperImage\":\"left\",\"backgroundImageIsVisible\":\"\"}}}}}', '2017-07-27 20:36:43', '2017-07-27 20:36:43', 'd1263c30-76ba-4019-8b86-d8fd76fd51b3'),
 ('108', '221', '9', '1', 'en_us', '30', '', '{\"typeId\":null,\"authorId\":null,\"title\":\"UI\",\"slug\":\"ui\",\"postDate\":1500993555,\"expiryDate\":null,\"enabled\":1,\"parentId\":null,\"fields\":{\"3\":{\"222\":{\"type\":\"masthead\",\"enabled\":\"1\",\"fields\":{\"image\":{\"223\":{\"type\":\"1\",\"fields\":{\"mobileImage\":[\"455\"],\"desktopImage\":[\"455\"]}}},\"subheading\":\"Subheading\",\"heading\":\"Heading\"}},\"450\":{\"type\":\"gallery\",\"enabled\":\"1\",\"fields\":{\"heading\":\"Heading\",\"gallery\":{\"451\":{\"type\":\"3\",\"fields\":{\"mediaAsset\":[\"413\"],\"caption\":\"Caption of Photo\"}},\"452\":{\"type\":\"3\",\"fields\":{\"mediaAsset\":[\"227\"],\"caption\":\"Caption of Photo\"}},\"453\":{\"type\":\"3\",\"fields\":{\"mediaAsset\":[\"412\"],\"caption\":\"Caption of Photo\"}}}}},\"459\":{\"type\":\"relatedCallOuts\",\"enabled\":\"1\",\"fields\":{\"heading\":\"Heading\",\"callOuts\":[\"139\",\"53\"]}},\"460\":{\"type\":\"openings\",\"enabled\":\"1\",\"fields\":{\"internshipCard\":{\"461\":{\"type\":\"5\",\"fields\":{\"cardTitle\":\"Example Title\",\"description\":\"Example Description is an example of the description of the title.\",\"callToAction\":{\"type\":\"custom\",\"custom\":\"\",\"entry\":\"\",\"customText\":\"\"}}}},\"loadMoreText\":\"\",\"footer\":{\"462\":{\"type\":\"6\",\"fields\":{\"heading\":\"Openings Footer Heading\",\"callToAction\":{\"type\":\"\",\"custom\":\"\",\"entry\":\"\",\"customText\":\"\",\"target\":\"\"}}}}}},\"463\":{\"type\":\"instagramFeed\",\"enabled\":\"1\",\"fields\":{\"heading\":\"Heading\"}},\"464\":{\"type\":\"people\",\"enabled\":\"1\",\"fields\":{\"heading\":\"Heading\",\"people\":{\"465\":{\"type\":\"22\",\"fields\":{\"person\":[\"274\"],\"role\":[\"458\"]}}}}},\"466\":{\"type\":\"listPanel\",\"enabled\":\"1\",\"fields\":{\"heading\":\"Heading\",\"body\":\"<p><strong>Body<\\/strong>&nbsp;Lorem ipsum dolor sit amet, vestibulum eget, hac nec condimentum cras. A facilisi, pede maecenas diam accumsan, orci fringilla tellus a felis accumsan, quisque eget curae viverra platea nunc nullam, libero tortor. Sed lorem in molestie, penatibus interdum aliquet quis sed mollis pharetra.&nbsp; <\\/p>\",\"list\":{\"467\":{\"type\":\"8\",\"fields\":{\"listItem\":\"List Item 1\"}},\"468\":{\"type\":\"8\",\"fields\":{\"listItem\":\"List Item 2\"}},\"469\":{\"type\":\"8\",\"fields\":{\"listItem\":\"List Item 3\"}}},\"centered\":\"\",\"lift\":\"\",\"lightGrayBackground\":\"\"}},\"470\":{\"type\":\"listPanel\",\"enabled\":\"1\",\"fields\":{\"heading\":\"Heading (Centered, Lift, Light Gray Background)\",\"body\":\"<p><strong>Body&nbsp;<\\/strong>Lorem ipsum dolor sit amet, vestibulum eget, hac nec condimentum cras. A facilisi, pede maecenas diam accumsan, orci fringilla tellus a felis accumsan, quisque eget curae viverra platea nunc nullam, libero tortor. Sed lorem in molestie, penatibus interdum aliquet quis sed mollis pharetra.&nbsp; <\\/p>\",\"list\":{\"471\":{\"type\":\"8\",\"fields\":{\"listItem\":\"List Item 1\"}},\"472\":{\"type\":\"8\",\"fields\":{\"listItem\":\"List Item 2\"}},\"473\":{\"type\":\"8\",\"fields\":{\"listItem\":\"List Item 3\"}}},\"centered\":\"1\",\"lift\":\"1\",\"lightGrayBackground\":\"1\"}},\"474\":{\"type\":\"textPanel\",\"enabled\":\"1\",\"fields\":{\"heading\":\"Heading\",\"body\":\"<p><strong>Body&nbsp;<\\/strong>Lorem ipsum dolor sit amet, vestibulum eget, hac nec condimentum cras. A facilisi, pede maecenas diam accumsan, orci fringilla tellus a felis accumsan, quisque eget curae viverra platea nunc nullam, libero tortor. Sed lorem in molestie, penatibus interdum aliquet quis sed mollis pharetra.&nbsp;<\\/p>\"}},\"475\":{\"type\":\"imageTextPanel\",\"enabled\":\"1\",\"fields\":{\"orientation\":\"left\",\"heading\":\"Heading (Left Orientation)\",\"body\":\"<p><strong>Body<\\/strong><strong>&nbsp;<\\/strong>Lorem ipsum dolor sit amet, vestibulum eget, hac nec condimentum cras. A facilisi, pede maecenas diam accumsan, orci fringilla tellus a felis accumsan, quisque eget curae viverra platea nunc nullam, libero tortor. Sed lorem in molestie, penatibus interdum aliquet quis sed mollis pharetra.&nbsp;<\\/p>\",\"list\":{\"476\":{\"type\":\"9\",\"fields\":{\"item\":\"List Item 1\"}},\"477\":{\"type\":\"9\",\"fields\":{\"item\":\"List Item 2\"}},\"478\":{\"type\":\"9\",\"fields\":{\"item\":\"List Item 3\"}}},\"callToAction\":{\"type\":\"entry\",\"custom\":\"\",\"entry\":[\"221\"],\"target\":\"\"},\"image\":[\"409\"]}},\"479\":{\"type\":\"imageTextPanel\",\"enabled\":\"1\",\"fields\":{\"orientation\":\"right\",\"heading\":\"Heading (Right Orientation)\",\"body\":\"<p><strong>Body<\\/strong>&nbsp;Lorem ipsum dolor sit amet, vestibulum eget, hac nec condimentum cras. A facilisi, pede maecenas diam accumsan, orci fringilla tellus a felis accumsan, quisque eget curae viverra platea nunc nullam, libero tortor. Sed lorem in molestie, penatibus interdum aliquet quis sed mollis pharetra.&nbsp;<\\/p>\",\"list\":{\"480\":{\"type\":\"9\",\"fields\":{\"item\":\"List Item 1\"}},\"481\":{\"type\":\"9\",\"fields\":{\"item\":\"List Item 2\"}},\"482\":{\"type\":\"9\",\"fields\":{\"item\":\"List Item 3\"}}},\"callToAction\":{\"type\":\"entry\",\"custom\":\"\",\"entry\":[\"221\"],\"target\":\"\"},\"image\":[\"408\"]}},\"483\":{\"type\":\"largeImageTextPanel\",\"enabled\":\"1\",\"fields\":{\"orientation\":\"left\",\"heading\":\"Heading (Left Orientation)\",\"subheading\":\"Subheading\",\"body\":\"<p><strong>Body<\\/strong>&nbsp;Lorem ipsum dolor sit amet, vestibulum eget, hac nec condimentum cras. A facilisi, pede maecenas diam accumsan, orci fringilla tellus a felis accumsan, quisque eget curae viverra platea nunc nullam, libero tortor. Sed lorem in molestie, penatibus interdum aliquet quis sed mollis pharetra.&nbsp;<\\/p>\",\"list\":{\"484\":{\"type\":\"10\",\"fields\":{\"item\":\"List Item 1\"}},\"485\":{\"type\":\"10\",\"fields\":{\"item\":\"List Item 2\"}},\"486\":{\"type\":\"10\",\"fields\":{\"item\":\"List Item 3\"}}},\"callToAction\":{\"type\":\"entry\",\"custom\":\"\",\"entry\":[\"221\"],\"category\":\"\",\"customText\":\"Custom Link Text\",\"target\":\"\"},\"image\":[\"230\"],\"dark\":\"\",\"lift\":\"\"}},\"487\":{\"type\":\"largeImageTextPanel\",\"enabled\":\"1\",\"fields\":{\"orientation\":\"right\",\"heading\":\"Heading (Right Orientation, Dark, Lift)\",\"subheading\":\"Subheading\",\"body\":\"<p><strong>Body<\\/strong>&nbsp;Lorem ipsum dolor sit amet, vestibulum eget, hac nec condimentum cras. A facilisi, pede maecenas diam accumsan, orci fringilla tellus a felis accumsan, quisque eget curae viverra platea nunc nullam, libero tortor. Sed lorem in molestie, penatibus interdum aliquet quis sed mollis pharetra.&nbsp;<\\/p>\",\"list\":{\"488\":{\"type\":\"10\",\"fields\":{\"item\":\"List Item 1\"}},\"489\":{\"type\":\"10\",\"fields\":{\"item\":\"List Item 2\"}},\"490\":{\"type\":\"10\",\"fields\":{\"item\":\"List Item 3\"}}},\"callToAction\":{\"type\":\"entry\",\"custom\":\"\",\"entry\":[\"221\"],\"category\":\"\",\"customText\":\"Custom Link Text\",\"target\":\"\"},\"image\":[\"440\"],\"dark\":\"1\",\"lift\":\"1\"}},\"491\":{\"type\":\"pullQuote\",\"enabled\":\"1\",\"fields\":{\"quote\":\"\\\"Failure is simply the opportunity to begin again, this time more intelligently.\\\"\",\"author\":\"Henry Ford\"}},\"492\":{\"type\":\"resources\",\"enabled\":\"1\",\"fields\":{\"heading\":\"Heading\",\"body\":\"Body Lorem ipsum dolor sit amet, vestibulum eget, hac nec condimentum cras. A facilisi, pede maecenas diam accumsan, orci fringilla tellus a felis accumsan, quisque eget curae viverra platea nunc nullam, libero tortor. Sed lorem in molestie, penatibus interdum aliquet quis sed mollis pharetra. \",\"resources\":{\"493\":{\"type\":\"11\",\"fields\":{\"resource\":{\"type\":\"entry\",\"custom\":\"\",\"entry\":[\"221\"],\"asset\":\"\"},\"type\":[\"whitepaper\"],\"featured\":\"\"}},\"494\":{\"type\":\"11\",\"fields\":{\"resource\":{\"type\":\"entry\",\"custom\":\"\",\"entry\":[\"221\"],\"asset\":\"\"},\"type\":[\"brochure\"],\"featured\":\"1\"}},\"495\":{\"type\":\"11\",\"fields\":{\"resource\":{\"type\":\"entry\",\"custom\":\"\",\"entry\":[\"221\"],\"asset\":\"\"},\"type\":[\"publication\"],\"featured\":\"1\"}}}}},\"496\":{\"type\":\"highlights\",\"enabled\":\"\",\"fields\":{\"heading\":\"Heading\",\"body\":\"Body Lorem ipsum dolor sit amet, vestibulum eget, hac nec condimentum cras. A facilisi, pede maecenas diam accumsan, orci fringilla tellus a felis accumsan, quisque eget curae viverra platea nunc nullam, libero tortor. Sed lorem in molestie, penatibus interdum aliquet quis sed mollis pharetra. \",\"highlights\":{\"497\":{\"type\":\"12\",\"fields\":{\"highlightTitle\":\"Title\",\"image\":\"Image\",\"orientation\":\"left\"}},\"498\":{\"type\":\"12\",\"fields\":{\"highlightTitle\":\"Title\",\"image\":\"Image\",\"orientation\":\"right\"}}}}},\"499\":{\"type\":\"featuredClients\",\"enabled\":\"1\",\"fields\":{\"heading\":\"Heading\",\"body\":\"<p><strong>Body<\\/strong>&nbsp;Lorem ipsum dolor sit amet, vestibulum eget, hac nec condimentum cras. A facilisi, pede maecenas diam accumsan, orci fringilla tellus a felis accumsan, quisque eget curae viverra platea nunc nullam, libero tortor. Sed lorem in molestie, penatibus interdum aliquet quis sed mollis pharetra.&nbsp;<\\/p>\",\"clients\":{\"500\":{\"type\":\"13\",\"fields\":{\"clientName\":\"Client or Project Name\",\"clientLocation\":{\"name\":\"Eckzample Inc\",\"street\":\"453 Placeholder Dr\",\"street2\":\"\",\"city\":\"New Lorem\",\"region\":\"AK\",\"postalCode\":\"8675309\",\"country\":\"US\"},\"image\":[\"502\"]}},\"504\":{\"type\":\"13\",\"fields\":{\"clientName\":\"Client or Project Name\",\"clientLocation\":{\"name\":\"Ipsum Construction\",\"street\":\"3987 Falls Uhdress Rd\",\"street2\":\"\",\"city\":\"Dolar City\",\"region\":\"NC\",\"postalCode\":\"28173\",\"country\":\"US\"},\"image\":[\"503\"]}}}}},\"512\":{\"type\":\"logoWall\",\"enabled\":\"1\",\"fields\":{\"heading\":\"Heading\",\"body\":\"<p><strong>Body<\\/strong>&nbsp;Lorem ipsum dolor sit amet, vestibulum eget, hac nec condimentum cras. A facilisi, pede maecenas diam accumsan, orci fringilla tellus a felis accumsan, quisque eget curae viverra platea nunc nullam, libero tortor. Sed lorem in molestie, penatibus interdum aliquet quis sed mollis pharetra.&nbsp;<\\/p>\",\"list\":{\"513\":{\"type\":\"14\",\"fields\":{\"item\":\"List Item 1\"}},\"514\":{\"type\":\"14\",\"fields\":{\"item\":\"List Item 2\"}},\"515\":{\"type\":\"14\",\"fields\":{\"item\":\"List Item 3\"}},\"516\":{\"type\":\"14\",\"fields\":{\"item\":\"List Item 4\"}}},\"logos\":{\"517\":{\"type\":\"15\",\"fields\":{\"image\":[\"505\"],\"caption\":\"Lorem Inc\"}},\"518\":{\"type\":\"15\",\"fields\":{\"image\":[\"506\"],\"caption\":\"Ipsum LLC\"}},\"519\":{\"type\":\"15\",\"fields\":{\"image\":[\"507\"],\"caption\":\"Eckzampul \"}},\"521\":{\"type\":\"15\",\"fields\":{\"image\":[\"509\"],\"caption\":\"Play Soldur\"}},\"523\":{\"type\":\"15\",\"fields\":{\"image\":[\"511\"],\"caption\":\"Capshun HLC\"}}}}},\"524\":{\"type\":\"valuesPanel\",\"enabled\":\"1\",\"fields\":{\"heading\":\"Heading\",\"values\":{\"525\":{\"type\":\"20\",\"fields\":{\"Value\":\"Value Name 1\",\"header\":\"Header\",\"body\":\"Lorem ipsum dolor sit amet, vestibulum eget, hac nec condimentum cras. \"}},\"526\":{\"type\":\"20\",\"fields\":{\"Value\":\"Value Name 2\",\"header\":\"Header\",\"body\":\"Lorem ipsum dolor sit amet, vestibulum eget, hac nec condimentum cras. \"}},\"527\":{\"type\":\"20\",\"fields\":{\"Value\":\"Value Name 3\",\"header\":\"Header\",\"body\":\"Lorem ipsum dolor sit amet, vestibulum eget, hac nec condimentum cras. \"}}}}},\"528\":{\"type\":\"contentSelector\",\"enabled\":\"1\",\"fields\":{\"heading\":\"Heading\",\"backgroundImage\":[\"228\"],\"benefit\":{\"529\":{\"type\":\"16\",\"fields\":{\"benefitName\":\"Benefit Name 1\",\"body\":\"<p>Lorem ipsum dolor sit amet, vestibulum eget, hac nec condimentum cras.&nbsp;<\\/p>\"}},\"530\":{\"type\":\"16\",\"fields\":{\"benefitName\":\"Benefit Name 2\",\"body\":\"<p>Lorem ipsum dolor sit amet, vestibulum eget, hac nec condimentum cras.&nbsp;<\\/p>\"}},\"531\":{\"type\":\"16\",\"fields\":{\"benefitName\":\"Benefit Name 3\",\"body\":\"<p>Lorem ipsum dolor sit amet, vestibulum eget, hac nec condimentum cras.&nbsp;<\\/p>\"}}}}},\"532\":{\"type\":\"ctaListing\",\"enabled\":\"1\",\"fields\":{\"heading\":\"Heading\",\"listing\":{\"533\":{\"type\":\"18\",\"fields\":{\"itemTitle\":\"Title Example 1\",\"excerpt\":\"Lorem ipsum dolor sit amet, vestibulum eget, hac nec condimentum cras. \",\"callToAction\":{\"type\":\"entry\",\"custom\":\"\",\"entry\":[\"221\"],\"category\":\"\",\"customText\":\"Custom Link Text\",\"target\":\"\"}}},\"534\":{\"type\":\"18\",\"fields\":{\"itemTitle\":\"Title Example 2\",\"excerpt\":\"Lorem ipsum dolor sit amet, vestibulum eget, hac nec condimentum cras. \",\"callToAction\":{\"type\":\"entry\",\"custom\":\"\",\"entry\":[\"221\"],\"category\":\"\",\"customText\":\"Custom Link Text\",\"target\":\"\"}}}}}},\"535\":{\"type\":\"callToActionPanel\",\"enabled\":\"1\",\"fields\":{\"heading\":\"Heading\",\"callToAction\":{\"type\":\"entry\",\"custom\":\"\",\"entry\":[\"221\"],\"asset\":\"\",\"customText\":\"Custom Link Text\",\"target\":\"\"}}},\"536\":{\"type\":\"locationsPanel\",\"enabled\":\"1\",\"fields\":{\"heading\":\"Heading\",\"backgroundImage\":\"\"}},\"537\":{\"type\":\"caseStudyFilter\",\"enabled\":\"1\",\"fields\":{\"limit\":\"4\"}},\"538\":{\"type\":\"contact\",\"enabled\":\"1\",\"fields\":{\"heading\":\"Heading\"}},\"539\":{\"type\":\"marketsPanel\",\"enabled\":\"1\",\"fields\":{\"heading\":\"Heading\",\"markets\":[\"20\",\"21\",\"22\",\"23\",\"24\",\"25\"]}},\"540\":{\"type\":\"multipleImagePanel\",\"enabled\":\"1\",\"fields\":{\"leftImage\":[\"417\"],\"rightImage\":[\"418\"],\"upperImage\":\"left\",\"backgroundImageIsVisible\":\"\"}}}}}', '2017-07-27 20:37:12', '2017-07-27 20:37:12', 'c6b18d8f-9534-4800-b20f-af72ea0802d3'),
 ('109', '221', '9', '1', 'en_us', '31', '', '{\"typeId\":null,\"authorId\":null,\"title\":\"UI\",\"slug\":\"ui\",\"postDate\":1500993555,\"expiryDate\":null,\"enabled\":1,\"parentId\":null,\"fields\":{\"3\":{\"222\":{\"type\":\"masthead\",\"enabled\":\"1\",\"fields\":{\"image\":{\"223\":{\"type\":\"1\",\"fields\":{\"mobileImage\":[\"165\"],\"desktopImage\":[\"92\"]}}},\"subheading\":\"Subheading\",\"heading\":\"Heading\"}},\"450\":{\"type\":\"gallery\",\"enabled\":\"1\",\"fields\":{\"heading\":\"Heading\",\"gallery\":{\"451\":{\"type\":\"3\",\"fields\":{\"mediaAsset\":[\"413\"],\"caption\":\"Caption of Photo\"}},\"452\":{\"type\":\"3\",\"fields\":{\"mediaAsset\":[\"227\"],\"caption\":\"Caption of Photo\"}},\"453\":{\"type\":\"3\",\"fields\":{\"mediaAsset\":[\"412\"],\"caption\":\"Caption of Photo\"}}}}},\"459\":{\"type\":\"relatedCallOuts\",\"enabled\":\"1\",\"fields\":{\"heading\":\"Heading\",\"callOuts\":[\"139\",\"53\"]}},\"460\":{\"type\":\"openings\",\"enabled\":\"1\",\"fields\":{\"internshipCard\":{\"461\":{\"type\":\"5\",\"fields\":{\"cardTitle\":\"Example Title\",\"description\":\"Example Description is an example of the description of the title.\",\"callToAction\":{\"type\":\"custom\",\"custom\":\"\",\"entry\":\"\",\"customText\":\"\"}}}},\"loadMoreText\":\"\",\"footer\":{\"462\":{\"type\":\"6\",\"fields\":{\"heading\":\"Openings Footer Heading\",\"callToAction\":{\"type\":\"\",\"custom\":\"\",\"entry\":\"\",\"customText\":\"\",\"target\":\"\"}}}}}},\"463\":{\"type\":\"instagramFeed\",\"enabled\":\"1\",\"fields\":{\"heading\":\"Heading\"}},\"464\":{\"type\":\"people\",\"enabled\":\"1\",\"fields\":{\"heading\":\"Heading\",\"people\":{\"465\":{\"type\":\"22\",\"fields\":{\"person\":[\"274\"],\"role\":[\"458\"]}}}}},\"466\":{\"type\":\"listPanel\",\"enabled\":\"1\",\"fields\":{\"heading\":\"Heading\",\"body\":\"<p><strong>Body<\\/strong>&nbsp;Lorem ipsum dolor sit amet, vestibulum eget, hac nec condimentum cras. A facilisi, pede maecenas diam accumsan, orci fringilla tellus a felis accumsan, quisque eget curae viverra platea nunc nullam, libero tortor. Sed lorem in molestie, penatibus interdum aliquet quis sed mollis pharetra.&nbsp; <\\/p>\",\"list\":{\"467\":{\"type\":\"8\",\"fields\":{\"listItem\":\"List Item 1\"}},\"468\":{\"type\":\"8\",\"fields\":{\"listItem\":\"List Item 2\"}},\"469\":{\"type\":\"8\",\"fields\":{\"listItem\":\"List Item 3\"}}},\"centered\":\"\",\"lift\":\"\",\"lightGrayBackground\":\"\"}},\"470\":{\"type\":\"listPanel\",\"enabled\":\"1\",\"fields\":{\"heading\":\"Heading (Centered, Lift, Light Gray Background)\",\"body\":\"<p><strong>Body&nbsp;<\\/strong>Lorem ipsum dolor sit amet, vestibulum eget, hac nec condimentum cras. A facilisi, pede maecenas diam accumsan, orci fringilla tellus a felis accumsan, quisque eget curae viverra platea nunc nullam, libero tortor. Sed lorem in molestie, penatibus interdum aliquet quis sed mollis pharetra.&nbsp; <\\/p>\",\"list\":{\"471\":{\"type\":\"8\",\"fields\":{\"listItem\":\"List Item 1\"}},\"472\":{\"type\":\"8\",\"fields\":{\"listItem\":\"List Item 2\"}},\"473\":{\"type\":\"8\",\"fields\":{\"listItem\":\"List Item 3\"}}},\"centered\":\"1\",\"lift\":\"1\",\"lightGrayBackground\":\"1\"}},\"474\":{\"type\":\"textPanel\",\"enabled\":\"1\",\"fields\":{\"heading\":\"Heading\",\"body\":\"<p><strong>Body&nbsp;<\\/strong>Lorem ipsum dolor sit amet, vestibulum eget, hac nec condimentum cras. A facilisi, pede maecenas diam accumsan, orci fringilla tellus a felis accumsan, quisque eget curae viverra platea nunc nullam, libero tortor. Sed lorem in molestie, penatibus interdum aliquet quis sed mollis pharetra.&nbsp;<\\/p>\"}},\"475\":{\"type\":\"imageTextPanel\",\"enabled\":\"1\",\"fields\":{\"orientation\":\"left\",\"heading\":\"Heading (Left Orientation)\",\"body\":\"<p><strong>Body<\\/strong><strong>&nbsp;<\\/strong>Lorem ipsum dolor sit amet, vestibulum eget, hac nec condimentum cras. A facilisi, pede maecenas diam accumsan, orci fringilla tellus a felis accumsan, quisque eget curae viverra platea nunc nullam, libero tortor. Sed lorem in molestie, penatibus interdum aliquet quis sed mollis pharetra.&nbsp;<\\/p>\",\"list\":{\"476\":{\"type\":\"9\",\"fields\":{\"item\":\"List Item 1\"}},\"477\":{\"type\":\"9\",\"fields\":{\"item\":\"List Item 2\"}},\"478\":{\"type\":\"9\",\"fields\":{\"item\":\"List Item 3\"}}},\"callToAction\":{\"type\":\"entry\",\"custom\":\"\",\"entry\":[\"221\"],\"target\":\"\"},\"image\":[\"409\"]}},\"479\":{\"type\":\"imageTextPanel\",\"enabled\":\"1\",\"fields\":{\"orientation\":\"right\",\"heading\":\"Heading (Right Orientation)\",\"body\":\"<p><strong>Body<\\/strong>&nbsp;Lorem ipsum dolor sit amet, vestibulum eget, hac nec condimentum cras. A facilisi, pede maecenas diam accumsan, orci fringilla tellus a felis accumsan, quisque eget curae viverra platea nunc nullam, libero tortor. Sed lorem in molestie, penatibus interdum aliquet quis sed mollis pharetra.&nbsp;<\\/p>\",\"list\":{\"480\":{\"type\":\"9\",\"fields\":{\"item\":\"List Item 1\"}},\"481\":{\"type\":\"9\",\"fields\":{\"item\":\"List Item 2\"}},\"482\":{\"type\":\"9\",\"fields\":{\"item\":\"List Item 3\"}}},\"callToAction\":{\"type\":\"entry\",\"custom\":\"\",\"entry\":[\"221\"],\"target\":\"\"},\"image\":[\"408\"]}},\"483\":{\"type\":\"largeImageTextPanel\",\"enabled\":\"1\",\"fields\":{\"orientation\":\"left\",\"heading\":\"Heading (Left Orientation)\",\"subheading\":\"Subheading\",\"body\":\"<p><strong>Body<\\/strong>&nbsp;Lorem ipsum dolor sit amet, vestibulum eget, hac nec condimentum cras. A facilisi, pede maecenas diam accumsan, orci fringilla tellus a felis accumsan, quisque eget curae viverra platea nunc nullam, libero tortor. Sed lorem in molestie, penatibus interdum aliquet quis sed mollis pharetra.&nbsp;<\\/p>\",\"list\":{\"484\":{\"type\":\"10\",\"fields\":{\"item\":\"List Item 1\"}},\"485\":{\"type\":\"10\",\"fields\":{\"item\":\"List Item 2\"}},\"486\":{\"type\":\"10\",\"fields\":{\"item\":\"List Item 3\"}}},\"callToAction\":{\"type\":\"entry\",\"custom\":\"\",\"entry\":[\"221\"],\"category\":\"\",\"customText\":\"Custom Link Text\",\"target\":\"\"},\"image\":[\"230\"],\"dark\":\"\",\"lift\":\"\"}},\"487\":{\"type\":\"largeImageTextPanel\",\"enabled\":\"1\",\"fields\":{\"orientation\":\"right\",\"heading\":\"Heading (Right Orientation, Dark, Lift)\",\"subheading\":\"Subheading\",\"body\":\"<p><strong>Body<\\/strong>&nbsp;Lorem ipsum dolor sit amet, vestibulum eget, hac nec condimentum cras. A facilisi, pede maecenas diam accumsan, orci fringilla tellus a felis accumsan, quisque eget curae viverra platea nunc nullam, libero tortor. Sed lorem in molestie, penatibus interdum aliquet quis sed mollis pharetra.&nbsp;<\\/p>\",\"list\":{\"488\":{\"type\":\"10\",\"fields\":{\"item\":\"List Item 1\"}},\"489\":{\"type\":\"10\",\"fields\":{\"item\":\"List Item 2\"}},\"490\":{\"type\":\"10\",\"fields\":{\"item\":\"List Item 3\"}}},\"callToAction\":{\"type\":\"entry\",\"custom\":\"\",\"entry\":[\"221\"],\"category\":\"\",\"customText\":\"Custom Link Text\",\"target\":\"\"},\"image\":[\"440\"],\"dark\":\"1\",\"lift\":\"1\"}},\"491\":{\"type\":\"pullQuote\",\"enabled\":\"1\",\"fields\":{\"quote\":\"\\\"Failure is simply the opportunity to begin again, this time more intelligently.\\\"\",\"author\":\"Henry Ford\"}},\"492\":{\"type\":\"resources\",\"enabled\":\"1\",\"fields\":{\"heading\":\"Heading\",\"body\":\"Body Lorem ipsum dolor sit amet, vestibulum eget, hac nec condimentum cras. A facilisi, pede maecenas diam accumsan, orci fringilla tellus a felis accumsan, quisque eget curae viverra platea nunc nullam, libero tortor. Sed lorem in molestie, penatibus interdum aliquet quis sed mollis pharetra. \",\"resources\":{\"493\":{\"type\":\"11\",\"fields\":{\"resource\":{\"type\":\"entry\",\"custom\":\"\",\"entry\":[\"221\"],\"asset\":\"\"},\"type\":[\"whitepaper\"],\"featured\":\"\"}},\"494\":{\"type\":\"11\",\"fields\":{\"resource\":{\"type\":\"entry\",\"custom\":\"\",\"entry\":[\"221\"],\"asset\":\"\"},\"type\":[\"brochure\"],\"featured\":\"1\"}},\"495\":{\"type\":\"11\",\"fields\":{\"resource\":{\"type\":\"entry\",\"custom\":\"\",\"entry\":[\"221\"],\"asset\":\"\"},\"type\":[\"publication\"],\"featured\":\"1\"}}}}},\"496\":{\"type\":\"highlights\",\"enabled\":\"\",\"fields\":{\"heading\":\"Heading\",\"body\":\"Body Lorem ipsum dolor sit amet, vestibulum eget, hac nec condimentum cras. A facilisi, pede maecenas diam accumsan, orci fringilla tellus a felis accumsan, quisque eget curae viverra platea nunc nullam, libero tortor. Sed lorem in molestie, penatibus interdum aliquet quis sed mollis pharetra. \",\"highlights\":{\"497\":{\"type\":\"12\",\"fields\":{\"highlightTitle\":\"Title\",\"image\":\"Image\",\"orientation\":\"left\"}},\"498\":{\"type\":\"12\",\"fields\":{\"highlightTitle\":\"Title\",\"image\":\"Image\",\"orientation\":\"right\"}}}}},\"499\":{\"type\":\"featuredClients\",\"enabled\":\"1\",\"fields\":{\"heading\":\"Heading\",\"body\":\"<p><strong>Body<\\/strong>&nbsp;Lorem ipsum dolor sit amet, vestibulum eget, hac nec condimentum cras. A facilisi, pede maecenas diam accumsan, orci fringilla tellus a felis accumsan, quisque eget curae viverra platea nunc nullam, libero tortor. Sed lorem in molestie, penatibus interdum aliquet quis sed mollis pharetra.&nbsp;<\\/p>\",\"clients\":{\"500\":{\"type\":\"13\",\"fields\":{\"clientName\":\"Client or Project Name\",\"clientLocation\":{\"name\":\"Eckzample Inc\",\"street\":\"453 Placeholder Dr\",\"street2\":\"\",\"city\":\"New Lorem\",\"region\":\"AK\",\"postalCode\":\"8675309\",\"country\":\"US\"},\"image\":[\"502\"]}},\"504\":{\"type\":\"13\",\"fields\":{\"clientName\":\"Client or Project Name\",\"clientLocation\":{\"name\":\"Ipsum Construction\",\"street\":\"3987 Falls Uhdress Rd\",\"street2\":\"\",\"city\":\"Dolar City\",\"region\":\"NC\",\"postalCode\":\"28173\",\"country\":\"US\"},\"image\":[\"503\"]}}}}},\"512\":{\"type\":\"logoWall\",\"enabled\":\"1\",\"fields\":{\"heading\":\"Heading\",\"body\":\"<p><strong>Body<\\/strong>&nbsp;Lorem ipsum dolor sit amet, vestibulum eget, hac nec condimentum cras. A facilisi, pede maecenas diam accumsan, orci fringilla tellus a felis accumsan, quisque eget curae viverra platea nunc nullam, libero tortor. Sed lorem in molestie, penatibus interdum aliquet quis sed mollis pharetra.&nbsp;<\\/p>\",\"list\":{\"513\":{\"type\":\"14\",\"fields\":{\"item\":\"List Item 1\"}},\"514\":{\"type\":\"14\",\"fields\":{\"item\":\"List Item 2\"}},\"515\":{\"type\":\"14\",\"fields\":{\"item\":\"List Item 3\"}},\"516\":{\"type\":\"14\",\"fields\":{\"item\":\"List Item 4\"}}},\"logos\":{\"517\":{\"type\":\"15\",\"fields\":{\"image\":[\"505\"],\"caption\":\"Lorem Inc\"}},\"518\":{\"type\":\"15\",\"fields\":{\"image\":[\"506\"],\"caption\":\"Ipsum LLC\"}},\"519\":{\"type\":\"15\",\"fields\":{\"image\":[\"507\"],\"caption\":\"Eckzampul \"}},\"521\":{\"type\":\"15\",\"fields\":{\"image\":[\"509\"],\"caption\":\"Play Soldur\"}},\"523\":{\"type\":\"15\",\"fields\":{\"image\":[\"511\"],\"caption\":\"Capshun HLC\"}}}}},\"524\":{\"type\":\"valuesPanel\",\"enabled\":\"1\",\"fields\":{\"heading\":\"Heading\",\"values\":{\"525\":{\"type\":\"20\",\"fields\":{\"Value\":\"Value Name 1\",\"header\":\"Header\",\"body\":\"Lorem ipsum dolor sit amet, vestibulum eget, hac nec condimentum cras. \"}},\"526\":{\"type\":\"20\",\"fields\":{\"Value\":\"Value Name 2\",\"header\":\"Header\",\"body\":\"Lorem ipsum dolor sit amet, vestibulum eget, hac nec condimentum cras. \"}},\"527\":{\"type\":\"20\",\"fields\":{\"Value\":\"Value Name 3\",\"header\":\"Header\",\"body\":\"Lorem ipsum dolor sit amet, vestibulum eget, hac nec condimentum cras. \"}}}}},\"528\":{\"type\":\"contentSelector\",\"enabled\":\"1\",\"fields\":{\"heading\":\"Heading\",\"backgroundImage\":[\"228\"],\"benefit\":{\"529\":{\"type\":\"16\",\"fields\":{\"benefitName\":\"Benefit Name 1\",\"body\":\"<p>Lorem ipsum dolor sit amet, vestibulum eget, hac nec condimentum cras.&nbsp;<\\/p>\"}},\"530\":{\"type\":\"16\",\"fields\":{\"benefitName\":\"Benefit Name 2\",\"body\":\"<p>Lorem ipsum dolor sit amet, vestibulum eget, hac nec condimentum cras.&nbsp;<\\/p>\"}},\"531\":{\"type\":\"16\",\"fields\":{\"benefitName\":\"Benefit Name 3\",\"body\":\"<p>Lorem ipsum dolor sit amet, vestibulum eget, hac nec condimentum cras.&nbsp;<\\/p>\"}}}}},\"532\":{\"type\":\"ctaListing\",\"enabled\":\"1\",\"fields\":{\"heading\":\"Heading\",\"listing\":{\"533\":{\"type\":\"18\",\"fields\":{\"itemTitle\":\"Title Example 1\",\"excerpt\":\"Lorem ipsum dolor sit amet, vestibulum eget, hac nec condimentum cras. \",\"callToAction\":{\"type\":\"entry\",\"custom\":\"\",\"entry\":[\"221\"],\"category\":\"\",\"customText\":\"Custom Link Text\",\"target\":\"\"}}},\"534\":{\"type\":\"18\",\"fields\":{\"itemTitle\":\"Title Example 2\",\"excerpt\":\"Lorem ipsum dolor sit amet, vestibulum eget, hac nec condimentum cras. \",\"callToAction\":{\"type\":\"entry\",\"custom\":\"\",\"entry\":[\"221\"],\"category\":\"\",\"customText\":\"Custom Link Text\",\"target\":\"\"}}}}}},\"535\":{\"type\":\"callToActionPanel\",\"enabled\":\"1\",\"fields\":{\"heading\":\"Heading\",\"callToAction\":{\"type\":\"entry\",\"custom\":\"\",\"entry\":[\"221\"],\"asset\":\"\",\"customText\":\"Custom Link Text\",\"target\":\"\"}}},\"536\":{\"type\":\"locationsPanel\",\"enabled\":\"1\",\"fields\":{\"heading\":\"Heading\",\"backgroundImage\":\"\"}},\"537\":{\"type\":\"caseStudyFilter\",\"enabled\":\"1\",\"fields\":{\"limit\":\"4\"}},\"538\":{\"type\":\"contact\",\"enabled\":\"1\",\"fields\":{\"heading\":\"Heading\"}},\"539\":{\"type\":\"marketsPanel\",\"enabled\":\"1\",\"fields\":{\"heading\":\"Heading\",\"markets\":[\"20\",\"21\",\"22\",\"23\",\"24\",\"25\"]}},\"540\":{\"type\":\"multipleImagePanel\",\"enabled\":\"1\",\"fields\":{\"leftImage\":[\"417\"],\"rightImage\":[\"418\"],\"upperImage\":\"left\",\"backgroundImageIsVisible\":\"\"}}}}}', '2017-07-27 20:37:52', '2017-07-27 20:37:52', '60216549-3561-43d3-adb8-3ac85187e750'),
 ('110', '221', '9', '1', 'en_us', '32', '', '{\"typeId\":null,\"authorId\":null,\"title\":\"UI\",\"slug\":\"ui\",\"postDate\":1500993555,\"expiryDate\":null,\"enabled\":1,\"parentId\":null,\"fields\":{\"3\":{\"222\":{\"type\":\"masthead\",\"enabled\":\"1\",\"fields\":{\"image\":{\"223\":{\"type\":\"1\",\"fields\":{\"mobileImage\":[\"165\"],\"desktopImage\":[\"92\"]}}},\"subheading\":\"Subheading\",\"heading\":\"Heading\"}},\"450\":{\"type\":\"gallery\",\"enabled\":\"1\",\"fields\":{\"heading\":\"Heading\",\"gallery\":{\"451\":{\"type\":\"3\",\"fields\":{\"mediaAsset\":[\"413\"],\"caption\":\"Caption of Photo\"}},\"452\":{\"type\":\"3\",\"fields\":{\"mediaAsset\":[\"227\"],\"caption\":\"Caption of Photo\"}},\"453\":{\"type\":\"3\",\"fields\":{\"mediaAsset\":[\"412\"],\"caption\":\"Caption of Photo\"}}}}},\"459\":{\"type\":\"relatedCallOuts\",\"enabled\":\"1\",\"fields\":{\"heading\":\"Heading\",\"callOuts\":[\"139\",\"53\"]}},\"460\":{\"type\":\"openings\",\"enabled\":\"1\",\"fields\":{\"internshipCard\":{\"461\":{\"type\":\"5\",\"fields\":{\"cardTitle\":\"Example Title\",\"description\":\"Example Description is an example of the description of the title.\",\"callToAction\":{\"type\":\"custom\",\"custom\":\"\",\"entry\":\"\",\"customText\":\"\"}}}},\"loadMoreText\":\"\",\"footer\":{\"462\":{\"type\":\"6\",\"fields\":{\"heading\":\"Openings Footer Heading\",\"callToAction\":{\"type\":\"\",\"custom\":\"\",\"entry\":\"\",\"customText\":\"\",\"target\":\"\"}}}}}},\"463\":{\"type\":\"instagramFeed\",\"enabled\":\"1\",\"fields\":{\"heading\":\"Heading\"}},\"464\":{\"type\":\"people\",\"enabled\":\"1\",\"fields\":{\"heading\":\"Heading\",\"people\":{\"465\":{\"type\":\"22\",\"fields\":{\"person\":[\"274\"],\"role\":[\"41\"]}},\"new1\":{\"type\":\"22\",\"fields\":{\"person\":[\"35\"],\"role\":[\"158\"]}}}}},\"466\":{\"type\":\"listPanel\",\"enabled\":\"1\",\"fields\":{\"heading\":\"Heading\",\"body\":\"<p><strong>Body<\\/strong>&nbsp;Lorem ipsum dolor sit amet, vestibulum eget, hac nec condimentum cras. A facilisi, pede maecenas diam accumsan, orci fringilla tellus a felis accumsan, quisque eget curae viverra platea nunc nullam, libero tortor. Sed lorem in molestie, penatibus interdum aliquet quis sed mollis pharetra.&nbsp; <\\/p>\",\"list\":{\"467\":{\"type\":\"8\",\"fields\":{\"listItem\":\"List Item 1\"}},\"468\":{\"type\":\"8\",\"fields\":{\"listItem\":\"List Item 2\"}},\"469\":{\"type\":\"8\",\"fields\":{\"listItem\":\"List Item 3\"}}},\"centered\":\"\",\"lift\":\"\",\"lightGrayBackground\":\"\"}},\"470\":{\"type\":\"listPanel\",\"enabled\":\"1\",\"fields\":{\"heading\":\"Heading (Centered, Lift, Light Gray Background)\",\"body\":\"<p><strong>Body&nbsp;<\\/strong>Lorem ipsum dolor sit amet, vestibulum eget, hac nec condimentum cras. A facilisi, pede maecenas diam accumsan, orci fringilla tellus a felis accumsan, quisque eget curae viverra platea nunc nullam, libero tortor. Sed lorem in molestie, penatibus interdum aliquet quis sed mollis pharetra.&nbsp; <\\/p>\",\"list\":{\"471\":{\"type\":\"8\",\"fields\":{\"listItem\":\"List Item 1\"}},\"472\":{\"type\":\"8\",\"fields\":{\"listItem\":\"List Item 2\"}},\"473\":{\"type\":\"8\",\"fields\":{\"listItem\":\"List Item 3\"}}},\"centered\":\"1\",\"lift\":\"1\",\"lightGrayBackground\":\"1\"}},\"474\":{\"type\":\"textPanel\",\"enabled\":\"1\",\"fields\":{\"heading\":\"Heading\",\"body\":\"<p><strong>Body&nbsp;<\\/strong>Lorem ipsum dolor sit amet, vestibulum eget, hac nec condimentum cras. A facilisi, pede maecenas diam accumsan, orci fringilla tellus a felis accumsan, quisque eget curae viverra platea nunc nullam, libero tortor. Sed lorem in molestie, penatibus interdum aliquet quis sed mollis pharetra.&nbsp;<\\/p>\"}},\"475\":{\"type\":\"imageTextPanel\",\"enabled\":\"1\",\"fields\":{\"orientation\":\"left\",\"heading\":\"Heading (Left Orientation)\",\"body\":\"<p><strong>Body<\\/strong><strong>&nbsp;<\\/strong>Lorem ipsum dolor sit amet, vestibulum eget, hac nec condimentum cras. A facilisi, pede maecenas diam accumsan, orci fringilla tellus a felis accumsan, quisque eget curae viverra platea nunc nullam, libero tortor. Sed lorem in molestie, penatibus interdum aliquet quis sed mollis pharetra.&nbsp;<\\/p>\",\"list\":{\"476\":{\"type\":\"9\",\"fields\":{\"item\":\"List Item 1\"}},\"477\":{\"type\":\"9\",\"fields\":{\"item\":\"List Item 2\"}},\"478\":{\"type\":\"9\",\"fields\":{\"item\":\"List Item 3\"}}},\"callToAction\":{\"type\":\"entry\",\"custom\":\"\",\"entry\":[\"221\"],\"target\":\"\"},\"image\":[\"409\"]}},\"479\":{\"type\":\"imageTextPanel\",\"enabled\":\"1\",\"fields\":{\"orientation\":\"right\",\"heading\":\"Heading (Right Orientation)\",\"body\":\"<p><strong>Body<\\/strong>&nbsp;Lorem ipsum dolor sit amet, vestibulum eget, hac nec condimentum cras. A facilisi, pede maecenas diam accumsan, orci fringilla tellus a felis accumsan, quisque eget curae viverra platea nunc nullam, libero tortor. Sed lorem in molestie, penatibus interdum aliquet quis sed mollis pharetra.&nbsp;<\\/p>\",\"list\":{\"480\":{\"type\":\"9\",\"fields\":{\"item\":\"List Item 1\"}},\"481\":{\"type\":\"9\",\"fields\":{\"item\":\"List Item 2\"}},\"482\":{\"type\":\"9\",\"fields\":{\"item\":\"List Item 3\"}}},\"callToAction\":{\"type\":\"entry\",\"custom\":\"\",\"entry\":[\"221\"],\"target\":\"\"},\"image\":[\"408\"]}},\"483\":{\"type\":\"largeImageTextPanel\",\"enabled\":\"1\",\"fields\":{\"orientation\":\"left\",\"heading\":\"Heading (Left Orientation)\",\"subheading\":\"Subheading\",\"body\":\"<p><strong>Body<\\/strong>&nbsp;Lorem ipsum dolor sit amet, vestibulum eget, hac nec condimentum cras. A facilisi, pede maecenas diam accumsan, orci fringilla tellus a felis accumsan, quisque eget curae viverra platea nunc nullam, libero tortor. Sed lorem in molestie, penatibus interdum aliquet quis sed mollis pharetra.&nbsp;<\\/p>\",\"list\":{\"484\":{\"type\":\"10\",\"fields\":{\"item\":\"List Item 1\"}},\"485\":{\"type\":\"10\",\"fields\":{\"item\":\"List Item 2\"}},\"486\":{\"type\":\"10\",\"fields\":{\"item\":\"List Item 3\"}}},\"callToAction\":{\"type\":\"entry\",\"custom\":\"\",\"entry\":[\"221\"],\"category\":\"\",\"customText\":\"Custom Link Text\",\"target\":\"\"},\"image\":[\"230\"],\"dark\":\"\",\"lift\":\"\"}},\"487\":{\"type\":\"largeImageTextPanel\",\"enabled\":\"1\",\"fields\":{\"orientation\":\"right\",\"heading\":\"Heading (Right Orientation, Dark, Lift)\",\"subheading\":\"Subheading\",\"body\":\"<p><strong>Body<\\/strong>&nbsp;Lorem ipsum dolor sit amet, vestibulum eget, hac nec condimentum cras. A facilisi, pede maecenas diam accumsan, orci fringilla tellus a felis accumsan, quisque eget curae viverra platea nunc nullam, libero tortor. Sed lorem in molestie, penatibus interdum aliquet quis sed mollis pharetra.&nbsp;<\\/p>\",\"list\":{\"488\":{\"type\":\"10\",\"fields\":{\"item\":\"List Item 1\"}},\"489\":{\"type\":\"10\",\"fields\":{\"item\":\"List Item 2\"}},\"490\":{\"type\":\"10\",\"fields\":{\"item\":\"List Item 3\"}}},\"callToAction\":{\"type\":\"entry\",\"custom\":\"\",\"entry\":[\"221\"],\"category\":\"\",\"customText\":\"Custom Link Text\",\"target\":\"\"},\"image\":[\"440\"],\"dark\":\"1\",\"lift\":\"1\"}},\"491\":{\"type\":\"pullQuote\",\"enabled\":\"1\",\"fields\":{\"quote\":\"\\\"Failure is simply the opportunity to begin again, this time more intelligently.\\\"\",\"author\":\"Henry Ford\"}},\"492\":{\"type\":\"resources\",\"enabled\":\"1\",\"fields\":{\"heading\":\"Heading\",\"body\":\"Body Lorem ipsum dolor sit amet, vestibulum eget, hac nec condimentum cras. A facilisi, pede maecenas diam accumsan, orci fringilla tellus a felis accumsan, quisque eget curae viverra platea nunc nullam, libero tortor. Sed lorem in molestie, penatibus interdum aliquet quis sed mollis pharetra. \",\"resources\":{\"493\":{\"type\":\"11\",\"fields\":{\"resource\":{\"type\":\"entry\",\"custom\":\"\",\"entry\":[\"221\"],\"asset\":\"\"},\"type\":[\"whitepaper\"],\"featured\":\"\"}},\"494\":{\"type\":\"11\",\"fields\":{\"resource\":{\"type\":\"entry\",\"custom\":\"\",\"entry\":[\"221\"],\"asset\":\"\"},\"type\":[\"brochure\"],\"featured\":\"1\"}},\"495\":{\"type\":\"11\",\"fields\":{\"resource\":{\"type\":\"entry\",\"custom\":\"\",\"entry\":[\"221\"],\"asset\":\"\"},\"type\":[\"publication\"],\"featured\":\"1\"}}}}},\"496\":{\"type\":\"highlights\",\"enabled\":\"\",\"fields\":{\"heading\":\"Heading\",\"body\":\"Body Lorem ipsum dolor sit amet, vestibulum eget, hac nec condimentum cras. A facilisi, pede maecenas diam accumsan, orci fringilla tellus a felis accumsan, quisque eget curae viverra platea nunc nullam, libero tortor. Sed lorem in molestie, penatibus interdum aliquet quis sed mollis pharetra. \",\"highlights\":{\"497\":{\"type\":\"12\",\"fields\":{\"highlightTitle\":\"Title\",\"image\":\"Image\",\"orientation\":\"left\"}},\"498\":{\"type\":\"12\",\"fields\":{\"highlightTitle\":\"Title\",\"image\":\"Image\",\"orientation\":\"right\"}}}}},\"499\":{\"type\":\"featuredClients\",\"enabled\":\"1\",\"fields\":{\"heading\":\"Heading\",\"body\":\"<p><strong>Body<\\/strong>&nbsp;Lorem ipsum dolor sit amet, vestibulum eget, hac nec condimentum cras. A facilisi, pede maecenas diam accumsan, orci fringilla tellus a felis accumsan, quisque eget curae viverra platea nunc nullam, libero tortor. Sed lorem in molestie, penatibus interdum aliquet quis sed mollis pharetra.&nbsp;<\\/p>\",\"clients\":{\"500\":{\"type\":\"13\",\"fields\":{\"clientName\":\"Client or Project Name\",\"clientLocation\":{\"name\":\"Eckzample Inc\",\"street\":\"453 Placeholder Dr\",\"street2\":\"\",\"city\":\"New Lorem\",\"region\":\"AK\",\"postalCode\":\"8675309\",\"country\":\"US\"},\"image\":[\"502\"]}},\"504\":{\"type\":\"13\",\"fields\":{\"clientName\":\"Client or Project Name\",\"clientLocation\":{\"name\":\"Ipsum Construction\",\"street\":\"3987 Falls Uhdress Rd\",\"street2\":\"\",\"city\":\"Dolar City\",\"region\":\"NC\",\"postalCode\":\"28173\",\"country\":\"US\"},\"image\":[\"503\"]}}}}},\"512\":{\"type\":\"logoWall\",\"enabled\":\"1\",\"fields\":{\"heading\":\"Heading\",\"body\":\"<p><strong>Body<\\/strong>&nbsp;Lorem ipsum dolor sit amet, vestibulum eget, hac nec condimentum cras. A facilisi, pede maecenas diam accumsan, orci fringilla tellus a felis accumsan, quisque eget curae viverra platea nunc nullam, libero tortor. Sed lorem in molestie, penatibus interdum aliquet quis sed mollis pharetra.&nbsp;<\\/p>\",\"list\":{\"513\":{\"type\":\"14\",\"fields\":{\"item\":\"List Item 1\"}},\"514\":{\"type\":\"14\",\"fields\":{\"item\":\"List Item 2\"}},\"515\":{\"type\":\"14\",\"fields\":{\"item\":\"List Item 3\"}},\"516\":{\"type\":\"14\",\"fields\":{\"item\":\"List Item 4\"}}},\"logos\":{\"517\":{\"type\":\"15\",\"fields\":{\"image\":[\"505\"],\"caption\":\"Lorem Inc\"}},\"518\":{\"type\":\"15\",\"fields\":{\"image\":[\"506\"],\"caption\":\"Ipsum LLC\"}},\"519\":{\"type\":\"15\",\"fields\":{\"image\":[\"507\"],\"caption\":\"Eckzampul \"}},\"521\":{\"type\":\"15\",\"fields\":{\"image\":[\"509\"],\"caption\":\"Play Soldur\"}},\"523\":{\"type\":\"15\",\"fields\":{\"image\":[\"511\"],\"caption\":\"Capshun HLC\"}}}}},\"524\":{\"type\":\"valuesPanel\",\"enabled\":\"1\",\"fields\":{\"heading\":\"Heading\",\"values\":{\"525\":{\"type\":\"20\",\"fields\":{\"Value\":\"Value Name 1\",\"header\":\"Header\",\"body\":\"Lorem ipsum dolor sit amet, vestibulum eget, hac nec condimentum cras. \"}},\"526\":{\"type\":\"20\",\"fields\":{\"Value\":\"Value Name 2\",\"header\":\"Header\",\"body\":\"Lorem ipsum dolor sit amet, vestibulum eget, hac nec condimentum cras. \"}},\"527\":{\"type\":\"20\",\"fields\":{\"Value\":\"Value Name 3\",\"header\":\"Header\",\"body\":\"Lorem ipsum dolor sit amet, vestibulum eget, hac nec condimentum cras. \"}}}}},\"528\":{\"type\":\"contentSelector\",\"enabled\":\"1\",\"fields\":{\"heading\":\"Heading\",\"backgroundImage\":[\"228\"],\"benefit\":{\"529\":{\"type\":\"16\",\"fields\":{\"benefitName\":\"Benefit Name 1\",\"body\":\"<p>Lorem ipsum dolor sit amet, vestibulum eget, hac nec condimentum cras.&nbsp;<\\/p>\"}},\"530\":{\"type\":\"16\",\"fields\":{\"benefitName\":\"Benefit Name 2\",\"body\":\"<p>Lorem ipsum dolor sit amet, vestibulum eget, hac nec condimentum cras.&nbsp;<\\/p>\"}},\"531\":{\"type\":\"16\",\"fields\":{\"benefitName\":\"Benefit Name 3\",\"body\":\"<p>Lorem ipsum dolor sit amet, vestibulum eget, hac nec condimentum cras.&nbsp;<\\/p>\"}}}}},\"532\":{\"type\":\"ctaListing\",\"enabled\":\"1\",\"fields\":{\"heading\":\"Heading\",\"listing\":{\"533\":{\"type\":\"18\",\"fields\":{\"itemTitle\":\"Title Example 1\",\"excerpt\":\"Lorem ipsum dolor sit amet, vestibulum eget, hac nec condimentum cras. \",\"callToAction\":{\"type\":\"entry\",\"custom\":\"\",\"entry\":[\"221\"],\"category\":\"\",\"customText\":\"Custom Link Text\",\"target\":\"\"}}},\"534\":{\"type\":\"18\",\"fields\":{\"itemTitle\":\"Title Example 2\",\"excerpt\":\"Lorem ipsum dolor sit amet, vestibulum eget, hac nec condimentum cras. \",\"callToAction\":{\"type\":\"entry\",\"custom\":\"\",\"entry\":[\"221\"],\"category\":\"\",\"customText\":\"Custom Link Text\",\"target\":\"\"}}}}}},\"535\":{\"type\":\"callToActionPanel\",\"enabled\":\"1\",\"fields\":{\"heading\":\"Heading\",\"callToAction\":{\"type\":\"entry\",\"custom\":\"\",\"entry\":[\"221\"],\"asset\":\"\",\"customText\":\"Custom Link Text\",\"target\":\"\"}}},\"536\":{\"type\":\"locationsPanel\",\"enabled\":\"1\",\"fields\":{\"heading\":\"Heading\",\"backgroundImage\":\"\"}},\"537\":{\"type\":\"caseStudyFilter\",\"enabled\":\"1\",\"fields\":{\"limit\":\"4\"}},\"538\":{\"type\":\"contact\",\"enabled\":\"1\",\"fields\":{\"heading\":\"Heading\"}},\"539\":{\"type\":\"marketsPanel\",\"enabled\":\"1\",\"fields\":{\"heading\":\"Heading\",\"markets\":[\"20\",\"21\",\"22\",\"23\",\"24\",\"25\"]}},\"540\":{\"type\":\"multipleImagePanel\",\"enabled\":\"1\",\"fields\":{\"leftImage\":[\"417\"],\"rightImage\":[\"418\"],\"upperImage\":\"left\",\"backgroundImageIsVisible\":\"\"}}}}}', '2017-07-27 20:38:45', '2017-07-27 20:38:45', 'f892727e-0c5f-456a-8d7d-ad8564cd2ecb'),
 ('111', '221', '9', '1', 'en_us', '33', '', '{\"typeId\":null,\"authorId\":null,\"title\":\"UI\",\"slug\":\"ui\",\"postDate\":1500993555,\"expiryDate\":null,\"enabled\":1,\"parentId\":null,\"fields\":{\"3\":{\"222\":{\"type\":\"masthead\",\"enabled\":\"1\",\"fields\":{\"image\":{\"223\":{\"type\":\"1\",\"fields\":{\"mobileImage\":[\"165\"],\"desktopImage\":[\"92\"]}}},\"subheading\":\"Subheading\",\"heading\":\"Heading\"}},\"450\":{\"type\":\"gallery\",\"enabled\":\"1\",\"fields\":{\"heading\":\"Heading\",\"gallery\":{\"451\":{\"type\":\"3\",\"fields\":{\"mediaAsset\":[\"413\"],\"caption\":\"Caption of Photo\"}},\"452\":{\"type\":\"3\",\"fields\":{\"mediaAsset\":[\"227\"],\"caption\":\"Caption of Photo\"}},\"453\":{\"type\":\"3\",\"fields\":{\"mediaAsset\":[\"412\"],\"caption\":\"Caption of Photo\"}}}}},\"459\":{\"type\":\"relatedCallOuts\",\"enabled\":\"1\",\"fields\":{\"heading\":\"Heading\",\"callOuts\":[\"139\",\"53\"]}},\"460\":{\"type\":\"openings\",\"enabled\":\"1\",\"fields\":{\"internshipCard\":{\"461\":{\"type\":\"5\",\"fields\":{\"cardTitle\":\"Example Title\",\"description\":\"Example Description is an example of the description of the title.\",\"callToAction\":{\"type\":\"custom\",\"custom\":\"\",\"entry\":\"\",\"customText\":\"\"}}}},\"loadMoreText\":\"\",\"footer\":{\"462\":{\"type\":\"6\",\"fields\":{\"heading\":\"Openings Footer Heading\",\"callToAction\":{\"type\":\"\",\"custom\":\"\",\"entry\":\"\",\"customText\":\"\",\"target\":\"\"}}}}}},\"463\":{\"type\":\"instagramFeed\",\"enabled\":\"1\",\"fields\":{\"heading\":\"Heading\"}},\"464\":{\"type\":\"people\",\"enabled\":\"1\",\"fields\":{\"heading\":\"Heading\",\"people\":{\"465\":{\"type\":\"22\",\"fields\":{\"person\":[\"274\"],\"role\":[\"41\"]}},\"541\":{\"type\":\"22\",\"fields\":{\"person\":[\"35\"],\"role\":[\"158\"]}}}}},\"466\":{\"type\":\"listPanel\",\"enabled\":\"1\",\"fields\":{\"heading\":\"Heading\",\"body\":\"<p><strong>Body<\\/strong>&nbsp;Lorem ipsum dolor sit amet, vestibulum eget, hac nec condimentum cras. A facilisi, pede maecenas diam accumsan, orci fringilla tellus a felis accumsan, quisque eget curae viverra platea nunc nullam, libero tortor. Sed lorem in molestie, penatibus interdum aliquet quis sed mollis pharetra.&nbsp; <\\/p>\",\"list\":{\"467\":{\"type\":\"8\",\"fields\":{\"listItem\":\"List Item 1\"}},\"468\":{\"type\":\"8\",\"fields\":{\"listItem\":\"List Item 2\"}},\"469\":{\"type\":\"8\",\"fields\":{\"listItem\":\"List Item 3\"}}},\"centered\":\"\",\"lift\":\"\",\"lightGrayBackground\":\"\"}},\"470\":{\"type\":\"listPanel\",\"enabled\":\"1\",\"fields\":{\"heading\":\"Heading (Centered, Lift, Light Gray Background)\",\"body\":\"<p><strong>Body&nbsp;<\\/strong>Lorem ipsum dolor sit amet, vestibulum eget, hac nec condimentum cras. A facilisi, pede maecenas diam accumsan, orci fringilla tellus a felis accumsan, quisque eget curae viverra platea nunc nullam, libero tortor. Sed lorem in molestie, penatibus interdum aliquet quis sed mollis pharetra.&nbsp; <\\/p>\",\"list\":{\"471\":{\"type\":\"8\",\"fields\":{\"listItem\":\"List Item 1\"}},\"472\":{\"type\":\"8\",\"fields\":{\"listItem\":\"List Item 2\"}},\"473\":{\"type\":\"8\",\"fields\":{\"listItem\":\"List Item 3\"}}},\"centered\":\"1\",\"lift\":\"1\",\"lightGrayBackground\":\"1\"}},\"474\":{\"type\":\"textPanel\",\"enabled\":\"1\",\"fields\":{\"heading\":\"Heading\",\"body\":\"<p><strong>Body&nbsp;<\\/strong>Lorem ipsum dolor sit amet, vestibulum eget, hac nec condimentum cras. A facilisi, pede maecenas diam accumsan, orci fringilla tellus a felis accumsan, quisque eget curae viverra platea nunc nullam, libero tortor. Sed lorem in molestie, penatibus interdum aliquet quis sed mollis pharetra.&nbsp;<\\/p>\"}},\"475\":{\"type\":\"imageTextPanel\",\"enabled\":\"1\",\"fields\":{\"orientation\":\"left\",\"heading\":\"Heading (Left Orientation)\",\"body\":\"<p><strong>Body<\\/strong><strong>&nbsp;<\\/strong>Lorem ipsum dolor sit amet, vestibulum eget, hac nec condimentum cras. A facilisi, pede maecenas diam accumsan, orci fringilla tellus a felis accumsan, quisque eget curae viverra platea nunc nullam, libero tortor. Sed lorem in molestie, penatibus interdum aliquet quis sed mollis pharetra.&nbsp;<\\/p>\",\"list\":{\"476\":{\"type\":\"9\",\"fields\":{\"item\":\"List Item 1\"}},\"477\":{\"type\":\"9\",\"fields\":{\"item\":\"List Item 2\"}},\"478\":{\"type\":\"9\",\"fields\":{\"item\":\"List Item 3\"}}},\"callToAction\":{\"type\":\"entry\",\"custom\":\"\",\"entry\":[\"221\"],\"target\":\"\"},\"image\":[\"409\"]}},\"479\":{\"type\":\"imageTextPanel\",\"enabled\":\"1\",\"fields\":{\"orientation\":\"right\",\"heading\":\"Heading (Right Orientation)\",\"body\":\"<p><strong>Body<\\/strong>&nbsp;Lorem ipsum dolor sit amet, vestibulum eget, hac nec condimentum cras. A facilisi, pede maecenas diam accumsan, orci fringilla tellus a felis accumsan, quisque eget curae viverra platea nunc nullam, libero tortor. Sed lorem in molestie, penatibus interdum aliquet quis sed mollis pharetra.&nbsp;<\\/p>\",\"list\":{\"480\":{\"type\":\"9\",\"fields\":{\"item\":\"List Item 1\"}},\"481\":{\"type\":\"9\",\"fields\":{\"item\":\"List Item 2\"}},\"482\":{\"type\":\"9\",\"fields\":{\"item\":\"List Item 3\"}}},\"callToAction\":{\"type\":\"entry\",\"custom\":\"\",\"entry\":[\"221\"],\"target\":\"\"},\"image\":[\"408\"]}},\"483\":{\"type\":\"largeImageTextPanel\",\"enabled\":\"1\",\"fields\":{\"orientation\":\"left\",\"heading\":\"Heading (Left Orientation)\",\"subheading\":\"Subheading\",\"body\":\"<p><strong>Body<\\/strong>&nbsp;Lorem ipsum dolor sit amet, vestibulum eget, hac nec condimentum cras. A facilisi, pede maecenas diam accumsan, orci fringilla tellus a felis accumsan, quisque eget curae viverra platea nunc nullam, libero tortor. Sed lorem in molestie, penatibus interdum aliquet quis sed mollis pharetra.&nbsp;<\\/p>\",\"list\":{\"484\":{\"type\":\"10\",\"fields\":{\"item\":\"List Item 1\"}},\"485\":{\"type\":\"10\",\"fields\":{\"item\":\"List Item 2\"}},\"486\":{\"type\":\"10\",\"fields\":{\"item\":\"List Item 3\"}}},\"callToAction\":{\"type\":\"entry\",\"custom\":\"\",\"entry\":[\"221\"],\"category\":\"\",\"customText\":\"Custom Link Text\",\"target\":\"\"},\"image\":[\"230\"],\"dark\":\"\",\"lift\":\"\"}},\"487\":{\"type\":\"largeImageTextPanel\",\"enabled\":\"1\",\"fields\":{\"orientation\":\"right\",\"heading\":\"Heading (Right Orientation, Dark, Lift)\",\"subheading\":\"Subheading\",\"body\":\"<p><strong>Body<\\/strong>&nbsp;Lorem ipsum dolor sit amet, vestibulum eget, hac nec condimentum cras. A facilisi, pede maecenas diam accumsan, orci fringilla tellus a felis accumsan, quisque eget curae viverra platea nunc nullam, libero tortor. Sed lorem in molestie, penatibus interdum aliquet quis sed mollis pharetra.&nbsp;<\\/p>\",\"list\":{\"488\":{\"type\":\"10\",\"fields\":{\"item\":\"List Item 1\"}},\"489\":{\"type\":\"10\",\"fields\":{\"item\":\"List Item 2\"}},\"490\":{\"type\":\"10\",\"fields\":{\"item\":\"List Item 3\"}}},\"callToAction\":{\"type\":\"entry\",\"custom\":\"\",\"entry\":[\"221\"],\"category\":\"\",\"customText\":\"Custom Link Text\",\"target\":\"\"},\"image\":[\"440\"],\"dark\":\"1\",\"lift\":\"1\"}},\"491\":{\"type\":\"pullQuote\",\"enabled\":\"1\",\"fields\":{\"quote\":\"Failure is simply the opportunity to begin again, this time more intelligently.\",\"author\":\"Henry Ford\"}},\"492\":{\"type\":\"resources\",\"enabled\":\"1\",\"fields\":{\"heading\":\"Heading\",\"body\":\"Body Lorem ipsum dolor sit amet, vestibulum eget, hac nec condimentum cras. A facilisi, pede maecenas diam accumsan, orci fringilla tellus a felis accumsan, quisque eget curae viverra platea nunc nullam, libero tortor. Sed lorem in molestie, penatibus interdum aliquet quis sed mollis pharetra. \",\"resources\":{\"493\":{\"type\":\"11\",\"fields\":{\"resource\":{\"type\":\"entry\",\"custom\":\"\",\"entry\":[\"221\"],\"asset\":\"\"},\"type\":[\"whitepaper\"],\"featured\":\"\"}},\"494\":{\"type\":\"11\",\"fields\":{\"resource\":{\"type\":\"entry\",\"custom\":\"\",\"entry\":[\"221\"],\"asset\":\"\"},\"type\":[\"brochure\"],\"featured\":\"1\"}},\"495\":{\"type\":\"11\",\"fields\":{\"resource\":{\"type\":\"entry\",\"custom\":\"\",\"entry\":[\"221\"],\"asset\":\"\"},\"type\":[\"publication\"],\"featured\":\"1\"}}}}},\"496\":{\"type\":\"highlights\",\"enabled\":\"\",\"fields\":{\"heading\":\"Heading\",\"body\":\"Body Lorem ipsum dolor sit amet, vestibulum eget, hac nec condimentum cras. A facilisi, pede maecenas diam accumsan, orci fringilla tellus a felis accumsan, quisque eget curae viverra platea nunc nullam, libero tortor. Sed lorem in molestie, penatibus interdum aliquet quis sed mollis pharetra. \",\"highlights\":{\"497\":{\"type\":\"12\",\"fields\":{\"highlightTitle\":\"Title\",\"image\":\"Image\",\"orientation\":\"left\"}},\"498\":{\"type\":\"12\",\"fields\":{\"highlightTitle\":\"Title\",\"image\":\"Image\",\"orientation\":\"right\"}}}}},\"499\":{\"type\":\"featuredClients\",\"enabled\":\"1\",\"fields\":{\"heading\":\"Heading\",\"body\":\"<p><strong>Body<\\/strong>&nbsp;Lorem ipsum dolor sit amet, vestibulum eget, hac nec condimentum cras. A facilisi, pede maecenas diam accumsan, orci fringilla tellus a felis accumsan, quisque eget curae viverra platea nunc nullam, libero tortor. Sed lorem in molestie, penatibus interdum aliquet quis sed mollis pharetra.&nbsp;<\\/p>\",\"clients\":{\"500\":{\"type\":\"13\",\"fields\":{\"clientName\":\"Client or Project Name\",\"clientLocation\":{\"name\":\"Eckzample Inc\",\"street\":\"453 Placeholder Dr\",\"street2\":\"\",\"city\":\"New Lorem\",\"region\":\"AK\",\"postalCode\":\"8675309\",\"country\":\"US\"},\"image\":[\"502\"]}},\"504\":{\"type\":\"13\",\"fields\":{\"clientName\":\"Client or Project Name\",\"clientLocation\":{\"name\":\"Ipsum Construction\",\"street\":\"3987 Falls Uhdress Rd\",\"street2\":\"\",\"city\":\"Dolar City\",\"region\":\"NC\",\"postalCode\":\"28173\",\"country\":\"US\"},\"image\":[\"503\"]}}}}},\"512\":{\"type\":\"logoWall\",\"enabled\":\"1\",\"fields\":{\"heading\":\"Heading\",\"body\":\"<p><strong>Body<\\/strong>&nbsp;Lorem ipsum dolor sit amet, vestibulum eget, hac nec condimentum cras. A facilisi, pede maecenas diam accumsan, orci fringilla tellus a felis accumsan, quisque eget curae viverra platea nunc nullam, libero tortor. Sed lorem in molestie, penatibus interdum aliquet quis sed mollis pharetra.&nbsp;<\\/p>\",\"list\":{\"513\":{\"type\":\"14\",\"fields\":{\"item\":\"List Item 1\"}},\"514\":{\"type\":\"14\",\"fields\":{\"item\":\"List Item 2\"}},\"515\":{\"type\":\"14\",\"fields\":{\"item\":\"List Item 3\"}},\"516\":{\"type\":\"14\",\"fields\":{\"item\":\"List Item 4\"}}},\"logos\":{\"517\":{\"type\":\"15\",\"fields\":{\"image\":[\"505\"],\"caption\":\"Lorem Inc\"}},\"518\":{\"type\":\"15\",\"fields\":{\"image\":[\"506\"],\"caption\":\"Ipsum LLC\"}},\"519\":{\"type\":\"15\",\"fields\":{\"image\":[\"507\"],\"caption\":\"Eckzampul \"}},\"521\":{\"type\":\"15\",\"fields\":{\"image\":[\"509\"],\"caption\":\"Play Soldur\"}},\"523\":{\"type\":\"15\",\"fields\":{\"image\":[\"511\"],\"caption\":\"Capshun HLC\"}}}}},\"524\":{\"type\":\"valuesPanel\",\"enabled\":\"1\",\"fields\":{\"heading\":\"Heading\",\"values\":{\"525\":{\"type\":\"20\",\"fields\":{\"Value\":\"Value Name 1\",\"header\":\"Header\",\"body\":\"Lorem ipsum dolor sit amet, vestibulum eget, hac nec condimentum cras. \"}},\"526\":{\"type\":\"20\",\"fields\":{\"Value\":\"Value Name 2\",\"header\":\"Header\",\"body\":\"Lorem ipsum dolor sit amet, vestibulum eget, hac nec condimentum cras. \"}},\"527\":{\"type\":\"20\",\"fields\":{\"Value\":\"Value Name 3\",\"header\":\"Header\",\"body\":\"Lorem ipsum dolor sit amet, vestibulum eget, hac nec condimentum cras. \"}}}}},\"528\":{\"type\":\"contentSelector\",\"enabled\":\"1\",\"fields\":{\"heading\":\"Heading\",\"backgroundImage\":[\"228\"],\"benefit\":{\"529\":{\"type\":\"16\",\"fields\":{\"benefitName\":\"Benefit Name 1\",\"body\":\"<p>Lorem ipsum dolor sit amet, vestibulum eget, hac nec condimentum cras.&nbsp;<\\/p>\"}},\"530\":{\"type\":\"16\",\"fields\":{\"benefitName\":\"Benefit Name 2\",\"body\":\"<p>Lorem ipsum dolor sit amet, vestibulum eget, hac nec condimentum cras.&nbsp;<\\/p>\"}},\"531\":{\"type\":\"16\",\"fields\":{\"benefitName\":\"Benefit Name 3\",\"body\":\"<p>Lorem ipsum dolor sit amet, vestibulum eget, hac nec condimentum cras.&nbsp;<\\/p>\"}}}}},\"532\":{\"type\":\"ctaListing\",\"enabled\":\"1\",\"fields\":{\"heading\":\"Heading\",\"listing\":{\"533\":{\"type\":\"18\",\"fields\":{\"itemTitle\":\"Title Example 1\",\"excerpt\":\"Lorem ipsum dolor sit amet, vestibulum eget, hac nec condimentum cras. \",\"callToAction\":{\"type\":\"entry\",\"custom\":\"\",\"entry\":[\"221\"],\"category\":\"\",\"customText\":\"Custom Link Text\",\"target\":\"\"}}},\"534\":{\"type\":\"18\",\"fields\":{\"itemTitle\":\"Title Example 2\",\"excerpt\":\"Lorem ipsum dolor sit amet, vestibulum eget, hac nec condimentum cras. \",\"callToAction\":{\"type\":\"entry\",\"custom\":\"\",\"entry\":[\"221\"],\"category\":\"\",\"customText\":\"Custom Link Text\",\"target\":\"\"}}}}}},\"535\":{\"type\":\"callToActionPanel\",\"enabled\":\"1\",\"fields\":{\"heading\":\"Heading\",\"callToAction\":{\"type\":\"entry\",\"custom\":\"\",\"entry\":[\"221\"],\"asset\":\"\",\"customText\":\"Custom Link Text\",\"target\":\"\"}}},\"536\":{\"type\":\"locationsPanel\",\"enabled\":\"1\",\"fields\":{\"heading\":\"Heading\",\"backgroundImage\":\"\"}},\"537\":{\"type\":\"caseStudyFilter\",\"enabled\":\"1\",\"fields\":{\"limit\":\"4\"}},\"538\":{\"type\":\"contact\",\"enabled\":\"1\",\"fields\":{\"heading\":\"Heading\"}},\"539\":{\"type\":\"marketsPanel\",\"enabled\":\"1\",\"fields\":{\"heading\":\"Heading\",\"markets\":[\"20\",\"21\",\"22\",\"23\",\"24\",\"25\"]}},\"540\":{\"type\":\"multipleImagePanel\",\"enabled\":\"1\",\"fields\":{\"leftImage\":[\"417\"],\"rightImage\":[\"418\"],\"upperImage\":\"left\",\"backgroundImageIsVisible\":\"\"}}}}}', '2017-07-27 21:09:22', '2017-07-27 21:09:22', '7a39fdfb-87a6-4615-9c6f-2237543df016'),
 ('138', '53', '3', '1', 'en_us', '2', '', '{\"typeId\":\"3\",\"authorId\":\"1\",\"title\":\"The Gunnery Athletic Fields Redesign\",\"slug\":\"the-gunnery-athletic-fields-redesign\",\"postDate\":1497577740,\"expiryDate\":null,\"enabled\":1,\"parentId\":null,\"fields\":{\"132\":{\"name\":\"\",\"street\":\"\",\"street2\":\"\",\"city\":\"Washington\",\"region\":\"CT\",\"postalCode\":\"\",\"country\":\"US\"},\"133\":\"The Gunnery Preparatory Boarding School\",\"3\":\"\",\"130\":{\"new1\":{\"type\":\"featuredimage\",\"enabled\":\"1\",\"fields\":{\"heading\":\"Convert a \\u2028natural grass multipurpose field to synthetic turf.\",\"subheading\":\"The Challenge\",\"image\":{\"new1\":{\"type\":\"21\",\"fields\":{\"mobileImage\":[\"748\"],\"desktopImage\":[\"749\"]}}},\"animated\":\"1\"}}},\"150\":\"\",\"112\":[\"20\"],\"113\":[\"4\",\"5\",\"16\"]}}', '2017-07-31 13:10:18', '2017-07-31 13:10:18', '2f3d83e5-d59e-4ce6-b154-58cf307a2df0'),
 ('140', '274', '8', '1', 'en_us', '5', '', '{\"typeId\":\"8\",\"authorId\":\"1\",\"title\":\"Mark Arigoni\",\"slug\":\"mark-arigoni-la\",\"postDate\":1501098120,\"expiryDate\":null,\"enabled\":1,\"parentId\":null,\"fields\":{\"49\":\"<p>Mark is a Principal of Milone & MacBroom and is the Regional Manager of the firm\\u2019s Massachusetts office. He is responsible for the project development and management of design, coordination, specifications, cost estimates, construction documents, and permit applications for various projects located throughout New England. Project assignments have included the design of greenways, streetscapes, passive and active parks, environmental restorations, recreational facilities, athletic facilities, urban redevelopment and revitalizations, and commercial site developments. These projects have included several environmental restoration components such as brownfield redevelopment design, dam removal design, dam bypass channel design, and river restoration\\/fish passage design.<\\/p>\",\"184\":\"\",\"3\":\"\",\"50\":\"<p>Graduating with a B.S. in Landscape Architecture from the University of Connecticut, Mark is a licensed Landscape Architect in Connecticut, Massachusetts, and Maine. In addition, Mark is a member of the following professional organizations:<\\/p>\\r\\n<ul><li><p>Council of Landscape Architectural Registration Board (CLARB)<\\/p><\\/li><li><p>Connecticut Board of Landscape Architects 2015-Present<\\/p><\\/li><li><p>Committee on Nominations CLARB, 2016-Present<\\/p><\\/li><\\/ul>\",\"170\":[\"272\"],\"185\":\"\",\"39\":[\"41\",\"42\"],\"42\":{\"275\":{\"type\":\"7\",\"fields\":{\"linkedin\":{\"type\":\"custom\",\"custom\":\"https:\\/\\/www.linkedin.com\\/in\\/mark-arigoni-ba378215\\/\",\"target\":\"\"},\"facebook\":{\"type\":\"\",\"custom\":\"\",\"target\":\"\"},\"twitter\":{\"type\":\"\",\"custom\":\"\",\"target\":\"\"}}}},\"41\":{\"date\":\"\"}}}', '2017-07-31 13:13:19', '2017-07-31 13:13:19', '3a7dac13-f03a-449b-9593-7c0c92c8d3b2'),
 ('179', '910', '3', '1', 'en_us', '1', '', '{\"typeId\":null,\"authorId\":\"1\",\"title\":\"Agawam High School Athletic Facility Renovation \",\"slug\":\"agawam-high-school-athletic-facility-renovation-1\",\"postDate\":1498665240,\"expiryDate\":null,\"enabled\":1,\"parentId\":null,\"fields\":{\"132\":{\"name\":\"\",\"street\":\"\",\"street2\":\"\",\"city\":\"Agawam\",\"region\":\"Massachusetts \",\"postalCode\":\"\",\"country\":\"US\"},\"133\":\"Agawam High School \",\"3\":{\"240\":{\"type\":\"textPanel\",\"enabled\":\"1\",\"fields\":{\"heading\":\"What we faced. \",\"body\":\"<p>A wonderfully passionate community was in dire need of safer and more adequate athletic facilities at their High School Athletic Complex. What existed was an outdated, unsafe, undersized, and unuseable track and bleacher system, non-accessible and inadequate restroom, concessions, and storage facilities. The inadequate number of tennis courts in need of repair and an overall inefficient and unsafe layout of conflicting field and sport uses.<\\/p>\"}},\"236\":{\"type\":\"multipleImagePanel\",\"enabled\":\"1\",\"fields\":{\"leftImage\":[\"229\"],\"rightImage\":[\"230\"],\"upperImage\":\"right\",\"backgroundImageIsVisible\":\"\"}},\"143\":{\"type\":\"textPanel\",\"enabled\":\"1\",\"fields\":{\"heading\":\"Including Passionate Stakeholders in the Master Planning Process \",\"body\":\"<p>Although with every design project the actual details for construction are extremely important to the success of the project, &nbsp;perhaps equally important is the early involvement of the stakeholders in the concept stages of the project. &nbsp;&nbsp;Our goal of the masterplanning process was to engage with the Track Committee and the users of the facility, the coaches, the booster club, the players, and the maintenance and facilities staff. &nbsp;Only after having an informed ideas of what the stakeholders envision, could we put our designer hats on and begin the design and concept planning. &nbsp;By having periodic check-ins and presentations with the stakeholders during our concept design phases, it made the \\u201cbuy-in\\u201d of the project design a much smoother and cost effective process as the plans and specifications advanced through to bid documents.. &nbsp;The success of the project was our design team\'s ability to create a balance between the the long wish list of stakeholder desires, &nbsp;and the real constraints of the project budget. <\\/p>\"}},\"144\":{\"type\":\"imageTextPanel\",\"enabled\":\"1\",\"fields\":{\"orientation\":\"left\",\"heading\":\"The work in-progress \",\"body\":\"<p>Due the size of the project and the inclusion of the complete renovation of the the Boys & Girls locker and team room facilities internal to the school, the project was required to follow the MGL Chapter 149 bidding requirements. This bidding procedure was lead by the MMI design team and led to a project that was completed within budget. <\\/p>\\r\\n<p>The resulting athletic facility is a true testament to a collaborative design process. Collaborative not only in the sense of our engineers, planners and landscape architects, but a true collaboration between design team and the community.<\\/p>\",\"list\":\"\",\"callToAction\":{\"type\":\"\",\"custom\":\"\",\"entry\":\"\",\"target\":\"\"},\"image\":[\"231\"]}},\"145\":{\"type\":\"gallery\",\"enabled\":\"1\",\"fields\":{\"heading\":\"A look at the finished product. \",\"gallery\":{\"159\":{\"type\":\"3\",\"fields\":{\"mediaAsset\":[\"232\"],\"caption\":\"Sample Caption here \"}},\"237\":{\"type\":\"3\",\"fields\":{\"mediaAsset\":[\"233\"],\"caption\":\"sample caption here \"}},\"238\":{\"type\":\"3\",\"fields\":{\"mediaAsset\":[\"234\"],\"caption\":\"sample caption here \"}},\"239\":{\"type\":\"3\",\"fields\":{\"mediaAsset\":[\"235\"],\"caption\":\"sample caption here \"}}}}},\"178\":{\"type\":\"listPanel\",\"enabled\":\"1\",\"fields\":{\"heading\":\"A List of Facility Improvements include: \",\"body\":\"\",\"list\":{\"179\":{\"type\":\"8\",\"fields\":{\"listItem\":\"New Boys & Girls Locker Rooms\"}},\"184\":{\"type\":\"8\",\"fields\":{\"listItem\":\"New Ticketing \\/ Concession \\/ Restroom \\/ Satellite Trainers room and three bay storage facility \"}},\"188\":{\"type\":\"8\",\"fields\":{\"listItem\":\"New (6) post tensioned concrete tennis courts with basketball accommodations \"}},\"180\":{\"type\":\"8\",\"fields\":{\"listItem\":\"New 6 lane (8 straight) synthetic track\"}},\"181\":{\"type\":\"8\",\"fields\":{\"listItem\":\"New full size synthetic turf field with new field lighting system\"}},\"182\":{\"type\":\"8\",\"fields\":{\"listItem\":\"New 1500 seat bleacher system \"}},\"183\":{\"type\":\"8\",\"fields\":{\"listItem\":\"New stadium scoreboard and sound system\"}},\"185\":{\"type\":\"8\",\"fields\":{\"listItem\":\"New girls softball field, dugouts, and scoreboard\"}},\"189\":{\"type\":\"8\",\"fields\":{\"listItem\":\"Section of new Town Bikeway access to facility \"}},\"190\":{\"type\":\"8\",\"fields\":{\"listItem\":\"New Accessible parking \"}},\"191\":{\"type\":\"8\",\"fields\":{\"listItem\":\"Renovated two story press box\"}},\"186\":{\"type\":\"8\",\"fields\":{\"listItem\":\"New baseball field, dugouts, fencing, batting cage and scoreboard\"}},\"192\":{\"type\":\"8\",\"fields\":{\"listItem\":\"Restored historical field signage archway \"}},\"193\":{\"type\":\"8\",\"fields\":{\"listItem\":\"Decorative site lighting \"}},\"187\":{\"type\":\"8\",\"fields\":{\"listItem\":\"New multi-use natural grass athletic fields and irrigation \"}}},\"centered\":\"1\",\"lift\":\"\",\"lightGrayBackground\":\"\"}},\"197\":{\"type\":\"people\",\"enabled\":\"1\",\"fields\":{\"heading\":\"Meet the team involved.\",\"people\":{\"198\":{\"type\":\"22\",\"fields\":{\"person\":[\"35\"],\"role\":[\"42\"]}},\"282\":{\"type\":\"22\",\"fields\":{\"person\":[\"274\"],\"role\":[\"42\"]}}}}},\"195\":{\"type\":\"contact\",\"enabled\":\"\",\"fields\":{\"heading\":\"Let\'s work together! \"}},\"196\":{\"type\":\"relatedCallOuts\",\"enabled\":\"1\",\"fields\":{\"heading\":\"Related Projects \",\"callOuts\":[\"139\",\"53\"]}}},\"130\":{\"176\":{\"type\":\"featuredimage\",\"enabled\":\"1\",\"fields\":{\"subheading\":\"The Challenge\",\"heading\":\"Transform the virtually unusable into a true showcase athletic venue for the community and the region. \",\"image\":{\"177\":{\"type\":\"21\",\"fields\":{\"mobileImage\":[\"175\"],\"desktopImage\":[\"175\"]}}},\"animated\":\"1\"}}},\"150\":\"\",\"112\":[\"22\",\"25\"],\"113\":[\"4\",\"5\",\"16\",\"18\"]}}', '2017-07-31 19:29:35', '2017-07-31 19:29:35', '4dfbdba3-bfd0-40c1-a8e0-7eddd89d97d5'),
 ('181', '910', '3', '1', 'en_us', '2', '', '{\"typeId\":\"3\",\"authorId\":\"1\",\"title\":\"Centre Square\",\"slug\":\"agawam-high-school-athletic-facility-renovation-1\",\"postDate\":1498665240,\"expiryDate\":null,\"enabled\":1,\"parentId\":null,\"fields\":{\"132\":{\"name\":\"\",\"street\":\"\",\"street2\":\"\",\"city\":\"Agawam\",\"region\":\"Massachusetts \",\"postalCode\":\"\",\"country\":\"US\"},\"133\":\"City of Bristol\",\"3\":{\"913\":{\"type\":\"textPanel\",\"enabled\":\"1\",\"fields\":{\"heading\":\"What we faced. \",\"body\":\"<p>A wonderfully passionate community was in dire need of safer and more adequate athletic facilities at their High School Athletic Complex. What existed was an outdated, unsafe, undersized, and unuseable track and bleacher system, non-accessible and inadequate restroom, concessions, and storage facilities. The inadequate number of tennis courts in need of repair and an overall inefficient and unsafe layout of conflicting field and sport uses.<\\/p>\"}},\"914\":{\"type\":\"multipleImagePanel\",\"enabled\":\"1\",\"fields\":{\"leftImage\":[\"229\"],\"rightImage\":[\"230\"],\"upperImage\":\"right\",\"backgroundImageIsVisible\":\"\"}},\"915\":{\"type\":\"textPanel\",\"enabled\":\"1\",\"fields\":{\"heading\":\"Including Passionate Stakeholders in the Master Planning Process \",\"body\":\"<p>Although with every design project the actual details for construction are extremely important to the success of the project, &nbsp;perhaps equally important is the early involvement of the stakeholders in the concept stages of the project. &nbsp;&nbsp;Our goal of the masterplanning process was to engage with the Track Committee and the users of the facility, the coaches, the booster club, the players, and the maintenance and facilities staff. &nbsp;Only after having an informed ideas of what the stakeholders envision, could we put our designer hats on and begin the design and concept planning. &nbsp;By having periodic check-ins and presentations with the stakeholders during our concept design phases, it made the \\u201cbuy-in\\u201d of the project design a much smoother and cost effective process as the plans and specifications advanced through to bid documents.. &nbsp;The success of the project was our design team\'s ability to create a balance between the the long wish list of stakeholder desires, &nbsp;and the real constraints of the project budget. <\\/p>\"}},\"916\":{\"type\":\"imageTextPanel\",\"enabled\":\"1\",\"fields\":{\"orientation\":\"left\",\"heading\":\"The work in-progress \",\"body\":\"<p>Due the size of the project and the inclusion of the complete renovation of the the Boys & Girls locker and team room facilities internal to the school, the project was required to follow the MGL Chapter 149 bidding requirements. This bidding procedure was lead by the MMI design team and led to a project that was completed within budget. <\\/p>\\r\\n<p>The resulting athletic facility is a true testament to a collaborative design process. Collaborative not only in the sense of our engineers, planners and landscape architects, but a true collaboration between design team and the community.<\\/p>\",\"list\":\"\",\"callToAction\":{\"type\":\"\",\"custom\":\"\",\"entry\":\"\",\"target\":\"\"},\"image\":[\"231\"]}},\"917\":{\"type\":\"gallery\",\"enabled\":\"1\",\"fields\":{\"heading\":\"A look at the finished product. \",\"gallery\":{\"918\":{\"type\":\"3\",\"fields\":{\"mediaAsset\":[\"232\"],\"caption\":\"Sample Caption here \"}},\"919\":{\"type\":\"3\",\"fields\":{\"mediaAsset\":[\"233\"],\"caption\":\"sample caption here \"}},\"920\":{\"type\":\"3\",\"fields\":{\"mediaAsset\":[\"234\"],\"caption\":\"sample caption here \"}},\"921\":{\"type\":\"3\",\"fields\":{\"mediaAsset\":[\"235\"],\"caption\":\"sample caption here \"}}}}},\"922\":{\"type\":\"listPanel\",\"enabled\":\"1\",\"fields\":{\"heading\":\"A List of Facility Improvements include: \",\"body\":\"\",\"list\":{\"923\":{\"type\":\"8\",\"fields\":{\"listItem\":\"New Boys & Girls Locker Rooms\"}},\"924\":{\"type\":\"8\",\"fields\":{\"listItem\":\"New Ticketing \\/ Concession \\/ Restroom \\/ Satellite Trainers room and three bay storage facility \"}},\"925\":{\"type\":\"8\",\"fields\":{\"listItem\":\"New (6) post tensioned concrete tennis courts with basketball accommodations \"}},\"926\":{\"type\":\"8\",\"fields\":{\"listItem\":\"New 6 lane (8 straight) synthetic track\"}},\"927\":{\"type\":\"8\",\"fields\":{\"listItem\":\"New full size synthetic turf field with new field lighting system\"}},\"928\":{\"type\":\"8\",\"fields\":{\"listItem\":\"New 1500 seat bleacher system \"}},\"929\":{\"type\":\"8\",\"fields\":{\"listItem\":\"New stadium scoreboard and sound system\"}},\"930\":{\"type\":\"8\",\"fields\":{\"listItem\":\"New girls softball field, dugouts, and scoreboard\"}},\"931\":{\"type\":\"8\",\"fields\":{\"listItem\":\"Section of new Town Bikeway access to facility \"}},\"932\":{\"type\":\"8\",\"fields\":{\"listItem\":\"New Accessible parking \"}},\"933\":{\"type\":\"8\",\"fields\":{\"listItem\":\"Renovated two story press box\"}},\"934\":{\"type\":\"8\",\"fields\":{\"listItem\":\"New baseball field, dugouts, fencing, batting cage and scoreboard\"}},\"935\":{\"type\":\"8\",\"fields\":{\"listItem\":\"Restored historical field signage archway \"}},\"936\":{\"type\":\"8\",\"fields\":{\"listItem\":\"Decorative site lighting \"}},\"937\":{\"type\":\"8\",\"fields\":{\"listItem\":\"New multi-use natural grass athletic fields and irrigation \"}}},\"centered\":\"1\",\"lift\":\"\",\"lightGrayBackground\":\"\"}},\"938\":{\"type\":\"people\",\"enabled\":\"1\",\"fields\":{\"heading\":\"Meet the team involved.\",\"people\":{\"939\":{\"type\":\"22\",\"fields\":{\"person\":[\"35\"],\"role\":[\"42\"]}},\"940\":{\"type\":\"22\",\"fields\":{\"person\":[\"274\"],\"role\":[\"42\"]}}}}},\"941\":{\"type\":\"contact\",\"enabled\":\"\",\"fields\":{\"heading\":\"Let\'s work together! \"}},\"942\":{\"type\":\"relatedCallOuts\",\"enabled\":\"1\",\"fields\":{\"heading\":\"Related Projects \",\"callOuts\":[\"139\",\"53\"]}}},\"130\":{\"911\":{\"type\":\"featuredimage\",\"enabled\":\"1\",\"fields\":{\"subheading\":\"The Challenge\",\"heading\":\"Transform the virtually unusable into a true showcase athletic venue for the community and the region. \",\"image\":{\"912\":{\"type\":\"21\",\"fields\":{\"mobileImage\":[\"957\"],\"desktopImage\":[\"958\"]}}},\"animated\":\"\"}}},\"150\":\"\",\"112\":[\"22\",\"25\"],\"113\":[\"4\",\"5\",\"16\",\"18\"]}}', '2017-07-31 19:36:12', '2017-07-31 19:36:12', 'b9a7d682-0bf7-4396-8012-ac3d177848a1'),
 ('182', '910', '3', '1', 'en_us', '3', '', '{\"typeId\":\"3\",\"authorId\":\"1\",\"title\":\"Centre Square\",\"slug\":\"agawam-high-school-athletic-facility-renovation-1\",\"postDate\":1498665240,\"expiryDate\":null,\"enabled\":1,\"parentId\":null,\"fields\":{\"132\":{\"name\":\"\",\"street\":\"\",\"street2\":\"\",\"city\":\"Bristol\",\"region\":\"Connecticut\",\"postalCode\":\"\",\"country\":\"US\"},\"133\":\"City of Bristol\",\"3\":{\"913\":{\"type\":\"textPanel\",\"enabled\":\"1\",\"fields\":{\"heading\":\"What we faced. \",\"body\":\"<p>A wonderfully passionate community was in dire need of safer and more adequate athletic facilities at their High School Athletic Complex. What existed was an outdated, unsafe, undersized, and unuseable track and bleacher system, non-accessible and inadequate restroom, concessions, and storage facilities. The inadequate number of tennis courts in need of repair and an overall inefficient and unsafe layout of conflicting field and sport uses.<\\/p>\"}},\"914\":{\"type\":\"multipleImagePanel\",\"enabled\":\"1\",\"fields\":{\"leftImage\":[\"229\"],\"rightImage\":[\"230\"],\"upperImage\":\"right\",\"backgroundImageIsVisible\":\"\"}},\"915\":{\"type\":\"textPanel\",\"enabled\":\"1\",\"fields\":{\"heading\":\"Including Passionate Stakeholders in the Master Planning Process \",\"body\":\"<p>Although with every design project the actual details for construction are extremely important to the success of the project, &nbsp;perhaps equally important is the early involvement of the stakeholders in the concept stages of the project. &nbsp;&nbsp;Our goal of the masterplanning process was to engage with the Track Committee and the users of the facility, the coaches, the booster club, the players, and the maintenance and facilities staff. &nbsp;Only after having an informed ideas of what the stakeholders envision, could we put our designer hats on and begin the design and concept planning. &nbsp;By having periodic check-ins and presentations with the stakeholders during our concept design phases, it made the \\u201cbuy-in\\u201d of the project design a much smoother and cost effective process as the plans and specifications advanced through to bid documents.. &nbsp;The success of the project was our design team\'s ability to create a balance between the the long wish list of stakeholder desires, &nbsp;and the real constraints of the project budget. <\\/p>\"}},\"916\":{\"type\":\"imageTextPanel\",\"enabled\":\"1\",\"fields\":{\"orientation\":\"left\",\"heading\":\"The work in-progress \",\"body\":\"<p>Due the size of the project and the inclusion of the complete renovation of the the Boys & Girls locker and team room facilities internal to the school, the project was required to follow the MGL Chapter 149 bidding requirements. This bidding procedure was lead by the MMI design team and led to a project that was completed within budget. <\\/p>\\r\\n<p>The resulting athletic facility is a true testament to a collaborative design process. Collaborative not only in the sense of our engineers, planners and landscape architects, but a true collaboration between design team and the community.<\\/p>\",\"list\":\"\",\"callToAction\":{\"type\":\"\",\"custom\":\"\",\"entry\":\"\",\"target\":\"\"},\"image\":[\"231\"]}},\"917\":{\"type\":\"gallery\",\"enabled\":\"1\",\"fields\":{\"heading\":\"A look at the finished product. \",\"gallery\":{\"918\":{\"type\":\"3\",\"fields\":{\"mediaAsset\":[\"232\"],\"caption\":\"Sample Caption here \"}},\"919\":{\"type\":\"3\",\"fields\":{\"mediaAsset\":[\"233\"],\"caption\":\"sample caption here \"}},\"920\":{\"type\":\"3\",\"fields\":{\"mediaAsset\":[\"234\"],\"caption\":\"sample caption here \"}},\"921\":{\"type\":\"3\",\"fields\":{\"mediaAsset\":[\"235\"],\"caption\":\"sample caption here \"}}}}},\"922\":{\"type\":\"listPanel\",\"enabled\":\"1\",\"fields\":{\"heading\":\"A List of Facility Improvements include: \",\"body\":\"\",\"list\":{\"923\":{\"type\":\"8\",\"fields\":{\"listItem\":\"New Boys & Girls Locker Rooms\"}},\"924\":{\"type\":\"8\",\"fields\":{\"listItem\":\"New Ticketing \\/ Concession \\/ Restroom \\/ Satellite Trainers room and three bay storage facility \"}},\"925\":{\"type\":\"8\",\"fields\":{\"listItem\":\"New (6) post tensioned concrete tennis courts with basketball accommodations \"}},\"926\":{\"type\":\"8\",\"fields\":{\"listItem\":\"New 6 lane (8 straight) synthetic track\"}},\"927\":{\"type\":\"8\",\"fields\":{\"listItem\":\"New full size synthetic turf field with new field lighting system\"}},\"928\":{\"type\":\"8\",\"fields\":{\"listItem\":\"New 1500 seat bleacher system \"}},\"929\":{\"type\":\"8\",\"fields\":{\"listItem\":\"New stadium scoreboard and sound system\"}},\"930\":{\"type\":\"8\",\"fields\":{\"listItem\":\"New girls softball field, dugouts, and scoreboard\"}},\"931\":{\"type\":\"8\",\"fields\":{\"listItem\":\"Section of new Town Bikeway access to facility \"}},\"932\":{\"type\":\"8\",\"fields\":{\"listItem\":\"New Accessible parking \"}},\"933\":{\"type\":\"8\",\"fields\":{\"listItem\":\"Renovated two story press box\"}},\"934\":{\"type\":\"8\",\"fields\":{\"listItem\":\"New baseball field, dugouts, fencing, batting cage and scoreboard\"}},\"935\":{\"type\":\"8\",\"fields\":{\"listItem\":\"Restored historical field signage archway \"}},\"936\":{\"type\":\"8\",\"fields\":{\"listItem\":\"Decorative site lighting \"}},\"937\":{\"type\":\"8\",\"fields\":{\"listItem\":\"New multi-use natural grass athletic fields and irrigation \"}}},\"centered\":\"1\",\"lift\":\"\",\"lightGrayBackground\":\"\"}},\"938\":{\"type\":\"people\",\"enabled\":\"1\",\"fields\":{\"heading\":\"Meet the team involved.\",\"people\":{\"939\":{\"type\":\"22\",\"fields\":{\"person\":[\"35\"],\"role\":[\"42\"]}},\"940\":{\"type\":\"22\",\"fields\":{\"person\":[\"274\"],\"role\":[\"42\"]}}}}},\"941\":{\"type\":\"contact\",\"enabled\":\"\",\"fields\":{\"heading\":\"Let\'s work together! \"}},\"942\":{\"type\":\"relatedCallOuts\",\"enabled\":\"1\",\"fields\":{\"heading\":\"Related Projects \",\"callOuts\":[\"139\",\"53\"]}}},\"130\":{\"911\":{\"type\":\"featuredimage\",\"enabled\":\"1\",\"fields\":{\"subheading\":\"The Challenge\",\"heading\":\"Transform An abandoned lot to a downtown destination\",\"image\":{\"912\":{\"type\":\"21\",\"fields\":{\"mobileImage\":[\"957\"],\"desktopImage\":[\"958\"]}}},\"animated\":\"\"}}},\"150\":\"\",\"112\":[\"21\",\"85\",\"22\",\"25\"],\"113\":[\"4\",\"5\",\"16\",\"18\"]}}', '2017-07-31 19:37:21', '2017-07-31 19:37:21', '265a545c-1e1c-4044-845a-bf1cdbde265d'),
 ('183', '910', '3', '1', 'en_us', '4', '', '{\"typeId\":\"3\",\"authorId\":\"1\",\"title\":\"Centre Square\",\"slug\":\"agawam-high-school-athletic-facility-renovation-1\",\"postDate\":1498665240,\"expiryDate\":null,\"enabled\":1,\"parentId\":null,\"fields\":{\"132\":{\"name\":\"\",\"street\":\"\",\"street2\":\"\",\"city\":\"Bristol\",\"region\":\"Connecticut\",\"postalCode\":\"\",\"country\":\"US\"},\"133\":\"City of Bristol\",\"3\":{\"913\":{\"type\":\"textPanel\",\"enabled\":\"1\",\"fields\":{\"heading\":\"What we faced. \",\"body\":\"<p>A wonderfully passionate community was in dire need of safer and more adequate athletic facilities at their High School Athletic Complex. What existed was an outdated, unsafe, undersized, and unuseable track and bleacher system, non-accessible and inadequate restroom, concessions, and storage facilities. The inadequate number of tennis courts in need of repair and an overall inefficient and unsafe layout of conflicting field and sport uses.<\\/p>\"}},\"914\":{\"type\":\"multipleImagePanel\",\"enabled\":\"1\",\"fields\":{\"leftImage\":[\"229\"],\"rightImage\":[\"230\"],\"upperImage\":\"right\",\"backgroundImageIsVisible\":\"\"}},\"915\":{\"type\":\"textPanel\",\"enabled\":\"1\",\"fields\":{\"heading\":\"Including Passionate Stakeholders in the Master Planning Process \",\"body\":\"<p>Although with every design project the actual details for construction are extremely important to the success of the project, &nbsp;perhaps equally important is the early involvement of the stakeholders in the concept stages of the project. &nbsp;&nbsp;Our goal of the masterplanning process was to engage with the Track Committee and the users of the facility, the coaches, the booster club, the players, and the maintenance and facilities staff. &nbsp;Only after having an informed ideas of what the stakeholders envision, could we put our designer hats on and begin the design and concept planning. &nbsp;By having periodic check-ins and presentations with the stakeholders during our concept design phases, it made the \\u201cbuy-in\\u201d of the project design a much smoother and cost effective process as the plans and specifications advanced through to bid documents.. &nbsp;The success of the project was our design team\'s ability to create a balance between the the long wish list of stakeholder desires, &nbsp;and the real constraints of the project budget. <\\/p>\"}},\"916\":{\"type\":\"imageTextPanel\",\"enabled\":\"1\",\"fields\":{\"orientation\":\"left\",\"heading\":\"The work in-progress \",\"body\":\"<p>Due the size of the project and the inclusion of the complete renovation of the the Boys & Girls locker and team room facilities internal to the school, the project was required to follow the MGL Chapter 149 bidding requirements. This bidding procedure was lead by the MMI design team and led to a project that was completed within budget. <\\/p>\\r\\n<p>The resulting athletic facility is a true testament to a collaborative design process. Collaborative not only in the sense of our engineers, planners and landscape architects, but a true collaboration between design team and the community.<\\/p>\",\"list\":\"\",\"callToAction\":{\"type\":\"\",\"custom\":\"\",\"entry\":\"\",\"target\":\"\"},\"image\":[\"231\"]}},\"917\":{\"type\":\"gallery\",\"enabled\":\"1\",\"fields\":{\"heading\":\"A look at the finished product. \",\"gallery\":{\"918\":{\"type\":\"3\",\"fields\":{\"mediaAsset\":[\"232\"],\"caption\":\"Sample Caption here \"}},\"919\":{\"type\":\"3\",\"fields\":{\"mediaAsset\":[\"233\"],\"caption\":\"sample caption here \"}},\"920\":{\"type\":\"3\",\"fields\":{\"mediaAsset\":[\"234\"],\"caption\":\"sample caption here \"}},\"921\":{\"type\":\"3\",\"fields\":{\"mediaAsset\":[\"235\"],\"caption\":\"sample caption here \"}}}}},\"922\":{\"type\":\"listPanel\",\"enabled\":\"1\",\"fields\":{\"heading\":\"A List of Facility Improvements include: \",\"body\":\"\",\"list\":{\"923\":{\"type\":\"8\",\"fields\":{\"listItem\":\"New Boys & Girls Locker Rooms\"}},\"924\":{\"type\":\"8\",\"fields\":{\"listItem\":\"New Ticketing \\/ Concession \\/ Restroom \\/ Satellite Trainers room and three bay storage facility \"}},\"925\":{\"type\":\"8\",\"fields\":{\"listItem\":\"New (6) post tensioned concrete tennis courts with basketball accommodations \"}},\"926\":{\"type\":\"8\",\"fields\":{\"listItem\":\"New 6 lane (8 straight) synthetic track\"}},\"927\":{\"type\":\"8\",\"fields\":{\"listItem\":\"New full size synthetic turf field with new field lighting system\"}},\"928\":{\"type\":\"8\",\"fields\":{\"listItem\":\"New 1500 seat bleacher system \"}},\"929\":{\"type\":\"8\",\"fields\":{\"listItem\":\"New stadium scoreboard and sound system\"}},\"930\":{\"type\":\"8\",\"fields\":{\"listItem\":\"New girls softball field, dugouts, and scoreboard\"}},\"931\":{\"type\":\"8\",\"fields\":{\"listItem\":\"Section of new Town Bikeway access to facility \"}},\"932\":{\"type\":\"8\",\"fields\":{\"listItem\":\"New Accessible parking \"}},\"933\":{\"type\":\"8\",\"fields\":{\"listItem\":\"Renovated two story press box\"}},\"934\":{\"type\":\"8\",\"fields\":{\"listItem\":\"New baseball field, dugouts, fencing, batting cage and scoreboard\"}},\"935\":{\"type\":\"8\",\"fields\":{\"listItem\":\"Restored historical field signage archway \"}},\"936\":{\"type\":\"8\",\"fields\":{\"listItem\":\"Decorative site lighting \"}},\"937\":{\"type\":\"8\",\"fields\":{\"listItem\":\"New multi-use natural grass athletic fields and irrigation \"}}},\"centered\":\"1\",\"lift\":\"\",\"lightGrayBackground\":\"\"}},\"938\":{\"type\":\"people\",\"enabled\":\"1\",\"fields\":{\"heading\":\"Meet the team involved.\",\"people\":{\"939\":{\"type\":\"22\",\"fields\":{\"person\":[\"35\"],\"role\":[\"42\"]}},\"940\":{\"type\":\"22\",\"fields\":{\"person\":[\"274\"],\"role\":[\"42\"]}}}}},\"941\":{\"type\":\"contact\",\"enabled\":\"\",\"fields\":{\"heading\":\"Let\'s work together! \"}},\"942\":{\"type\":\"relatedCallOuts\",\"enabled\":\"1\",\"fields\":{\"heading\":\"Related Projects \",\"callOuts\":[\"139\",\"53\"]}}},\"130\":{\"911\":{\"type\":\"featuredimage\",\"enabled\":\"1\",\"fields\":{\"subheading\":\"The Challenge\",\"heading\":\"Transform An abandoned lot to a downtown destination\",\"image\":{\"912\":{\"type\":\"21\",\"fields\":{\"mobileImage\":[\"957\"],\"desktopImage\":[\"958\"]}}},\"animated\":\"\"}}},\"150\":\"\",\"112\":[\"21\",\"85\",\"22\",\"25\"],\"113\":[\"4\",\"5\",\"16\",\"18\"]}}', '2017-07-31 19:54:49', '2017-07-31 19:54:49', '6811bd7a-0b2d-4d4c-9ac5-7defaf0cd75e'),
 ('184', '960', '10', '1', 'en_us', '1', '', '{\"typeId\":null,\"authorId\":\"1\",\"title\":\"Education\",\"slug\":\"education\",\"postDate\":1501536437,\"expiryDate\":null,\"enabled\":1,\"parentId\":\"\",\"fields\":{\"3\":\"\",\"127\":{\"icon\":\"_blank_\"}}}', '2017-07-31 21:27:17', '2017-07-31 21:27:17', 'a31ff3ab-9e5a-48ef-81eb-f9d89532fa84');
INSERT INTO `craft_entryversions` (`id`, `entryId`, `sectionId`, `creatorId`, `locale`, `num`, `notes`, `data`, `dateCreated`, `dateUpdated`, `uid`) VALUES
 ('185', '961', '10', '1', 'en_us', '1', '', '{\"typeId\":null,\"authorId\":\"1\",\"title\":\"Public Education\",\"slug\":\"public-education\",\"postDate\":1501536458,\"expiryDate\":null,\"enabled\":1,\"parentId\":\"960\",\"fields\":{\"3\":\"\",\"127\":{\"icon\":\"_blank_\"}}}', '2017-07-31 21:27:38', '2017-07-31 21:27:38', '1bf54678-2c70-4360-862f-38a170676087'),
 ('186', '962', '10', '1', 'en_us', '1', '', '{\"typeId\":null,\"authorId\":\"1\",\"title\":\"Higher Education\",\"slug\":\"higher-education\",\"postDate\":1501536469,\"expiryDate\":null,\"enabled\":1,\"parentId\":\"960\",\"fields\":{\"3\":\"\",\"127\":{\"icon\":\"_blank_\"}}}', '2017-07-31 21:27:49', '2017-07-31 21:27:49', 'e5940c32-bf0d-4b4e-808e-253fb939e502'),
 ('187', '963', '10', '1', 'en_us', '1', '', '{\"typeId\":null,\"authorId\":\"1\",\"title\":\"Independent Schools\",\"slug\":\"independent-schools\",\"postDate\":1501536481,\"expiryDate\":null,\"enabled\":1,\"parentId\":\"960\",\"fields\":{\"3\":\"\",\"127\":{\"icon\":\"_blank_\"}}}', '2017-07-31 21:28:01', '2017-07-31 21:28:01', '35fbd33a-4e4f-4482-a679-417475e33f11'),
 ('188', '964', '10', '1', 'en_us', '1', '', '{\"typeId\":null,\"authorId\":\"1\",\"title\":\"Development\",\"slug\":\"development\",\"postDate\":1501536496,\"expiryDate\":null,\"enabled\":1,\"parentId\":\"\",\"fields\":{\"3\":\"\",\"127\":{\"icon\":\"_blank_\"}}}', '2017-07-31 21:28:16', '2017-07-31 21:28:16', '2da29295-3657-4e04-b7aa-7ecb59917801'),
 ('189', '965', '10', '1', 'en_us', '1', '', '{\"typeId\":null,\"authorId\":\"1\",\"title\":\"Residential\",\"slug\":\"residential\",\"postDate\":1501536512,\"expiryDate\":null,\"enabled\":1,\"parentId\":\"964\",\"fields\":{\"3\":\"\",\"127\":{\"icon\":\"_blank_\"}}}', '2017-07-31 21:28:32', '2017-07-31 21:28:32', '59a1803e-0b11-4f29-8a68-10378e3cdfca'),
 ('190', '966', '10', '1', 'en_us', '1', '', '{\"typeId\":null,\"authorId\":\"1\",\"title\":\"Corporate & Industrial\",\"slug\":\"corporate-industrial\",\"postDate\":1501536532,\"expiryDate\":null,\"enabled\":1,\"parentId\":\"964\",\"fields\":{\"3\":\"\",\"127\":{\"icon\":\"_blank_\"}}}', '2017-07-31 21:28:52', '2017-07-31 21:28:52', '6bec6e9c-9ffe-4aec-bacc-fd4f14421290'),
 ('191', '967', '10', '1', 'en_us', '1', '', '{\"typeId\":null,\"authorId\":\"1\",\"title\":\"Healthcare\",\"slug\":\"healthcare\",\"postDate\":1501536541,\"expiryDate\":null,\"enabled\":1,\"parentId\":\"964\",\"fields\":{\"3\":\"\",\"127\":{\"icon\":\"_blank_\"}}}', '2017-07-31 21:29:01', '2017-07-31 21:29:01', 'c3143f2d-bde2-482b-aa34-599a1396e917'),
 ('192', '968', '10', '1', 'en_us', '1', '', '{\"typeId\":null,\"authorId\":\"1\",\"title\":\"Mixed Use & Commercial\",\"slug\":\"mixed-use-commercial\",\"postDate\":1501536559,\"expiryDate\":null,\"enabled\":1,\"parentId\":\"964\",\"fields\":{\"3\":\"\",\"127\":{\"icon\":\"_blank_\"}}}', '2017-07-31 21:29:19', '2017-07-31 21:29:19', '362aada8-2a30-4267-b04d-a8f0a51edbf5'),
 ('193', '969', '10', '1', 'en_us', '1', '', '{\"typeId\":null,\"authorId\":\"1\",\"title\":\"Civic\",\"slug\":\"civic\",\"postDate\":1501536567,\"expiryDate\":null,\"enabled\":1,\"parentId\":\"964\",\"fields\":{\"3\":\"\",\"127\":{\"icon\":\"_blank_\"}}}', '2017-07-31 21:29:27', '2017-07-31 21:29:27', '286bf671-4c51-4771-b1fa-84d526521c5b'),
 ('194', '970', '10', '1', 'en_us', '1', '', '{\"typeId\":null,\"authorId\":\"1\",\"title\":\"Utilities\",\"slug\":\"utilities\",\"postDate\":1501536577,\"expiryDate\":null,\"enabled\":1,\"parentId\":\"\",\"fields\":{\"3\":\"\",\"127\":{\"icon\":\"_blank_\"}}}', '2017-07-31 21:29:37', '2017-07-31 21:29:37', '35dbf849-28ea-4f36-a013-a4fd3a8bb8ab'),
 ('195', '971', '10', '1', 'en_us', '1', '', '{\"typeId\":null,\"authorId\":\"1\",\"title\":\"Transportation\",\"slug\":\"transportation\",\"postDate\":1501536585,\"expiryDate\":null,\"enabled\":1,\"parentId\":\"\",\"fields\":{\"3\":\"\",\"127\":{\"icon\":\"_blank_\"}}}', '2017-07-31 21:29:45', '2017-07-31 21:29:45', 'ea6ec750-378e-421c-a219-3e7209bd8a6d'),
 ('196', '972', '10', '1', 'en_us', '1', '', '{\"typeId\":null,\"authorId\":\"1\",\"title\":\"Environment\",\"slug\":\"environment\",\"postDate\":1501536593,\"expiryDate\":null,\"enabled\":1,\"parentId\":\"\",\"fields\":{\"3\":\"\",\"127\":{\"icon\":\"_blank_\"}}}', '2017-07-31 21:29:53', '2017-07-31 21:29:53', '4dd51efb-8210-4e06-9ee2-8ebfe20ba46f'),
 ('197', '973', '10', '1', 'en_us', '1', '', '{\"typeId\":null,\"authorId\":\"1\",\"title\":\"Community\",\"slug\":\"community\",\"postDate\":1501536600,\"expiryDate\":null,\"enabled\":1,\"parentId\":\"\",\"fields\":{\"3\":\"\",\"127\":{\"icon\":\"_blank_\"}}}', '2017-07-31 21:30:00', '2017-07-31 21:30:00', '2462729e-a51f-4191-9688-e47dfb74a697'),
 ('198', '974', '11', '1', 'en_us', '1', '', '{\"typeId\":null,\"authorId\":\"1\",\"title\":\"Engineering\",\"slug\":\"engineering\",\"postDate\":1501536636,\"expiryDate\":null,\"enabled\":1,\"parentId\":\"\",\"fields\":{\"3\":\"\",\"137\":\"\",\"128\":\"\"}}', '2017-07-31 21:30:36', '2017-07-31 21:30:36', 'ca9b6c4e-5d38-451a-b995-66e9c2010b9a'),
 ('199', '975', '11', '1', 'en_us', '1', '', '{\"typeId\":null,\"authorId\":\"1\",\"title\":\"Civil Engineering\",\"slug\":\"civil-engineering\",\"postDate\":1501536684,\"expiryDate\":null,\"enabled\":1,\"parentId\":\"974\",\"fields\":{\"3\":\"\",\"137\":\"\",\"128\":\"\"}}', '2017-07-31 21:31:24', '2017-07-31 21:31:24', '34481847-80ab-401b-aec2-e89f5c41bcde'),
 ('200', '976', '11', '1', 'en_us', '1', '', '{\"typeId\":null,\"authorId\":\"1\",\"title\":\"Transportation Engineering\",\"slug\":\"transportation-engineering\",\"postDate\":1501536747,\"expiryDate\":null,\"enabled\":1,\"parentId\":\"974\",\"fields\":{\"3\":\"\",\"137\":\"\",\"128\":\"\"}}', '2017-07-31 21:32:27', '2017-07-31 21:32:27', '8ee57e14-14e6-4694-9376-861082648ade'),
 ('201', '977', '11', '1', 'en_us', '1', '', '{\"typeId\":null,\"authorId\":\"1\",\"title\":\"Water Resources\",\"slug\":\"water-resources\",\"postDate\":1501536755,\"expiryDate\":null,\"enabled\":1,\"parentId\":\"974\",\"fields\":{\"3\":\"\",\"137\":\"\",\"128\":\"\"}}', '2017-07-31 21:32:35', '2017-07-31 21:32:35', '36abcbff-ee78-4755-9847-b11e22bdd249'),
 ('202', '978', '11', '1', 'en_us', '1', '', '{\"typeId\":null,\"authorId\":\"1\",\"title\":\"Structural Engineering\",\"slug\":\"structural-engineering\",\"postDate\":1501536764,\"expiryDate\":null,\"enabled\":1,\"parentId\":\"974\",\"fields\":{\"3\":\"\",\"137\":\"\",\"128\":\"\"}}', '2017-07-31 21:32:44', '2017-07-31 21:32:44', '677e2734-590d-4f7d-ba7b-b1309aaa290d'),
 ('203', '979', '11', '1', 'en_us', '1', '', '{\"typeId\":null,\"authorId\":\"1\",\"title\":\"Geotechnical Engineering\",\"slug\":\"geotechnical-engineering\",\"postDate\":1501536776,\"expiryDate\":null,\"enabled\":1,\"parentId\":\"974\",\"fields\":{\"3\":\"\",\"137\":\"\",\"128\":\"\"}}', '2017-07-31 21:32:56', '2017-07-31 21:32:56', 'd97e37cd-3abf-4918-9c02-d8ae704405f7'),
 ('204', '980', '11', '1', 'en_us', '1', '', '{\"typeId\":null,\"authorId\":\"1\",\"title\":\"Water & Wastewater\",\"slug\":\"water-wastewater\",\"postDate\":1501536787,\"expiryDate\":null,\"enabled\":1,\"parentId\":\"974\",\"fields\":{\"3\":\"\",\"137\":\"\",\"128\":\"\"}}', '2017-07-31 21:33:07', '2017-07-31 21:33:07', '2757d2c9-3807-4f5f-8628-131a9742a38c'),
 ('205', '981', '11', '1', 'en_us', '1', '', '{\"typeId\":null,\"authorId\":\"1\",\"title\":\"Utility\",\"slug\":\"utility\",\"postDate\":1501536794,\"expiryDate\":null,\"enabled\":1,\"parentId\":\"974\",\"fields\":{\"3\":\"\",\"137\":\"\",\"128\":\"\"}}', '2017-07-31 21:33:14', '2017-07-31 21:33:14', '8efc2272-4bc8-41b3-818f-04f29a89a591'),
 ('206', '982', '11', '1', 'en_us', '1', '', '{\"typeId\":null,\"authorId\":\"1\",\"title\":\"Environmental Science\",\"slug\":\"environmental-science\",\"postDate\":1501536806,\"expiryDate\":null,\"enabled\":1,\"parentId\":\"\",\"fields\":{\"3\":\"\",\"137\":\"\",\"128\":\"\"}}', '2017-07-31 21:33:26', '2017-07-31 21:33:26', 'c0e4ad1a-518c-4523-92ce-ac305ba570f3'),
 ('207', '983', '11', '1', 'en_us', '1', '', '{\"typeId\":null,\"authorId\":\"1\",\"title\":\"Natural Resource Management\",\"slug\":\"natural-resource-management\",\"postDate\":1501536844,\"expiryDate\":null,\"enabled\":1,\"parentId\":\"982\",\"fields\":{\"3\":\"\",\"137\":\"\",\"128\":\"\"}}', '2017-07-31 21:34:04', '2017-07-31 21:34:04', '6b1b83dd-6f5a-40af-8b54-d7c901b39e2f'),
 ('208', '984', '11', '1', 'en_us', '1', '', '{\"typeId\":null,\"authorId\":\"1\",\"title\":\"Building Sciences\",\"slug\":\"building-sciences\",\"postDate\":1501536856,\"expiryDate\":null,\"enabled\":1,\"parentId\":\"982\",\"fields\":{\"3\":\"\",\"137\":\"\",\"128\":\"\"}}', '2017-07-31 21:34:16', '2017-07-31 21:34:16', '770ee2aa-4c1c-4a9c-b39d-a8d8491fb32a'),
 ('209', '985', '11', '1', 'en_us', '1', '', '{\"typeId\":null,\"authorId\":\"1\",\"title\":\"Environmental Impact & Permitting\",\"slug\":\"environmental-impact-permitting\",\"postDate\":1501536875,\"expiryDate\":null,\"enabled\":1,\"parentId\":\"982\",\"fields\":{\"3\":\"\",\"137\":\"\",\"128\":\"\"}}', '2017-07-31 21:34:35', '2017-07-31 21:34:35', '4647aca4-a61a-4ad4-bc5f-7f3d6452327f'),
 ('210', '986', '11', '1', 'en_us', '1', '', '{\"typeId\":null,\"authorId\":\"1\",\"title\":\"Environmental Site Assessment & Remediation\",\"slug\":\"environmental-site-assessment-remediation\",\"postDate\":1501536903,\"expiryDate\":null,\"enabled\":1,\"parentId\":\"982\",\"fields\":{\"3\":\"\",\"137\":\"\",\"128\":\"\"}}', '2017-07-31 21:35:03', '2017-07-31 21:35:03', '09f72052-250b-4871-8afb-0d4f7c2edbfe'),
 ('211', '987', '11', '1', 'en_us', '1', '', '{\"typeId\":null,\"authorId\":\"1\",\"title\":\"Industrial Permitting\",\"slug\":\"industrial-permitting\",\"postDate\":1501536915,\"expiryDate\":null,\"enabled\":1,\"parentId\":\"982\",\"fields\":{\"3\":\"\",\"137\":\"\",\"128\":\"\"}}', '2017-07-31 21:35:15', '2017-07-31 21:35:15', '8429b0fb-a50b-42fd-9f7f-a64d84da01de'),
 ('212', '988', '11', '1', 'en_us', '1', '', '{\"typeId\":null,\"authorId\":\"1\",\"title\":\"Landscape Architecture\",\"slug\":\"landscape-architecture\",\"postDate\":1501536931,\"expiryDate\":null,\"enabled\":1,\"parentId\":\"\",\"fields\":{\"3\":\"\",\"137\":\"\",\"128\":\"\"}}', '2017-07-31 21:35:31', '2017-07-31 21:35:31', '986383ca-c130-4bbb-9b0b-fc5d7e58263e'),
 ('213', '989', '11', '1', 'en_us', '1', '', '{\"typeId\":null,\"authorId\":\"1\",\"title\":\"Master Planning & Site Design\",\"slug\":\"master-planning-site-design\",\"postDate\":1501536951,\"expiryDate\":null,\"enabled\":1,\"parentId\":\"988\",\"fields\":{\"3\":\"\",\"137\":\"\",\"128\":\"\"}}', '2017-07-31 21:35:51', '2017-07-31 21:35:51', '2bf70590-624e-418d-b11d-159580a3893d'),
 ('214', '989', '11', '1', 'en_us', '2', '', '{\"typeId\":\"11\",\"authorId\":\"1\",\"title\":\"Master Planning & Site Design\",\"slug\":\"master-planning-site-design\",\"postDate\":1501536900,\"expiryDate\":null,\"enabled\":1,\"parentId\":\"988\",\"fields\":{\"3\":\"\",\"137\":\"\",\"128\":\"\"}}', '2017-07-31 21:36:16', '2017-07-31 21:36:16', '86645f2a-16a2-42ed-a571-a63871e0945c'),
 ('215', '990', '11', '1', 'en_us', '1', '', '{\"typeId\":null,\"authorId\":\"1\",\"title\":\"Parks & Recreation\",\"slug\":\"parks-recreation\",\"postDate\":1501536985,\"expiryDate\":null,\"enabled\":1,\"parentId\":\"988\",\"fields\":{\"3\":\"\",\"137\":\"\",\"128\":\"\"}}', '2017-07-31 21:36:25', '2017-07-31 21:36:25', 'ec2889e5-c853-4d75-ab61-d58d67cc070a'),
 ('216', '991', '11', '1', 'en_us', '1', '', '{\"typeId\":null,\"authorId\":\"1\",\"title\":\"Athletic Facilities\",\"slug\":\"athletic-facilities\",\"postDate\":1501536997,\"expiryDate\":null,\"enabled\":1,\"parentId\":\"988\",\"fields\":{\"3\":\"\",\"137\":\"\",\"128\":\"\"}}', '2017-07-31 21:36:37', '2017-07-31 21:36:37', 'd89b88a6-06c8-4052-adcd-151ca223c7f3'),
 ('217', '992', '11', '1', 'en_us', '1', '', '{\"typeId\":null,\"authorId\":\"1\",\"title\":\"Bikes & Greenways\",\"slug\":\"bikes-greenways\",\"postDate\":1501537019,\"expiryDate\":null,\"enabled\":1,\"parentId\":\"988\",\"fields\":{\"3\":\"\",\"137\":\"\",\"128\":\"\"}}', '2017-07-31 21:36:59', '2017-07-31 21:36:59', 'aa738383-1983-4fbb-bf5a-5a133623cef7'),
 ('218', '993', '11', '1', 'en_us', '1', '', '{\"typeId\":null,\"authorId\":\"1\",\"title\":\"Planning\",\"slug\":\"planning\",\"postDate\":1501537030,\"expiryDate\":null,\"enabled\":1,\"parentId\":\"\",\"fields\":{\"3\":\"\",\"137\":\"\",\"128\":\"\"}}', '2017-07-31 21:37:10', '2017-07-31 21:37:10', '5679458a-1fc7-442f-8980-e2d2611fb622'),
 ('219', '994', '11', '1', 'en_us', '1', '', '{\"typeId\":null,\"authorId\":\"1\",\"title\":\"Community & Land Use\",\"slug\":\"community-land-use\",\"postDate\":1501537050,\"expiryDate\":null,\"enabled\":1,\"parentId\":\"993\",\"fields\":{\"3\":\"\",\"137\":\"\",\"128\":\"\"}}', '2017-07-31 21:37:30', '2017-07-31 21:37:30', '7c7a2e14-d559-4aee-9bc6-85370589593c'),
 ('220', '995', '11', '1', 'en_us', '1', '', '{\"typeId\":null,\"authorId\":\"1\",\"title\":\"Redevelopment & Economic Development\",\"slug\":\"redevelopment-economic-development\",\"postDate\":1501537064,\"expiryDate\":null,\"enabled\":1,\"parentId\":\"993\",\"fields\":{\"3\":\"\",\"137\":\"\",\"128\":\"\"}}', '2017-07-31 21:37:44', '2017-07-31 21:37:44', '9ddde2f1-37ae-4970-9955-8ac3ae27da2f'),
 ('221', '996', '11', '1', 'en_us', '1', '', '{\"typeId\":null,\"authorId\":\"1\",\"title\":\"School Enrollment Projections & Redistricting\",\"slug\":\"school-enrollment-projections-redistricting\",\"postDate\":1501537091,\"expiryDate\":null,\"enabled\":1,\"parentId\":\"993\",\"fields\":{\"3\":\"\",\"137\":\"\",\"128\":\"\"}}', '2017-07-31 21:38:11', '2017-07-31 21:38:11', 'd5775146-33b0-4e8c-af0c-8c13e5dab0d3'),
 ('222', '997', '11', '1', 'en_us', '1', '', '{\"typeId\":null,\"authorId\":\"1\",\"title\":\"Transportation Planning\",\"slug\":\"transportation-planning\",\"postDate\":1501537103,\"expiryDate\":null,\"enabled\":1,\"parentId\":\"993\",\"fields\":{\"3\":\"\",\"137\":\"\",\"128\":\"\"}}', '2017-07-31 21:38:23', '2017-07-31 21:38:23', '3e2fa71c-c182-41fc-a907-a6ddbe6c89d1'),
 ('223', '998', '11', '1', 'en_us', '1', '', '{\"typeId\":null,\"authorId\":\"1\",\"title\":\"Hazard Mitigation\",\"slug\":\"hazard-mitigation\",\"postDate\":1501537116,\"expiryDate\":null,\"enabled\":1,\"parentId\":\"993\",\"fields\":{\"3\":\"\",\"137\":\"\",\"128\":\"\"}}', '2017-07-31 21:38:36', '2017-07-31 21:38:36', 'c615ec37-60b3-4b6e-8fca-7c4f47d921e7'),
 ('224', '999', '11', '1', 'en_us', '1', '', '{\"typeId\":null,\"authorId\":\"1\",\"title\":\"Coastal Resilience\",\"slug\":\"coastal-resilience\",\"postDate\":1501537127,\"expiryDate\":null,\"enabled\":1,\"parentId\":\"993\",\"fields\":{\"3\":\"\",\"137\":\"\",\"128\":\"\"}}', '2017-07-31 21:38:47', '2017-07-31 21:38:47', '3e75afc4-176f-4aad-8aa0-607956002114'),
 ('225', '1000', '11', '1', 'en_us', '1', '', '{\"typeId\":null,\"authorId\":\"1\",\"title\":\"Construction Services\",\"slug\":\"construction-services\",\"postDate\":1501537137,\"expiryDate\":null,\"enabled\":1,\"parentId\":\"\",\"fields\":{\"3\":\"\",\"137\":\"\",\"128\":\"\"}}', '2017-07-31 21:38:57', '2017-07-31 21:38:57', 'a820d02c-e515-4820-b50b-b0a5f5082cb1'),
 ('226', '1001', '11', '1', 'en_us', '1', '', '{\"typeId\":null,\"authorId\":\"1\",\"title\":\"Project Administration\",\"slug\":\"project-administration\",\"postDate\":1501537162,\"expiryDate\":null,\"enabled\":1,\"parentId\":\"1000\",\"fields\":{\"3\":\"\",\"137\":\"\",\"128\":\"\"}}', '2017-07-31 21:39:22', '2017-07-31 21:39:22', '25881aef-85fe-4ea7-9d0a-7582e7dfa5a4'),
 ('227', '1002', '11', '1', 'en_us', '1', '', '{\"typeId\":null,\"authorId\":\"1\",\"title\":\"Resident Engineering\",\"slug\":\"resident-engineering\",\"postDate\":1501537174,\"expiryDate\":null,\"enabled\":1,\"parentId\":\"1000\",\"fields\":{\"3\":\"\",\"137\":\"\",\"128\":\"\"}}', '2017-07-31 21:39:35', '2017-07-31 21:39:35', '879338ae-7dca-4829-a8dc-8d5458857551'),
 ('228', '1003', '11', '1', 'en_us', '1', '', '{\"typeId\":null,\"authorId\":\"1\",\"title\":\"Value Engineering\",\"slug\":\"value-engineering\",\"postDate\":1501537183,\"expiryDate\":null,\"enabled\":1,\"parentId\":\"1000\",\"fields\":{\"3\":\"\",\"137\":\"\",\"128\":\"\"}}', '2017-07-31 21:39:43', '2017-07-31 21:39:43', '984aec92-2e37-471f-92b2-7bbf48600320'),
 ('229', '1004', '11', '1', 'en_us', '1', '', '{\"typeId\":null,\"authorId\":\"1\",\"title\":\"Land Surveying\",\"slug\":\"land-surveying\",\"postDate\":1501537194,\"expiryDate\":null,\"enabled\":1,\"parentId\":\"\",\"fields\":{\"3\":\"\",\"137\":\"\",\"128\":\"\"}}', '2017-07-31 21:39:54', '2017-07-31 21:39:54', 'e4ec1e1a-30dd-42ec-b741-2b4c114d197a'),
 ('230', '1005', '12', '1', 'en_us', '1', '', '{\"typeId\":null,\"authorId\":\"1\",\"title\":\"Connecticut\",\"slug\":\"connecticut\",\"postDate\":1501537749,\"expiryDate\":null,\"enabled\":1,\"parentId\":null,\"fields\":{\"122\":\"\",\"132\":{\"name\":\"Connecticut\",\"street\":\"99 Realty Drive\",\"street2\":\"\",\"city\":\"Cheshire\",\"region\":\"CT\",\"postalCode\":\"06410\",\"country\":\"US\"},\"120\":\"\",\"137\":\"\",\"125\":\"\",\"118\":{\"type\":\"tel\",\"tel\":\"2032711773\",\"customText\":\"(203) 271-1773\"},\"113\":\"\"}}', '2017-07-31 21:49:09', '2017-07-31 21:49:09', 'c1e6d21c-ee07-416c-9fd7-70cd157c602e'),
 ('231', '1005', '12', '1', 'en_us', '2', '', '{\"typeId\":\"12\",\"authorId\":\"1\",\"title\":\"Connecticut\",\"slug\":\"connecticut\",\"postDate\":1501537740,\"expiryDate\":null,\"enabled\":1,\"parentId\":null,\"fields\":{\"122\":\"\",\"132\":{\"name\":\"Connecticut\",\"street\":\"99 Realty Drive\",\"street2\":\"\",\"city\":\"Cheshire\",\"region\":\"CT\",\"postalCode\":\"06410\",\"country\":\"US\"},\"120\":\"\",\"137\":\"\",\"125\":\"\",\"118\":{\"type\":\"tel\",\"tel\":\"2032711773\",\"customText\":\"(203) 271-1773\"},\"113\":\"\"}}', '2017-07-31 21:49:16', '2017-07-31 21:49:16', '3e693f7b-526a-4726-94a5-7a30b152ea9e'),
 ('232', '1006', '12', '1', 'en_us', '1', '', '{\"typeId\":null,\"authorId\":\"1\",\"title\":\"Maine\",\"slug\":\"maine\",\"postDate\":1501537825,\"expiryDate\":null,\"enabled\":1,\"parentId\":null,\"fields\":{\"122\":\"\",\"132\":{\"name\":\"Maine\",\"street\":\"121 Middle Street\",\"street2\":\"Suite 201\",\"city\":\"Portland\",\"region\":\"ME\",\"postalCode\":\"04101\",\"country\":\"US\"},\"120\":\"\",\"137\":\"\",\"125\":\"\",\"118\":{\"type\":\"tel\",\"tel\":\"2075419544\",\"customText\":\"(207) 541-9544\"},\"113\":\"\"}}', '2017-07-31 21:50:25', '2017-07-31 21:50:25', '0e327ebe-e496-4c87-9cab-d2e710949ba7'),
 ('233', '1007', '12', '1', 'en_us', '1', '', '{\"typeId\":null,\"authorId\":\"1\",\"title\":\"Massachusetts\",\"slug\":\"massachusetts\",\"postDate\":1501537891,\"expiryDate\":null,\"enabled\":1,\"parentId\":null,\"fields\":{\"122\":\"\",\"132\":{\"name\":\"Massachusetts\",\"street\":\"1350 Main Street\",\"street2\":\"Suite 1012\",\"city\":\"Springfield\",\"region\":\"MA\",\"postalCode\":\"01103\",\"country\":\"US\"},\"120\":\"\",\"137\":\"\",\"125\":\"\",\"118\":{\"type\":\"tel\",\"tel\":\"4132416920\",\"customText\":\"(413) 241-6920\"},\"113\":\"\"}}', '2017-07-31 21:51:31', '2017-07-31 21:51:31', '296201d7-0924-4b27-b502-d20863b021bc'),
 ('234', '1008', '12', '1', 'en_us', '1', '', '{\"typeId\":null,\"authorId\":\"1\",\"title\":\"New Hampshire\",\"slug\":\"new-hampshire\",\"postDate\":1501537943,\"expiryDate\":null,\"enabled\":1,\"parentId\":null,\"fields\":{\"122\":\"\",\"132\":{\"name\":\"New Hampshire\",\"street\":\"1 Sundial Avenue\",\"street2\":\"Suite 505N\",\"city\":\"Manchester\",\"region\":\"NH\",\"postalCode\":\"03103\",\"country\":\"US\"},\"120\":\"\",\"137\":\"\",\"125\":\"\",\"118\":{\"type\":\"tel\",\"tel\":\"6032182320\",\"customText\":\"(603) 218-2320\"},\"113\":\"\"}}', '2017-07-31 21:52:23', '2017-07-31 21:52:23', '7e41ca5c-22f9-468c-8a77-cf006866252b'),
 ('235', '1009', '12', '1', 'en_us', '1', '', '{\"typeId\":null,\"authorId\":\"1\",\"title\":\"New York\",\"slug\":\"new-york\",\"postDate\":1501538048,\"expiryDate\":null,\"enabled\":1,\"parentId\":null,\"fields\":{\"122\":\"\",\"132\":{\"name\":\"New York\",\"street\":\"231 Main Street\",\"street2\":\"Suite 102\",\"city\":\"New Paltz\",\"region\":\"NY\",\"postalCode\":\"12561\",\"country\":\"US\"},\"120\":\"\",\"137\":\"\",\"125\":\"\",\"118\":{\"type\":\"tel\",\"tel\":\"8456338153\",\"customText\":\"(845) 633-8153\"},\"113\":\"\"}}', '2017-07-31 21:54:08', '2017-07-31 21:54:08', 'dda9fb72-c8b2-4bfd-bad5-86048ce06238'),
 ('236', '1010', '12', '1', 'en_us', '1', '', '{\"typeId\":null,\"authorId\":\"1\",\"title\":\"Vermont\",\"slug\":\"vermont\",\"postDate\":1501538104,\"expiryDate\":null,\"enabled\":1,\"parentId\":null,\"fields\":{\"122\":\"\",\"132\":{\"name\":\"Vermont\",\"street\":\"1 South Main Street\",\"street2\":\"\",\"city\":\"Waterbury\",\"region\":\"VT\",\"postalCode\":\"05676\",\"country\":\"US\"},\"120\":\"\",\"137\":\"\",\"125\":\"\",\"118\":{\"type\":\"tel\",\"tel\":\"8028828335\",\"customText\":\"(802) 882-8335\"},\"113\":\"\"}}', '2017-07-31 21:55:04', '2017-07-31 21:55:04', '3e089f4e-eefe-468b-9f68-9512553b4dae');



DROP TABLE IF EXISTS `craft_fieldgroups`;


--
-- Schema for table `craft_fieldgroups`
--
CREATE TABLE `craft_fieldgroups` (
  `id` int(11) NOT NULL AUTO_INCREMENT,
  `name` varchar(255) COLLATE utf8_unicode_ci NOT NULL,
  `dateCreated` datetime NOT NULL,
  `dateUpdated` datetime NOT NULL,
  `uid` char(36) COLLATE utf8_unicode_ci NOT NULL DEFAULT '0',
  PRIMARY KEY (`id`),
  UNIQUE KEY `craft_fieldgroups_name_unq_idx` (`name`)
) ENGINE=InnoDB AUTO_INCREMENT=5 DEFAULT CHARSET=utf8 COLLATE=utf8_unicode_ci;

--
-- Data for table `craft_fieldgroups`
--

INSERT INTO `craft_fieldgroups` (`id`, `name`, `dateCreated`, `dateUpdated`, `uid`) VALUES
 ('1', 'Default', '2017-06-09 17:32:24', '2017-06-09 17:32:24', '4ce7cd10-c025-46b3-b63b-9d52353a798c'),
 ('2', 'Location', '2017-06-12 20:53:11', '2017-06-12 20:53:11', 'c077fbee-d5e0-4e85-8abb-956821079590'),
 ('3', 'Person', '2017-06-15 14:57:50', '2017-06-15 14:57:50', '63f7bfb6-702e-4085-8bcc-47bea387a524'),
 ('4', 'Values', '2017-06-15 19:40:17', '2017-06-16 01:53:00', '9bbbc070-e4c2-43ea-9d27-671154a24386');



DROP TABLE IF EXISTS `craft_fieldlayoutfields`;


--
-- Schema for table `craft_fieldlayoutfields`
--
CREATE TABLE `craft_fieldlayoutfields` (
  `id` int(11) NOT NULL AUTO_INCREMENT,
  `layoutId` int(11) NOT NULL,
  `tabId` int(11) NOT NULL,
  `fieldId` int(11) NOT NULL,
  `required` tinyint(1) unsigned NOT NULL DEFAULT '0',
  `sortOrder` smallint(6) unsigned DEFAULT NULL,
  `dateCreated` datetime NOT NULL,
  `dateUpdated` datetime NOT NULL,
  `uid` char(36) COLLATE utf8_unicode_ci NOT NULL DEFAULT '0',
  PRIMARY KEY (`id`),
  UNIQUE KEY `craft_fieldlayoutfields_layoutId_fieldId_unq_idx` (`layoutId`,`fieldId`),
  KEY `craft_fieldlayoutfields_sortOrder_idx` (`sortOrder`),
  KEY `craft_fieldlayoutfields_tabId_fk` (`tabId`),
  KEY `craft_fieldlayoutfields_fieldId_fk` (`fieldId`)
) ENGINE=InnoDB AUTO_INCREMENT=7600 DEFAULT CHARSET=utf8 COLLATE=utf8_unicode_ci;

--
-- Data for table `craft_fieldlayoutfields`
--

INSERT INTO `craft_fieldlayoutfields` (`id`, `layoutId`, `tabId`, `fieldId`, `required`, `sortOrder`, `dateCreated`, `dateUpdated`, `uid`) VALUES
 ('87', '62', '44', '16', '0', '1', '2017-06-12 20:32:00', '2017-06-12 20:32:00', '686982b8-5340-4b7a-a63c-44b148a0d3a6'),
 ('181', '107', '88', '3', '0', '1', '2017-06-14 14:51:10', '2017-06-14 14:51:10', 'e1972076-5cfc-4963-80a8-94b14cb87f05'),
 ('225', '128', '108', '40', '0', '1', '2017-06-15 14:59:47', '2017-06-15 14:59:47', '856927bd-e8d9-4be0-b63b-d8d85b15ebba'),
 ('226', '129', '109', '43', '0', '1', '2017-06-15 15:03:15', '2017-06-15 15:03:15', '8399c022-e96d-4d77-bcaf-be6de252dfb9'),
 ('227', '129', '109', '44', '0', '2', '2017-06-15 15:03:15', '2017-06-15 15:03:15', 'a4441d1b-25d3-4e0f-99de-ebed5007acd2'),
 ('228', '129', '109', '45', '0', '3', '2017-06-15 15:03:15', '2017-06-15 15:03:15', 'a7b8d4e4-5699-45e8-b066-9865544b48e9'),
 ('247', '134', '114', '46', '0', '1', '2017-06-15 16:16:29', '2017-06-15 16:16:29', '25f21e97-64cd-4579-a01c-4f8e095f35a9'),
 ('248', '134', '114', '47', '0', '2', '2017-06-15 16:16:29', '2017-06-15 16:16:29', 'b66f3adc-c14b-41f2-8e23-494c9f42ba57'),
 ('249', '134', '114', '48', '0', '3', '2017-06-15 16:16:29', '2017-06-15 16:16:29', '1dc5342d-b4fa-4f59-a99a-000e7fe014b8'),
 ('1060', '482', '457', '103', '0', '1', '2017-06-15 19:42:14', '2017-06-15 19:42:14', '1bb4c5c5-0e17-4bad-b946-bee348c2ae5d'),
 ('1061', '482', '457', '104', '0', '2', '2017-06-15 19:42:14', '2017-06-15 19:42:14', '79295421-d22e-40a4-9171-89bd3bdedfbf'),
 ('1062', '482', '457', '105', '0', '3', '2017-06-15 19:42:14', '2017-06-15 19:42:14', 'c6458c98-2444-4a07-9575-2c1567287b18'),
 ('1378', '620', '594', '121', '0', '1', '2017-06-15 22:13:15', '2017-06-15 22:13:15', 'c1fb2199-9b56-4222-84e3-d84c00efa554'),
 ('2942', '1305', '1255', '133', '0', '1', '2017-07-11 17:25:07', '2017-07-11 17:25:07', '2b5fa3b4-0020-4fa6-b652-0d83d1e4376c'),
 ('2943', '1305', '1255', '132', '0', '2', '2017-07-11 17:25:07', '2017-07-11 17:25:07', 'df5aec81-3d2a-4df0-90c8-e234ccb9f152'),
 ('2944', '1305', '1255', '130', '0', '3', '2017-07-11 17:25:07', '2017-07-11 17:25:07', '9d407b6d-abb5-4924-9c31-89f8bf0ed82e'),
 ('2945', '1305', '1255', '112', '0', '4', '2017-07-11 17:25:07', '2017-07-11 17:25:07', '06b4d076-ed79-49ae-a239-26c5b90302cd'),
 ('2946', '1305', '1255', '113', '0', '5', '2017-07-11 17:25:07', '2017-07-11 17:25:07', '8070db32-057e-4a31-b61e-5e85f3c1d19e'),
 ('2947', '1305', '1255', '150', '0', '6', '2017-07-11 17:25:07', '2017-07-11 17:25:07', 'f4ee8c08-a6d5-4e75-b7bb-2736b151c303'),
 ('2948', '1305', '1256', '3', '0', '1', '2017-07-11 17:25:07', '2017-07-11 17:25:07', 'fc4f3994-68ef-4375-9b12-06f08452b4e7'),
 ('6571', '2766', '2713', '130', '0', '1', '2017-07-25 14:57:20', '2017-07-25 14:57:20', 'a2e8be79-7426-4941-9594-748f75813c65'),
 ('6572', '2766', '2713', '1', '1', '2', '2017-07-25 14:57:20', '2017-07-25 14:57:20', 'e1c2fcf9-e8a4-4265-b9ea-9d1d79e51cb4'),
 ('6573', '2766', '2713', '129', '0', '3', '2017-07-25 14:57:20', '2017-07-25 14:57:20', '0a248275-972c-415d-a606-d06a391598c5'),
 ('6681', '2809', '2756', '3', '0', '1', '2017-07-25 19:49:29', '2017-07-25 19:49:29', '51acdda7-8bc7-4209-acc7-a831cea31a38'),
 ('7451', '3105', '3052', '5', '0', '1', '2017-07-27 19:05:24', '2017-07-27 19:05:24', '6ffb333a-c8e6-447b-9b82-6accb3b5d2a5'),
 ('7452', '3105', '3052', '6', '0', '2', '2017-07-27 19:05:24', '2017-07-27 19:05:24', '3e8bf683-a7bb-417d-885e-142914987674'),
 ('7453', '3106', '3053', '4', '0', '1', '2017-07-27 19:05:24', '2017-07-27 19:05:24', 'f71185b5-c195-4575-9fe4-a8afda810b67'),
 ('7454', '3106', '3053', '8', '0', '2', '2017-07-27 19:05:24', '2017-07-27 19:05:24', 'f939bbf3-65bf-42b4-b34f-a909091fa312'),
 ('7455', '3106', '3053', '7', '0', '3', '2017-07-27 19:05:24', '2017-07-27 19:05:24', '07b8d9ce-0abb-4dea-85d7-cad463888342'),
 ('7456', '3107', '3054', '13', '0', '1', '2017-07-27 19:05:24', '2017-07-27 19:05:24', 'b5da10f0-7b7d-4a4b-8682-cbf071061cec'),
 ('7457', '3107', '3054', '14', '0', '2', '2017-07-27 19:05:24', '2017-07-27 19:05:24', '589e7ad8-0d9e-4065-b43e-4509eb20dfb7'),
 ('7458', '3108', '3055', '134', '0', '1', '2017-07-27 19:05:24', '2017-07-27 19:05:24', '23b12641-38d3-4643-b5ea-3dd8d40856bb'),
 ('7459', '3108', '3055', '12', '0', '2', '2017-07-27 19:05:24', '2017-07-27 19:05:24', 'e7265042-0fe1-46d2-a26f-c663a2b336df'),
 ('7460', '3109', '3056', '17', '0', '1', '2017-07-27 19:05:24', '2017-07-27 19:05:24', '71084505-9633-42f2-b6e0-2187f4d35b14'),
 ('7461', '3109', '3056', '15', '1', '2', '2017-07-27 19:05:24', '2017-07-27 19:05:24', '1d20434b-c6c6-4be6-8e16-354d233c80ab'),
 ('7462', '3110', '3057', '29', '0', '1', '2017-07-27 19:05:24', '2017-07-27 19:05:24', 'b2a9a1ed-e80d-45a1-bb1f-94c0c288dbc1'),
 ('7463', '3110', '3057', '30', '0', '2', '2017-07-27 19:05:24', '2017-07-27 19:05:24', '4113b725-93ae-4623-ab8a-0cd4dea96fda'),
 ('7464', '3110', '3057', '31', '0', '3', '2017-07-27 19:05:24', '2017-07-27 19:05:24', '4f4022d3-b4fa-4d2f-90f9-b77a3be3759a'),
 ('7465', '3111', '3058', '34', '0', '1', '2017-07-27 19:05:25', '2017-07-27 19:05:25', '01a0e062-5953-4cb8-bda9-480ce7b4ddc9'),
 ('7466', '3111', '3058', '35', '0', '2', '2017-07-27 19:05:25', '2017-07-27 19:05:25', 'acdc0bf4-3976-4aa3-9fc7-f870548d0e6b'),
 ('7467', '3112', '3059', '28', '0', '1', '2017-07-27 19:05:25', '2017-07-27 19:05:25', '6dd01dcc-8689-480b-b93c-3b06ee38922a'),
 ('7468', '3112', '3059', '32', '0', '2', '2017-07-27 19:05:25', '2017-07-27 19:05:25', 'ee1382d5-1276-480b-83d2-ea700fdb2730'),
 ('7469', '3112', '3059', '33', '0', '3', '2017-07-27 19:05:25', '2017-07-27 19:05:25', '394c2545-8761-4689-9d55-ca3cccfef06b'),
 ('7470', '3113', '3060', '36', '0', '1', '2017-07-27 19:05:25', '2017-07-27 19:05:25', 'c79dc091-1837-4b07-8569-da62a3b86e78'),
 ('7471', '3114', '3061', '51', '0', '1', '2017-07-27 19:05:25', '2017-07-27 19:05:25', '58a357c6-a643-47ea-8516-f617a746fc41'),
 ('7472', '3114', '3061', '145', '0', '2', '2017-07-27 19:05:25', '2017-07-27 19:05:25', 'f4b18595-3629-4303-a700-c48c7a5dd8ab'),
 ('7473', '3114', '3061', '146', '0', '3', '2017-07-27 19:05:25', '2017-07-27 19:05:25', '28ec8333-b546-4c14-834e-279c79d2d135'),
 ('7474', '3115', '3062', '168', '0', '1', '2017-07-27 19:05:25', '2017-07-27 19:05:25', '56081e30-bf31-4862-84a2-9e5ce65fd728'),
 ('7475', '3115', '3062', '169', '0', '2', '2017-07-27 19:05:25', '2017-07-27 19:05:25', '9e21bd68-e588-4aed-983e-e4f4f71522ef'),
 ('7476', '3116', '3063', '52', '0', '1', '2017-07-27 19:05:25', '2017-07-27 19:05:25', '5e917ead-d2d8-4c57-9773-78c412f63ceb'),
 ('7477', '3116', '3063', '53', '0', '2', '2017-07-27 19:05:25', '2017-07-27 19:05:25', '7ac91524-a363-482c-afdc-3b274e181b4f'),
 ('7478', '3117', '3064', '57', '0', '1', '2017-07-27 19:05:25', '2017-07-27 19:05:25', 'd0e8bf64-496e-4e60-8644-1132034e63de'),
 ('7479', '3118', '3065', '54', '0', '1', '2017-07-27 19:05:25', '2017-07-27 19:05:25', 'efc140e1-970c-40a3-a506-9b4c542a2729'),
 ('7480', '3118', '3065', '55', '0', '2', '2017-07-27 19:05:25', '2017-07-27 19:05:25', '97de9401-e675-472a-8647-97c30fbd40b0'),
 ('7481', '3118', '3065', '56', '0', '3', '2017-07-27 19:05:25', '2017-07-27 19:05:25', '2413b60b-5808-4075-9dd2-4db6c34ea8cb'),
 ('7482', '3118', '3065', '179', '0', '4', '2017-07-27 19:05:25', '2017-07-27 19:05:25', '988867ff-422c-4a48-aa0b-0edcedf9ba05'),
 ('7483', '3118', '3065', '181', '0', '5', '2017-07-27 19:05:25', '2017-07-27 19:05:25', '45930cb7-4a9e-4a67-a690-e0d3b4934a42'),
 ('7484', '3118', '3065', '182', '0', '6', '2017-07-27 19:05:25', '2017-07-27 19:05:25', '64d6dcf4-247c-4d43-aab4-10572def115d'),
 ('7485', '3119', '3066', '58', '0', '1', '2017-07-27 19:05:25', '2017-07-27 19:05:25', 'a1d3fa39-c94d-4d72-af73-d181f0aea587'),
 ('7486', '3119', '3066', '59', '0', '2', '2017-07-27 19:05:25', '2017-07-27 19:05:25', '1a2b83fd-6d72-43eb-a21a-891fc3eee898'),
 ('7487', '3120', '3067', '71', '0', '1', '2017-07-27 19:05:25', '2017-07-27 19:05:25', '27af72e4-b161-406e-8132-50aa05d4db14'),
 ('7488', '3121', '3068', '60', '0', '1', '2017-07-27 19:05:25', '2017-07-27 19:05:25', 'd1d392b7-f735-465a-8555-311ff49a29b0'),
 ('7489', '3121', '3068', '61', '0', '2', '2017-07-27 19:05:25', '2017-07-27 19:05:25', '0a220ac5-ec64-4a21-a525-d162359ebb48'),
 ('7490', '3121', '3068', '62', '0', '3', '2017-07-27 19:05:25', '2017-07-27 19:05:25', 'ce44ec40-6e3c-467e-96b5-a1a76ecfa89d'),
 ('7491', '3121', '3068', '70', '0', '4', '2017-07-27 19:05:25', '2017-07-27 19:05:25', 'd0ec0fd9-f23b-48d4-86a1-14943a13667e'),
 ('7492', '3121', '3068', '63', '0', '5', '2017-07-27 19:05:25', '2017-07-27 19:05:25', 'e52ec7a4-f7a1-4207-b757-a41fd15bfa95'),
 ('7493', '3121', '3068', '64', '0', '6', '2017-07-27 19:05:25', '2017-07-27 19:05:25', '5fc993e9-7f14-43f1-a9fe-2acaaeb10293'),
 ('7494', '3122', '3069', '73', '0', '1', '2017-07-27 19:05:25', '2017-07-27 19:05:25', 'cf7324e0-c67b-4b7e-8e2c-c7124cadfc64'),
 ('7495', '3123', '3070', '65', '0', '1', '2017-07-27 19:05:25', '2017-07-27 19:05:25', '7814e98b-860a-4784-b57a-223a1fd5c44c'),
 ('7496', '3123', '3070', '66', '0', '2', '2017-07-27 19:05:25', '2017-07-27 19:05:25', '24409188-289d-411d-8a7f-04b571c86e52'),
 ('7497', '3123', '3070', '177', '0', '3', '2017-07-27 19:05:25', '2017-07-27 19:05:25', '281fd2f5-cd4a-4bff-a822-f422a56f1770'),
 ('7498', '3123', '3070', '67', '0', '4', '2017-07-27 19:05:25', '2017-07-27 19:05:25', '9b9662af-7a12-4979-bc41-4e2e5f5c8d3e'),
 ('7499', '3123', '3070', '72', '0', '5', '2017-07-27 19:05:25', '2017-07-27 19:05:25', 'b76385c5-dc4d-4a79-aade-34dcedd02069'),
 ('7500', '3123', '3070', '68', '0', '6', '2017-07-27 19:05:25', '2017-07-27 19:05:25', 'fd6bbb4f-daa6-482a-b2f4-db17a0b2874b'),
 ('7501', '3123', '3070', '69', '0', '7', '2017-07-27 19:05:25', '2017-07-27 19:05:25', '0d0f5f89-157a-403b-90d0-3a0151e89783'),
 ('7502', '3123', '3070', '178', '0', '8', '2017-07-27 19:05:25', '2017-07-27 19:05:25', 'ef761599-4621-4aab-9de8-8b225ad5822b'),
 ('7503', '3123', '3070', '180', '0', '9', '2017-07-27 19:05:25', '2017-07-27 19:05:25', 'a478f70f-71f1-4648-9cc7-dedd7d02ac39'),
 ('7504', '3124', '3071', '74', '0', '1', '2017-07-27 19:05:25', '2017-07-27 19:05:25', 'baab4686-ea4e-4f68-9f70-b5579aba0612'),
 ('7505', '3124', '3071', '75', '0', '2', '2017-07-27 19:05:25', '2017-07-27 19:05:25', '4f807f05-6aed-4ff7-916f-be0009b9f2c0'),
 ('7506', '3125', '3072', '79', '0', '1', '2017-07-27 19:05:25', '2017-07-27 19:05:25', 'c348c9a5-aa6d-4e28-98cf-cc26b1991e15'),
 ('7507', '3125', '3072', '80', '0', '2', '2017-07-27 19:05:25', '2017-07-27 19:05:25', '68cf4988-2fc0-442b-a106-c00e098ef00c'),
 ('7508', '3125', '3072', '81', '0', '3', '2017-07-27 19:05:25', '2017-07-27 19:05:25', '7f17a650-f474-4eb7-a817-3b79c4da4609'),
 ('7509', '3126', '3073', '76', '0', '1', '2017-07-27 19:05:25', '2017-07-27 19:05:25', 'a008ca26-3bae-45e8-86ba-66df7f7ee693'),
 ('7510', '3126', '3073', '77', '0', '2', '2017-07-27 19:05:25', '2017-07-27 19:05:25', 'a3842cc4-4970-45c7-84cd-ea817cc7904e'),
 ('7511', '3126', '3073', '78', '0', '3', '2017-07-27 19:05:25', '2017-07-27 19:05:25', 'c8c4ba1a-9c82-4ea1-b45c-298f0115ebd1'),
 ('7512', '3127', '3074', '85', '0', '1', '2017-07-27 19:05:26', '2017-07-27 19:05:26', '1e107b5b-c8c0-4763-8a4a-6d2454f3d26b'),
 ('7513', '3127', '3074', '86', '0', '2', '2017-07-27 19:05:26', '2017-07-27 19:05:26', '08b140b1-7a69-42fc-b7b5-2eaef77acc02'),
 ('7514', '3127', '3074', '87', '0', '3', '2017-07-27 19:05:26', '2017-07-27 19:05:26', '2606df4b-8035-43da-b27b-1515af27b88d'),
 ('7515', '3128', '3075', '82', '0', '1', '2017-07-27 19:05:26', '2017-07-27 19:05:26', 'de39f7eb-e444-481e-bc04-e5dd8d618053'),
 ('7516', '3128', '3075', '83', '0', '2', '2017-07-27 19:05:26', '2017-07-27 19:05:26', '23768cf2-de71-4279-9a92-e5b51bcf7f40'),
 ('7517', '3128', '3075', '84', '0', '3', '2017-07-27 19:05:26', '2017-07-27 19:05:26', '420d39e9-ba7e-4046-87db-65a2076acce8'),
 ('7518', '3129', '3076', '91', '0', '1', '2017-07-27 19:05:26', '2017-07-27 19:05:26', '712409d3-157a-40e9-b838-a14b054d2f3a'),
 ('7519', '3129', '3076', '92', '0', '2', '2017-07-27 19:05:26', '2017-07-27 19:05:26', '6ed0f817-5a7c-445c-8808-9d97e519f07e'),
 ('7520', '3129', '3076', '93', '0', '3', '2017-07-27 19:05:26', '2017-07-27 19:05:26', '0852b495-3f38-4c90-ba81-dcc5e2ce2141'),
 ('7521', '3130', '3077', '88', '0', '1', '2017-07-27 19:05:26', '2017-07-27 19:05:26', '8771f1f5-7ed1-4615-91cb-9721704a4121'),
 ('7522', '3130', '3077', '89', '0', '2', '2017-07-27 19:05:26', '2017-07-27 19:05:26', '8f10d059-9b55-4bab-8ed7-98d914762a6c'),
 ('7523', '3130', '3077', '90', '0', '3', '2017-07-27 19:05:26', '2017-07-27 19:05:26', '5491d6ef-52d2-44cd-8775-48e735d1da75'),
 ('7524', '3131', '3078', '97', '0', '1', '2017-07-27 19:05:26', '2017-07-27 19:05:26', '8e72f04e-e1d4-4dfc-9f1a-3e4f5102a8ea'),
 ('7525', '3132', '3079', '100', '0', '1', '2017-07-27 19:05:26', '2017-07-27 19:05:26', 'cf5243cb-b157-4553-878b-a81952bc5a85'),
 ('7526', '3132', '3079', '99', '0', '2', '2017-07-27 19:05:26', '2017-07-27 19:05:26', 'a366e05c-2a50-4bfd-9218-db7558a022dd');
INSERT INTO `craft_fieldlayoutfields` (`id`, `layoutId`, `tabId`, `fieldId`, `required`, `sortOrder`, `dateCreated`, `dateUpdated`, `uid`) VALUES
 ('7527', '3133', '3080', '94', '0', '1', '2017-07-27 19:05:26', '2017-07-27 19:05:26', '352fd3e8-3501-4d14-a76c-e0df1a828695'),
 ('7528', '3133', '3080', '95', '0', '2', '2017-07-27 19:05:26', '2017-07-27 19:05:26', '9c295455-dcd8-48f9-8f57-7555c70fb64e'),
 ('7529', '3133', '3080', '96', '0', '3', '2017-07-27 19:05:26', '2017-07-27 19:05:26', '8bc06d46-1bfb-48b9-b50b-f0536b2d4a7b'),
 ('7530', '3133', '3080', '98', '0', '4', '2017-07-27 19:05:26', '2017-07-27 19:05:26', '4383bc6f-b1a0-4104-a45d-18a7ed3e664d'),
 ('7531', '3134', '3081', '156', '0', '1', '2017-07-27 19:05:26', '2017-07-27 19:05:26', '99d8ace9-2ff1-42e5-80b0-52ce64b7d66f'),
 ('7532', '3134', '3081', '157', '0', '2', '2017-07-27 19:05:26', '2017-07-27 19:05:26', '78b691ed-105b-48d4-a82a-930d5dd6f4b6'),
 ('7533', '3134', '3081', '158', '0', '3', '2017-07-27 19:05:26', '2017-07-27 19:05:26', 'ceda9b17-79b2-4fb4-be2b-741de7637fac'),
 ('7534', '3135', '3082', '106', '0', '1', '2017-07-27 19:05:26', '2017-07-27 19:05:26', '88cc6bd8-a5a9-450a-8313-e2a26147fa7d'),
 ('7535', '3135', '3082', '155', '0', '2', '2017-07-27 19:05:26', '2017-07-27 19:05:26', '1ab8237e-d917-4a1e-adc6-80c3942c5fdb'),
 ('7536', '3136', '3083', '110', '0', '1', '2017-07-27 19:05:26', '2017-07-27 19:05:26', '2676be29-db22-425c-b745-1c0426a70449'),
 ('7537', '3136', '3083', '111', '0', '2', '2017-07-27 19:05:26', '2017-07-27 19:05:26', 'fc95ed4b-3da0-4f7c-84dc-0754e0994de5'),
 ('7538', '3137', '3084', '107', '0', '1', '2017-07-27 19:05:26', '2017-07-27 19:05:26', '64ef326a-73b8-458b-a2a8-e99d39b5bb86'),
 ('7539', '3137', '3084', '108', '0', '2', '2017-07-27 19:05:26', '2017-07-27 19:05:26', 'e60f34b4-ecd7-4407-9656-cfb948a55bee'),
 ('7540', '3137', '3084', '109', '0', '3', '2017-07-27 19:05:26', '2017-07-27 19:05:26', 'f9537012-df79-4e4f-82b1-740560d057b6'),
 ('7541', '3138', '3085', '141', '0', '1', '2017-07-27 19:05:26', '2017-07-27 19:05:26', '05c53f50-b886-49b6-b32d-14886363dce2'),
 ('7542', '3138', '3085', '142', '0', '2', '2017-07-27 19:05:26', '2017-07-27 19:05:26', '6eb0456f-3959-488c-b987-4be56d941af8'),
 ('7543', '3138', '3085', '143', '0', '3', '2017-07-27 19:05:26', '2017-07-27 19:05:26', '02d99757-c50d-4f5c-a5b3-0fa0d2a71332'),
 ('7544', '3139', '3086', '136', '0', '1', '2017-07-27 19:05:26', '2017-07-27 19:05:26', 'a514fdc4-1bb7-4093-9eaf-e06026ccc841'),
 ('7545', '3139', '3086', '140', '0', '2', '2017-07-27 19:05:26', '2017-07-27 19:05:26', 'aa1f5e17-ba31-4f91-a1c7-18867b78e581'),
 ('7546', '3140', '3087', '147', '0', '1', '2017-07-27 19:05:26', '2017-07-27 19:05:26', 'e92ac65a-152a-42c0-b40a-16be2a653123'),
 ('7547', '3140', '3087', '148', '0', '2', '2017-07-27 19:05:26', '2017-07-27 19:05:26', '8608f4ec-1866-4b48-aab3-10b1e05a6664'),
 ('7548', '3141', '3088', '138', '0', '1', '2017-07-27 19:05:26', '2017-07-27 19:05:26', '36f03967-e669-4a0f-b640-01a2c6e7ce50'),
 ('7549', '3141', '3088', '139', '0', '2', '2017-07-27 19:05:26', '2017-07-27 19:05:26', '49a014a9-fb27-458d-beb6-dfea86a57d52'),
 ('7550', '3142', '3089', '131', '0', '1', '2017-07-27 19:05:26', '2017-07-27 19:05:26', 'b8ec9fae-0e3b-4b8b-9b86-3da3b3d2865a'),
 ('7551', '3143', '3090', '144', '0', '1', '2017-07-27 19:05:26', '2017-07-27 19:05:26', '4dfe7cc6-bb53-4904-9081-fcc15277f90e'),
 ('7552', '3144', '3091', '153', '0', '1', '2017-07-27 19:05:26', '2017-07-27 19:05:26', '45d6575d-ea28-40d0-b55a-289ebafbf7ea'),
 ('7553', '3144', '3091', '154', '0', '2', '2017-07-27 19:05:26', '2017-07-27 19:05:26', '919496cc-a4fe-4433-b825-a06ddc11e424'),
 ('7554', '3145', '3092', '159', '0', '1', '2017-07-27 19:05:26', '2017-07-27 19:05:26', 'acfedc37-a9af-42a1-9caa-407391a19524'),
 ('7555', '3145', '3092', '160', '0', '2', '2017-07-27 19:05:26', '2017-07-27 19:05:26', '3b839696-a411-4fde-a1c2-58a4e4178b9c'),
 ('7556', '3145', '3092', '161', '0', '3', '2017-07-27 19:05:26', '2017-07-27 19:05:26', '3b01ebc8-e05d-41a5-833d-f6946020e484'),
 ('7557', '3145', '3092', '183', '0', '4', '2017-07-27 19:05:26', '2017-07-27 19:05:26', '44a145b8-eba7-42e2-be00-b485b300aa8b'),
 ('7566', '3147', '3094', '170', '0', '1', '2017-07-28 16:29:18', '2017-07-28 16:29:18', 'bc259905-203d-45df-851e-b600937b7e9e'),
 ('7567', '3147', '3094', '39', '0', '2', '2017-07-28 16:29:18', '2017-07-28 16:29:18', '79036511-13b1-4ebe-ae3f-8fea216e718a'),
 ('7568', '3147', '3094', '42', '0', '3', '2017-07-28 16:29:18', '2017-07-28 16:29:18', '670dd703-c7f5-4ab6-87af-98a1db10e9d3'),
 ('7569', '3147', '3094', '41', '0', '4', '2017-07-28 16:29:18', '2017-07-28 16:29:18', '4e4b82a8-c9c4-4335-aca5-9cdf83a99b25'),
 ('7570', '3147', '3094', '49', '0', '5', '2017-07-28 16:29:18', '2017-07-28 16:29:18', '55e7ddc4-2f61-47a0-9ccd-5d1495c089eb'),
 ('7571', '3147', '3094', '50', '0', '6', '2017-07-28 16:29:18', '2017-07-28 16:29:18', '33f21c6c-ec5c-4523-9079-67801c931b2b'),
 ('7572', '3147', '3094', '184', '0', '7', '2017-07-28 16:29:18', '2017-07-28 16:29:18', '11756c45-dda2-4cbb-ad83-4e84ac0ac0c1'),
 ('7573', '3147', '3094', '185', '0', '8', '2017-07-28 16:29:18', '2017-07-28 16:29:18', '404e768d-216d-48ad-b355-028c8dfd091a'),
 ('7574', '3147', '3095', '3', '0', '1', '2017-07-28 16:29:18', '2017-07-28 16:29:18', '3efe8d24-25b5-485b-9823-442628ec4c8f'),
 ('7575', '3148', '3096', '165', '0', '1', '2017-07-31 13:10:42', '2017-07-31 13:10:42', '5df7fd2a-fa26-4eb0-9612-bf599baa23eb'),
 ('7576', '3148', '3096', '166', '0', '2', '2017-07-31 13:10:42', '2017-07-31 13:10:42', '01e4fa48-076b-4070-ac1f-1a485dcf6429'),
 ('7577', '3149', '3097', '163', '0', '1', '2017-07-31 13:10:42', '2017-07-31 13:10:42', 'acb2edfd-a455-47d4-9c85-497786ecec1e'),
 ('7578', '3149', '3097', '162', '0', '2', '2017-07-31 13:10:42', '2017-07-31 13:10:42', 'cf8b80c3-fc86-4a0a-8b8f-8369ab7ee305'),
 ('7579', '3149', '3097', '164', '1', '3', '2017-07-31 13:10:42', '2017-07-31 13:10:42', '9732c834-67ad-4c94-a333-654d4a8e078c'),
 ('7580', '3149', '3097', '167', '0', '4', '2017-07-31 13:10:42', '2017-07-31 13:10:42', '119e2db4-774f-4e8c-9aae-3cc748a18106'),
 ('7588', '3154', '3099', '127', '0', '1', '2017-07-31 21:23:27', '2017-07-31 21:23:27', 'a7854624-1f4a-47ba-a56f-b1aedba25a14'),
 ('7589', '3154', '3100', '3', '0', '1', '2017-07-31 21:23:27', '2017-07-31 21:23:27', '0dd3d080-cd6f-47ad-88b4-84f6964f3032'),
 ('7590', '3155', '3101', '137', '0', '1', '2017-07-31 21:25:02', '2017-07-31 21:25:02', '1440619d-b158-41e5-8630-8c6acbab2d2e'),
 ('7591', '3155', '3101', '128', '0', '2', '2017-07-31 21:25:02', '2017-07-31 21:25:02', 'ea2eb7b8-d5d4-4b6a-aa75-5d5e59ab46fb'),
 ('7592', '3155', '3102', '3', '0', '1', '2017-07-31 21:25:02', '2017-07-31 21:25:02', '2635b89a-9bd6-4a98-9890-9ac4aedc904b'),
 ('7593', '3156', '3103', '132', '0', '1', '2017-07-31 21:26:28', '2017-07-31 21:26:28', 'e68170fb-9caf-4bf4-af89-a5c27e961c95'),
 ('7594', '3156', '3103', '118', '0', '2', '2017-07-31 21:26:28', '2017-07-31 21:26:28', '63376b5b-3708-49f0-ad57-de2d12e7b6e6'),
 ('7595', '3156', '3103', '137', '0', '3', '2017-07-31 21:26:28', '2017-07-31 21:26:28', '5af05eb2-62fc-4d39-9150-a19cc5f5d26e'),
 ('7596', '3156', '3103', '122', '0', '4', '2017-07-31 21:26:28', '2017-07-31 21:26:28', 'e41d3d1b-aaca-4ad8-9067-cbb964fb7f36'),
 ('7597', '3156', '3103', '120', '0', '5', '2017-07-31 21:26:28', '2017-07-31 21:26:28', '606edf47-e3c7-47a4-8ead-556a452c7a0a'),
 ('7598', '3156', '3103', '125', '0', '6', '2017-07-31 21:26:28', '2017-07-31 21:26:28', 'a7709539-f025-4d62-a3c1-fdc9a68fd675'),
 ('7599', '3156', '3103', '113', '0', '7', '2017-07-31 21:26:28', '2017-07-31 21:26:28', '5af8a26d-cfb6-43a2-9699-96badbde9cf2');



DROP TABLE IF EXISTS `craft_fieldlayouts`;


--
-- Schema for table `craft_fieldlayouts`
--
CREATE TABLE `craft_fieldlayouts` (
  `id` int(11) NOT NULL AUTO_INCREMENT,
  `type` varchar(150) COLLATE utf8_unicode_ci NOT NULL,
  `dateCreated` datetime NOT NULL,
  `dateUpdated` datetime NOT NULL,
  `uid` char(36) COLLATE utf8_unicode_ci NOT NULL DEFAULT '0',
  PRIMARY KEY (`id`),
  KEY `craft_fieldlayouts_type_idx` (`type`)
) ENGINE=InnoDB AUTO_INCREMENT=3157 DEFAULT CHARSET=utf8 COLLATE=utf8_unicode_ci;

--
-- Data for table `craft_fieldlayouts`
--

INSERT INTO `craft_fieldlayouts` (`id`, `type`, `dateCreated`, `dateUpdated`, `uid`) VALUES
 ('1', 'Tag', '2017-06-09 17:32:24', '2017-06-09 17:32:24', '217dfe9a-6d5b-4347-b51f-1799406bf347'),
 ('20', 'Navee_Node', '2017-06-09 20:30:45', '2017-06-09 20:30:45', '4911b1a7-4103-4d0f-96f4-2ec92bd37f09'),
 ('62', 'SuperTable_Block', '2017-06-12 20:32:00', '2017-06-12 20:32:00', '15b86109-6593-41ed-bb5d-c2b7833a5080'),
 ('107', 'Entry', '2017-06-14 14:51:10', '2017-06-14 14:51:10', '72befdef-5731-46d3-bd63-56ab3e78d74e'),
 ('128', 'MatrixBlock', '2017-06-15 14:59:47', '2017-06-15 14:59:47', '9dd4b181-bc65-406e-a3d9-1b7e2391a0a5'),
 ('129', 'MatrixBlock', '2017-06-15 15:03:15', '2017-06-15 15:03:15', 'e18a13f2-8837-4d8a-8eeb-de03f86788a3'),
 ('134', 'SuperTable_Block', '2017-06-15 16:16:29', '2017-06-15 16:16:29', '49872598-27d2-44d8-a883-880815b449b8'),
 ('482', 'MatrixBlock', '2017-06-15 19:42:14', '2017-06-15 19:42:14', '8160199d-cd3c-4f19-a06c-4ef252ce504e'),
 ('620', 'SuperTable_Block', '2017-06-15 22:13:15', '2017-06-15 22:13:15', 'e7fd37a8-08ba-407f-8074-8e20f72a82b9'),
 ('725', 'Asset', '2017-06-26 18:48:39', '2017-06-26 18:48:39', '4b56f7cb-23f3-4082-b8d2-23da0bcf9542'),
 ('729', 'Asset', '2017-06-26 18:50:31', '2017-06-26 18:50:31', 'fc0ad06d-c0a8-4a56-a6f4-89fac658a3dd'),
 ('730', 'Asset', '2017-06-26 18:50:46', '2017-06-26 18:50:46', '10ef9905-3ce6-4eb7-ac57-63dbc738394d'),
 ('731', 'Asset', '2017-06-26 18:50:54', '2017-06-26 18:50:54', '84a92f4b-75d8-4ade-9c45-b4e9cab06433'),
 ('843', 'Asset', '2017-06-27 14:21:18', '2017-06-27 14:21:18', '5f050523-76ea-45f5-be66-2d50b470b4ac'),
 ('1305', 'Entry', '2017-07-11 17:25:07', '2017-07-11 17:25:07', '827e8258-b186-419a-8769-e4207ff8e15b'),
 ('1384', 'Asset', '2017-07-11 18:13:45', '2017-07-11 18:13:45', '91f85f09-eabe-41e5-b1df-ca57eb4abff0'),
 ('1385', 'Asset', '2017-07-11 18:31:06', '2017-07-11 18:31:06', '969f62f7-7006-4b07-b122-789039573784'),
 ('1386', 'Asset', '2017-07-11 18:44:25', '2017-07-11 18:44:25', 'fc54b65c-a245-48be-b8df-450f974144b5'),
 ('1846', 'Asset', '2017-07-17 19:33:46', '2017-07-17 19:33:46', '78cd7a5c-175b-4fe6-8e76-ad7f28c9b858'),
 ('2369', 'Asset', '2017-07-19 15:47:15', '2017-07-19 15:47:15', '53a7d59e-bfe7-44b7-b143-5b3ce89ddec3'),
 ('2762', 'Category', '2017-07-25 14:51:27', '2017-07-25 14:51:27', '4dd69665-fdc5-4239-b133-6b3894e3971f'),
 ('2764', 'Category', '2017-07-25 14:53:32', '2017-07-25 14:53:32', '11cf3850-fe25-4ca4-8160-f7364e1b7b17'),
 ('2766', 'Entry', '2017-07-25 14:57:20', '2017-07-25 14:57:20', 'd3700c72-2b45-4e22-b1e6-33b6c81c99e6'),
 ('2809', 'Entry', '2017-07-25 19:49:29', '2017-07-25 19:49:29', '9a94876a-c65c-428f-a246-0bc3bd171ed1'),
 ('3105', 'SuperTable_Block', '2017-07-27 19:05:24', '2017-07-27 19:05:24', '87c53ad6-547d-4756-86dd-644f00ecd125'),
 ('3106', 'MatrixBlock', '2017-07-27 19:05:24', '2017-07-27 19:05:24', '22170e6a-9288-44ef-9581-2dcf5969d89e'),
 ('3107', 'SuperTable_Block', '2017-07-27 19:05:24', '2017-07-27 19:05:24', 'b11424d2-2227-4862-932e-ab8ef4b55693'),
 ('3108', 'MatrixBlock', '2017-07-27 19:05:24', '2017-07-27 19:05:24', '0968f16c-5d10-4683-9a27-4e4889a09a8d'),
 ('3109', 'MatrixBlock', '2017-07-27 19:05:24', '2017-07-27 19:05:24', '09864657-14cb-4111-88d3-56e54f7c79c0'),
 ('3110', 'SuperTable_Block', '2017-07-27 19:05:24', '2017-07-27 19:05:24', '2b914e6d-3207-4b39-a1b2-900bf54524ac'),
 ('3111', 'SuperTable_Block', '2017-07-27 19:05:25', '2017-07-27 19:05:25', '7717e8fc-f396-4a20-8b7d-20f8d2de5756'),
 ('3112', 'MatrixBlock', '2017-07-27 19:05:25', '2017-07-27 19:05:25', '77338229-ae06-4e97-85ce-2185495cbbef'),
 ('3113', 'MatrixBlock', '2017-07-27 19:05:25', '2017-07-27 19:05:25', '92896ee5-82dc-4428-a0bf-67de5a9aeff3'),
 ('3114', 'MatrixBlock', '2017-07-27 19:05:25', '2017-07-27 19:05:25', 'b65c8265-a371-485c-ab69-4cbc21776253'),
 ('3115', 'SuperTable_Block', '2017-07-27 19:05:25', '2017-07-27 19:05:25', 'cefdae6b-2a31-431b-8280-beab64c8a9ac'),
 ('3116', 'MatrixBlock', '2017-07-27 19:05:25', '2017-07-27 19:05:25', '2901a317-e43f-4755-89f0-10fbb3ae5849'),
 ('3117', 'SuperTable_Block', '2017-07-27 19:05:25', '2017-07-27 19:05:25', '29258203-9556-4c9e-a74f-63a655198eaf'),
 ('3118', 'MatrixBlock', '2017-07-27 19:05:25', '2017-07-27 19:05:25', 'e6697e74-a907-4d00-923a-13b37542b270'),
 ('3119', 'MatrixBlock', '2017-07-27 19:05:25', '2017-07-27 19:05:25', 'd30174c1-00b7-4126-8b92-dfcf65152107'),
 ('3120', 'SuperTable_Block', '2017-07-27 19:05:25', '2017-07-27 19:05:25', '829ce8ce-4923-49ee-b1d8-2922593ebba3'),
 ('3121', 'MatrixBlock', '2017-07-27 19:05:25', '2017-07-27 19:05:25', '864959b0-c561-413d-bfa3-adb0083906d7'),
 ('3122', 'SuperTable_Block', '2017-07-27 19:05:25', '2017-07-27 19:05:25', '48ac7c70-814f-4801-a43d-7ebc211c78ed'),
 ('3123', 'MatrixBlock', '2017-07-27 19:05:25', '2017-07-27 19:05:25', '43e8b52c-d5d0-4933-860c-bf1f80400eba'),
 ('3124', 'MatrixBlock', '2017-07-27 19:05:25', '2017-07-27 19:05:25', 'c9c17de7-3275-4645-89f3-e4f1fa7bcbdd'),
 ('3125', 'SuperTable_Block', '2017-07-27 19:05:25', '2017-07-27 19:05:25', '139fadcc-34e6-45af-8d0c-d4831ce75bf8'),
 ('3126', 'MatrixBlock', '2017-07-27 19:05:25', '2017-07-27 19:05:25', '442c5549-7844-4b7c-925f-99873549b548'),
 ('3127', 'SuperTable_Block', '2017-07-27 19:05:26', '2017-07-27 19:05:26', 'fceb8498-3162-4a3e-a4c9-adbb9c9849a7'),
 ('3128', 'MatrixBlock', '2017-07-27 19:05:26', '2017-07-27 19:05:26', '8f7cc700-0504-4eb3-8cda-78d9aa466906'),
 ('3129', 'SuperTable_Block', '2017-07-27 19:05:26', '2017-07-27 19:05:26', 'c54da192-85ad-4f90-bbca-b0539154dda4'),
 ('3130', 'MatrixBlock', '2017-07-27 19:05:26', '2017-07-27 19:05:26', 'a31383a1-c4a0-449b-a95f-723a9cd2870f'),
 ('3131', 'SuperTable_Block', '2017-07-27 19:05:26', '2017-07-27 19:05:26', 'c1f79eab-9df8-4106-993e-4476b8cae3c4'),
 ('3132', 'SuperTable_Block', '2017-07-27 19:05:26', '2017-07-27 19:05:26', 'd594f33c-a3fe-407f-94bb-8f42afa8d5ff'),
 ('3133', 'MatrixBlock', '2017-07-27 19:05:26', '2017-07-27 19:05:26', 'e73f615c-212f-482d-83cd-59d020063c99'),
 ('3134', 'SuperTable_Block', '2017-07-27 19:05:26', '2017-07-27 19:05:26', 'd600234d-8898-41cb-9334-6a91574f4e27'),
 ('3135', 'MatrixBlock', '2017-07-27 19:05:26', '2017-07-27 19:05:26', '9f8e9b0e-cb75-49f0-ba09-217495329b04'),
 ('3136', 'SuperTable_Block', '2017-07-27 19:05:26', '2017-07-27 19:05:26', 'a4b23518-6359-42ea-942f-d80b5207e990'),
 ('3137', 'MatrixBlock', '2017-07-27 19:05:26', '2017-07-27 19:05:26', '25f96988-4ca0-4c07-bf99-8579aeb20c71'),
 ('3138', 'SuperTable_Block', '2017-07-27 19:05:26', '2017-07-27 19:05:26', '1a674703-e525-4479-a953-c1399bd1c35a'),
 ('3139', 'MatrixBlock', '2017-07-27 19:05:26', '2017-07-27 19:05:26', '698a87f4-56cd-4cfb-a9e8-ccb22ab4066d'),
 ('3140', 'MatrixBlock', '2017-07-27 19:05:26', '2017-07-27 19:05:26', '5134c563-d3f6-40b7-b845-75c451a3e2dc'),
 ('3141', 'MatrixBlock', '2017-07-27 19:05:26', '2017-07-27 19:05:26', '2f395455-5083-4856-9c06-035e4793a962'),
 ('3142', 'MatrixBlock', '2017-07-27 19:05:26', '2017-07-27 19:05:26', 'f9f513a8-91ce-4e4d-9fdc-65e85b772af7'),
 ('3143', 'MatrixBlock', '2017-07-27 19:05:26', '2017-07-27 19:05:26', '07500de5-149d-474e-a825-c7ced864f8dc'),
 ('3144', 'MatrixBlock', '2017-07-27 19:05:26', '2017-07-27 19:05:26', '963dda26-bd1d-4036-b7c7-9fd0a4c75b4a'),
 ('3145', 'MatrixBlock', '2017-07-27 19:05:26', '2017-07-27 19:05:26', 'd4a28242-4f6b-4b70-adf9-8ae79ea0e163'),
 ('3147', 'Entry', '2017-07-28 16:29:18', '2017-07-28 16:29:18', '4a4ae3c3-a704-466f-a20f-052e8a3fdbe7'),
 ('3148', 'SuperTable_Block', '2017-07-31 13:10:42', '2017-07-31 13:10:42', 'a667b649-5fed-422f-b062-a543a386a006'),
 ('3149', 'MatrixBlock', '2017-07-31 13:10:42', '2017-07-31 13:10:42', '5a9aa75f-531d-4573-b52b-86f87f932deb'),
 ('3154', 'Entry', '2017-07-31 21:23:27', '2017-07-31 21:23:27', 'cfbae4e3-0fc7-4b39-b3cb-e8291ea8e439'),
 ('3155', 'Entry', '2017-07-31 21:25:02', '2017-07-31 21:25:02', 'f7558c92-d06a-4e08-87fe-ebc440730ae7'),
 ('3156', 'Entry', '2017-07-31 21:26:28', '2017-07-31 21:26:28', '1410ff79-2533-4265-8bbd-fa2728a66058');



DROP TABLE IF EXISTS `craft_fieldlayouttabs`;


--
-- Schema for table `craft_fieldlayouttabs`
--
CREATE TABLE `craft_fieldlayouttabs` (
  `id` int(11) NOT NULL AUTO_INCREMENT,
  `layoutId` int(11) NOT NULL,
  `name` varchar(255) COLLATE utf8_unicode_ci NOT NULL,
  `sortOrder` smallint(6) unsigned DEFAULT NULL,
  `dateCreated` datetime NOT NULL,
  `dateUpdated` datetime NOT NULL,
  `uid` char(36) COLLATE utf8_unicode_ci NOT NULL DEFAULT '0',
  PRIMARY KEY (`id`),
  KEY `craft_fieldlayouttabs_sortOrder_idx` (`sortOrder`),
  KEY `craft_fieldlayouttabs_layoutId_fk` (`layoutId`)
) ENGINE=InnoDB AUTO_INCREMENT=3104 DEFAULT CHARSET=utf8 COLLATE=utf8_unicode_ci;

--
-- Data for table `craft_fieldlayouttabs`
--

INSERT INTO `craft_fieldlayouttabs` (`id`, `layoutId`, `name`, `sortOrder`, `dateCreated`, `dateUpdated`, `uid`) VALUES
 ('44', '62', 'Content', '1', '2017-06-12 20:32:00', '2017-06-12 20:32:00', '12970dc7-48ef-48c2-8fe1-743c471810e9'),
 ('88', '107', 'Page Layout', '1', '2017-06-14 14:51:10', '2017-06-14 14:51:10', '5f71925f-d53d-46aa-83ad-a08bfa8115b2'),
 ('108', '128', 'Content', '1', '2017-06-15 14:59:47', '2017-06-15 14:59:47', 'ac398d48-949a-4b17-b349-69c83373fa54'),
 ('109', '129', 'Content', '1', '2017-06-15 15:03:15', '2017-06-15 15:03:15', '8432380a-8c14-4e06-bdda-5b4bef3c3ee2'),
 ('114', '134', 'Content', '1', '2017-06-15 16:16:29', '2017-06-15 16:16:29', 'b9033ab9-bb7b-4e0f-90e1-2dd5ef9cd072'),
 ('457', '482', 'Content', '1', '2017-06-15 19:42:14', '2017-06-15 19:42:14', 'f4eb041b-6c39-4d08-b96a-41c3b85469f5'),
 ('594', '620', 'Content', '1', '2017-06-15 22:13:15', '2017-06-15 22:13:15', '12511181-acb3-476b-a96c-2849058c7aee'),
 ('1255', '1305', 'Case Study', '1', '2017-07-11 17:25:07', '2017-07-11 17:25:07', 'dd7cd905-134f-4f6a-b932-3afeb2ce847f'),
 ('1256', '1305', 'Page Builder', '2', '2017-07-11 17:25:07', '2017-07-11 17:25:07', '2d57762f-d7cd-4979-82b1-e66a1c5ffe88'),
 ('2713', '2766', 'Content', '1', '2017-07-25 14:57:20', '2017-07-25 14:57:20', 'fec95669-c628-4392-bee1-08ba4ff2795c'),
 ('2756', '2809', 'Components', '1', '2017-07-25 19:49:29', '2017-07-25 19:49:29', '866e6967-ecb6-4e03-8eba-305e7cf0cbd6'),
 ('3052', '3105', 'Content', '1', '2017-07-27 19:05:24', '2017-07-27 19:05:24', 'b3a45a87-d928-4bb6-b49c-b8c68ca22c48'),
 ('3053', '3106', 'Content', '1', '2017-07-27 19:05:24', '2017-07-27 19:05:24', '8398c3a5-e825-46f5-884f-0e7c8202f33f'),
 ('3054', '3107', 'Content', '1', '2017-07-27 19:05:24', '2017-07-27 19:05:24', '0cccf76f-6bcd-4f3a-9f30-84c79f1294cb'),
 ('3055', '3108', 'Content', '1', '2017-07-27 19:05:24', '2017-07-27 19:05:24', '3b32ea49-9b6e-4779-9cee-fde7ac3a20ff'),
 ('3056', '3109', 'Content', '1', '2017-07-27 19:05:24', '2017-07-27 19:05:24', '04f6ea30-1256-4956-8175-1b1266c64368'),
 ('3057', '3110', 'Content', '1', '2017-07-27 19:05:24', '2017-07-27 19:05:24', '3bbc3154-faac-4c02-95d0-17a0816b9ea7'),
 ('3058', '3111', 'Content', '1', '2017-07-27 19:05:25', '2017-07-27 19:05:25', '24e32d6c-71a4-4d27-b021-cc2e69c0d0ea'),
 ('3059', '3112', 'Content', '1', '2017-07-27 19:05:25', '2017-07-27 19:05:25', '848be63a-891d-4882-bcc5-bde15fd1c9e9'),
 ('3060', '3113', 'Content', '1', '2017-07-27 19:05:25', '2017-07-27 19:05:25', '2cdec32f-3122-4641-8a96-3670df108348'),
 ('3061', '3114', 'Content', '1', '2017-07-27 19:05:25', '2017-07-27 19:05:25', 'cf4a5b2a-8a90-478f-83d3-8be03d7824c4'),
 ('3062', '3115', 'Content', '1', '2017-07-27 19:05:25', '2017-07-27 19:05:25', 'de9cd4f5-b4a2-44cf-b72c-8b99efcca8e0'),
 ('3063', '3116', 'Content', '1', '2017-07-27 19:05:25', '2017-07-27 19:05:25', '060aa2f6-8708-4f0c-a3e2-e8df42fc7b54'),
 ('3064', '3117', 'Content', '1', '2017-07-27 19:05:25', '2017-07-27 19:05:25', '7267baf1-a584-4a4c-80a5-98a951d66b16'),
 ('3065', '3118', 'Content', '1', '2017-07-27 19:05:25', '2017-07-27 19:05:25', '738b1ec4-5c70-4b6a-944b-41c3f85bc7c0'),
 ('3066', '3119', 'Content', '1', '2017-07-27 19:05:25', '2017-07-27 19:05:25', '0e661565-00de-4f90-8bb1-4b2eb8055855'),
 ('3067', '3120', 'Content', '1', '2017-07-27 19:05:25', '2017-07-27 19:05:25', '146ef996-da18-44d0-8ab5-e61d301943af'),
 ('3068', '3121', 'Content', '1', '2017-07-27 19:05:25', '2017-07-27 19:05:25', '451fc150-1eb8-4e0d-b011-8211fe7a687f'),
 ('3069', '3122', 'Content', '1', '2017-07-27 19:05:25', '2017-07-27 19:05:25', '392086af-6caa-439f-905d-242c5985dcf7'),
 ('3070', '3123', 'Content', '1', '2017-07-27 19:05:25', '2017-07-27 19:05:25', 'd1ef19cd-0a50-4d60-ba14-88a7f7e18bad'),
 ('3071', '3124', 'Content', '1', '2017-07-27 19:05:25', '2017-07-27 19:05:25', '281222c1-b389-4497-ac2a-6576de9b72ec'),
 ('3072', '3125', 'Content', '1', '2017-07-27 19:05:25', '2017-07-27 19:05:25', 'b095b0cc-600d-4c19-9fad-aa7afba5d517'),
 ('3073', '3126', 'Content', '1', '2017-07-27 19:05:25', '2017-07-27 19:05:25', '68514f4a-f8c3-42d7-83ed-53c72d7cbb6a'),
 ('3074', '3127', 'Content', '1', '2017-07-27 19:05:26', '2017-07-27 19:05:26', '6397fe09-e103-4856-b76a-bdfb0e98d406'),
 ('3075', '3128', 'Content', '1', '2017-07-27 19:05:26', '2017-07-27 19:05:26', '0476fea8-a451-4ea9-8d34-0363db793cf0'),
 ('3076', '3129', 'Content', '1', '2017-07-27 19:05:26', '2017-07-27 19:05:26', '7501694e-7bb0-442a-9dcd-757d0f78e153'),
 ('3077', '3130', 'Content', '1', '2017-07-27 19:05:26', '2017-07-27 19:05:26', '144fce88-0e9a-4add-9cc6-1460b9eee460'),
 ('3078', '3131', 'Content', '1', '2017-07-27 19:05:26', '2017-07-27 19:05:26', 'bd2e14e7-1d40-4bdb-a3c9-bedd59341624'),
 ('3079', '3132', 'Content', '1', '2017-07-27 19:05:26', '2017-07-27 19:05:26', '6dad0027-2db2-4bc1-8dcf-c5c32241a173'),
 ('3080', '3133', 'Content', '1', '2017-07-27 19:05:26', '2017-07-27 19:05:26', 'ac667d7c-da7f-4e6a-961a-727bce24198f'),
 ('3081', '3134', 'Content', '1', '2017-07-27 19:05:26', '2017-07-27 19:05:26', 'bea12e0c-8156-4d6f-9cb5-0388edeedd69'),
 ('3082', '3135', 'Content', '1', '2017-07-27 19:05:26', '2017-07-27 19:05:26', '799ef362-ed4e-4a7b-b2be-1ff800ba55c6'),
 ('3083', '3136', 'Content', '1', '2017-07-27 19:05:26', '2017-07-27 19:05:26', '30d3a6b8-46bd-4260-a310-bd9d501cb068'),
 ('3084', '3137', 'Content', '1', '2017-07-27 19:05:26', '2017-07-27 19:05:26', 'edf8bb12-9ff4-49d2-959c-e514232b04af'),
 ('3085', '3138', 'Content', '1', '2017-07-27 19:05:26', '2017-07-27 19:05:26', '95f9bc0b-5abd-4d73-83f7-a55e84a92c73'),
 ('3086', '3139', 'Content', '1', '2017-07-27 19:05:26', '2017-07-27 19:05:26', '92182441-1a5c-49ff-b87e-c9f9a187a98b'),
 ('3087', '3140', 'Content', '1', '2017-07-27 19:05:26', '2017-07-27 19:05:26', '751dfb6a-0daa-4af0-81d8-b677c0571ac0'),
 ('3088', '3141', 'Content', '1', '2017-07-27 19:05:26', '2017-07-27 19:05:26', 'c8a88389-c562-4fe9-85dc-64f68419cb74'),
 ('3089', '3142', 'Content', '1', '2017-07-27 19:05:26', '2017-07-27 19:05:26', '5371eac8-f248-4ed2-b279-95ff08d2aa6c'),
 ('3090', '3143', 'Content', '1', '2017-07-27 19:05:26', '2017-07-27 19:05:26', '47453dfa-c1e8-483c-bd63-3f87852d7752'),
 ('3091', '3144', 'Content', '1', '2017-07-27 19:05:26', '2017-07-27 19:05:26', 'b9a415dd-4728-44ef-9e1e-20dba0db6088'),
 ('3092', '3145', 'Content', '1', '2017-07-27 19:05:26', '2017-07-27 19:05:26', '016a7a03-ea7b-4091-a255-e97a36f20376'),
 ('3094', '3147', 'Person', '1', '2017-07-28 16:29:18', '2017-07-28 16:29:18', '3b35126a-50b0-4eac-b721-243551dfa13c'),
 ('3095', '3147', 'Page Builder', '2', '2017-07-28 16:29:18', '2017-07-28 16:29:18', '4c47d53e-34ce-41fb-822c-b7595cef2394'),
 ('3096', '3148', 'Content', '1', '2017-07-31 13:10:42', '2017-07-31 13:10:42', '25504c54-a555-4ea2-a197-6b79d3c788f2'),
 ('3097', '3149', 'Content', '1', '2017-07-31 13:10:42', '2017-07-31 13:10:42', '21813f4b-7281-4a82-8ecb-04535ea8d85e'),
 ('3099', '3154', 'Practice Area', '1', '2017-07-31 21:23:27', '2017-07-31 21:23:27', 'e32ba385-b909-47cc-ba87-4a8bd85eed3a'),
 ('3100', '3154', 'Page Builder', '2', '2017-07-31 21:23:27', '2017-07-31 21:23:27', '1019a7de-8899-4273-b6d7-e7f89e4770d0'),
 ('3101', '3155', 'Service', '1', '2017-07-31 21:25:02', '2017-07-31 21:25:02', 'c5d5fcc4-3495-4d27-afe8-b4b4ff1ab8f2'),
 ('3102', '3155', 'Page Builder', '2', '2017-07-31 21:25:02', '2017-07-31 21:25:02', '86f505c4-0e21-420d-b81f-cbc3867ce141'),
 ('3103', '3156', 'Location', '1', '2017-07-31 21:26:28', '2017-07-31 21:26:28', 'a3c94ff3-7c45-4b8e-8fbe-1568fe6f67af');



DROP TABLE IF EXISTS `craft_fields`;


--
-- Schema for table `craft_fields`
--
CREATE TABLE `craft_fields` (
  `id` int(11) NOT NULL AUTO_INCREMENT,
  `groupId` int(11) DEFAULT NULL,
  `name` varchar(255) COLLATE utf8_unicode_ci NOT NULL,
  `handle` varchar(58) COLLATE utf8_unicode_ci NOT NULL,
  `context` varchar(255) COLLATE utf8_unicode_ci NOT NULL DEFAULT 'global',
  `instructions` text COLLATE utf8_unicode_ci,
  `translatable` tinyint(1) unsigned NOT NULL DEFAULT '0',
  `type` varchar(150) COLLATE utf8_unicode_ci NOT NULL,
  `settings` text COLLATE utf8_unicode_ci,
  `dateCreated` datetime NOT NULL,
  `dateUpdated` datetime NOT NULL,
  `uid` char(36) COLLATE utf8_unicode_ci NOT NULL DEFAULT '0',
  PRIMARY KEY (`id`),
  UNIQUE KEY `craft_fields_handle_context_unq_idx` (`handle`,`context`),
  KEY `craft_fields_context_idx` (`context`),
  KEY `craft_fields_groupId_fk` (`groupId`)
) ENGINE=InnoDB AUTO_INCREMENT=186 DEFAULT CHARSET=utf8 COLLATE=utf8_unicode_ci;

--
-- Data for table `craft_fields`
--

INSERT INTO `craft_fields` (`id`, `groupId`, `name`, `handle`, `context`, `instructions`, `translatable`, `type`, `settings`, `dateCreated`, `dateUpdated`, `uid`) VALUES
 ('1', '1', 'Body', 'body', 'global', NULL, '1', 'RichText', '{\"configFile\":\"Standard.json\",\"columnType\":\"text\"}', '2017-06-09 17:32:24', '2017-06-09 17:32:24', '2dffd240-f196-4810-9e4e-01a6805ea9a2'),
 ('2', '1', 'Tags', 'tags', 'global', NULL, '0', 'Tags', '{\"source\":\"taggroup:1\"}', '2017-06-09 17:32:25', '2017-06-09 17:32:25', '286cb263-8214-4d8e-b700-88a7e183a950'),
 ('3', '1', 'Components', 'components', 'global', '', '0', 'Matrix', '{\"maxBlocks\":null}', '2017-06-09 19:00:19', '2017-07-27 19:05:24', 'f6b0c9b0-5d48-4459-8887-fe4d183a9534'),
 ('4', NULL, 'Image', 'image', 'matrixBlockType:1', '', '0', 'SuperTable', '{\"columns\":{\"5\":{\"width\":\"\"},\"6\":{\"width\":\"\"}},\"fieldLayout\":\"table\",\"staticField\":\"1\",\"selectionLabel\":\"Add a row\",\"maxRows\":null,\"minRows\":null}', '2017-06-09 19:00:20', '2017-07-27 19:05:24', '4e19d133-f72f-4bd9-b045-2258e043d707'),
 ('5', NULL, 'Mobile Image', 'mobileImage', 'superTableBlockType:1', '', '0', 'Assets', '{\"useSingleFolder\":\"1\",\"sources\":\"*\",\"defaultUploadLocationSource\":\"1\",\"defaultUploadLocationSubpath\":\"\",\"singleUploadLocationSource\":\"2\",\"singleUploadLocationSubpath\":\"\",\"restrictFiles\":\"1\",\"allowedKinds\":[\"image\"],\"limit\":\"1\",\"viewMode\":\"list\",\"selectionLabel\":\"\"}', '2017-06-09 19:00:20', '2017-07-27 19:05:24', 'a2009320-f94b-480d-85b8-274404450e61'),
 ('6', NULL, 'Desktop Image', 'desktopImage', 'superTableBlockType:1', '', '0', 'Assets', '{\"useSingleFolder\":\"1\",\"sources\":\"*\",\"defaultUploadLocationSource\":\"1\",\"defaultUploadLocationSubpath\":\"\",\"singleUploadLocationSource\":\"2\",\"singleUploadLocationSubpath\":\"\",\"restrictFiles\":\"1\",\"allowedKinds\":[\"image\"],\"limit\":\"1\",\"viewMode\":\"list\",\"selectionLabel\":\"\"}', '2017-06-09 19:00:20', '2017-07-27 19:05:24', '7c6aa10a-e9c9-40d3-816b-1378abb8d6b3'),
 ('7', NULL, 'Heading', 'heading', 'matrixBlockType:1', '', '0', 'PlainText', '{\"placeholder\":\"\",\"maxLength\":\"\",\"multiline\":\"1\",\"initialRows\":\"2\"}', '2017-06-09 19:00:20', '2017-07-27 19:05:24', 'f7805c67-7c09-4d0d-a676-4c30be96edb0'),
 ('8', NULL, 'Subheading', 'subheading', 'matrixBlockType:1', '', '0', 'PlainText', '{\"placeholder\":\"\",\"maxLength\":\"\",\"multiline\":\"\",\"initialRows\":\"4\"}', '2017-06-09 19:05:49', '2017-07-27 19:05:24', '77c12fab-08dd-4e59-8beb-06fe6801e9e8'),
 ('9', '1', 'Page', 'page', 'global', '', '0', 'Entries', '{\"sources\":[\"section:4\",\"section:2\",\"section:5\",\"singles\",\"section:3\"],\"limit\":\"1\",\"selectionLabel\":\"\"}', '2017-06-09 20:19:21', '2017-06-09 20:19:21', '2a85dad7-d5e4-4ede-ae6c-1cb405e90a2c'),
 ('12', NULL, 'Gallery', 'gallery', 'matrixBlockType:2', '', '0', 'SuperTable', '{\"columns\":{\"13\":{\"width\":\"\"},\"14\":{\"width\":\"\"}},\"fieldLayout\":\"table\",\"staticField\":null,\"selectionLabel\":\"Add a row\",\"maxRows\":null,\"minRows\":null}', '2017-06-12 19:02:25', '2017-07-27 19:05:24', '731684b5-658e-41f9-b5e2-1e8fc2135ab2'),
 ('13', NULL, 'Media Asset', 'mediaAsset', 'superTableBlockType:3', 'Upload either an image or video', '0', 'Assets', '{\"useSingleFolder\":\"1\",\"sources\":\"*\",\"defaultUploadLocationSource\":\"1\",\"defaultUploadLocationSubpath\":\"\",\"singleUploadLocationSource\":\"1\",\"singleUploadLocationSubpath\":\"\",\"restrictFiles\":\"1\",\"allowedKinds\":[\"image\",\"video\"],\"limit\":\"1\",\"viewMode\":\"list\",\"selectionLabel\":\"\"}', '2017-06-12 19:03:17', '2017-07-27 19:05:24', '31125a57-9b9b-4f89-9028-77273f871bb8'),
 ('14', NULL, 'Caption', 'caption', 'superTableBlockType:3', '', '0', 'PlainText', '{\"placeholder\":\"\",\"maxLength\":\"\",\"multiline\":\"\",\"initialRows\":\"4\"}', '2017-06-12 19:03:17', '2017-07-27 19:05:24', 'ae984a63-20c5-470d-95c0-c57c1bed38a6'),
 ('15', NULL, 'Call Outs', 'callOuts', 'matrixBlockType:3', '', '0', 'Entries', '{\"sources\":[\"section:3\",\"section:2\"],\"limit\":\"3\",\"selectionLabel\":\"\"}', '2017-06-12 20:32:00', '2017-07-27 19:05:24', '3d5b97e4-bed3-4bb3-8342-9b30cc537e14'),
 ('16', NULL, 'Project', 'project', 'superTableBlockType:4', '', '0', 'Entries', '{\"sources\":[\"section:3\"],\"limit\":\"\",\"selectionLabel\":\"\"}', '2017-06-12 20:32:00', '2017-06-12 20:32:00', '808e7885-5861-43bc-96b6-9b514eac8120'),
 ('17', NULL, 'Heading', 'heading', 'matrixBlockType:3', '', '0', 'PlainText', '{\"placeholder\":\"\",\"maxLength\":\"\",\"multiline\":\"\",\"initialRows\":\"4\"}', '2017-06-12 20:39:56', '2017-07-27 19:05:24', 'e12e157e-7ed4-408f-864f-0811917d1629'),
 ('28', NULL, 'Internship Card', 'internshipCard', 'matrixBlockType:6', '', '0', 'SuperTable', '{\"columns\":{\"29\":{\"width\":\"\"},\"30\":{\"width\":\"\"},\"31\":{\"width\":\"\"}},\"fieldLayout\":\"table\",\"staticField\":\"1\",\"selectionLabel\":\"Add a row\",\"maxRows\":null,\"minRows\":null}', '2017-06-14 15:25:43', '2017-07-27 19:05:24', '844ebbca-5000-4b19-885f-4ed5fe445b67'),
 ('29', NULL, 'Title', 'cardTitle', 'superTableBlockType:5', '', '0', 'PlainText', '{\"placeholder\":\"\",\"maxLength\":\"\",\"multiline\":\"\",\"initialRows\":\"4\"}', '2017-06-14 15:25:44', '2017-07-27 19:05:24', '7bfa0bf3-e4ee-48fb-aaa8-a8010e886b65'),
 ('30', NULL, 'Description', 'description', 'superTableBlockType:5', '', '0', 'PlainText', '{\"placeholder\":\"\",\"maxLength\":\"\",\"multiline\":\"\",\"initialRows\":\"4\"}', '2017-06-14 15:25:44', '2017-07-27 19:05:24', '4048634f-7c05-4562-8aea-487304f69ea6'),
 ('31', NULL, 'Call To Action', 'callToAction', 'superTableBlockType:5', '', '0', 'FruitLinkIt', '{\"types\":[\"custom\",\"entry\"],\"defaultText\":\"Contact Us\",\"allowCustomText\":\"1\",\"allowTarget\":\"\",\"entrySources\":\"*\",\"entrySelectionLabel\":\"Select an entry\",\"assetSources\":\"*\",\"assetSelectionLabel\":\"Select an asset\",\"categorySources\":\"*\",\"categorySelectionLabel\":\"Select a category\"}', '2017-06-14 15:25:44', '2017-07-27 19:05:24', '1bad2124-f196-464b-8970-f9a54c96ed0c'),
 ('32', NULL, 'Load More Text', 'loadMoreText', 'matrixBlockType:6', 'Defaults to \"Load More\"', '0', 'PlainText', '{\"placeholder\":\"\",\"maxLength\":\"\",\"multiline\":\"\",\"initialRows\":\"4\"}', '2017-06-14 15:25:44', '2017-07-27 19:05:24', '3668625c-947a-492b-8cc6-72383de14c72'),
 ('33', NULL, 'Footer', 'footer', 'matrixBlockType:6', 'This space is reserved for a call to action if the user can\'t find what they\'re looking for.', '0', 'SuperTable', '{\"columns\":{\"34\":{\"width\":\"\"},\"35\":{\"width\":\"\"}},\"fieldLayout\":\"table\",\"staticField\":null,\"selectionLabel\":\"Add a row\",\"maxRows\":null,\"minRows\":null}', '2017-06-14 15:25:44', '2017-07-27 19:05:24', 'de5af87a-9af0-42f3-844b-04399870a76c'),
 ('34', NULL, 'Heading', 'heading', 'superTableBlockType:6', '', '0', 'PlainText', '{\"placeholder\":\"\",\"maxLength\":\"\",\"multiline\":\"\",\"initialRows\":\"4\"}', '2017-06-14 15:25:45', '2017-07-27 19:05:25', '06384a53-8b98-423d-89ea-a567951f7104'),
 ('35', NULL, 'Call To Action', 'callToAction', 'superTableBlockType:6', '', '0', 'FruitLinkIt', '{\"types\":[\"custom\",\"entry\"],\"defaultText\":\"Let\'s chat anyway\",\"allowCustomText\":\"1\",\"allowTarget\":\"1\",\"entrySources\":\"*\",\"entrySelectionLabel\":\"Select an entry\",\"assetSources\":\"*\",\"assetSelectionLabel\":\"Select an asset\",\"categorySources\":\"*\",\"categorySelectionLabel\":\"Select a category\"}', '2017-06-14 15:25:45', '2017-07-27 19:05:25', '6d021348-087e-439d-ade9-db3b48e9b7da'),
 ('36', NULL, 'Heading', 'heading', 'matrixBlockType:7', '', '0', 'PlainText', '{\"placeholder\":\"\",\"maxLength\":\"\",\"multiline\":\"\",\"initialRows\":\"4\"}', '2017-06-14 18:51:00', '2017-07-27 19:05:25', 'de145202-8569-4411-b119-0c5157243ff0'),
 ('39', '3', 'Role(s)', 'roles', 'global', '', '0', 'Categories', '{\"source\":\"group:3\",\"limit\":\"\",\"selectionLabel\":\"Add a role\"}', '2017-06-15 14:59:47', '2017-06-28 21:09:32', '3aeb733f-02eb-4246-8f9e-fdb88bb894e9'),
 ('40', NULL, 'Role', 'role', 'matrixBlockType:8', '', '0', 'PlainText', '{\"placeholder\":\"\",\"maxLength\":\"\",\"multiline\":\"\",\"initialRows\":\"4\"}', '2017-06-15 14:59:47', '2017-06-15 14:59:47', '914783cd-b58f-45cd-b293-d5704ac6d453'),
 ('41', '3', 'Start Date', 'startDate', 'global', '', '0', 'Date', '{\"minuteIncrement\":\"30\",\"showDate\":1,\"showTime\":0}', '2017-06-15 15:00:18', '2017-06-15 15:00:18', '74c1c2b4-b045-4400-a534-2869e49d32c5'),
 ('42', '3', 'Social Links', 'socialLinks', 'global', '', '0', 'SuperTable', '{\"columns\":{\"46\":{\"width\":\"\"},\"47\":{\"width\":\"\"},\"48\":{\"width\":\"\"}},\"fieldLayout\":\"table\",\"staticField\":\"1\",\"selectionLabel\":\"Add a row\",\"maxRows\":\"3\",\"minRows\":null}', '2017-06-15 15:03:15', '2017-06-15 16:16:29', '79cbc03b-e865-4276-a132-4afa40a66037'),
 ('43', NULL, 'LinkedIn', 'linkedin', 'matrixBlockType:9', '', '0', 'FruitLinkIt', '{\"types\":[\"custom\"],\"defaultText\":\"\",\"allowCustomText\":\"\",\"allowTarget\":\"1\",\"entrySources\":\"*\",\"entrySelectionLabel\":\"Select an entry\",\"assetSources\":\"*\",\"assetSelectionLabel\":\"Select an asset\",\"categorySources\":\"*\",\"categorySelectionLabel\":\"Select a category\"}', '2017-06-15 15:03:15', '2017-06-15 15:03:15', '25fffde2-9647-4e8e-82d6-bcb2b64845b7'),
 ('44', NULL, 'Facebook', 'facebook', 'matrixBlockType:9', '', '0', 'FruitLinkIt', '{\"types\":[\"custom\"],\"defaultText\":\"\",\"allowCustomText\":\"\",\"allowTarget\":\"1\",\"entrySources\":\"*\",\"entrySelectionLabel\":\"Select an entry\",\"assetSources\":\"*\",\"assetSelectionLabel\":\"Select an asset\",\"categorySources\":\"*\",\"categorySelectionLabel\":\"Select a category\"}', '2017-06-15 15:03:15', '2017-06-15 15:03:15', '7572c8c4-647f-4aab-9e7e-b85846298f57'),
 ('45', NULL, 'Twitter', 'twitter', 'matrixBlockType:9', '', '0', 'FruitLinkIt', '{\"types\":[\"custom\"],\"defaultText\":\"\",\"allowCustomText\":\"\",\"allowTarget\":\"1\",\"entrySources\":\"*\",\"entrySelectionLabel\":\"Select an entry\",\"assetSources\":\"*\",\"assetSelectionLabel\":\"Select an asset\",\"categorySources\":\"*\",\"categorySelectionLabel\":\"Select a category\"}', '2017-06-15 15:03:15', '2017-06-15 15:03:15', '0770836f-9aa7-4370-82ba-d9b5d5ba3b80'),
 ('46', NULL, 'LinkedIn', 'linkedin', 'superTableBlockType:7', '', '0', 'FruitLinkIt', '{\"types\":[\"custom\"],\"defaultText\":\"\",\"allowCustomText\":\"\",\"allowTarget\":\"1\",\"entrySources\":\"*\",\"entrySelectionLabel\":\"Select an entry\",\"assetSources\":\"*\",\"assetSelectionLabel\":\"Select an asset\",\"categorySources\":\"*\",\"categorySelectionLabel\":\"Select a category\"}', '2017-06-15 15:08:34', '2017-06-15 16:16:29', '7ec7dad9-98e3-4bdb-997b-57da81472ad7'),
 ('47', NULL, 'Facebook', 'facebook', 'superTableBlockType:7', '', '0', 'FruitLinkIt', '{\"types\":[\"custom\"],\"defaultText\":\"\",\"allowCustomText\":\"\",\"allowTarget\":\"1\",\"entrySources\":\"*\",\"entrySelectionLabel\":\"Select an entry\",\"assetSources\":\"*\",\"assetSelectionLabel\":\"Select an asset\",\"categorySources\":\"*\",\"categorySelectionLabel\":\"Select a category\"}', '2017-06-15 15:08:34', '2017-06-15 16:16:29', 'a6099c40-3129-48a4-b780-c7f2acaf1962'),
 ('48', NULL, 'Twitter', 'twitter', 'superTableBlockType:7', '', '0', 'FruitLinkIt', '{\"types\":[\"custom\"],\"defaultText\":\"\",\"allowCustomText\":\"\",\"allowTarget\":\"1\",\"entrySources\":\"*\",\"entrySelectionLabel\":\"Select an entry\",\"assetSources\":\"*\",\"assetSelectionLabel\":\"Select an asset\",\"categorySources\":\"*\",\"categorySelectionLabel\":\"Select a category\"}', '2017-06-15 15:08:34', '2017-06-15 16:16:29', '0336f0bd-4d90-412c-8d57-06fd1094469c'),
 ('49', '3', 'About', 'about', 'global', '', '0', 'RichText', '{\"configFile\":\"\",\"availableAssetSources\":\"*\",\"availableTransforms\":\"*\",\"cleanupHtml\":\"1\",\"purifyHtml\":\"1\",\"purifierConfig\":\"\",\"columnType\":\"text\"}', '2017-06-15 16:32:32', '2017-06-15 16:32:32', '9b5ec77e-7fa4-42ef-b12a-c8772002ae97'),
 ('50', '3', 'Expertise', 'expertise', 'global', '', '0', 'RichText', '{\"configFile\":\"\",\"availableAssetSources\":\"*\",\"availableTransforms\":\"*\",\"cleanupHtml\":\"1\",\"purifyHtml\":\"1\",\"purifierConfig\":\"\",\"columnType\":\"text\"}', '2017-06-15 16:33:21', '2017-06-15 16:33:21', '96f8d011-dc5c-47e6-bc9f-c2014c4aea21'),
 ('51', NULL, 'Heading', 'heading', 'matrixBlockType:10', '', '0', 'PlainText', '{\"placeholder\":\"\",\"maxLength\":\"\",\"multiline\":\"\",\"initialRows\":\"4\"}', '2017-06-15 16:53:38', '2017-07-27 19:05:25', '0904cf69-f4d1-4d4b-828b-d04982cb4bad'),
 ('52', NULL, 'Heading', 'heading', 'matrixBlockType:11', '', '0', 'PlainText', '{\"placeholder\":\"\",\"maxLength\":\"\",\"multiline\":\"\",\"initialRows\":\"4\"}', '2017-06-15 17:16:37', '2017-07-27 19:05:25', 'cf931875-b7a3-4d5b-90ea-6722c5ba581b'),
 ('53', NULL, 'People', 'people', 'matrixBlockType:11', 'This is a good component to use to show the people involved in a project.', '0', 'SuperTable', '{\"columns\":{\"168\":{\"width\":\"\"},\"169\":{\"width\":\"\"}},\"fieldLayout\":\"table\",\"staticField\":null,\"selectionLabel\":\"Add a row\",\"maxRows\":null,\"minRows\":null}', '2017-06-15 17:16:37', '2017-07-27 19:05:25', 'fadfcf1d-6334-4f87-bfe7-c77fb524e502'),
 ('54', NULL, 'Heading', 'heading', 'matrixBlockType:12', '', '0', 'PlainText', '{\"placeholder\":\"\",\"maxLength\":\"\",\"multiline\":\"\",\"initialRows\":\"4\"}', '2017-06-15 18:19:42', '2017-07-27 19:05:25', '143b7a11-8ea6-4399-8f26-78753e716ade'),
 ('55', NULL, 'Body', 'body', 'matrixBlockType:12', '', '0', 'RichText', '{\"configFile\":\"\",\"availableAssetSources\":\"*\",\"availableTransforms\":\"*\",\"cleanupHtml\":\"1\",\"purifyHtml\":\"1\",\"purifierConfig\":\"\",\"columnType\":\"text\"}', '2017-06-15 18:19:42', '2017-07-27 19:05:25', '32a7d694-1c3e-42f1-a94d-b7eed7620362'),
 ('56', NULL, 'List', 'list', 'matrixBlockType:12', '', '0', 'SuperTable', '{\"columns\":{\"57\":{\"width\":\"\"}},\"fieldLayout\":\"table\",\"staticField\":null,\"selectionLabel\":\"Add a row\",\"maxRows\":null,\"minRows\":null}', '2017-06-15 18:19:42', '2017-07-27 19:05:25', '47d6a7bf-29d4-4fcd-9a07-a771b07853fe'),
 ('57', NULL, 'List Item', 'listItem', 'superTableBlockType:8', '', '0', 'PlainText', '{\"placeholder\":\"\",\"maxLength\":\"\",\"multiline\":\"\",\"initialRows\":\"4\"}', '2017-06-15 18:19:42', '2017-07-27 19:05:25', '294fa2a6-295d-4cf8-b458-f814cfc27da7'),
 ('58', NULL, 'Heading', 'heading', 'matrixBlockType:13', '', '0', 'PlainText', '{\"placeholder\":\"\",\"maxLength\":\"\",\"multiline\":\"\",\"initialRows\":\"4\"}', '2017-06-15 18:23:23', '2017-07-27 19:05:25', '2ae5ab8c-57b6-4bcc-b343-93eca7b7b437'),
 ('59', NULL, 'Body', 'body', 'matrixBlockType:13', '', '0', 'RichText', '{\"configFile\":\"\",\"availableAssetSources\":\"*\",\"availableTransforms\":\"*\",\"cleanupHtml\":\"1\",\"purifyHtml\":\"1\",\"purifierConfig\":\"\",\"columnType\":\"text\"}', '2017-06-15 18:23:23', '2017-07-27 19:05:25', 'd08a2af8-1bcd-42bb-bfe5-bdc90bf1cd0e'),
 ('60', NULL, 'Orientation', 'orientation', 'matrixBlockType:14', '', '0', 'PositionSelect', '{\"options\":[\"left\",\"right\"]}', '2017-06-15 18:27:59', '2017-07-27 19:05:25', '6fa4f29b-532f-4c74-b46c-3a56799d6527'),
 ('61', NULL, 'Heading', 'heading', 'matrixBlockType:14', '', '0', 'PlainText', '{\"placeholder\":\"\",\"maxLength\":\"\",\"multiline\":\"\",\"initialRows\":\"4\"}', '2017-06-15 18:27:59', '2017-07-27 19:05:25', '90265836-2d47-4e39-ae76-14f7c22771f8'),
 ('62', NULL, 'Body', 'body', 'matrixBlockType:14', '', '0', 'RichText', '{\"configFile\":\"\",\"availableAssetSources\":\"*\",\"availableTransforms\":\"*\",\"cleanupHtml\":\"1\",\"purifyHtml\":\"1\",\"purifierConfig\":\"\",\"columnType\":\"text\"}', '2017-06-15 18:27:59', '2017-07-27 19:05:25', '768791ef-3fe3-404d-9a39-8936693398e2'),
 ('63', NULL, 'Call To Action', 'callToAction', 'matrixBlockType:14', '', '0', 'FruitLinkIt', '{\"types\":[\"custom\",\"entry\"],\"defaultText\":\"\",\"allowCustomText\":\"\",\"allowTarget\":\"1\",\"entrySources\":\"*\",\"entrySelectionLabel\":\"Select an entry\",\"assetSources\":\"*\",\"assetSelectionLabel\":\"Select an asset\",\"categorySources\":\"*\",\"categorySelectionLabel\":\"Select a category\"}', '2017-06-15 18:27:59', '2017-07-27 19:05:25', '7b8c37de-ddde-4892-bcb8-81e0f3bf0a54'),
 ('64', NULL, 'Image', 'image', 'matrixBlockType:14', '', '0', 'Assets', '{\"useSingleFolder\":\"1\",\"sources\":\"*\",\"defaultUploadLocationSource\":\"1\",\"defaultUploadLocationSubpath\":\"\",\"singleUploadLocationSource\":\"3\",\"singleUploadLocationSubpath\":\"\",\"restrictFiles\":\"1\",\"allowedKinds\":[\"image\"],\"limit\":\"1\",\"viewMode\":\"list\",\"selectionLabel\":\"\"}', '2017-06-15 18:27:59', '2017-07-27 19:05:25', 'b3757dc0-8a75-40b4-a0eb-63232e9c04be'),
 ('65', NULL, 'Orientation', 'orientation', 'matrixBlockType:15', '', '0', 'PositionSelect', '{\"options\":[\"left\",\"right\"]}', '2017-06-15 18:39:05', '2017-07-27 19:05:25', 'dbafc568-6f7f-4410-b782-c75ef05c3285'),
 ('66', NULL, 'Heading', 'heading', 'matrixBlockType:15', '', '0', 'PlainText', '{\"placeholder\":\"\",\"maxLength\":\"\",\"multiline\":\"\",\"initialRows\":\"4\"}', '2017-06-15 18:39:05', '2017-07-27 19:05:25', '7083608b-01c2-4530-a13f-1871c746a018'),
 ('67', NULL, 'Body', 'body', 'matrixBlockType:15', '', '0', 'RichText', '{\"configFile\":\"\",\"availableAssetSources\":\"*\",\"availableTransforms\":\"*\",\"cleanupHtml\":\"1\",\"purifyHtml\":\"1\",\"purifierConfig\":\"\",\"columnType\":\"text\"}', '2017-06-15 18:39:05', '2017-07-27 19:05:25', 'c4fb72d8-35a3-48af-8c2d-1b240ac877e5'),
 ('68', NULL, 'Call To Action', 'callToAction', 'matrixBlockType:15', '', '0', 'FruitLinkIt', '{\"types\":[\"custom\",\"entry\",\"category\"],\"defaultText\":\"\",\"allowCustomText\":\"1\",\"allowTarget\":\"1\",\"entrySources\":\"*\",\"entrySelectionLabel\":\"Select an entry\",\"assetSources\":\"*\",\"assetSelectionLabel\":\"Select an asset\",\"categorySources\":\"*\",\"categorySelectionLabel\":\"Select a category\"}', '2017-06-15 18:39:06', '2017-07-27 19:05:25', '03efb521-93e0-4911-a027-57e65444cfb6'),
 ('69', NULL, 'Image', 'image', 'matrixBlockType:15', '', '0', 'Assets', '{\"useSingleFolder\":\"1\",\"sources\":[\"folder:3\"],\"defaultUploadLocationSource\":\"3\",\"defaultUploadLocationSubpath\":\"\\/uploads\\/miscellaneous\",\"singleUploadLocationSource\":\"3\",\"singleUploadLocationSubpath\":\"\",\"restrictFiles\":\"1\",\"allowedKinds\":[\"image\"],\"limit\":\"\",\"viewMode\":\"list\",\"selectionLabel\":\"\"}', '2017-06-15 18:39:06', '2017-07-27 19:05:25', '4f118cd4-30f9-4052-a614-6efc7ecb5f7f'),
 ('70', NULL, 'List', 'list', 'matrixBlockType:14', '', '0', 'SuperTable', '{\"columns\":{\"71\":{\"width\":\"\"}},\"fieldLayout\":\"table\",\"staticField\":null,\"selectionLabel\":\"Add a row\",\"maxRows\":null,\"minRows\":null}', '2017-06-15 18:40:19', '2017-07-27 19:05:25', '6da78874-7cc0-4c04-9501-3a54a89db87b'),
 ('71', NULL, 'Item', 'item', 'superTableBlockType:9', '', '0', 'PlainText', '{\"placeholder\":\"\",\"maxLength\":\"\",\"multiline\":\"\",\"initialRows\":\"4\"}', '2017-06-15 18:40:19', '2017-07-27 19:05:25', '1f919f91-a19b-4324-83ae-4a2ffbb4b7c6'),
 ('72', NULL, 'List', 'list', 'matrixBlockType:15', '', '0', 'SuperTable', '{\"columns\":{\"73\":{\"width\":\"\"}},\"fieldLayout\":\"table\",\"staticField\":null,\"selectionLabel\":\"Add a row\",\"maxRows\":null,\"minRows\":null}', '2017-06-15 18:40:58', '2017-07-27 19:05:25', '79755d8a-1a13-4f93-bc85-4a7a67cf33c5'),
 ('73', NULL, 'Item', 'item', 'superTableBlockType:10', '', '0', 'PlainText', '{\"placeholder\":\"\",\"maxLength\":\"\",\"multiline\":\"\",\"initialRows\":\"4\"}', '2017-06-15 18:40:58', '2017-07-27 19:05:25', 'f1f848a8-3be9-4ca9-a267-c3f8694ac4e5'),
 ('74', NULL, 'Quote', 'quote', 'matrixBlockType:16', '', '0', 'PlainText', '{\"placeholder\":\"\",\"maxLength\":\"\",\"multiline\":\"\",\"initialRows\":\"4\"}', '2017-06-15 18:41:55', '2017-07-27 19:05:25', 'd4ca91d4-d657-4b9a-b66e-ba0b3c57ef3b'),
 ('75', NULL, 'Author', 'author', 'matrixBlockType:16', '', '0', 'PlainText', '{\"placeholder\":\"\",\"maxLength\":\"\",\"multiline\":\"\",\"initialRows\":\"4\"}', '2017-06-15 18:41:55', '2017-07-27 19:05:25', 'fa4446d7-6678-49c5-b226-a0b65432990d'),
 ('76', NULL, 'Heading', 'heading', 'matrixBlockType:17', '', '0', 'PlainText', '{\"placeholder\":\"\",\"maxLength\":\"\",\"multiline\":\"\",\"initialRows\":\"4\"}', '2017-06-15 19:02:36', '2017-07-27 19:05:25', '0ee35d2c-1eb8-4df5-972f-a7bde6b6afd5'),
 ('77', NULL, 'Body', 'body', 'matrixBlockType:17', '', '0', 'PlainText', '{\"placeholder\":\"\",\"maxLength\":\"\",\"multiline\":\"\",\"initialRows\":\"4\"}', '2017-06-15 19:02:36', '2017-07-27 19:05:25', '40a577fc-0d8f-4912-a46b-fb588b806b5e'),
 ('78', NULL, 'Resources', 'resources', 'matrixBlockType:17', '', '0', 'SuperTable', '{\"columns\":{\"79\":{\"width\":\"\"},\"80\":{\"width\":\"\"},\"81\":{\"width\":\"\"}},\"fieldLayout\":\"table\",\"staticField\":null,\"selectionLabel\":\"Add a row\",\"maxRows\":null,\"minRows\":null}', '2017-06-15 19:02:36', '2017-07-27 19:05:25', '219aa4db-7214-4af3-b9fb-28e8094da465'),
 ('79', NULL, 'Resource', 'resource', 'superTableBlockType:11', '', '0', 'FruitLinkIt', '{\"types\":[\"custom\",\"entry\",\"asset\"],\"defaultText\":\"\",\"allowCustomText\":\"\",\"allowTarget\":\"\",\"entrySources\":\"*\",\"entrySelectionLabel\":\"Select an entry\",\"assetSources\":[\"folder:4\"],\"assetSelectionLabel\":\"Select an asset\",\"categorySources\":\"*\",\"categorySelectionLabel\":\"Select a category\"}', '2017-06-15 19:02:37', '2017-07-27 19:05:25', 'e46287e8-756e-441b-8372-2c122ee3d0c9'),
 ('80', NULL, 'Type', 'type', 'superTableBlockType:11', '', '0', 'MultiSelect', '{\"options\":[{\"label\":\"Whitepaper\",\"value\":\"whitepaper\",\"default\":\"\"},{\"label\":\"Brochure\",\"value\":\"brochure\",\"default\":\"\"},{\"label\":\"Publication\",\"value\":\"publication\",\"default\":\"\"}]}', '2017-06-15 19:08:43', '2017-07-27 19:05:25', 'cd42bf33-eafb-4e30-a8da-f12426be62a8'),
 ('81', NULL, 'Featured', 'featured', 'superTableBlockType:11', '', '0', 'Lightswitch', '{\"default\":\"\"}', '2017-06-15 19:09:33', '2017-07-27 19:05:25', '56c5b484-35ca-4425-ab00-6e74d314ba83'),
 ('82', NULL, 'Heading', 'heading', 'matrixBlockType:18', '', '0', 'PlainText', '{\"placeholder\":\"\",\"maxLength\":\"\",\"multiline\":\"\",\"initialRows\":\"4\"}', '2017-06-15 19:20:51', '2017-07-27 19:05:25', 'fba03f48-f177-415a-9c92-503e80f5e863'),
 ('83', NULL, 'Body', 'body', 'matrixBlockType:18', '', '0', 'PlainText', '{\"placeholder\":\"\",\"maxLength\":\"\",\"multiline\":\"\",\"initialRows\":\"4\"}', '2017-06-15 19:20:51', '2017-07-27 19:05:25', '74b9b217-5cd0-4980-a6a8-c96006e58659'),
 ('84', NULL, 'Highlights', 'highlights', 'matrixBlockType:18', '', '0', 'SuperTable', '{\"columns\":{\"85\":{\"width\":\"\"},\"86\":{\"width\":\"\"},\"87\":{\"width\":\"\"}},\"fieldLayout\":\"table\",\"staticField\":null,\"selectionLabel\":\"Add a row\",\"maxRows\":null,\"minRows\":null}', '2017-06-15 19:20:51', '2017-07-27 19:05:25', '5c8ac47d-ab18-4e38-bd58-2f254bc5359a'),
 ('85', NULL, 'Title', 'highlightTitle', 'superTableBlockType:12', '', '0', 'PlainText', '{\"placeholder\":\"\",\"maxLength\":\"\",\"multiline\":\"\",\"initialRows\":\"4\"}', '2017-06-15 19:20:51', '2017-07-27 19:05:25', 'dc1de076-1b2b-4d77-a18e-e2c2f113bd4d'),
 ('86', NULL, 'Image', 'image', 'superTableBlockType:12', '', '0', 'PlainText', '{\"placeholder\":\"\",\"maxLength\":\"\",\"multiline\":\"\",\"initialRows\":\"4\"}', '2017-06-15 19:20:51', '2017-07-27 19:05:26', 'ff89de4b-62fc-4a56-8a4f-49c12bbb5ab7'),
 ('87', NULL, 'Image Orientation', 'orientation', 'superTableBlockType:12', 'If you included an image, do you want it left aligned or right?', '0', 'PositionSelect', '{\"options\":[\"left\",\"right\"]}', '2017-06-15 19:20:51', '2017-07-27 19:05:26', 'e6d53b00-87ff-49c6-9852-eda8aefc15d0'),
 ('88', NULL, 'Heading', 'heading', 'matrixBlockType:19', '', '0', 'PlainText', '{\"placeholder\":\"\",\"maxLength\":\"\",\"multiline\":\"\",\"initialRows\":\"4\"}', '2017-06-15 19:24:13', '2017-07-27 19:05:26', 'a2b8f794-5949-491c-8cb0-34eacf5324e4'),
 ('89', NULL, 'Body', 'body', 'matrixBlockType:19', '', '0', 'RichText', '{\"configFile\":\"\",\"availableAssetSources\":\"*\",\"availableTransforms\":\"*\",\"cleanupHtml\":\"1\",\"purifyHtml\":\"1\",\"purifierConfig\":\"\",\"columnType\":\"text\"}', '2017-06-15 19:24:13', '2017-07-27 19:05:26', '5f5df57a-f352-4d9b-832b-906e2e4b952a'),
 ('90', NULL, 'Clients', 'clients', 'matrixBlockType:19', '', '0', 'SuperTable', '{\"columns\":{\"91\":{\"width\":\"\"},\"92\":{\"width\":\"\"},\"93\":{\"width\":\"\"}},\"fieldLayout\":\"table\",\"staticField\":null,\"selectionLabel\":\"Add a row\",\"maxRows\":null,\"minRows\":null}', '2017-06-15 19:24:13', '2017-07-27 19:05:26', 'a1525531-b866-46d1-8977-a12977ed3b55'),
 ('91', NULL, 'Client / Project Name', 'clientName', 'superTableBlockType:13', '', '0', 'PlainText', '{\"placeholder\":\"\",\"maxLength\":\"\",\"multiline\":\"\",\"initialRows\":\"4\"}', '2017-06-15 19:24:14', '2017-07-27 19:05:26', 'd03e43e8-45ff-4cb1-a524-2f51421c260f'),
 ('92', NULL, 'Client Location', 'clientLocation', 'superTableBlockType:13', '', '0', 'VzAddress', '{\"showName\":\"1\",\"defaultCountry\":\"US\"}', '2017-06-15 19:24:14', '2017-07-27 19:05:26', 'dacf183b-0be9-4878-9cc7-bb7090ad609d'),
 ('93', NULL, 'Image', 'image', 'superTableBlockType:13', '', '0', 'Assets', '{\"useSingleFolder\":\"1\",\"sources\":[\"folder:5\"],\"defaultUploadLocationSource\":\"1\",\"defaultUploadLocationSubpath\":\"\",\"singleUploadLocationSource\":\"5\",\"singleUploadLocationSubpath\":\"\",\"restrictFiles\":\"\",\"limit\":\"1\",\"viewMode\":\"list\",\"selectionLabel\":\"\"}', '2017-06-15 19:24:14', '2017-07-27 19:05:26', 'a3f8e424-c9ea-492a-8f7c-ff40e48be889'),
 ('94', NULL, 'Heading', 'heading', 'matrixBlockType:20', '', '0', 'PlainText', '{\"placeholder\":\"\",\"maxLength\":\"\",\"multiline\":\"\",\"initialRows\":\"4\"}', '2017-06-15 19:33:37', '2017-07-27 19:05:26', '2a914e0f-2525-4f71-aeb4-9049557a4838'),
 ('95', NULL, 'Body', 'body', 'matrixBlockType:20', '', '0', 'RichText', '{\"configFile\":\"\",\"availableAssetSources\":\"*\",\"availableTransforms\":\"*\",\"cleanupHtml\":\"1\",\"purifyHtml\":\"1\",\"purifierConfig\":\"\",\"columnType\":\"text\"}', '2017-06-15 19:33:37', '2017-07-27 19:05:26', 'c8e63ed0-7454-4af7-8b22-bdb9438c24b9'),
 ('96', NULL, 'List', 'list', 'matrixBlockType:20', '', '0', 'SuperTable', '{\"columns\":{\"97\":{\"width\":\"\"}},\"fieldLayout\":\"table\",\"staticField\":null,\"selectionLabel\":\"Add a row\",\"maxRows\":null,\"minRows\":null}', '2017-06-15 19:33:37', '2017-07-27 19:05:26', 'b3a425c1-c2fd-4f60-8722-6884a7d355af'),
 ('97', NULL, 'Item', 'item', 'superTableBlockType:14', '', '0', 'PlainText', '{\"placeholder\":\"\",\"maxLength\":\"\",\"multiline\":\"\",\"initialRows\":\"4\"}', '2017-06-15 19:33:38', '2017-07-27 19:05:26', 'f1ab0901-5851-4cb7-912e-810f9fedb627'),
 ('98', NULL, 'Logos', 'logos', 'matrixBlockType:20', '', '0', 'SuperTable', '{\"columns\":{\"100\":{\"width\":\"\"},\"99\":{\"width\":\"\"}},\"fieldLayout\":\"table\",\"staticField\":null,\"selectionLabel\":\"Add a row\",\"maxRows\":null,\"minRows\":null}', '2017-06-15 19:33:38', '2017-07-27 19:05:26', '5865ddfc-eec0-47d3-9cf1-7e6faf545d2d'),
 ('99', NULL, 'Caption', 'caption', 'superTableBlockType:15', '', '0', 'PlainText', '{\"placeholder\":\"\",\"maxLength\":\"\",\"multiline\":\"\",\"initialRows\":\"4\"}', '2017-06-15 19:33:38', '2017-07-27 19:05:26', '801d51dd-d441-41ad-8982-d0981973a88b'),
 ('100', NULL, 'Image', 'image', 'superTableBlockType:15', '', '0', 'Assets', '{\"useSingleFolder\":\"1\",\"sources\":\"*\",\"defaultUploadLocationSource\":\"1\",\"defaultUploadLocationSubpath\":\"\",\"singleUploadLocationSource\":\"5\",\"singleUploadLocationSubpath\":\"\",\"restrictFiles\":\"1\",\"allowedKinds\":[\"image\"],\"limit\":\"1\",\"viewMode\":\"list\",\"selectionLabel\":\"\"}', '2017-06-15 19:33:38', '2017-07-27 19:05:26', '860b2893-6a1c-4e60-89da-e28645340371'),
 ('101', '1', 'Heading', 'heading', 'global', '', '0', 'PlainText', '{\"placeholder\":\"\",\"maxLength\":\"\",\"multiline\":\"\",\"initialRows\":\"4\"}', '2017-06-15 19:36:09', '2017-06-15 19:36:09', 'c03cafc3-741d-4cfe-8741-4ea125ff5bb1'),
 ('102', '4', 'Value', 'value', 'global', '', '0', 'Matrix', '{\"maxBlocks\":null}', '2017-06-15 19:42:13', '2017-06-15 19:42:13', '3502350d-f0d0-4876-8e26-53522e7517d8'),
 ('103', NULL, 'Value', 'value', 'matrixBlockType:21', '', '0', 'PlainText', '{\"placeholder\":\"\",\"maxLength\":\"\",\"multiline\":\"\",\"initialRows\":\"4\"}', '2017-06-15 19:42:13', '2017-06-15 19:42:13', 'cbfbcce1-1893-4968-a401-7a8742b32776'),
 ('104', NULL, 'Heading', 'heading', 'matrixBlockType:21', '', '0', 'PlainText', '{\"placeholder\":\"\",\"maxLength\":\"\",\"multiline\":\"\",\"initialRows\":\"4\"}', '2017-06-15 19:42:13', '2017-06-15 19:42:13', '2525c622-c206-4197-9eac-4c84f3e0630e'),
 ('105', NULL, 'Body', 'body', 'matrixBlockType:21', '', '0', 'RichText', '{\"configFile\":\"\",\"availableAssetSources\":\"*\",\"availableTransforms\":\"*\",\"cleanupHtml\":\"1\",\"purifyHtml\":\"1\",\"purifierConfig\":\"\",\"columnType\":\"text\"}', '2017-06-15 19:42:14', '2017-06-15 19:42:14', '371cf826-5ceb-4137-8114-98587f0e5b5f'),
 ('106', NULL, 'Heading', 'heading', 'matrixBlockType:22', '', '0', 'PlainText', '{\"placeholder\":\"Our Values\",\"maxLength\":\"\",\"multiline\":\"\",\"initialRows\":\"4\"}', '2017-06-15 19:49:55', '2017-07-27 19:05:26', '49fb5f86-09ca-42c3-baa1-78b94193ac73'),
 ('107', NULL, 'Heading', 'heading', 'matrixBlockType:23', '', '0', 'PlainText', '{\"placeholder\":\"\",\"maxLength\":\"\",\"multiline\":\"\",\"initialRows\":\"4\"}', '2017-06-15 19:57:44', '2017-07-27 19:05:26', '4c7ed9f1-d06a-44a2-88ed-319e9328ea80'),
 ('108', NULL, 'Background Image', 'backgroundImage', 'matrixBlockType:23', '', '0', 'Assets', '{\"useSingleFolder\":\"1\",\"sources\":\"*\",\"defaultUploadLocationSource\":\"1\",\"defaultUploadLocationSubpath\":\"\",\"singleUploadLocationSource\":\"3\",\"singleUploadLocationSubpath\":\"\",\"restrictFiles\":\"\",\"limit\":\"\",\"viewMode\":\"list\",\"selectionLabel\":\"\"}', '2017-06-15 19:57:44', '2017-07-27 19:05:26', '89cfea7c-d2ca-4c9a-baf5-8fac1f7cb633'),
 ('109', NULL, 'Benefit', 'benefit', 'matrixBlockType:23', '', '0', 'SuperTable', '{\"columns\":{\"110\":{\"width\":\"\"},\"111\":{\"width\":\"\"}},\"fieldLayout\":\"table\",\"staticField\":null,\"selectionLabel\":null,\"maxRows\":null,\"minRows\":null}', '2017-06-15 19:57:44', '2017-07-27 19:05:26', 'c1f6ae09-9297-4987-a932-e79fea9e2a60'),
 ('110', NULL, 'Benefit Name', 'benefitName', 'superTableBlockType:16', 'ie \"Health & Wellness\"', '0', 'PlainText', '{\"placeholder\":\"\",\"maxLength\":\"\",\"multiline\":\"\",\"initialRows\":\"4\"}', '2017-06-15 19:57:44', '2017-07-27 19:05:26', '4f234a10-8439-45e4-addb-3975169d6029'),
 ('111', NULL, 'Body', 'body', 'superTableBlockType:16', '', '0', 'RichText', '{\"configFile\":\"\",\"availableAssetSources\":\"*\",\"availableTransforms\":\"*\",\"cleanupHtml\":\"1\",\"purifyHtml\":\"1\",\"purifierConfig\":\"\",\"columnType\":\"text\"}', '2017-06-15 19:57:44', '2017-07-27 19:05:26', 'd4b7c4f5-b3b1-405d-8033-c8b822afa963'),
 ('112', '1', 'Practice Areas', 'practiceAreas', 'global', '', '0', 'Entries', '{\"sources\":[\"section:10\"],\"limit\":\"\",\"selectionLabel\":\"\"}', '2017-06-15 21:33:55', '2017-07-31 21:42:59', '1005503f-7afb-4dfe-b17d-0564e9ca0d40'),
 ('113', '1', 'Services', 'services', 'global', '', '0', 'Entries', '{\"sources\":[\"section:11\"],\"limit\":\"\",\"selectionLabel\":\"\"}', '2017-06-15 21:36:14', '2017-07-31 21:42:30', '029c2a2f-72b5-45f4-94c9-213cd2980926'),
 ('118', '2', 'Phone', 'phone', 'global', '', '0', 'FruitLinkIt', '{\"types\":[\"tel\"],\"defaultText\":\"\",\"allowCustomText\":\"1\",\"allowTarget\":\"\",\"entrySources\":\"*\",\"entrySelectionLabel\":\"Select an entry\",\"assetSources\":\"*\",\"assetSelectionLabel\":\"Select an asset\",\"categorySources\":\"*\",\"categorySelectionLabel\":\"Select a category\"}', '2017-06-15 22:09:09', '2017-06-16 01:32:14', 'c512008e-c0ab-45b2-a4f2-e2daa2ed520f');
INSERT INTO `craft_fields` (`id`, `groupId`, `name`, `handle`, `context`, `instructions`, `translatable`, `type`, `settings`, `dateCreated`, `dateUpdated`, `uid`) VALUES
 ('120', '2', 'Community Involvement', 'communityInvolvement', 'global', '', '0', 'SuperTable', '{\"columns\":{\"new1\":{\"width\":\"\"}},\"fieldLayout\":\"table\",\"staticField\":null,\"selectionLabel\":\"Add a row\",\"maxRows\":null,\"minRows\":null}', '2017-06-15 22:13:15', '2017-06-15 22:13:15', '8c509a7c-d6fd-455f-b449-2cf091ea62e1'),
 ('121', NULL, 'Community Involvement', 'communityInvolvement', 'superTableBlockType:17', '', '0', 'PlainText', '{\"placeholder\":\"\",\"maxLength\":\"\",\"multiline\":\"\",\"initialRows\":\"4\"}', '2017-06-15 22:13:15', '2017-06-15 22:13:15', '9042522a-1eef-46e5-8363-0e12f7547256'),
 ('122', '2', 'About the Location', 'aboutTheLocation', 'global', '', '0', 'RichText', '{\"configFile\":\"\",\"availableAssetSources\":\"*\",\"availableTransforms\":\"*\",\"cleanupHtml\":\"1\",\"purifyHtml\":\"1\",\"purifierConfig\":\"\",\"columnType\":\"text\"}', '2017-06-15 22:13:59', '2017-06-15 22:13:59', '24a3002b-93ea-4089-92b4-f94e217428de'),
 ('125', '2', 'Is Headerquarters', 'isHeaderquarters', 'global', '', '0', 'Lightswitch', '{\"default\":\"\"}', '2017-06-15 22:21:57', '2017-06-15 22:21:57', '32f31cdf-b874-42ac-8472-a78ea13b333b'),
 ('127', '1', 'Practice Area Icon', 'practiceAreaIcon', 'global', '', '0', 'SvgIcons', '{\"iconSets\":[\"\\/var\\/www\\/mmi\\/public_html\\/svgicons\\/Markets\"]}', '2017-06-16 14:56:53', '2017-07-31 21:44:10', '2225c07d-f37b-45c0-994b-6da58acaa46b'),
 ('128', '1', 'Service Color', 'serviceColor', 'global', 'Engineering: #FF5E2D\r\n\r\nEnvironmental Science & Services: #0ABE9D\r\n\r\nLandscape Architecture: #9EC92A\r\n\r\nConstruction Services: #EDC841\r\n\r\nPlanning: #313840\r\n\r\nLand Surveying: #FF3616\r\n\r\n', '0', 'Hue', '{\"defaultColor\":\"\"}', '2017-06-16 15:35:54', '2017-07-27 19:06:15', '7dbb2dc8-9133-44e1-9eb4-9962102ea99f'),
 ('129', '1', 'News', 'news', 'global', 'What category does this news article belong to? (i.e. \"Awards\", \"News\", \"Press\")', '0', 'Categories', '{\"source\":\"group:4\",\"limit\":\"\",\"selectionLabel\":\"\"}', '2017-06-20 14:41:14', '2017-07-25 14:57:57', 'd1c5678e-7274-4575-ae0d-4d599211b8fd'),
 ('130', '1', 'Featured Image', 'featuredImage', 'global', '', '0', 'Matrix', '{\"maxBlocks\":\"1\"}', '2017-06-20 14:47:54', '2017-07-31 13:10:42', 'b1b97afd-f55b-49a3-8fe3-1b35c4755031'),
 ('131', NULL, 'Limit', 'limit', 'matrixBlockType:26', 'How many case studies would you like to be visible on the work filter? The default is 8.', '0', 'Number', '{\"min\":\"0\",\"max\":\"\",\"decimals\":\"0\"}', '2017-06-26 19:07:48', '2017-07-27 19:05:26', '967231d4-c294-4e6c-9785-8111389e3475'),
 ('132', '2', 'Address', 'address', 'global', '', '0', 'VzAddress', '{\"showName\":\"1\",\"defaultCountry\":\"US\"}', '2017-06-26 19:32:34', '2017-06-26 19:32:34', 'e3925e4a-c25b-4a88-89c2-0500e8c9f701'),
 ('133', '1', 'Client', 'client', 'global', '', '0', 'PlainText', '{\"placeholder\":\"\",\"maxLength\":\"\",\"multiline\":\"\",\"initialRows\":\"4\"}', '2017-06-26 19:35:40', '2017-06-26 19:35:40', '2af17b48-7e09-4a9b-a963-55755c62f29b'),
 ('134', NULL, 'Heading', 'heading', 'matrixBlockType:2', '', '0', 'PlainText', '{\"placeholder\":\"\",\"maxLength\":\"\",\"multiline\":\"\",\"initialRows\":\"4\"}', '2017-06-27 14:22:49', '2017-07-27 19:05:24', 'f7f593de-c2f2-4612-bdbe-9416eea9fa85'),
 ('136', NULL, 'Heading', 'heading', 'matrixBlockType:27', '', '0', 'PlainText', '{\"placeholder\":\"\",\"maxLength\":\"\",\"multiline\":\"\",\"initialRows\":\"4\"}', '2017-06-27 15:02:06', '2017-07-27 19:05:26', '232243f9-f431-4b16-a8c4-b524de1462c5'),
 ('137', '1', 'Excerpt', 'excerpt', 'global', '', '0', 'PlainText', '{\"placeholder\":\"\",\"maxLength\":\"\",\"multiline\":\"1\",\"initialRows\":\"4\"}', '2017-06-27 15:03:57', '2017-06-27 15:03:57', '8b1ca64a-2f15-4fa3-9933-e348769b7f9b'),
 ('138', NULL, 'Heading', 'heading', 'matrixBlockType:25', '', '0', 'PlainText', '{\"placeholder\":\"\",\"maxLength\":\"\",\"multiline\":\"\",\"initialRows\":\"4\"}', '2017-06-27 15:09:10', '2017-07-27 19:05:26', '4cf011bc-8559-48b8-9f98-120c842aa9f5'),
 ('139', NULL, 'Background Image', 'backgroundImage', 'matrixBlockType:25', '', '0', 'Assets', '{\"useSingleFolder\":\"1\",\"sources\":\"*\",\"defaultUploadLocationSource\":\"1\",\"defaultUploadLocationSubpath\":\"\",\"singleUploadLocationSource\":\"3\",\"singleUploadLocationSubpath\":\"\",\"restrictFiles\":\"1\",\"allowedKinds\":[\"image\"],\"limit\":\"1\",\"viewMode\":\"list\",\"selectionLabel\":\"\"}', '2017-06-27 15:09:10', '2017-07-27 19:05:26', '10417130-674a-4111-81c3-428bd0069656'),
 ('140', NULL, 'Listing', 'listing', 'matrixBlockType:27', '', '0', 'SuperTable', '{\"columns\":{\"141\":{\"width\":\"\"},\"142\":{\"width\":\"\"},\"143\":{\"width\":\"\"}},\"fieldLayout\":\"row\",\"staticField\":null,\"selectionLabel\":\"Add a row\",\"maxRows\":null,\"minRows\":null}', '2017-06-28 20:50:53', '2017-07-27 19:05:26', '8816a213-da5a-41e9-96eb-7bcb0aecd201'),
 ('141', NULL, 'Title', 'itemTitle', 'superTableBlockType:18', '', '0', 'PlainText', '{\"placeholder\":\"\",\"maxLength\":\"\",\"multiline\":\"\",\"initialRows\":\"4\"}', '2017-06-28 20:50:53', '2017-07-27 19:05:26', '6fec875f-635d-4bef-a468-09e7ac74ec6f'),
 ('142', NULL, 'Excerpt', 'excerpt', 'superTableBlockType:18', '', '0', 'PlainText', '{\"placeholder\":\"\",\"maxLength\":\"\",\"multiline\":\"1\",\"initialRows\":\"4\"}', '2017-06-28 20:50:53', '2017-07-27 19:05:26', 'fc52c5cd-47c6-4be0-967c-f7926297f94a'),
 ('143', NULL, 'Call To Action', 'callToAction', 'superTableBlockType:18', '', '0', 'FruitLinkIt', '{\"types\":[\"custom\",\"entry\",\"category\"],\"defaultText\":\"\",\"allowCustomText\":\"1\",\"allowTarget\":\"1\",\"entrySources\":\"*\",\"entrySelectionLabel\":\"Select an entry\",\"assetSources\":\"*\",\"assetSelectionLabel\":\"Select an asset\",\"categorySources\":\"*\",\"categorySelectionLabel\":\"Select a category\"}', '2017-06-28 20:50:53', '2017-07-27 19:05:26', '5b71e96a-1abd-42cf-9f23-899b9c786484'),
 ('144', NULL, 'Heading', 'heading', 'matrixBlockType:28', 'e.g. \"Let\'s work together!\"', '0', 'PlainText', '{\"placeholder\":\"\",\"maxLength\":\"\",\"multiline\":\"1\",\"initialRows\":\"1\"}', '2017-06-28 20:52:08', '2017-07-27 19:05:26', '4304941b-d4ee-4d97-af2a-5f91c7dc5a65'),
 ('145', NULL, 'Board of Directors', 'boardOfDirectors', 'matrixBlockType:10', '', '0', 'Entries', '{\"sources\":[\"section:8\"],\"limit\":\"\",\"selectionLabel\":\"\"}', '2017-06-28 21:14:31', '2017-07-27 19:05:25', 'dbb9cc3c-d064-4713-9063-8d3609b54b43'),
 ('146', NULL, 'Practice Leads', 'practiceLeads', 'matrixBlockType:10', '', '0', 'Entries', '{\"sources\":[\"section:8\"],\"limit\":\"\",\"selectionLabel\":\"\"}', '2017-06-28 21:14:31', '2017-07-27 19:05:25', '98b672bc-e440-40a5-8be0-8c49ccb26de0'),
 ('147', NULL, 'Heading', 'heading', 'matrixBlockType:24', '', '0', 'PlainText', '{\"placeholder\":\"\",\"maxLength\":\"\",\"multiline\":\"1\",\"initialRows\":\"2\"}', '2017-07-11 15:33:10', '2017-07-27 19:05:26', 'e25d1fd0-c5da-4eb3-9605-5e82a19ca17c'),
 ('148', NULL, 'Call To Action', 'callToAction', 'matrixBlockType:24', '', '0', 'FruitLinkIt', '{\"types\":[\"custom\",\"entry\",\"asset\"],\"defaultText\":\"\",\"allowCustomText\":\"1\",\"allowTarget\":\"1\",\"entrySources\":\"*\",\"entrySelectionLabel\":\"Select an entry\",\"assetSources\":\"*\",\"assetSelectionLabel\":\"Select an asset\",\"categorySources\":\"*\",\"categorySelectionLabel\":\"Select a category\"}', '2017-07-11 15:33:11', '2017-07-27 19:05:26', 'bf25a3a3-8a19-4bab-a9b3-d25d9da83c8e'),
 ('150', '1', 'Locations', 'locations', 'global', '', '0', 'Entries', '{\"sources\":[\"section:12\"],\"limit\":\"\",\"selectionLabel\":\"\"}', '2017-07-11 17:24:07', '2017-07-31 21:43:21', 'b0e98c62-f70d-4ced-8544-3149d1fcf9e5'),
 ('153', NULL, 'Heading', 'heading', 'matrixBlockType:29', '', '0', 'PlainText', '{\"placeholder\":\"\",\"maxLength\":\"\",\"multiline\":\"\",\"initialRows\":\"4\"}', '2017-07-12 18:37:45', '2017-07-27 19:05:26', '42296a30-d92a-447e-a2df-1fbeb8ccf0a5'),
 ('154', NULL, 'Markets', 'markets', 'matrixBlockType:29', 'The markets to feature in the panel', '0', 'Categories', '{\"source\":\"group:1\",\"limit\":\"\",\"selectionLabel\":\"\"}', '2017-07-12 18:37:45', '2017-07-27 19:05:26', '37f69eb3-b51b-4ce8-95ff-9c04b591d933'),
 ('155', NULL, 'Values', 'values', 'matrixBlockType:22', '', '0', 'SuperTable', '{\"columns\":{\"156\":{\"width\":\"\"},\"157\":{\"width\":\"\"},\"158\":{\"width\":\"\"}},\"fieldLayout\":\"table\",\"staticField\":null,\"selectionLabel\":\"Add a row\",\"maxRows\":null,\"minRows\":null}', '2017-07-12 19:08:15', '2017-07-27 19:05:26', '02101778-f7cb-4d47-8001-68aa051fe4d7'),
 ('156', NULL, 'Name', 'Value', 'superTableBlockType:20', '', '0', 'PlainText', '{\"placeholder\":\"\",\"maxLength\":\"\",\"multiline\":\"\",\"initialRows\":\"4\"}', '2017-07-12 19:08:15', '2017-07-27 19:05:26', '3d3b3e48-21e8-4043-b5e5-0198fd9ef140'),
 ('157', NULL, 'Header', 'header', 'superTableBlockType:20', '', '0', 'PlainText', '{\"placeholder\":\"\",\"maxLength\":\"\",\"multiline\":\"\",\"initialRows\":\"4\"}', '2017-07-12 19:08:15', '2017-07-27 19:05:26', '6651f848-6a54-4053-befc-594dde0927a1'),
 ('158', NULL, 'Body', 'body', 'superTableBlockType:20', '', '0', 'PlainText', '{\"placeholder\":\"\",\"maxLength\":\"\",\"multiline\":\"1\",\"initialRows\":\"4\"}', '2017-07-12 19:08:16', '2017-07-27 19:05:26', '6e5f0cdf-3c0b-469e-8617-fb4589b9df8e'),
 ('159', NULL, 'Left Image', 'leftImage', 'matrixBlockType:30', '', '0', 'Assets', '{\"useSingleFolder\":\"1\",\"sources\":\"*\",\"defaultUploadLocationSource\":\"1\",\"defaultUploadLocationSubpath\":\"\",\"singleUploadLocationSource\":\"3\",\"singleUploadLocationSubpath\":\"\",\"restrictFiles\":\"\",\"limit\":\"1\",\"viewMode\":\"list\",\"selectionLabel\":\"\"}', '2017-07-12 20:39:40', '2017-07-27 19:05:26', '87f7742a-81f1-4030-ba5a-881c1a6a4993'),
 ('160', NULL, 'Right Image', 'rightImage', 'matrixBlockType:30', '', '0', 'Assets', '{\"useSingleFolder\":\"1\",\"sources\":\"*\",\"defaultUploadLocationSource\":\"1\",\"defaultUploadLocationSubpath\":\"\",\"singleUploadLocationSource\":\"3\",\"singleUploadLocationSubpath\":\"\",\"restrictFiles\":\"\",\"limit\":\"1\",\"viewMode\":\"list\",\"selectionLabel\":\"\"}', '2017-07-12 20:39:40', '2017-07-27 19:05:26', '8cebe352-2593-45da-8c09-ee93da5370ea'),
 ('161', NULL, 'Upper Image', 'upperImage', 'matrixBlockType:30', 'Which image should align to the top', '0', 'Dropdown', '{\"options\":[{\"label\":\"Left\",\"value\":\"left\",\"default\":\"1\"},{\"label\":\"Right\",\"value\":\"right\",\"default\":\"\"}]}', '2017-07-12 20:39:40', '2017-07-27 19:05:26', 'a5a285ea-9e58-4b30-95c7-ea067025ec12'),
 ('162', NULL, 'Heading', 'heading', 'matrixBlockType:31', '', '0', 'PlainText', '{\"placeholder\":\"\",\"maxLength\":\"\",\"multiline\":\"\",\"initialRows\":\"4\"}', '2017-07-13 16:03:15', '2017-07-31 13:10:42', '0832aa82-faa8-40da-9361-6820019fc829'),
 ('163', NULL, 'Subheading', 'subheading', 'matrixBlockType:31', '', '0', 'PlainText', '{\"placeholder\":\"\",\"maxLength\":\"\",\"multiline\":\"\",\"initialRows\":\"4\"}', '2017-07-13 16:03:15', '2017-07-31 13:10:42', '31bfeba9-4b97-4c43-8021-771d7298a679'),
 ('164', NULL, 'Image', 'image', 'matrixBlockType:31', '', '0', 'SuperTable', '{\"columns\":{\"165\":{\"width\":\"\"},\"166\":{\"width\":\"\"}},\"fieldLayout\":\"table\",\"staticField\":\"1\",\"selectionLabel\":\"Add a row\",\"maxRows\":null,\"minRows\":null}', '2017-07-13 16:03:15', '2017-07-31 13:10:42', 'a99c6866-36c5-4116-8495-412774071cf2'),
 ('165', NULL, 'Mobile Image', 'mobileImage', 'superTableBlockType:21', '', '0', 'Assets', '{\"useSingleFolder\":\"1\",\"sources\":\"*\",\"defaultUploadLocationSource\":\"1\",\"defaultUploadLocationSubpath\":\"\",\"singleUploadLocationSource\":\"9\",\"singleUploadLocationSubpath\":\"\",\"restrictFiles\":\"1\",\"allowedKinds\":[\"image\"],\"limit\":\"1\",\"viewMode\":\"list\",\"selectionLabel\":\"\"}', '2017-07-13 16:03:15', '2017-07-31 13:10:42', 'fb294d8e-dbbc-4515-b76f-6fd3c8b08533'),
 ('166', NULL, 'Desktop Image', 'desktopImage', 'superTableBlockType:21', '', '0', 'Assets', '{\"useSingleFolder\":\"1\",\"sources\":\"*\",\"defaultUploadLocationSource\":\"1\",\"defaultUploadLocationSubpath\":\"\",\"singleUploadLocationSource\":\"9\",\"singleUploadLocationSubpath\":\"\",\"restrictFiles\":\"1\",\"allowedKinds\":[\"image\"],\"limit\":\"1\",\"viewMode\":\"list\",\"selectionLabel\":\"\"}', '2017-07-13 16:03:15', '2017-07-31 13:10:42', '61ba087d-6531-4f28-b3a4-687b36edc679'),
 ('167', NULL, 'Animated', 'animated', 'matrixBlockType:31', '', '0', 'Lightswitch', '{\"default\":\"\"}', '2017-07-13 16:03:15', '2017-07-31 13:10:42', 'e6141ac3-8c30-48f9-ad88-8b94598f0659'),
 ('168', NULL, 'Person', 'person', 'superTableBlockType:22', '', '0', 'Entries', '{\"sources\":[\"section:8\"],\"limit\":\"1\",\"selectionLabel\":\"\"}', '2017-07-17 19:07:31', '2017-07-27 19:05:25', '298d99ab-80f2-4a13-8353-125d401c332c'),
 ('169', NULL, 'Role', 'role', 'superTableBlockType:22', '', '0', 'Categories', '{\"source\":\"group:3\",\"limit\":\"1\",\"selectionLabel\":\"\"}', '2017-07-17 19:07:31', '2017-07-27 19:05:25', '37d6ade1-e396-4216-9dec-83684527f62e'),
 ('170', '3', 'Portrait', 'portrait', 'global', '', '0', 'Assets', '{\"useSingleFolder\":\"1\",\"sources\":\"*\",\"defaultUploadLocationSource\":\"1\",\"defaultUploadLocationSubpath\":\"\",\"singleUploadLocationSource\":\"10\",\"singleUploadLocationSubpath\":\"\",\"restrictFiles\":\"1\",\"allowedKinds\":[\"image\"],\"limit\":\"1\",\"viewMode\":\"list\",\"selectionLabel\":\"\"}', '2017-07-17 19:31:29', '2017-07-17 19:41:34', '43529886-7376-4359-b42e-dd5e32f1a317'),
 ('177', NULL, 'Subheading', 'subheading', 'matrixBlockType:15', '', '0', 'PlainText', '{\"placeholder\":\"\",\"maxLength\":\"\",\"multiline\":\"\",\"initialRows\":\"4\"}', '2017-07-18 15:41:48', '2017-07-27 19:05:25', '393799ee-03e8-40c4-a9fa-a9be46c78899'),
 ('178', NULL, 'Dark', 'dark', 'matrixBlockType:15', 'Sets the background color of the text panel.', '0', 'Lightswitch', '{\"default\":\"\"}', '2017-07-18 17:47:16', '2017-07-27 19:05:25', '1cb6041b-2075-429c-aa6e-2e704631ed49'),
 ('179', NULL, 'Centered', 'centered', 'matrixBlockType:12', '', '0', 'Lightswitch', '{\"default\":\"\"}', '2017-07-20 15:05:46', '2017-07-27 19:05:25', '55c58740-1857-45a0-a308-028d9a2ceb47'),
 ('180', NULL, 'Lift', 'lift', 'matrixBlockType:15', '', '0', 'Lightswitch', '{\"default\":\"\"}', '2017-07-20 16:18:08', '2017-07-27 19:05:25', 'edd572d6-270d-4f77-84a4-166111b3bbb7'),
 ('181', NULL, 'Lift', 'lift', 'matrixBlockType:12', '', '0', 'Lightswitch', '{\"default\":\"\"}', '2017-07-25 20:28:54', '2017-07-27 19:05:25', '6afdf680-ce67-4018-8b2a-74bca405fa84'),
 ('182', NULL, 'Light Gray Background', 'lightGrayBackground', 'matrixBlockType:12', 'Service pages will inherit the category color and ignore this field.', '0', 'Lightswitch', '{\"default\":\"\"}', '2017-07-25 20:32:56', '2017-07-27 19:05:25', '49dd213b-258e-40a4-ad32-56f8a4bf034c'),
 ('183', NULL, 'Background Image Is Visible', 'backgroundImageIsVisible', 'matrixBlockType:30', '', '0', 'Lightswitch', '{\"default\":\"\"}', '2017-07-26 16:20:14', '2017-07-27 19:05:26', '137018ba-7257-4fb0-ae70-f6c41a974fa5'),
 ('184', '3', 'Board Member', 'boardMember', 'global', 'Is this team member on the board of directors?', '0', 'Lightswitch', '{\"default\":\"\"}', '2017-07-28 14:24:15', '2017-07-28 14:24:15', 'c993fc7d-fa70-41fa-87bc-2964dffe6357'),
 ('185', '3', 'Practice Lead', 'practiceLead', 'global', 'Is this team member a practice lead?', '0', 'Lightswitch', '{\"default\":\"\"}', '2017-07-28 14:24:40', '2017-07-28 14:24:40', 'e7168b89-8de2-4084-92ab-ab54ed8138b2');



DROP TABLE IF EXISTS `craft_freeform_crm_fields`;


--
-- Schema for table `craft_freeform_crm_fields`
--
CREATE TABLE `craft_freeform_crm_fields` (
  `id` int(11) NOT NULL AUTO_INCREMENT,
  `integrationId` int(11) NOT NULL,
  `handle` varchar(255) COLLATE utf8_unicode_ci NOT NULL,
  `label` varchar(255) COLLATE utf8_unicode_ci NOT NULL,
  `type` enum('string','numeric','boolean','array') COLLATE utf8_unicode_ci NOT NULL DEFAULT 'string',
  `required` int(1) unsigned NOT NULL DEFAULT '0',
  `dateCreated` datetime NOT NULL,
  `dateUpdated` datetime NOT NULL,
  `uid` char(36) COLLATE utf8_unicode_ci NOT NULL DEFAULT '0',
  PRIMARY KEY (`id`),
  UNIQUE KEY `craft_freeform_crm_fields_integrationId_handle_unq_idx` (`integrationId`,`handle`)
) ENGINE=InnoDB DEFAULT CHARSET=utf8 COLLATE=utf8_unicode_ci;

DROP TABLE IF EXISTS `craft_freeform_fields`;


--
-- Schema for table `craft_freeform_fields`
--
CREATE TABLE `craft_freeform_fields` (
  `id` int(11) NOT NULL AUTO_INCREMENT,
  `notificationId` int(11) DEFAULT NULL,
  `assetSourceId` int(11) DEFAULT NULL,
  `type` enum('text','textarea','email','hidden','select','checkbox','checkbox_group','radio_group','file','dynamic_recipients') COLLATE utf8_unicode_ci DEFAULT NULL,
  `handle` varchar(255) COLLATE utf8_unicode_ci NOT NULL,
  `label` varchar(255) COLLATE utf8_unicode_ci NOT NULL,
  `required` tinyint(1) unsigned NOT NULL DEFAULT '0',
  `value` varchar(255) COLLATE utf8_unicode_ci DEFAULT NULL,
  `placeholder` varchar(255) COLLATE utf8_unicode_ci DEFAULT NULL,
  `instructions` text COLLATE utf8_unicode_ci,
  `values` text COLLATE utf8_unicode_ci,
  `options` text COLLATE utf8_unicode_ci,
  `checked` tinyint(1) unsigned DEFAULT '0',
  `rows` int(10) DEFAULT NULL,
  `fileKinds` text COLLATE utf8_unicode_ci,
  `maxFileSizeKB` int(10) DEFAULT NULL,
  `dateCreated` datetime NOT NULL,
  `dateUpdated` datetime NOT NULL,
  `uid` char(36) COLLATE utf8_unicode_ci NOT NULL DEFAULT '0',
  PRIMARY KEY (`id`),
  UNIQUE KEY `craft_freeform_fields_handle_unq_idx` (`handle`),
  KEY `craft_freeform_fields_notificationId_fk` (`notificationId`),
  KEY `craft_freeform_fields_assetSourceId_fk` (`assetSourceId`)
) ENGINE=InnoDB AUTO_INCREMENT=17 DEFAULT CHARSET=utf8 COLLATE=utf8_unicode_ci;

--
-- Data for table `craft_freeform_fields`
--

INSERT INTO `craft_freeform_fields` (`id`, `notificationId`, `assetSourceId`, `type`, `handle`, `label`, `required`, `value`, `placeholder`, `instructions`, `values`, `options`, `checked`, `rows`, `fileKinds`, `maxFileSizeKB`, `dateCreated`, `dateUpdated`, `uid`) VALUES
 ('1', NULL, NULL, 'text', 'firstName', 'First Name', '0', NULL, NULL, NULL, NULL, NULL, '0', NULL, NULL, NULL, '2017-06-09 17:35:43', '2017-06-09 17:35:43', 'e8c730ec-5b42-42d2-8887-62dfe17f29a9'),
 ('2', NULL, NULL, 'text', 'lastName', 'Last Name', '0', NULL, NULL, NULL, NULL, NULL, '0', NULL, NULL, NULL, '2017-06-09 17:35:44', '2017-06-09 17:35:44', '1e8d9e09-c982-4f44-814d-226d1dd8667d'),
 ('3', NULL, NULL, 'email', 'email', 'Email', '0', NULL, 'Email', '', NULL, NULL, '0', NULL, NULL, NULL, '2017-06-09 17:35:44', '2017-07-25 18:04:44', '3361ec6e-394e-483b-874e-b2ba7037d182'),
 ('4', NULL, NULL, 'text', 'website', 'Website', '0', NULL, NULL, NULL, NULL, NULL, '0', NULL, NULL, NULL, '2017-06-09 17:35:44', '2017-06-09 17:35:44', '2340aa75-fb3a-45ba-bd28-101a50a92237'),
 ('5', NULL, NULL, 'text', 'cellPhone', 'Cell Phone', '0', NULL, NULL, NULL, NULL, NULL, '0', NULL, NULL, NULL, '2017-06-09 17:35:44', '2017-06-09 17:35:44', 'ba80cdcd-6388-4090-96aa-4a5ff78683cc'),
 ('6', NULL, NULL, 'text', 'homePhone', 'Home Phone', '0', NULL, NULL, NULL, NULL, NULL, '0', NULL, NULL, NULL, '2017-06-09 17:35:44', '2017-06-09 17:35:44', '84d44cc4-3b21-4ed3-a13f-ef6f6ed76248'),
 ('7', NULL, NULL, 'text', 'companyName', 'Company Name', '0', NULL, NULL, NULL, NULL, NULL, '0', NULL, NULL, NULL, '2017-06-09 17:35:44', '2017-06-09 17:35:44', '1edceb56-2da2-4f79-bc39-8aa0063006e2'),
 ('8', NULL, NULL, 'textarea', 'address', 'Address', '0', NULL, NULL, NULL, NULL, NULL, '0', '2', NULL, NULL, '2017-06-09 17:35:44', '2017-06-09 17:35:44', '0db1f0c9-eab0-410c-b803-a88439c5a9c2'),
 ('9', NULL, NULL, 'text', 'city', 'City', '0', NULL, NULL, NULL, NULL, NULL, '0', NULL, NULL, NULL, '2017-06-09 17:35:44', '2017-06-09 17:35:44', 'a9a07804-fc48-44e9-bd67-418b49e5ec90'),
 ('10', NULL, NULL, 'select', 'state', 'State', '0', NULL, NULL, NULL, NULL, '[{\"value\":\"\",\"label\":\"Select a State\"},{\"value\":\"AL\",\"label\":\"Alabama\"},{\"value\":\"AK\",\"label\":\"Alaska\"},{\"value\":\"AZ\",\"label\":\"Arizona\"},{\"value\":\"AR\",\"label\":\"Arkansas\"},{\"value\":\"CA\",\"label\":\"California\"},{\"value\":\"CO\",\"label\":\"Colorado\"},{\"value\":\"CT\",\"label\":\"Connecticut\"},{\"value\":\"DE\",\"label\":\"Delaware\"},{\"value\":\"DC\",\"label\":\"District of Columbia\"},{\"value\":\"FL\",\"label\":\"Florida\"},{\"value\":\"GA\",\"label\":\"Georgia\"},{\"value\":\"HI\",\"label\":\"Hawaii\"},{\"value\":\"ID\",\"label\":\"Idaho\"},{\"value\":\"IL\",\"label\":\"Illinois\"},{\"value\":\"IN\",\"label\":\"Indiana\"},{\"value\":\"IA\",\"label\":\"Iowa\"},{\"value\":\"KS\",\"label\":\"Kansas\"},{\"value\":\"KY\",\"label\":\"Kentucky\"},{\"value\":\"LA\",\"label\":\"Louisiana\"},{\"value\":\"ME\",\"label\":\"Maine\"},{\"value\":\"MD\",\"label\":\"Maryland\"},{\"value\":\"MA\",\"label\":\"Massachusetts\"},{\"value\":\"MI\",\"label\":\"Michigan\"},{\"value\":\"MN\",\"label\":\"Minnesota\"},{\"value\":\"MS\",\"label\":\"Mississippi\"},{\"value\":\"MO\",\"label\":\"Missouri\"},{\"value\":\"MT\",\"label\":\"Montana\"},{\"value\":\"NE\",\"label\":\"Nebraska\"},{\"value\":\"NV\",\"label\":\"Nevada\"},{\"value\":\"NH\",\"label\":\"New Hampshire\"},{\"value\":\"NJ\",\"label\":\"New Jersey\"},{\"value\":\"NM\",\"label\":\"New Mexico\"},{\"value\":\"NY\",\"label\":\"New York\"},{\"value\":\"NC\",\"label\":\"North Carolina\"},{\"value\":\"ND\",\"label\":\"North Dakota\"},{\"value\":\"OH\",\"label\":\"Ohio\"},{\"value\":\"OK\",\"label\":\"Oklahoma\"},{\"value\":\"OR\",\"label\":\"Oregon\"},{\"value\":\"PA\",\"label\":\"Pennsylvania\"},{\"value\":\"RI\",\"label\":\"Rhode Island\"},{\"value\":\"SC\",\"label\":\"South Carolina\"},{\"value\":\"SD\",\"label\":\"South Dakota\"},{\"value\":\"TN\",\"label\":\"Tennessee\"},{\"value\":\"TX\",\"label\":\"Texas\"},{\"value\":\"UT\",\"label\":\"Utah\"},{\"value\":\"VT\",\"label\":\"Vermont\"},{\"value\":\"VA\",\"label\":\"Virginia\"},{\"value\":\"WA\",\"label\":\"Washington\"},{\"value\":\"WV\",\"label\":\"West Virginia\"},{\"value\":\"WI\",\"label\":\"Wisconsin\"},{\"value\":\"WY\",\"label\":\"Wyoming\"}]', '0', NULL, NULL, NULL, '2017-06-09 17:35:44', '2017-06-09 17:35:44', '74535d18-b513-4dd2-b731-c7bd9bfcee4f'),
 ('11', NULL, NULL, 'text', 'zipCode', 'Zip Code', '0', NULL, NULL, NULL, NULL, NULL, '0', NULL, NULL, NULL, '2017-06-09 17:35:44', '2017-06-09 17:35:44', '4a3bab68-0c54-462d-a6f0-e1c5f1a78304'),
 ('12', NULL, NULL, 'textarea', 'message', 'Message', '0', '', 'Message', '', NULL, NULL, '0', '5', NULL, NULL, '2017-06-09 17:35:44', '2017-07-25 18:05:06', '58a35f01-709e-4f84-b163-2472eac4b043'),
 ('13', NULL, NULL, 'select', 'inquiryType', 'Inquiry Type', '0', NULL, NULL, '', NULL, NULL, '0', NULL, NULL, NULL, '2017-06-15 20:10:06', '2017-07-25 15:27:29', '5b9a3491-79a1-4acf-9e60-013e1b7baf0a'),
 ('14', NULL, NULL, 'text', 'fullName', 'Full Name', '0', '', '', '', NULL, NULL, '0', NULL, NULL, NULL, '2017-06-15 20:13:11', '2017-07-25 15:27:15', 'db85f388-6d02-4297-95fa-213a17fbb21b'),
 ('15', NULL, NULL, 'file', 'resume', 'Upload Your Resume', '0', NULL, NULL, NULL, NULL, NULL, '0', NULL, NULL, NULL, '2017-06-15 20:18:52', '2017-06-15 20:18:52', '86aa88c5-fdfd-42f2-8a7b-66ce49363223'),
 ('16', NULL, NULL, 'text', 'organization', 'Organization', '0', '', 'Organization', '', NULL, NULL, '0', NULL, NULL, NULL, '2017-07-25 15:27:04', '2017-07-25 18:05:33', 'ea40e3b7-fe4f-4399-b463-d448380adb93');



DROP TABLE IF EXISTS `craft_freeform_forms`;


--
-- Schema for table `craft_freeform_forms`
--
CREATE TABLE `craft_freeform_forms` (
  `id` int(11) NOT NULL AUTO_INCREMENT,
  `name` varchar(255) COLLATE utf8_unicode_ci NOT NULL,
  `handle` varchar(255) COLLATE utf8_unicode_ci NOT NULL,
  `spamBlockCount` int(10) DEFAULT '0',
  `submissionTitleFormat` varchar(255) COLLATE utf8_unicode_ci NOT NULL,
  `description` text COLLATE utf8_unicode_ci,
  `layoutJson` text COLLATE utf8_unicode_ci NOT NULL,
  `returnUrl` varchar(255) COLLATE utf8_unicode_ci DEFAULT NULL,
  `defaultStatus` int(10) NOT NULL,
  `color` varchar(255) COLLATE utf8_unicode_ci DEFAULT NULL,
  `dateCreated` datetime NOT NULL,
  `dateUpdated` datetime NOT NULL,
  `uid` char(36) COLLATE utf8_unicode_ci NOT NULL DEFAULT '0',
  PRIMARY KEY (`id`),
  UNIQUE KEY `craft_freeform_forms_handle_unq_idx` (`handle`)
) ENGINE=InnoDB AUTO_INCREMENT=3 DEFAULT CHARSET=utf8 COLLATE=utf8_unicode_ci;

--
-- Data for table `craft_freeform_forms`
--

INSERT INTO `craft_freeform_forms` (`id`, `name`, `handle`, `spamBlockCount`, `submissionTitleFormat`, `description`, `layoutJson`, `returnUrl`, `defaultStatus`, `color`, `dateCreated`, `dateUpdated`, `uid`) VALUES
 ('1', 'General Inquiry', 'generalInquiry', '0', '{{ dateCreated|date(\"Y-m-d H:i:s\") }}', '', '{\"composer\":{\"layout\":[[{\"id\":\"P2rkn8LV8\",\"columns\":[\"NLOZrP0nX\"]},{\"id\":\"72y7GQwgz\",\"columns\":[\"mgEePYZor\"]},{\"id\":\"JD1jMk1Lq\",\"columns\":[\"d1EeG8Z68\",\"KNn41Q4x3\"]},{\"id\":\"oBPLnjyM2\",\"columns\":[\"QBOZ7q06y\"]}]],\"properties\":{\"page0\":{\"type\":\"page\",\"label\":\"Contact Us\"},\"form\":{\"type\":\"form\",\"name\":\"General Inquiry\",\"handle\":\"generalInquiry\",\"color\":\"#2b734e\",\"submissionTitleFormat\":\"{{ dateCreated|date(\\\"Y-m-d H:i:s\\\") }}\",\"description\":\"\",\"formTemplate\":\"flexbox.html\",\"returnUrl\":\"\\/\",\"storeData\":true,\"defaultStatus\":2},\"integration\":{\"type\":\"integration\",\"integrationId\":0,\"mapping\":[]},\"admin_notifications\":{\"type\":\"admin_notifications\",\"notificationId\":0,\"recipients\":\"\"},\"NLOZrP0nX\":{\"hash\":\"NLOZrP0nX\",\"id\":13,\"type\":\"select\",\"handle\":\"inquiryType\",\"label\":\"Inquiry Type\",\"required\":false,\"instructions\":\"\",\"showCustomValues\":true,\"value\":\"General Inquiry\",\"options\":[{\"label\":\"Job Opportunities\",\"value\":\"Job Opportunities\"},{\"label\":\"General Inquiry\",\"value\":\"General Inquiry\"}],\"values\":[]},\"mgEePYZor\":{\"hash\":\"mgEePYZor\",\"id\":14,\"type\":\"text\",\"handle\":\"fullName\",\"label\":\"Full Name\",\"required\":false,\"instructions\":\"\",\"value\":\"\",\"placeholder\":\"\"},\"d1EeG8Z68\":{\"hash\":\"d1EeG8Z68\",\"id\":3,\"type\":\"email\",\"handle\":\"email\",\"label\":\"Email\",\"required\":false,\"instructions\":\"\",\"notificationId\":0,\"values\":[],\"placeholder\":\"\"},\"KNn41Q4x3\":{\"hash\":\"KNn41Q4x3\",\"id\":7,\"type\":\"text\",\"handle\":\"organization\",\"label\":\"Organization\",\"required\":false,\"instructions\":\"\",\"value\":\"\",\"placeholder\":\"\"},\"QBOZ7q06y\":{\"hash\":\"QBOZ7q06y\",\"id\":12,\"type\":\"textarea\",\"handle\":\"message\",\"label\":\"Message\",\"required\":false,\"instructions\":\"\",\"value\":\"\",\"placeholder\":\"\",\"rows\":5}}},\"context\":{\"page\":0,\"hash\":\"form\"}}', '/', '2', '#2b734e', '2017-06-15 20:19:31', '2017-07-26 16:51:35', '0ccfd796-7e6c-41d7-a20e-83855defb3d3'),
 ('2', 'Job Opportunity', 'jobOpportunity', '0', '{{ dateCreated|date(\"Y-m-d H:i:s\") }}', '', '{\"composer\":{\"layout\":[[{\"id\":\"XzREoD2AB\",\"columns\":[\"NLOZrP0nX\"]},{\"id\":\"P2rd5yVJr\",\"columns\":[\"mgEePYZor\"]},{\"id\":\"rMX72kpWP\",\"columns\":[\"d1EeG8Z68\",\"AV34dy07p\",\"Bb10jE4K3\"]},{\"id\":\"kyQkj5n7m\",\"columns\":[\"QBOZ7q06y\"]}]],\"properties\":{\"page0\":{\"type\":\"page\",\"label\":\"Job Opportunity\"},\"form\":{\"type\":\"form\",\"name\":\"Job Opportunity\",\"handle\":\"jobOpportunity\",\"color\":\"#1c899d\",\"submissionTitleFormat\":\"{{ dateCreated|date(\\\"Y-m-d H:i:s\\\") }}\",\"description\":\"\",\"formTemplate\":\"flexbox.html\",\"returnUrl\":\"\\/\",\"storeData\":true,\"defaultStatus\":2},\"integration\":{\"type\":\"integration\",\"integrationId\":0,\"mapping\":[]},\"admin_notifications\":{\"type\":\"admin_notifications\",\"notificationId\":0,\"recipients\":\"\"},\"NLOZrP0nX\":{\"hash\":\"NLOZrP0nX\",\"id\":13,\"type\":\"select\",\"handle\":\"inquiryType\",\"label\":\"Inquiry Type\",\"required\":false,\"instructions\":\"\",\"showCustomValues\":false,\"value\":\"General Inquiry\",\"options\":[{\"label\":\"General Inquiry\",\"value\":\"General Inquiry\"},{\"label\":\"Job Opportunity\",\"value\":\"Job Opportunity\"}],\"values\":[]},\"mgEePYZor\":{\"hash\":\"mgEePYZor\",\"id\":14,\"type\":\"text\",\"handle\":\"fullName\",\"label\":\"Full Name\",\"required\":false,\"instructions\":\"\",\"value\":\"\",\"placeholder\":\"\"},\"d1EeG8Z68\":{\"hash\":\"d1EeG8Z68\",\"id\":3,\"type\":\"email\",\"handle\":\"email\",\"label\":\"Email\",\"required\":false,\"instructions\":\"\",\"notificationId\":0,\"values\":[],\"placeholder\":\"Email\"},\"AV34dy07p\":{\"hash\":\"AV34dy07p\",\"id\":16,\"type\":\"text\",\"handle\":\"organization\",\"label\":\"Organization\",\"required\":false,\"instructions\":\"\",\"value\":\"\",\"placeholder\":\"Organization\"},\"Bb10jE4K3\":{\"hash\":\"Bb10jE4K3\",\"id\":15,\"type\":\"file\",\"handle\":\"resume\",\"label\":\"Upload Your Resume\",\"required\":false,\"instructions\":\"\",\"assetSourceId\":0,\"maxFileSizeKB\":2048,\"fileKinds\":[\"image\",\"pdf\"]},\"QBOZ7q06y\":{\"hash\":\"QBOZ7q06y\",\"id\":12,\"type\":\"textarea\",\"handle\":\"message\",\"label\":\"Message\",\"required\":false,\"instructions\":\"\",\"value\":\"\",\"placeholder\":\"Message\",\"rows\":5}}},\"context\":{\"page\":0,\"hash\":\"page0\"}}', '/', '2', '#1c899d', '2017-07-26 16:52:46', '2017-07-26 16:52:56', '8a920a0e-273d-4fca-98cb-08c19f149847');



DROP TABLE IF EXISTS `craft_freeform_integrations`;


--
-- Schema for table `craft_freeform_integrations`
--
CREATE TABLE `craft_freeform_integrations` (
  `id` int(11) NOT NULL AUTO_INCREMENT,
  `name` varchar(255) COLLATE utf8_unicode_ci NOT NULL,
  `handle` varchar(255) COLLATE utf8_unicode_ci NOT NULL,
  `type` enum('mailing_list','crm') COLLATE utf8_unicode_ci NOT NULL,
  `class` varchar(255) COLLATE utf8_unicode_ci NOT NULL,
  `accessToken` varchar(255) COLLATE utf8_unicode_ci DEFAULT NULL,
  `settings` text COLLATE utf8_unicode_ci,
  `forceUpdate` tinyint(1) unsigned NOT NULL DEFAULT '0',
  `lastUpdate` datetime DEFAULT NULL,
  `dateCreated` datetime NOT NULL,
  `dateUpdated` datetime NOT NULL,
  `uid` char(36) COLLATE utf8_unicode_ci NOT NULL DEFAULT '0',
  PRIMARY KEY (`id`),
  UNIQUE KEY `craft_freeform_integrations_class_handle_unq_idx` (`class`,`handle`),
  UNIQUE KEY `craft_freeform_integrations_handle_unq_idx` (`handle`)
) ENGINE=InnoDB DEFAULT CHARSET=utf8 COLLATE=utf8_unicode_ci;

DROP TABLE IF EXISTS `craft_freeform_mailing_list_fields`;


--
-- Schema for table `craft_freeform_mailing_list_fields`
--
CREATE TABLE `craft_freeform_mailing_list_fields` (
  `id` int(11) NOT NULL AUTO_INCREMENT,
  `mailingListId` int(11) NOT NULL,
  `handle` varchar(255) COLLATE utf8_unicode_ci NOT NULL,
  `label` varchar(255) COLLATE utf8_unicode_ci NOT NULL,
  `type` enum('string','numeric','boolean','array') COLLATE utf8_unicode_ci NOT NULL DEFAULT 'string',
  `required` int(1) unsigned NOT NULL DEFAULT '0',
  `dateCreated` datetime NOT NULL,
  `dateUpdated` datetime NOT NULL,
  `uid` char(36) COLLATE utf8_unicode_ci NOT NULL DEFAULT '0',
  PRIMARY KEY (`id`),
  UNIQUE KEY `craft_freeform_mailing_list_fields_mailingListId_handle_unq_idx` (`mailingListId`,`handle`)
) ENGINE=InnoDB DEFAULT CHARSET=utf8 COLLATE=utf8_unicode_ci;

DROP TABLE IF EXISTS `craft_freeform_mailing_lists`;


--
-- Schema for table `craft_freeform_mailing_lists`
--
CREATE TABLE `craft_freeform_mailing_lists` (
  `id` int(11) NOT NULL AUTO_INCREMENT,
  `integrationId` int(11) NOT NULL,
  `resourceId` varchar(255) COLLATE utf8_unicode_ci NOT NULL,
  `name` varchar(255) COLLATE utf8_unicode_ci NOT NULL,
  `memberCount` int(11) DEFAULT NULL,
  `dateCreated` datetime NOT NULL,
  `dateUpdated` datetime NOT NULL,
  `uid` char(36) COLLATE utf8_unicode_ci NOT NULL DEFAULT '0',
  PRIMARY KEY (`id`),
  UNIQUE KEY `craft_freeform_mailing_lists_integrationId_resourceId_unq_idx` (`integrationId`,`resourceId`)
) ENGINE=InnoDB DEFAULT CHARSET=utf8 COLLATE=utf8_unicode_ci;

DROP TABLE IF EXISTS `craft_freeform_notifications`;


--
-- Schema for table `craft_freeform_notifications`
--
CREATE TABLE `craft_freeform_notifications` (
  `id` int(11) NOT NULL AUTO_INCREMENT,
  `name` varchar(255) COLLATE utf8_unicode_ci DEFAULT NULL,
  `handle` varchar(255) COLLATE utf8_unicode_ci NOT NULL,
  `description` text COLLATE utf8_unicode_ci,
  `fromName` varchar(255) COLLATE utf8_unicode_ci DEFAULT NULL,
  `fromEmail` varchar(255) COLLATE utf8_unicode_ci DEFAULT NULL,
  `replyToEmail` varchar(255) COLLATE utf8_unicode_ci DEFAULT NULL,
  `includeAttachments` tinyint(1) unsigned NOT NULL DEFAULT '0',
  `subject` varchar(255) COLLATE utf8_unicode_ci DEFAULT NULL,
  `bodyHtml` text COLLATE utf8_unicode_ci,
  `bodyText` text COLLATE utf8_unicode_ci,
  `sortOrder` int(10) DEFAULT NULL,
  `dateCreated` datetime NOT NULL,
  `dateUpdated` datetime NOT NULL,
  `uid` char(36) COLLATE utf8_unicode_ci NOT NULL DEFAULT '0',
  PRIMARY KEY (`id`),
  UNIQUE KEY `craft_freeform_notifications_handle_unq_idx` (`handle`)
) ENGINE=InnoDB DEFAULT CHARSET=utf8 COLLATE=utf8_unicode_ci;

DROP TABLE IF EXISTS `craft_freeform_statuses`;


--
-- Schema for table `craft_freeform_statuses`
--
CREATE TABLE `craft_freeform_statuses` (
  `id` int(11) NOT NULL AUTO_INCREMENT,
  `name` varchar(255) COLLATE utf8_unicode_ci NOT NULL,
  `handle` varchar(255) COLLATE utf8_unicode_ci NOT NULL,
  `color` enum('green','blue','yellow','orange','red','pink','purple','turquoise','light','grey','black') COLLATE utf8_unicode_ci NOT NULL DEFAULT 'grey',
  `isDefault` tinyint(1) unsigned NOT NULL DEFAULT '0',
  `sortOrder` int(10) DEFAULT NULL,
  `dateCreated` datetime NOT NULL,
  `dateUpdated` datetime NOT NULL,
  `uid` char(36) COLLATE utf8_unicode_ci NOT NULL DEFAULT '0',
  PRIMARY KEY (`id`),
  UNIQUE KEY `craft_freeform_statuses_name_unq_idx` (`name`),
  UNIQUE KEY `craft_freeform_statuses_handle_unq_idx` (`handle`)
) ENGINE=InnoDB AUTO_INCREMENT=4 DEFAULT CHARSET=utf8 COLLATE=utf8_unicode_ci;

--
-- Data for table `craft_freeform_statuses`
--

INSERT INTO `craft_freeform_statuses` (`id`, `name`, `handle`, `color`, `isDefault`, `sortOrder`, `dateCreated`, `dateUpdated`, `uid`) VALUES
 ('1', 'Pending', 'pending', 'light', '0', '1', '2017-06-09 17:35:44', '2017-06-09 17:35:44', '43ae335e-df99-4a37-96c3-dfcd858e5003'),
 ('2', 'Open', 'open', 'green', '1', '2', '2017-06-09 17:35:44', '2017-06-09 17:35:44', '095502c2-306e-4b7f-b41c-5445af5ce17d'),
 ('3', 'Closed', 'closed', 'grey', '0', '3', '2017-06-09 17:35:44', '2017-06-09 17:35:44', 'bb398419-eecf-44da-a0b4-0cc36d0f6e07');



DROP TABLE IF EXISTS `craft_freeform_submissions`;


--
-- Schema for table `craft_freeform_submissions`
--
CREATE TABLE `craft_freeform_submissions` (
  `id` int(11) NOT NULL,
  `statusId` int(11) DEFAULT NULL,
  `formId` int(11) NOT NULL,
  `field_1` varchar(100) COLLATE utf8_unicode_ci DEFAULT NULL,
  `field_2` varchar(100) COLLATE utf8_unicode_ci DEFAULT NULL,
  `field_3` text COLLATE utf8_unicode_ci,
  `field_4` varchar(100) COLLATE utf8_unicode_ci DEFAULT NULL,
  `field_5` varchar(100) COLLATE utf8_unicode_ci DEFAULT NULL,
  `field_6` varchar(100) COLLATE utf8_unicode_ci DEFAULT NULL,
  `field_7` varchar(100) COLLATE utf8_unicode_ci DEFAULT NULL,
  `field_8` text COLLATE utf8_unicode_ci,
  `field_9` varchar(100) COLLATE utf8_unicode_ci DEFAULT NULL,
  `field_10` varchar(100) COLLATE utf8_unicode_ci DEFAULT NULL,
  `field_11` varchar(100) COLLATE utf8_unicode_ci DEFAULT NULL,
  `field_12` text COLLATE utf8_unicode_ci,
  `field_13` varchar(100) COLLATE utf8_unicode_ci DEFAULT NULL,
  `field_14` varchar(100) COLLATE utf8_unicode_ci DEFAULT NULL,
  `field_15` varchar(100) COLLATE utf8_unicode_ci DEFAULT NULL,
  `field_16` varchar(100) COLLATE utf8_unicode_ci DEFAULT NULL,
  `dateCreated` datetime NOT NULL,
  `dateUpdated` datetime NOT NULL,
  `uid` char(36) COLLATE utf8_unicode_ci NOT NULL DEFAULT '0',
  PRIMARY KEY (`id`),
  KEY `craft_freeform_submissions_statusId_fk` (`statusId`),
  KEY `craft_freeform_submissions_formId_fk` (`formId`)
) ENGINE=InnoDB DEFAULT CHARSET=utf8 COLLATE=utf8_unicode_ci;

--
-- Data for table `craft_freeform_submissions`
--

INSERT INTO `craft_freeform_submissions` (`id`, `statusId`, `formId`, `field_1`, `field_2`, `field_3`, `field_4`, `field_5`, `field_6`, `field_7`, `field_8`, `field_9`, `field_10`, `field_11`, `field_12`, `field_13`, `field_14`, `field_15`, `field_16`, `dateCreated`, `dateUpdated`, `uid`) VALUES
 ('546', '2', '1', NULL, NULL, '[\"ads1018@gmail.com\"]', NULL, NULL, NULL, 'ds', NULL, NULL, NULL, NULL, 'test', 'General Inquiry', 'test', NULL, NULL, '2017-07-27 21:26:19', '2017-07-27 21:26:19', '184686f0-b886-45d4-a6dd-233fd79e0b88');



DROP TABLE IF EXISTS `craft_freeform_unfinalized_files`;


--
-- Schema for table `craft_freeform_unfinalized_files`
--
CREATE TABLE `craft_freeform_unfinalized_files` (
  `id` int(11) NOT NULL AUTO_INCREMENT,
  `assetId` int(11) NOT NULL,
  `dateCreated` datetime NOT NULL,
  `dateUpdated` datetime NOT NULL,
  `uid` char(36) COLLATE utf8_unicode_ci NOT NULL DEFAULT '0',
  PRIMARY KEY (`id`),
  KEY `craft_freeform_unfinalized_files_assetId_fk` (`assetId`)
) ENGINE=InnoDB DEFAULT CHARSET=utf8 COLLATE=utf8_unicode_ci;

DROP TABLE IF EXISTS `craft_globalsets`;


--
-- Schema for table `craft_globalsets`
--
CREATE TABLE `craft_globalsets` (
  `id` int(11) NOT NULL,
  `name` varchar(255) COLLATE utf8_unicode_ci NOT NULL,
  `handle` varchar(255) COLLATE utf8_unicode_ci NOT NULL,
  `fieldLayoutId` int(10) DEFAULT NULL,
  `dateCreated` datetime NOT NULL,
  `dateUpdated` datetime NOT NULL,
  `uid` char(36) COLLATE utf8_unicode_ci NOT NULL DEFAULT '0',
  PRIMARY KEY (`id`),
  UNIQUE KEY `craft_globalsets_name_unq_idx` (`name`),
  UNIQUE KEY `craft_globalsets_handle_unq_idx` (`handle`),
  KEY `craft_globalsets_fieldLayoutId_fk` (`fieldLayoutId`)
) ENGINE=InnoDB DEFAULT CHARSET=utf8 COLLATE=utf8_unicode_ci;

DROP TABLE IF EXISTS `craft_info`;


--
-- Schema for table `craft_info`
--
CREATE TABLE `craft_info` (
  `id` int(11) NOT NULL AUTO_INCREMENT,
  `version` varchar(50) COLLATE utf8_unicode_ci NOT NULL,
  `schemaVersion` varchar(15) COLLATE utf8_unicode_ci NOT NULL,
  `edition` tinyint(1) unsigned NOT NULL DEFAULT '0',
  `siteName` varchar(100) COLLATE utf8_unicode_ci NOT NULL,
  `siteUrl` varchar(255) COLLATE utf8_unicode_ci NOT NULL,
  `timezone` varchar(30) COLLATE utf8_unicode_ci DEFAULT NULL,
  `on` tinyint(1) unsigned NOT NULL DEFAULT '0',
  `maintenance` tinyint(1) unsigned NOT NULL DEFAULT '0',
  `dateCreated` datetime NOT NULL,
  `dateUpdated` datetime NOT NULL,
  `uid` char(36) COLLATE utf8_unicode_ci NOT NULL DEFAULT '0',
  PRIMARY KEY (`id`)
) ENGINE=InnoDB AUTO_INCREMENT=2 DEFAULT CHARSET=utf8 COLLATE=utf8_unicode_ci;

--
-- Data for table `craft_info`
--

INSERT INTO `craft_info` (`id`, `version`, `schemaVersion`, `edition`, `siteName`, `siteUrl`, `timezone`, `on`, `maintenance`, `dateCreated`, `dateUpdated`, `uid`) VALUES
 ('1', '2.6.2987', '2.6.10', '2', 'Milone & MacBroom', 'http://mmi.digitalsurgeonsdev.com', 'UTC', '1', '1', '2017-06-09 17:32:18', '2017-08-01 13:34:27', '708ecbe9-2680-41aa-8bdc-89a755f39d01');



DROP TABLE IF EXISTS `craft_locales`;


--
-- Schema for table `craft_locales`
--
CREATE TABLE `craft_locales` (
  `locale` char(12) COLLATE utf8_unicode_ci NOT NULL,
  `sortOrder` smallint(6) unsigned DEFAULT NULL,
  `dateCreated` datetime NOT NULL,
  `dateUpdated` datetime NOT NULL,
  `uid` char(36) COLLATE utf8_unicode_ci NOT NULL DEFAULT '0',
  PRIMARY KEY (`locale`),
  KEY `craft_locales_sortOrder_idx` (`sortOrder`)
) ENGINE=InnoDB DEFAULT CHARSET=utf8 COLLATE=utf8_unicode_ci;

--
-- Data for table `craft_locales`
--

INSERT INTO `craft_locales` (`locale`, `sortOrder`, `dateCreated`, `dateUpdated`, `uid`) VALUES
 ('en_us', '1', '2017-06-09 17:32:19', '2017-06-09 17:32:19', '858e9885-d9c1-4cbb-aa68-15717328a35b');



DROP TABLE IF EXISTS `craft_matrixblocks`;


--
-- Schema for table `craft_matrixblocks`
--
CREATE TABLE `craft_matrixblocks` (
  `id` int(11) NOT NULL,
  `ownerId` int(11) NOT NULL,
  `fieldId` int(11) NOT NULL,
  `typeId` int(11) DEFAULT NULL,
  `sortOrder` smallint(6) unsigned DEFAULT NULL,
  `ownerLocale` char(12) COLLATE utf8_unicode_ci DEFAULT NULL,
  `dateCreated` datetime NOT NULL,
  `dateUpdated` datetime NOT NULL,
  `uid` char(36) COLLATE utf8_unicode_ci NOT NULL DEFAULT '0',
  PRIMARY KEY (`id`),
  KEY `craft_matrixblocks_ownerId_idx` (`ownerId`),
  KEY `craft_matrixblocks_fieldId_idx` (`fieldId`),
  KEY `craft_matrixblocks_typeId_idx` (`typeId`),
  KEY `craft_matrixblocks_sortOrder_idx` (`sortOrder`),
  KEY `craft_matrixblocks_ownerLocale_fk` (`ownerLocale`)
) ENGINE=InnoDB DEFAULT CHARSET=utf8 COLLATE=utf8_unicode_ci;

--
-- Data for table `craft_matrixblocks`
--

INSERT INTO `craft_matrixblocks` (`id`, `ownerId`, `fieldId`, `typeId`, `sortOrder`, `ownerLocale`, `dateCreated`, `dateUpdated`, `uid`) VALUES
 ('30', '28', '3', '1', '1', NULL, '2017-06-12 20:16:38', '2017-06-27 21:10:29', '42b1ffee-aed6-4f83-9525-4e5833a6d0c7'),
 ('36', '35', '39', '8', '1', NULL, '2017-06-15 15:05:59', '2017-06-15 16:17:13', '0c531225-34d4-4432-8f63-c3afa9215d32'),
 ('37', '35', '39', '8', '2', NULL, '2017-06-15 15:05:59', '2017-06-15 16:17:13', '7e16630a-2567-47f1-9b44-236ca3259d6c'),
 ('39', '35', '39', '8', '3', NULL, '2017-06-15 16:17:13', '2017-06-15 16:17:13', '8f57bba2-c128-41ba-bda1-efd636921aff'),
 ('143', '139', '3', '13', '3', NULL, '2017-06-28 15:54:56', '2017-07-27 14:39:30', '3b0900db-f001-4be9-a874-a77d97a06f57'),
 ('144', '139', '3', '14', '4', NULL, '2017-06-28 15:54:56', '2017-07-27 14:39:30', '81240c68-a7a4-46c6-943a-6f9c650b8f13'),
 ('145', '139', '3', '2', '5', NULL, '2017-06-28 15:57:44', '2017-07-27 14:39:30', '1ef34f7a-b92e-4dc4-95c8-dee544eae194'),
 ('148', '147', '3', '1', '1', NULL, '2017-06-28 19:29:30', '2017-06-28 19:29:30', '4e58f36e-43ca-4ba9-ac0c-f8da73a5d0f9'),
 ('150', '147', '3', '12', '2', NULL, '2017-06-28 19:29:30', '2017-06-28 19:29:30', '4a1652c5-6877-4a8e-ada6-4fc1ba4696c6'),
 ('151', '147', '3', '14', '3', NULL, '2017-06-28 19:29:30', '2017-06-28 19:29:30', 'a68ff959-527f-4b00-8599-b131d411b472'),
 ('152', '147', '3', '22', '4', NULL, '2017-06-28 19:29:30', '2017-06-28 19:29:30', '483cabdb-2295-49f5-9e85-24703a00219f'),
 ('161', '160', '3', '1', '1', NULL, '2017-07-09 19:15:34', '2017-07-11 19:49:09', 'b8f2e55a-a679-4610-af14-cb56923d535d'),
 ('163', '160', '3', '26', '2', NULL, '2017-07-09 19:15:34', '2017-07-11 19:49:09', '1d763c76-75c5-407f-9d40-3512c7882d6b'),
 ('167', '160', '3', '24', '3', NULL, '2017-07-11 16:38:26', '2017-07-11 19:49:09', '1054ffe6-09ed-46f0-beaa-80f6f358c2fc'),
 ('176', '139', '130', '31', '1', NULL, '2017-07-13 16:21:56', '2017-07-27 14:39:30', '67a864b9-267a-44db-bffa-63f5189f8cc9'),
 ('178', '139', '3', '12', '6', NULL, '2017-07-17 16:12:28', '2017-07-27 14:39:31', 'fc466e58-df23-46e4-88bb-1d7300d838d5'),
 ('195', '139', '3', '28', '8', NULL, '2017-07-17 16:12:28', '2017-07-27 14:39:31', 'dfe2a001-6b0f-496f-b0c4-b150ef706f63'),
 ('196', '139', '3', '3', '9', NULL, '2017-07-17 16:12:28', '2017-07-27 14:39:31', 'b8a1dbc1-0a78-4f7c-9a24-1a5e9f250272'),
 ('197', '139', '3', '11', '7', NULL, '2017-07-17 19:08:55', '2017-07-27 14:39:31', '8fdda2bc-6940-41c2-97f2-c4b3fdba19a5'),
 ('222', '221', '3', '1', '1', NULL, '2017-07-25 19:50:10', '2017-07-27 21:09:21', 'f2512e23-aac8-46b9-b513-9bc46f26d2a1'),
 ('236', '139', '3', '30', '2', NULL, '2017-07-26 18:19:20', '2017-07-27 14:39:30', '97c5b014-c6bc-4108-b75f-3bb9b10642bf'),
 ('240', '139', '3', '13', '1', NULL, '2017-07-26 18:22:31', '2017-07-27 14:39:30', '56c50960-783e-4de5-a554-5056d6d2dd18'),
 ('420', '419', '3', '1', '1', NULL, '2017-07-27 18:15:03', '2017-07-27 18:34:35', 'bc258b06-e85a-4e7b-b6fd-20551a209d4f'),
 ('422', '419', '3', '15', '2', NULL, '2017-07-27 18:15:03', '2017-07-27 18:34:35', '446ff19f-0523-42cf-b386-25feb119ec07'),
 ('423', '419', '3', '30', '3', NULL, '2017-07-27 18:15:03', '2017-07-27 18:34:35', 'eb6fb06d-1e5f-4eb5-b8c0-f7195d36a4b3'),
 ('424', '419', '3', '22', '4', NULL, '2017-07-27 18:15:03', '2017-07-27 18:34:35', '1ae134ba-da19-4b1f-b6a7-2bdad10b0763'),
 ('429', '419', '3', '2', '5', NULL, '2017-07-27 18:15:03', '2017-07-27 18:34:36', 'fd08e289-a5e8-4e6e-9b49-c687801c1e99'),
 ('435', '419', '3', '30', '6', NULL, '2017-07-27 18:15:03', '2017-07-27 18:34:36', '4e4a90e8-8494-4bd8-82b8-be4aca26fce5'),
 ('436', '419', '3', '6', '7', NULL, '2017-07-27 18:15:03', '2017-07-27 18:34:36', '7969bede-1808-48f7-98c3-7f4911fcc607'),
 ('439', '419', '3', '23', '8', NULL, '2017-07-27 18:15:03', '2017-07-27 18:34:36', '509b8cce-b55f-469e-a0e9-7022701ee755'),
 ('450', '221', '3', '2', '2', NULL, '2017-07-27 18:54:14', '2017-07-27 21:09:21', '7704a88f-22f3-4184-bb88-27906cfe56a9'),
 ('459', '221', '3', '3', '3', NULL, '2017-07-27 19:42:53', '2017-07-27 21:09:21', '26104c91-2c40-46c2-9c4c-84f4290055b9'),
 ('460', '221', '3', '6', '4', NULL, '2017-07-27 19:42:53', '2017-07-27 21:09:21', '56889365-2111-49d3-9a03-cf2e0750f5b5'),
 ('463', '221', '3', '7', '5', NULL, '2017-07-27 19:42:53', '2017-07-27 21:09:21', 'cdfa76a6-34c9-47c0-a5df-5731a866477c'),
 ('464', '221', '3', '11', '6', NULL, '2017-07-27 19:42:53', '2017-07-27 21:09:21', 'fa6b557e-d020-4634-aea9-6f7250b92264'),
 ('466', '221', '3', '12', '7', NULL, '2017-07-27 19:42:53', '2017-07-27 21:09:21', '525d2cdf-e34e-4b5d-9f0f-1d9bf0cd17d6'),
 ('470', '221', '3', '12', '8', NULL, '2017-07-27 19:42:53', '2017-07-27 21:09:21', '93d2b20c-1d81-4d1b-81a8-013e27926278'),
 ('474', '221', '3', '13', '9', NULL, '2017-07-27 19:45:32', '2017-07-27 21:09:21', '86acfee3-e2f1-49d5-8fb2-f847f6ddb014'),
 ('475', '221', '3', '14', '10', NULL, '2017-07-27 19:45:32', '2017-07-27 21:09:21', 'bbc1af94-3838-41fc-9b8e-a4de30c24e67'),
 ('479', '221', '3', '14', '11', NULL, '2017-07-27 19:47:42', '2017-07-27 21:09:21', '61503b50-7bb2-43aa-a13e-67ce1a59b5c0'),
 ('483', '221', '3', '15', '12', NULL, '2017-07-27 19:50:37', '2017-07-27 21:09:21', '6ef4f87d-2e4b-4b82-95f5-adefada89b08'),
 ('487', '221', '3', '15', '13', NULL, '2017-07-27 19:56:42', '2017-07-27 21:09:21', 'ed05d5ea-04e1-4b76-962f-e7a1f3e618b7'),
 ('491', '221', '3', '16', '14', NULL, '2017-07-27 19:58:50', '2017-07-27 21:09:21', '8ee56a89-3a01-4227-bc5d-80330f3de1de'),
 ('492', '221', '3', '17', '15', NULL, '2017-07-27 20:01:12', '2017-07-27 21:09:21', '004d5d64-04b6-4f7f-b3fd-8f35d44848ab'),
 ('496', '221', '3', '18', '16', NULL, '2017-07-27 20:01:12', '2017-07-27 21:09:21', '211a3309-d575-4d98-a41d-66ca0eec3a0d'),
 ('499', '221', '3', '19', '17', NULL, '2017-07-27 20:03:42', '2017-07-27 21:09:21', '0fd7d75e-9c6e-4eba-b6ea-8e4802d975d5'),
 ('512', '221', '3', '20', '18', NULL, '2017-07-27 20:24:00', '2017-07-27 21:09:22', '655410ad-0d8b-4100-8767-1fa25bd350e7'),
 ('524', '221', '3', '22', '19', NULL, '2017-07-27 20:30:19', '2017-07-27 21:09:22', 'f0094658-5224-4e17-903b-53f58d4794a0'),
 ('528', '221', '3', '23', '20', NULL, '2017-07-27 20:30:19', '2017-07-27 21:09:22', '0bc5cb35-b134-4085-9e38-dce5099e96a5'),
 ('532', '221', '3', '27', '21', NULL, '2017-07-27 20:30:19', '2017-07-27 21:09:22', 'c8b7494b-4386-44b4-a633-acafe4e90371'),
 ('535', '221', '3', '24', '22', NULL, '2017-07-27 20:30:19', '2017-07-27 21:09:22', 'f9ca5987-5494-4d72-8dd2-c8502a6efe2f'),
 ('536', '221', '3', '25', '23', NULL, '2017-07-27 20:30:19', '2017-07-27 21:09:22', '140198a5-6f73-48ae-b82e-2f82fc6446a4'),
 ('537', '221', '3', '26', '24', NULL, '2017-07-27 20:30:19', '2017-07-27 21:09:22', '6f66d329-aaa8-4438-9d81-58a6fd4055a3'),
 ('538', '221', '3', '28', '25', NULL, '2017-07-27 20:30:19', '2017-07-27 21:09:22', 'cc71600e-74ab-4ea6-8d4f-d2c4e2189ad2'),
 ('539', '221', '3', '29', '26', NULL, '2017-07-27 20:30:19', '2017-07-27 21:09:22', '37765ede-1b25-455a-8d5b-b347775d2900'),
 ('540', '221', '3', '30', '27', NULL, '2017-07-27 20:30:19', '2017-07-27 21:09:22', 'a32aff07-8712-453a-911f-5eea3b2ccb21'),
 ('750', '53', '130', '31', '1', NULL, '2017-07-31 13:10:18', '2017-07-31 13:10:18', '49af090f-f061-4b1f-9694-2f215eed30ed'),
 ('911', '910', '130', '31', '1', NULL, '2017-07-31 19:29:34', '2017-07-31 19:54:48', '3ccd9784-0847-4549-b739-6865e3f9161b'),
 ('913', '910', '3', '13', '1', NULL, '2017-07-31 19:29:34', '2017-07-31 19:54:48', 'bdbc1439-cc98-47f3-b192-bf419ba7614f'),
 ('914', '910', '3', '30', '2', NULL, '2017-07-31 19:29:34', '2017-07-31 19:54:48', 'a53cfdd4-e71f-4544-a306-170446eb2f4a'),
 ('915', '910', '3', '13', '3', NULL, '2017-07-31 19:29:34', '2017-07-31 19:54:48', 'ed8f01b4-a62c-415f-a995-e97cd2b33626'),
 ('916', '910', '3', '14', '4', NULL, '2017-07-31 19:29:34', '2017-07-31 19:54:48', '2904cc8f-9ceb-4b27-8785-1130b814bc52'),
 ('917', '910', '3', '2', '5', NULL, '2017-07-31 19:29:34', '2017-07-31 19:54:48', 'b01952a8-930d-4749-b75a-1c9c2acefa8e'),
 ('922', '910', '3', '12', '6', NULL, '2017-07-31 19:29:35', '2017-07-31 19:54:49', 'fc09e0ad-b43a-40da-893c-2f948cc41379'),
 ('938', '910', '3', '11', '7', NULL, '2017-07-31 19:29:35', '2017-07-31 19:54:49', 'ca3e883b-8e30-487b-9ad9-a08cafca5b06'),
 ('941', '910', '3', '28', '8', NULL, '2017-07-31 19:29:35', '2017-07-31 19:54:49', '537ddd3a-eabe-48a1-a96d-4e177797dfed'),
 ('942', '910', '3', '3', '9', NULL, '2017-07-31 19:29:35', '2017-07-31 19:54:49', '23a6d11e-1f88-4658-b6ae-8ce8c8b9d43e');



DROP TABLE IF EXISTS `craft_matrixblocktypes`;


--
-- Schema for table `craft_matrixblocktypes`
--
CREATE TABLE `craft_matrixblocktypes` (
  `id` int(11) NOT NULL AUTO_INCREMENT,
  `fieldId` int(11) NOT NULL,
  `fieldLayoutId` int(11) DEFAULT NULL,
  `name` varchar(255) COLLATE utf8_unicode_ci NOT NULL,
  `handle` varchar(255) COLLATE utf8_unicode_ci NOT NULL,
  `sortOrder` smallint(6) unsigned DEFAULT NULL,
  `dateCreated` datetime NOT NULL,
  `dateUpdated` datetime NOT NULL,
  `uid` char(36) COLLATE utf8_unicode_ci NOT NULL DEFAULT '0',
  PRIMARY KEY (`id`),
  UNIQUE KEY `craft_matrixblocktypes_name_fieldId_unq_idx` (`name`,`fieldId`),
  UNIQUE KEY `craft_matrixblocktypes_handle_fieldId_unq_idx` (`handle`,`fieldId`),
  KEY `craft_matrixblocktypes_fieldId_fk` (`fieldId`),
  KEY `craft_matrixblocktypes_fieldLayoutId_fk` (`fieldLayoutId`)
) ENGINE=InnoDB AUTO_INCREMENT=33 DEFAULT CHARSET=utf8 COLLATE=utf8_unicode_ci;

--
-- Data for table `craft_matrixblocktypes`
--

INSERT INTO `craft_matrixblocktypes` (`id`, `fieldId`, `fieldLayoutId`, `name`, `handle`, `sortOrder`, `dateCreated`, `dateUpdated`, `uid`) VALUES
 ('1', '3', '3106', 'Masthead', 'masthead', '1', '2017-06-09 19:00:20', '2017-07-27 19:05:24', 'b9337a26-e0de-4266-886c-3eada0f1b738'),
 ('2', '3', '3108', 'Gallery', 'gallery', '2', '2017-06-12 19:02:25', '2017-07-27 19:05:24', '80871abb-7b7e-4c93-87e7-2177faf6f8ec'),
 ('3', '3', '3109', 'Related Call Outs', 'relatedCallOuts', '3', '2017-06-12 20:32:00', '2017-07-27 19:05:24', 'a99f1e43-b6d2-471d-996c-92223dc3e3bd'),
 ('6', '3', '3112', 'Openings', 'openings', '4', '2017-06-14 15:25:43', '2017-07-27 19:05:25', 'ff291c08-452a-4e90-bba1-2ec9818e8781'),
 ('7', '3', '3113', 'Instagram Feed', 'instagramFeed', '5', '2017-06-14 18:50:59', '2017-07-27 19:05:25', 'ea82624c-0826-4429-9a8a-68e204611f5c'),
 ('8', '39', '128', 'Role(s)', 'roles', '1', '2017-06-15 14:59:47', '2017-06-15 14:59:47', '37f79f61-372c-437a-b201-701ce7873c99'),
 ('9', '42', '129', 'Social Links', 'socialLinks', '1', '2017-06-15 15:03:15', '2017-06-15 15:03:15', '54e95d3a-7436-4138-b714-8514e0975de4'),
 ('10', '3', '3114', 'PeopleGallery', 'peoplegallery', '6', '2017-06-15 16:53:38', '2017-07-27 19:05:25', '4dbd0009-f162-437c-8815-e14a066b7e4b'),
 ('11', '3', '3116', 'People', 'people', '7', '2017-06-15 17:16:37', '2017-07-27 19:05:25', '7bb5cbee-1975-40fa-a20c-5bd4812ea2b4'),
 ('12', '3', '3118', 'List Panel', 'listPanel', '8', '2017-06-15 18:19:42', '2017-07-27 19:05:25', 'f595e3b0-9cda-42e6-896b-7c14e7e7a73b'),
 ('13', '3', '3119', 'Text Panel', 'textPanel', '9', '2017-06-15 18:23:23', '2017-07-27 19:05:25', '0f08797a-5f72-4a7f-a7c1-a6e1d5629bd3'),
 ('14', '3', '3121', 'Image Text Panel', 'imageTextPanel', '10', '2017-06-15 18:27:59', '2017-07-27 19:05:25', 'f8a97e7c-f20c-4f57-a6a9-04ab86000bad'),
 ('15', '3', '3123', 'Large Image Text Panel', 'largeImageTextPanel', '11', '2017-06-15 18:39:05', '2017-07-27 19:05:25', '1cada867-e96d-4d55-8043-c0f47bf67482'),
 ('16', '3', '3124', 'Pull Quote', 'pullQuote', '12', '2017-06-15 18:41:55', '2017-07-27 19:05:25', 'ba077560-ef62-4f2b-9863-343874efce47'),
 ('17', '3', '3126', 'Resources', 'resources', '13', '2017-06-15 19:02:36', '2017-07-27 19:05:25', '6e794bb1-b5c0-48cf-ad26-5b02f46ef101'),
 ('18', '3', '3128', 'Highlights', 'highlights', '14', '2017-06-15 19:20:51', '2017-07-27 19:05:26', '5a948f68-ad86-48d3-a212-cc1d03ec1158'),
 ('19', '3', '3130', 'Featured Clients', 'featuredClients', '15', '2017-06-15 19:24:13', '2017-07-27 19:05:26', '8c37bd37-56b0-463d-8ed9-0d2d7c30fce6'),
 ('20', '3', '3133', 'Logo Wall', 'logoWall', '16', '2017-06-15 19:33:37', '2017-07-27 19:05:26', '6a5bdf63-88bd-41c8-a620-183aaf70fb80'),
 ('21', '102', '482', 'Value', 'value', '1', '2017-06-15 19:42:13', '2017-06-15 19:42:14', '40a43e59-afa0-4ce5-8ffd-96202e9923e6'),
 ('22', '3', '3135', 'Values Panel', 'valuesPanel', '17', '2017-06-15 19:49:55', '2017-07-27 19:05:26', '60536e63-92a8-4f1b-85d4-3d2e5ed69e53'),
 ('23', '3', '3137', 'Content Selector', 'contentSelector', '18', '2017-06-15 19:57:44', '2017-07-27 19:05:26', '743751ab-d285-471b-8cf9-b278fd8415be'),
 ('24', '3', '3140', 'Call To Action Panel', 'callToActionPanel', '20', '2017-06-15 20:27:01', '2017-07-27 19:05:26', 'bb65c364-2646-4009-a60e-784391a7aea8'),
 ('25', '3', '3141', 'Locations Panel', 'locationsPanel', '21', '2017-06-15 20:28:42', '2017-07-27 19:05:26', 'b8723841-bad0-4938-8957-185e63de3b6d'),
 ('26', '3', '3142', 'Case Study Filter', 'caseStudyFilter', '22', '2017-06-26 19:07:48', '2017-07-27 19:05:26', 'be567bb8-d9ea-4788-b456-b3e80bc1c685'),
 ('27', '3', '3139', 'CTA Listing', 'ctaListing', '19', '2017-06-27 15:02:06', '2017-07-27 19:05:26', 'fa5af3b8-dccb-47cc-adda-b1ad77c71ec1'),
 ('28', '3', '3143', 'Contact', 'contact', '23', '2017-06-28 20:52:08', '2017-07-27 19:05:26', '746383fe-8e02-453a-8c9b-d522577c6c52'),
 ('29', '3', '3144', 'Markets Panel', 'marketsPanel', '24', '2017-07-12 18:37:45', '2017-07-27 19:05:26', '9830b91a-3e07-4325-a07b-8fa15dc9d8ea'),
 ('30', '3', '3145', 'Multiple Image Panel', 'multipleImagePanel', '25', '2017-07-12 20:39:40', '2017-07-27 19:05:26', '6ab17f2f-8c0b-4b85-b4b6-8d87c83dcfeb'),
 ('31', '130', '3149', 'Featured Image', 'featuredimage', '1', '2017-07-13 16:03:15', '2017-07-31 13:10:42', 'aad58f8d-85b9-41eb-beb9-90e5b9e6fd1d');



DROP TABLE IF EXISTS `craft_matrixcontent_components`;


--
-- Schema for table `craft_matrixcontent_components`
--
CREATE TABLE `craft_matrixcontent_components` (
  `id` int(11) NOT NULL AUTO_INCREMENT,
  `elementId` int(11) NOT NULL,
  `locale` char(12) COLLATE utf8_unicode_ci NOT NULL,
  `field_masthead_heading` text COLLATE utf8_unicode_ci,
  `field_masthead_subheading` text COLLATE utf8_unicode_ci,
  `field_relatedCallOuts_heading` text COLLATE utf8_unicode_ci,
  `field_openings_loadMoreText` text COLLATE utf8_unicode_ci,
  `field_instagramFeed_heading` text COLLATE utf8_unicode_ci,
  `field_peoplegallery_heading` text COLLATE utf8_unicode_ci,
  `field_people_heading` text COLLATE utf8_unicode_ci,
  `field_listPanel_heading` text COLLATE utf8_unicode_ci,
  `field_listPanel_body` text COLLATE utf8_unicode_ci,
  `field_textPanel_heading` text COLLATE utf8_unicode_ci,
  `field_textPanel_body` text COLLATE utf8_unicode_ci,
  `field_imageTextPanel_orientation` varchar(255) COLLATE utf8_unicode_ci DEFAULT NULL,
  `field_imageTextPanel_heading` text COLLATE utf8_unicode_ci,
  `field_imageTextPanel_body` text COLLATE utf8_unicode_ci,
  `field_imageTextPanel_callToAction` text COLLATE utf8_unicode_ci,
  `field_largeImageTextPanel_orientation` varchar(255) COLLATE utf8_unicode_ci DEFAULT NULL,
  `field_largeImageTextPanel_heading` text COLLATE utf8_unicode_ci,
  `field_largeImageTextPanel_body` text COLLATE utf8_unicode_ci,
  `field_largeImageTextPanel_callToAction` text COLLATE utf8_unicode_ci,
  `field_pullQuote_quote` text COLLATE utf8_unicode_ci,
  `field_pullQuote_author` text COLLATE utf8_unicode_ci,
  `field_resources_heading` text COLLATE utf8_unicode_ci,
  `field_resources_body` text COLLATE utf8_unicode_ci,
  `field_highlights_heading` text COLLATE utf8_unicode_ci,
  `field_highlights_body` text COLLATE utf8_unicode_ci,
  `field_featuredClients_heading` text COLLATE utf8_unicode_ci,
  `field_featuredClients_body` text COLLATE utf8_unicode_ci,
  `field_logoWall_heading` text COLLATE utf8_unicode_ci,
  `field_logoWall_body` text COLLATE utf8_unicode_ci,
  `field_valuesPanel_heading` text COLLATE utf8_unicode_ci,
  `field_contentSelector_heading` text COLLATE utf8_unicode_ci,
  `field_caseStudyFilter_limit` int(10) unsigned DEFAULT '0',
  `field_gallery_heading` text COLLATE utf8_unicode_ci,
  `field_ctaListing_heading` text COLLATE utf8_unicode_ci,
  `field_locationsPanel_heading` text COLLATE utf8_unicode_ci,
  `field_contact_heading` text COLLATE utf8_unicode_ci,
  `field_callToActionPanel_heading` text COLLATE utf8_unicode_ci,
  `field_callToActionPanel_callToAction` text COLLATE utf8_unicode_ci,
  `field_marketsPanel_heading` text COLLATE utf8_unicode_ci,
  `field_multipleImagePanel_upperImage` varchar(255) COLLATE utf8_unicode_ci DEFAULT 'left',
  `field_largeImageTextPanel_subheading` text COLLATE utf8_unicode_ci,
  `field_largeImageTextPanel_dark` tinyint(1) unsigned NOT NULL DEFAULT '0',
  `field_listPanel_centered` tinyint(1) unsigned NOT NULL DEFAULT '0',
  `field_largeImageTextPanel_lift` tinyint(1) unsigned NOT NULL DEFAULT '0',
  `field_listPanel_lift` tinyint(1) unsigned NOT NULL DEFAULT '0',
  `field_listPanel_lightGrayBackground` tinyint(1) unsigned NOT NULL DEFAULT '0',
  `field_multipleImagePanel_backgroundImageIsVisible` tinyint(1) unsigned NOT NULL DEFAULT '0',
  `dateCreated` datetime NOT NULL,
  `dateUpdated` datetime NOT NULL,
  `uid` char(36) COLLATE utf8_unicode_ci NOT NULL DEFAULT '0',
  PRIMARY KEY (`id`),
  UNIQUE KEY `craft_matrixcontent_components_elementId_locale_unq_idx` (`elementId`,`locale`),
  KEY `craft_matrixcontent_components_locale_idx` (`locale`)
) ENGINE=InnoDB AUTO_INCREMENT=264 DEFAULT CHARSET=utf8 COLLATE=utf8_unicode_ci;

--
-- Data for table `craft_matrixcontent_components`
--

INSERT INTO `craft_matrixcontent_components` (`id`, `elementId`, `locale`, `field_masthead_heading`, `field_masthead_subheading`, `field_relatedCallOuts_heading`, `field_openings_loadMoreText`, `field_instagramFeed_heading`, `field_peoplegallery_heading`, `field_people_heading`, `field_listPanel_heading`, `field_listPanel_body`, `field_textPanel_heading`, `field_textPanel_body`, `field_imageTextPanel_orientation`, `field_imageTextPanel_heading`, `field_imageTextPanel_body`, `field_imageTextPanel_callToAction`, `field_largeImageTextPanel_orientation`, `field_largeImageTextPanel_heading`, `field_largeImageTextPanel_body`, `field_largeImageTextPanel_callToAction`, `field_pullQuote_quote`, `field_pullQuote_author`, `field_resources_heading`, `field_resources_body`, `field_highlights_heading`, `field_highlights_body`, `field_featuredClients_heading`, `field_featuredClients_body`, `field_logoWall_heading`, `field_logoWall_body`, `field_valuesPanel_heading`, `field_contentSelector_heading`, `field_caseStudyFilter_limit`, `field_gallery_heading`, `field_ctaListing_heading`, `field_locationsPanel_heading`, `field_contact_heading`, `field_callToActionPanel_heading`, `field_callToActionPanel_callToAction`, `field_marketsPanel_heading`, `field_multipleImagePanel_upperImage`, `field_largeImageTextPanel_subheading`, `field_largeImageTextPanel_dark`, `field_listPanel_centered`, `field_largeImageTextPanel_lift`, `field_listPanel_lift`, `field_listPanel_lightGrayBackground`, `field_multipleImagePanel_backgroundImageIsVisible`, `dateCreated`, `dateUpdated`, `uid`) VALUES
 ('1', '30', 'en_us', 'Sustainable, human-centered solutions\r\nwith technical precision. ', 'Milone & MacBroom', NULL, NULL, NULL, NULL, NULL, NULL, NULL, NULL, NULL, NULL, NULL, NULL, NULL, NULL, NULL, NULL, NULL, NULL, NULL, NULL, NULL, NULL, NULL, NULL, NULL, NULL, NULL, NULL, NULL, NULL, NULL, NULL, NULL, NULL, NULL, NULL, NULL, 'left', NULL, '0', '0', '0', '0', '0', '0', '2017-06-12 20:16:38', '2017-06-27 21:10:29', '01af4219-3f70-4724-ba4a-92fe7e05e0a1'),
 ('18', '143', 'en_us', NULL, NULL, NULL, NULL, NULL, NULL, NULL, NULL, NULL, 'Including Passionate Stakeholders in the Master Planning Process ', '<p>Although with every design project the actual details for construction are extremely important to the success of the project,  perhaps equally important is the early involvement of the stakeholders in the concept stages of the project.   Our goal of the masterplanning process was to engage with the Track Committee and the users of the facility, the coaches, the booster club, the players, and the maintenance and facilities staff.  Only after having an informed ideas of what the stakeholders envision, could we put our designer hats on and begin the design and concept planning.  By having periodic check-ins and presentations with the stakeholders during our concept design phases, it made the “buy-in” of the project design a much smoother and cost effective process as the plans and specifications advanced through to bid documents..  The success of the project was our design team\'s ability to create a balance between the the long wish list of stakeholder desires,  and the real constraints of the project budget. </p>', NULL, NULL, NULL, NULL, NULL, NULL, NULL, NULL, NULL, NULL, NULL, NULL, NULL, NULL, NULL, NULL, NULL, NULL, NULL, NULL, NULL, NULL, NULL, NULL, NULL, NULL, NULL, NULL, NULL, NULL, '0', '0', '0', '0', '0', '0', '2017-06-28 15:54:56', '2017-07-27 14:39:30', '0b9535ed-1e68-4709-a1b7-6e7984a5bd4a'),
 ('19', '144', 'en_us', NULL, NULL, NULL, NULL, NULL, NULL, NULL, NULL, NULL, NULL, NULL, 'left', 'The work in-progress ', '<p>Due the size of the project and the inclusion of the complete renovation of the the Boys &amp; Girls locker and team room facilities internal to the school, the project was required to follow the MGL Chapter 149 bidding requirements. This bidding procedure was lead by the MMI design team and led to a project that was completed within budget. </p>\n<p>The resulting athletic facility is a true testament to a collaborative design process. Collaborative not only in the sense of our engineers, planners and landscape architects, but a true collaboration between design team and the community.</p>', '', NULL, NULL, NULL, NULL, NULL, NULL, NULL, NULL, NULL, NULL, NULL, NULL, NULL, NULL, NULL, NULL, NULL, NULL, NULL, NULL, NULL, NULL, NULL, NULL, NULL, NULL, '0', '0', '0', '0', '0', '0', '2017-06-28 15:54:56', '2017-07-27 14:39:30', '2ad4ce30-9739-4517-9dc7-fbf68798ce6b'),
 ('20', '145', 'en_us', NULL, NULL, NULL, NULL, NULL, NULL, NULL, NULL, NULL, NULL, NULL, NULL, NULL, NULL, NULL, NULL, NULL, NULL, NULL, NULL, NULL, NULL, NULL, NULL, NULL, NULL, NULL, NULL, NULL, NULL, NULL, NULL, 'A look at the finished product. ', NULL, NULL, NULL, NULL, NULL, NULL, NULL, NULL, '0', '0', '0', '0', '0', '0', '2017-06-28 15:57:44', '2017-07-27 14:39:30', '1ee959d1-0268-4d1d-8b2c-0c4b3b026dba'),
 ('22', '148', 'en_us', 'Transforming communities through the fusion of art and science.  ', 'About Milone & MacBroom', NULL, NULL, NULL, NULL, NULL, NULL, NULL, NULL, NULL, NULL, NULL, NULL, NULL, NULL, NULL, NULL, NULL, NULL, NULL, NULL, NULL, NULL, NULL, NULL, NULL, NULL, NULL, NULL, NULL, NULL, NULL, NULL, NULL, NULL, NULL, NULL, NULL, 'left', NULL, '0', '0', '0', '0', '0', '0', '2017-06-28 19:29:30', '2017-06-28 19:29:30', '6fa3dc66-ec3e-49a5-ad7d-c990b542fa03'),
 ('23', '150', 'en_us', NULL, NULL, NULL, NULL, NULL, NULL, NULL, 'We solve problems with highly-efficient, sustainable solutions, adaptive designs, and technical precision. ', '<p>Milone &amp; MacBroom is one of the largest consulting firms in the northeast, offering a diverse set of specialty practices in the fields of engineering, planning, landscape architecture, and environmental science. We serve a multitude of industries from Government and NGO to Cities and Municipalities. Unlink niche companies or enterprise firms, Milone &amp; MacBroom has local expertise, cross functional teams, and a relationship first approach that sets us apart. That, combined with our technical precision, attention to detail, and passion behind our work, helps us to deliver the most efficient and sustainable solutions offered. </p>', NULL, NULL, NULL, NULL, NULL, NULL, NULL, NULL, NULL, NULL, NULL, NULL, NULL, NULL, NULL, NULL, NULL, NULL, NULL, NULL, NULL, NULL, NULL, NULL, NULL, NULL, NULL, NULL, NULL, NULL, 'left', NULL, '0', '0', '0', '0', '0', '0', '2017-06-28 19:29:30', '2017-06-28 19:29:30', '76f7a04a-bd35-410f-9627-621c480a8be1'),
 ('24', '151', 'en_us', NULL, NULL, NULL, NULL, NULL, NULL, NULL, NULL, NULL, NULL, NULL, 'right', 'Our Creation Story', 'Over 30 years ago, Milone & MacBroom gsgfjhlakgjhskjghlsk ', '', NULL, NULL, NULL, NULL, NULL, NULL, NULL, NULL, NULL, NULL, NULL, NULL, NULL, NULL, NULL, NULL, NULL, NULL, NULL, NULL, NULL, NULL, NULL, NULL, 'left', NULL, '0', '0', '0', '0', '0', '0', '2017-06-28 19:29:30', '2017-06-28 19:29:30', 'dd785563-d541-41b0-8698-bc8a1697cc39'),
 ('25', '152', 'en_us', NULL, NULL, NULL, NULL, NULL, NULL, NULL, NULL, NULL, NULL, NULL, NULL, NULL, NULL, NULL, NULL, NULL, NULL, NULL, NULL, NULL, NULL, NULL, NULL, NULL, NULL, NULL, NULL, NULL, 'Our Values ', NULL, NULL, NULL, NULL, NULL, NULL, NULL, NULL, NULL, 'left', NULL, '0', '0', '0', '0', '0', '0', '2017-06-28 19:29:30', '2017-06-28 19:29:30', '225fc4bc-896e-4e3e-9d68-98512937ed70'),
 ('26', '161', 'en_us', 'Connecting People,\r\nCreating Outcomes.', 'Our Work', NULL, NULL, NULL, NULL, NULL, NULL, NULL, NULL, NULL, NULL, NULL, NULL, NULL, NULL, NULL, NULL, NULL, NULL, NULL, NULL, NULL, NULL, NULL, NULL, NULL, NULL, NULL, NULL, NULL, NULL, NULL, NULL, NULL, NULL, NULL, NULL, NULL, 'left', NULL, '0', '0', '0', '0', '0', '0', '2017-07-09 19:15:34', '2017-07-11 19:49:09', 'cf5a50de-41b3-481f-807d-f81f4a45acba'),
 ('27', '163', 'en_us', NULL, NULL, NULL, NULL, NULL, NULL, NULL, NULL, NULL, NULL, NULL, NULL, NULL, NULL, NULL, NULL, NULL, NULL, NULL, NULL, NULL, NULL, NULL, NULL, NULL, NULL, NULL, NULL, NULL, NULL, NULL, '8', NULL, NULL, NULL, NULL, NULL, NULL, NULL, 'left', NULL, '0', '0', '0', '0', '0', '0', '2017-07-09 19:15:34', '2017-07-11 19:49:09', 'a312d96e-6b2f-44f0-8d02-c5e1b68c1ad9'),
 ('28', '167', 'en_us', NULL, NULL, NULL, NULL, NULL, NULL, NULL, NULL, NULL, NULL, NULL, NULL, NULL, NULL, NULL, NULL, NULL, NULL, NULL, NULL, NULL, NULL, NULL, NULL, NULL, NULL, NULL, NULL, NULL, NULL, NULL, NULL, NULL, NULL, NULL, NULL, 'Let\'s work together!', '{\"type\":\"entry\",\"custom\":\"\",\"entry\":[\"166\"],\"asset\":\"\",\"customText\":\"Reach out\",\"target\":\"\"}', NULL, 'left', NULL, '0', '0', '0', '0', '0', '0', '2017-07-11 16:38:26', '2017-07-11 19:49:09', 'ca5b70c7-0fb4-4e53-a714-5921b2bc9dc0'),
 ('29', '178', 'en_us', NULL, NULL, NULL, NULL, NULL, NULL, NULL, 'A List of Facility Improvements include: ', '', NULL, NULL, NULL, NULL, NULL, NULL, NULL, NULL, NULL, NULL, NULL, NULL, NULL, NULL, NULL, NULL, NULL, NULL, NULL, NULL, NULL, NULL, NULL, NULL, NULL, NULL, NULL, NULL, NULL, NULL, NULL, NULL, '0', '1', '0', '0', '0', '0', '2017-07-17 16:12:28', '2017-07-27 14:39:30', '72127e5c-ad83-47ba-a67c-306a1aa13e3d'),
 ('31', '195', 'en_us', NULL, NULL, NULL, NULL, NULL, NULL, NULL, NULL, NULL, NULL, NULL, NULL, NULL, NULL, NULL, NULL, NULL, NULL, NULL, NULL, NULL, NULL, NULL, NULL, NULL, NULL, NULL, NULL, NULL, NULL, NULL, NULL, NULL, NULL, NULL, 'Let\'s work together! ', NULL, NULL, NULL, NULL, NULL, '0', '0', '0', '0', '0', '0', '2017-07-17 16:12:28', '2017-07-27 14:39:31', 'a77bb181-df57-4d0b-92b0-6571b8978387'),
 ('32', '196', 'en_us', NULL, NULL, 'Related Projects ', NULL, NULL, NULL, NULL, NULL, NULL, NULL, NULL, NULL, NULL, NULL, NULL, NULL, NULL, NULL, NULL, NULL, NULL, NULL, NULL, NULL, NULL, NULL, NULL, NULL, NULL, NULL, NULL, NULL, NULL, NULL, NULL, NULL, NULL, NULL, NULL, NULL, NULL, '0', '0', '0', '0', '0', '0', '2017-07-17 16:12:28', '2017-07-27 14:39:31', 'acb95d54-d09f-4ca7-9b03-eef5b106d0f6'),
 ('33', '197', 'en_us', NULL, NULL, NULL, NULL, NULL, NULL, 'Meet the team involved.', NULL, NULL, NULL, NULL, NULL, NULL, NULL, NULL, NULL, NULL, NULL, NULL, NULL, NULL, NULL, NULL, NULL, NULL, NULL, NULL, NULL, NULL, NULL, NULL, NULL, NULL, NULL, NULL, NULL, NULL, NULL, NULL, NULL, NULL, '0', '0', '0', '0', '0', '0', '2017-07-17 19:08:55', '2017-07-27 14:39:31', 'f0f802a9-073a-4046-bc55-304fc36b4e5d'),
 ('45', '222', 'en_us', 'Heading', 'Subheading', NULL, NULL, NULL, NULL, NULL, NULL, NULL, NULL, NULL, NULL, NULL, NULL, NULL, NULL, NULL, NULL, NULL, NULL, NULL, NULL, NULL, NULL, NULL, NULL, NULL, NULL, NULL, NULL, NULL, NULL, NULL, NULL, NULL, NULL, NULL, NULL, NULL, NULL, NULL, '0', '0', '0', '0', '0', '0', '2017-07-25 19:50:10', '2017-07-27 21:09:20', 'a983d29e-7a8a-4e60-b1a9-2d9fc20c932f'),
 ('46', '236', 'en_us', NULL, NULL, NULL, NULL, NULL, NULL, NULL, NULL, NULL, NULL, NULL, NULL, NULL, NULL, NULL, NULL, NULL, NULL, NULL, NULL, NULL, NULL, NULL, NULL, NULL, NULL, NULL, NULL, NULL, NULL, NULL, NULL, NULL, NULL, NULL, NULL, NULL, NULL, NULL, 'right', NULL, '0', '0', '0', '0', '0', '0', '2017-07-26 18:19:20', '2017-07-27 14:39:30', '22f5517f-79ec-4a7e-91fd-ef7bbb8e2e82'),
 ('47', '240', 'en_us', NULL, NULL, NULL, NULL, NULL, NULL, NULL, NULL, NULL, 'What we faced. ', '<p>A wonderfully passionate community was in dire need of safer and more adequate athletic facilities at their High School Athletic Complex. What existed was an outdated, unsafe, undersized, and unuseable track and bleacher system, non-accessible and inadequate restroom, concessions, and storage facilities. The inadequate number of tennis courts in need of repair and an overall inefficient and unsafe layout of conflicting field and sport uses.</p>', NULL, NULL, NULL, NULL, NULL, NULL, NULL, NULL, NULL, NULL, NULL, NULL, NULL, NULL, NULL, NULL, NULL, NULL, NULL, NULL, NULL, NULL, NULL, NULL, NULL, NULL, NULL, NULL, NULL, NULL, '0', '0', '0', '0', '0', '0', '2017-07-26 18:22:31', '2017-07-27 14:39:30', 'e3125c8c-12ef-48a0-9ab8-bed7a8dd71e5'),
 ('101', '420', 'en_us', 'Start Shaping the Future. \r\nJoin Our Team. ', 'Careers', NULL, NULL, NULL, NULL, NULL, NULL, NULL, NULL, NULL, NULL, NULL, NULL, NULL, NULL, NULL, NULL, NULL, NULL, NULL, NULL, NULL, NULL, NULL, NULL, NULL, NULL, NULL, NULL, NULL, NULL, NULL, NULL, NULL, NULL, NULL, NULL, NULL, NULL, NULL, '0', '0', '0', '0', '0', '0', '2017-07-27 18:15:03', '2017-07-27 18:34:35', '33a963fc-eab3-481b-b3a7-caf4a5dab313'),
 ('102', '422', 'en_us', NULL, NULL, NULL, NULL, NULL, NULL, NULL, NULL, NULL, NULL, NULL, NULL, NULL, NULL, NULL, 'right', '', '<p>MMI is not your stereotypical engineering firm. We may have drawings, maps, and math equations plastered all over our whiteboards but that is where the similarities end. Our culture, our community, our people are what set up apart. With a \"work hard, play hard\" mentality, we cherish the moments outside of work, enjoyig time with our team and families at home. A day of building bridges, followed by happy hour with coworkers, is just another day at the office for us. </p>', '', NULL, NULL, NULL, NULL, NULL, NULL, NULL, NULL, NULL, NULL, NULL, NULL, NULL, NULL, NULL, NULL, NULL, NULL, NULL, NULL, NULL, 'We pride ourselves on being different. ', '0', '0', '0', '0', '0', '0', '2017-07-27 18:15:03', '2017-07-27 18:34:35', 'd4ed9a79-b27c-4249-a77b-667c53727d76'),
 ('103', '423', 'en_us', NULL, NULL, NULL, NULL, NULL, NULL, NULL, NULL, NULL, NULL, NULL, NULL, NULL, NULL, NULL, NULL, NULL, NULL, NULL, NULL, NULL, NULL, NULL, NULL, NULL, NULL, NULL, NULL, NULL, NULL, NULL, NULL, NULL, NULL, NULL, NULL, NULL, NULL, NULL, 'right', NULL, '0', '0', '0', '0', '0', '1', '2017-07-27 18:15:03', '2017-07-27 18:34:35', 'fd9550c1-1a3d-4566-bbb3-4fca9adb252f'),
 ('104', '424', 'en_us', NULL, NULL, NULL, NULL, NULL, NULL, NULL, NULL, NULL, NULL, NULL, NULL, NULL, NULL, NULL, NULL, NULL, NULL, NULL, NULL, NULL, NULL, NULL, NULL, NULL, NULL, NULL, NULL, NULL, 'Our Values', NULL, NULL, NULL, NULL, NULL, NULL, NULL, NULL, NULL, NULL, NULL, '0', '0', '0', '0', '0', '0', '2017-07-27 18:15:03', '2017-07-27 18:34:35', 'f15d3bc7-a699-417f-b6bb-af5e1db5326c'),
 ('105', '429', 'en_us', NULL, NULL, NULL, NULL, NULL, NULL, NULL, NULL, NULL, NULL, NULL, NULL, NULL, NULL, NULL, NULL, NULL, NULL, NULL, NULL, NULL, NULL, NULL, NULL, NULL, NULL, NULL, NULL, NULL, NULL, NULL, NULL, '', NULL, NULL, NULL, NULL, NULL, NULL, NULL, NULL, '0', '0', '0', '0', '0', '0', '2017-07-27 18:15:03', '2017-07-27 18:34:35', 'beb1ef64-a189-4547-98d8-04a8e4e1ceb0'),
 ('106', '435', 'en_us', NULL, NULL, NULL, NULL, NULL, NULL, NULL, NULL, NULL, NULL, NULL, NULL, NULL, NULL, NULL, NULL, NULL, NULL, NULL, NULL, NULL, NULL, NULL, NULL, NULL, NULL, NULL, NULL, NULL, NULL, NULL, NULL, NULL, NULL, NULL, NULL, NULL, NULL, NULL, 'left', NULL, '0', '0', '0', '0', '0', '0', '2017-07-27 18:15:03', '2017-07-27 18:34:36', '9efd37ec-518e-42fb-b604-04c6637329e7'),
 ('107', '436', 'en_us', NULL, NULL, NULL, '', NULL, NULL, NULL, NULL, NULL, NULL, NULL, NULL, NULL, NULL, NULL, NULL, NULL, NULL, NULL, NULL, NULL, NULL, NULL, NULL, NULL, NULL, NULL, NULL, NULL, NULL, NULL, NULL, NULL, NULL, NULL, NULL, NULL, NULL, NULL, NULL, NULL, '0', '0', '0', '0', '0', '0', '2017-07-27 18:15:03', '2017-07-27 18:34:36', '53ce7a50-40f2-4e1a-8214-bea0801d754f'),
 ('108', '439', 'en_us', NULL, NULL, NULL, NULL, NULL, NULL, NULL, NULL, NULL, NULL, NULL, NULL, NULL, NULL, NULL, NULL, NULL, NULL, NULL, NULL, NULL, NULL, NULL, NULL, NULL, NULL, NULL, NULL, NULL, NULL, 'Being part of Milone & MacBroom has its benefits ', NULL, NULL, NULL, NULL, NULL, NULL, NULL, NULL, NULL, NULL, '0', '0', '0', '0', '0', '0', '2017-07-27 18:15:03', '2017-07-27 18:34:36', 'e199c68c-652d-41de-a547-aa0cfc54d23c'),
 ('111', '450', 'en_us', NULL, NULL, NULL, NULL, NULL, NULL, NULL, NULL, NULL, NULL, NULL, NULL, NULL, NULL, NULL, NULL, NULL, NULL, NULL, NULL, NULL, NULL, NULL, NULL, NULL, NULL, NULL, NULL, NULL, NULL, NULL, NULL, 'Heading', NULL, NULL, NULL, NULL, NULL, NULL, NULL, NULL, '0', '0', '0', '0', '0', '0', '2017-07-27 18:54:14', '2017-07-27 21:09:21', 'a7bba45b-1160-460d-b268-f165260dc0a8'),
 ('112', '459', 'en_us', NULL, NULL, 'Heading', NULL, NULL, NULL, NULL, NULL, NULL, NULL, NULL, NULL, NULL, NULL, NULL, NULL, NULL, NULL, NULL, NULL, NULL, NULL, NULL, NULL, NULL, NULL, NULL, NULL, NULL, NULL, NULL, NULL, NULL, NULL, NULL, NULL, NULL, NULL, NULL, NULL, NULL, '0', '0', '0', '0', '0', '0', '2017-07-27 19:42:53', '2017-07-27 21:09:21', '5bad2b28-4a35-4e9b-ad85-c63725820dff'),
 ('113', '460', 'en_us', NULL, NULL, NULL, '', NULL, NULL, NULL, NULL, NULL, NULL, NULL, NULL, NULL, NULL, NULL, NULL, NULL, NULL, NULL, NULL, NULL, NULL, NULL, NULL, NULL, NULL, NULL, NULL, NULL, NULL, NULL, NULL, NULL, NULL, NULL, NULL, NULL, NULL, NULL, NULL, NULL, '0', '0', '0', '0', '0', '0', '2017-07-27 19:42:53', '2017-07-27 21:09:21', '88a4ef45-3032-4642-b92f-058f35367730'),
 ('114', '463', 'en_us', NULL, NULL, NULL, NULL, 'Heading', NULL, NULL, NULL, NULL, NULL, NULL, NULL, NULL, NULL, NULL, NULL, NULL, NULL, NULL, NULL, NULL, NULL, NULL, NULL, NULL, NULL, NULL, NULL, NULL, NULL, NULL, NULL, NULL, NULL, NULL, NULL, NULL, NULL, NULL, NULL, NULL, '0', '0', '0', '0', '0', '0', '2017-07-27 19:42:53', '2017-07-27 21:09:21', 'c313e316-6662-46eb-b84b-0d5118acc6aa'),
 ('115', '464', 'en_us', NULL, NULL, NULL, NULL, NULL, NULL, 'Heading', NULL, NULL, NULL, NULL, NULL, NULL, NULL, NULL, NULL, NULL, NULL, NULL, NULL, NULL, NULL, NULL, NULL, NULL, NULL, NULL, NULL, NULL, NULL, NULL, NULL, NULL, NULL, NULL, NULL, NULL, NULL, NULL, NULL, NULL, '0', '0', '0', '0', '0', '0', '2017-07-27 19:42:53', '2017-07-27 21:09:21', '8a4cca9b-adc7-48da-8939-84799276d747'),
 ('116', '466', 'en_us', NULL, NULL, NULL, NULL, NULL, NULL, NULL, 'Heading', '<p><strong>Body</strong> Lorem ipsum dolor sit amet, vestibulum eget, hac nec condimentum cras. A facilisi, pede maecenas diam accumsan, orci fringilla tellus a felis accumsan, quisque eget curae viverra platea nunc nullam, libero tortor. Sed lorem in molestie, penatibus interdum aliquet quis sed mollis pharetra.  </p>', NULL, NULL, NULL, NULL, NULL, NULL, NULL, NULL, NULL, NULL, NULL, NULL, NULL, NULL, NULL, NULL, NULL, NULL, NULL, NULL, NULL, NULL, NULL, NULL, NULL, NULL, NULL, NULL, NULL, NULL, NULL, NULL, '0', '0', '0', '0', '0', '0', '2017-07-27 19:42:53', '2017-07-27 21:09:21', 'a03e27e0-6859-451e-98b1-770a2ebfc593'),
 ('117', '470', 'en_us', NULL, NULL, NULL, NULL, NULL, NULL, NULL, 'Heading (Centered, Lift, Light Gray Background)', '<p><strong>Body </strong>Lorem ipsum dolor sit amet, vestibulum eget, hac nec condimentum cras. A facilisi, pede maecenas diam accumsan, orci fringilla tellus a felis accumsan, quisque eget curae viverra platea nunc nullam, libero tortor. Sed lorem in molestie, penatibus interdum aliquet quis sed mollis pharetra.  </p>', NULL, NULL, NULL, NULL, NULL, NULL, NULL, NULL, NULL, NULL, NULL, NULL, NULL, NULL, NULL, NULL, NULL, NULL, NULL, NULL, NULL, NULL, NULL, NULL, NULL, NULL, NULL, NULL, NULL, NULL, NULL, NULL, '0', '1', '0', '1', '1', '0', '2017-07-27 19:42:53', '2017-07-27 21:09:21', '70c63c06-7062-47c9-b751-31e919a63e30'),
 ('118', '474', 'en_us', NULL, NULL, NULL, NULL, NULL, NULL, NULL, NULL, NULL, 'Heading', '<p><strong>Body </strong>Lorem ipsum dolor sit amet, vestibulum eget, hac nec condimentum cras. A facilisi, pede maecenas diam accumsan, orci fringilla tellus a felis accumsan, quisque eget curae viverra platea nunc nullam, libero tortor. Sed lorem in molestie, penatibus interdum aliquet quis sed mollis pharetra. </p>', NULL, NULL, NULL, NULL, NULL, NULL, NULL, NULL, NULL, NULL, NULL, NULL, NULL, NULL, NULL, NULL, NULL, NULL, NULL, NULL, NULL, NULL, NULL, NULL, NULL, NULL, NULL, NULL, NULL, NULL, '0', '0', '0', '0', '0', '0', '2017-07-27 19:45:32', '2017-07-27 21:09:21', '27925256-a575-4ecb-9827-be1c3383a806'),
 ('119', '475', 'en_us', NULL, NULL, NULL, NULL, NULL, NULL, NULL, NULL, NULL, NULL, NULL, 'left', 'Heading (Left Orientation)', '<p><strong>Body</strong><strong> </strong>Lorem ipsum dolor sit amet, vestibulum eget, hac nec condimentum cras. A facilisi, pede maecenas diam accumsan, orci fringilla tellus a felis accumsan, quisque eget curae viverra platea nunc nullam, libero tortor. Sed lorem in molestie, penatibus interdum aliquet quis sed mollis pharetra. </p>', '{\"type\":\"entry\",\"custom\":\"\",\"entry\":[\"221\"],\"target\":\"\"}', NULL, NULL, NULL, NULL, NULL, NULL, NULL, NULL, NULL, NULL, NULL, NULL, NULL, NULL, NULL, NULL, NULL, NULL, NULL, NULL, NULL, NULL, NULL, NULL, NULL, NULL, '0', '0', '0', '0', '0', '0', '2017-07-27 19:45:32', '2017-07-27 21:09:21', '5349809f-1bb4-4e55-bf1c-42b254065793'),
 ('120', '479', 'en_us', NULL, NULL, NULL, NULL, NULL, NULL, NULL, NULL, NULL, NULL, NULL, 'right', 'Heading (Right Orientation)', '<p><strong>Body</strong> Lorem ipsum dolor sit amet, vestibulum eget, hac nec condimentum cras. A facilisi, pede maecenas diam accumsan, orci fringilla tellus a felis accumsan, quisque eget curae viverra platea nunc nullam, libero tortor. Sed lorem in molestie, penatibus interdum aliquet quis sed mollis pharetra. </p>', '{\"type\":\"entry\",\"custom\":\"\",\"entry\":[\"221\"],\"target\":\"\"}', NULL, NULL, NULL, NULL, NULL, NULL, NULL, NULL, NULL, NULL, NULL, NULL, NULL, NULL, NULL, NULL, NULL, NULL, NULL, NULL, NULL, NULL, NULL, NULL, NULL, NULL, '0', '0', '0', '0', '0', '0', '2017-07-27 19:47:42', '2017-07-27 21:09:21', '41de8f1e-68cb-415e-9499-00520d24d17e'),
 ('121', '483', 'en_us', NULL, NULL, NULL, NULL, NULL, NULL, NULL, NULL, NULL, NULL, NULL, NULL, NULL, NULL, NULL, 'left', 'Heading (Left Orientation)', '<p><strong>Body</strong> Lorem ipsum dolor sit amet, vestibulum eget, hac nec condimentum cras. A facilisi, pede maecenas diam accumsan, orci fringilla tellus a felis accumsan, quisque eget curae viverra platea nunc nullam, libero tortor. Sed lorem in molestie, penatibus interdum aliquet quis sed mollis pharetra. </p>', '{\"type\":\"entry\",\"custom\":\"\",\"entry\":[\"221\"],\"category\":\"\",\"customText\":\"Custom Link Text\",\"target\":\"\"}', NULL, NULL, NULL, NULL, NULL, NULL, NULL, NULL, NULL, NULL, NULL, NULL, NULL, NULL, NULL, NULL, NULL, NULL, NULL, NULL, NULL, 'Subheading', '0', '0', '0', '0', '0', '0', '2017-07-27 19:50:37', '2017-07-27 21:09:21', '23ea140b-57a8-4145-b0c5-557fee80169e'),
 ('122', '487', 'en_us', NULL, NULL, NULL, NULL, NULL, NULL, NULL, NULL, NULL, NULL, NULL, NULL, NULL, NULL, NULL, 'right', 'Heading (Right Orientation, Dark, Lift)', '<p><strong>Body</strong> Lorem ipsum dolor sit amet, vestibulum eget, hac nec condimentum cras. A facilisi, pede maecenas diam accumsan, orci fringilla tellus a felis accumsan, quisque eget curae viverra platea nunc nullam, libero tortor. Sed lorem in molestie, penatibus interdum aliquet quis sed mollis pharetra. </p>', '{\"type\":\"entry\",\"custom\":\"\",\"entry\":[\"221\"],\"category\":\"\",\"customText\":\"Custom Link Text\",\"target\":\"\"}', NULL, NULL, NULL, NULL, NULL, NULL, NULL, NULL, NULL, NULL, NULL, NULL, NULL, NULL, NULL, NULL, NULL, NULL, NULL, NULL, NULL, 'Subheading', '1', '0', '1', '0', '0', '0', '2017-07-27 19:56:42', '2017-07-27 21:09:21', 'f087cf06-d3c0-45a8-9d0d-c5048bb8569f'),
 ('123', '491', 'en_us', NULL, NULL, NULL, NULL, NULL, NULL, NULL, NULL, NULL, NULL, NULL, NULL, NULL, NULL, NULL, NULL, NULL, NULL, NULL, 'Failure is simply the opportunity to begin again, this time more intelligently.', 'Henry Ford', NULL, NULL, NULL, NULL, NULL, NULL, NULL, NULL, NULL, NULL, NULL, NULL, NULL, NULL, NULL, NULL, NULL, NULL, NULL, NULL, '0', '0', '0', '0', '0', '0', '2017-07-27 19:58:50', '2017-07-27 21:09:21', '2c451ae0-881e-46d8-8ce1-925a11d5020a'),
 ('124', '492', 'en_us', NULL, NULL, NULL, NULL, NULL, NULL, NULL, NULL, NULL, NULL, NULL, NULL, NULL, NULL, NULL, NULL, NULL, NULL, NULL, NULL, NULL, 'Heading', 'Body Lorem ipsum dolor sit amet, vestibulum eget, hac nec condimentum cras. A facilisi, pede maecenas diam accumsan, orci fringilla tellus a felis accumsan, quisque eget curae viverra platea nunc nullam, libero tortor. Sed lorem in molestie, penatibus interdum aliquet quis sed mollis pharetra. ', NULL, NULL, NULL, NULL, NULL, NULL, NULL, NULL, NULL, NULL, NULL, NULL, NULL, NULL, NULL, NULL, NULL, NULL, '0', '0', '0', '0', '0', '0', '2017-07-27 20:01:12', '2017-07-27 21:09:21', '6a7704a2-af6f-4143-86c7-cc0c9937a0dc'),
 ('125', '496', 'en_us', NULL, NULL, NULL, NULL, NULL, NULL, NULL, NULL, NULL, NULL, NULL, NULL, NULL, NULL, NULL, NULL, NULL, NULL, NULL, NULL, NULL, NULL, NULL, 'Heading', 'Body Lorem ipsum dolor sit amet, vestibulum eget, hac nec condimentum cras. A facilisi, pede maecenas diam accumsan, orci fringilla tellus a felis accumsan, quisque eget curae viverra platea nunc nullam, libero tortor. Sed lorem in molestie, penatibus interdum aliquet quis sed mollis pharetra. ', NULL, NULL, NULL, NULL, NULL, NULL, NULL, NULL, NULL, NULL, NULL, NULL, NULL, NULL, NULL, NULL, '0', '0', '0', '0', '0', '0', '2017-07-27 20:01:12', '2017-07-27 21:09:21', 'd50c5c47-7845-4b01-8b66-3c277745ae45'),
 ('126', '499', 'en_us', NULL, NULL, NULL, NULL, NULL, NULL, NULL, NULL, NULL, NULL, NULL, NULL, NULL, NULL, NULL, NULL, NULL, NULL, NULL, NULL, NULL, NULL, NULL, NULL, NULL, 'Heading', '<p><strong>Body</strong> Lorem ipsum dolor sit amet, vestibulum eget, hac nec condimentum cras. A facilisi, pede maecenas diam accumsan, orci fringilla tellus a felis accumsan, quisque eget curae viverra platea nunc nullam, libero tortor. Sed lorem in molestie, penatibus interdum aliquet quis sed mollis pharetra. </p>', NULL, NULL, NULL, NULL, NULL, NULL, NULL, NULL, NULL, NULL, NULL, NULL, NULL, NULL, '0', '0', '0', '0', '0', '0', '2017-07-27 20:03:42', '2017-07-27 21:09:21', '8e2d6e18-ef63-45fc-aecd-5f8dac048552'),
 ('127', '512', 'en_us', NULL, NULL, NULL, NULL, NULL, NULL, NULL, NULL, NULL, NULL, NULL, NULL, NULL, NULL, NULL, NULL, NULL, NULL, NULL, NULL, NULL, NULL, NULL, NULL, NULL, NULL, NULL, 'Heading', '<p><strong>Body</strong> Lorem ipsum dolor sit amet, vestibulum eget, hac nec condimentum cras. A facilisi, pede maecenas diam accumsan, orci fringilla tellus a felis accumsan, quisque eget curae viverra platea nunc nullam, libero tortor. Sed lorem in molestie, penatibus interdum aliquet quis sed mollis pharetra. </p>', NULL, NULL, NULL, NULL, NULL, NULL, NULL, NULL, NULL, NULL, NULL, NULL, '0', '0', '0', '0', '0', '0', '2017-07-27 20:24:00', '2017-07-27 21:09:21', '775e769d-a5b6-4380-89aa-08023e78b45b'),
 ('128', '524', 'en_us', NULL, NULL, NULL, NULL, NULL, NULL, NULL, NULL, NULL, NULL, NULL, NULL, NULL, NULL, NULL, NULL, NULL, NULL, NULL, NULL, NULL, NULL, NULL, NULL, NULL, NULL, NULL, NULL, NULL, 'Heading', NULL, NULL, NULL, NULL, NULL, NULL, NULL, NULL, NULL, NULL, NULL, '0', '0', '0', '0', '0', '0', '2017-07-27 20:30:19', '2017-07-27 21:09:22', '98207db0-204e-462b-9d1d-022ad2352514'),
 ('129', '528', 'en_us', NULL, NULL, NULL, NULL, NULL, NULL, NULL, NULL, NULL, NULL, NULL, NULL, NULL, NULL, NULL, NULL, NULL, NULL, NULL, NULL, NULL, NULL, NULL, NULL, NULL, NULL, NULL, NULL, NULL, NULL, 'Heading', NULL, NULL, NULL, NULL, NULL, NULL, NULL, NULL, NULL, NULL, '0', '0', '0', '0', '0', '0', '2017-07-27 20:30:19', '2017-07-27 21:09:22', 'f04972ef-bb3a-49bd-a6ac-92573eb42576'),
 ('130', '532', 'en_us', NULL, NULL, NULL, NULL, NULL, NULL, NULL, NULL, NULL, NULL, NULL, NULL, NULL, NULL, NULL, NULL, NULL, NULL, NULL, NULL, NULL, NULL, NULL, NULL, NULL, NULL, NULL, NULL, NULL, NULL, NULL, NULL, NULL, 'Heading', NULL, NULL, NULL, NULL, NULL, NULL, NULL, '0', '0', '0', '0', '0', '0', '2017-07-27 20:30:19', '2017-07-27 21:09:22', '3c296ed5-3ded-4279-95b6-86bceaa8b966'),
 ('131', '535', 'en_us', NULL, NULL, NULL, NULL, NULL, NULL, NULL, NULL, NULL, NULL, NULL, NULL, NULL, NULL, NULL, NULL, NULL, NULL, NULL, NULL, NULL, NULL, NULL, NULL, NULL, NULL, NULL, NULL, NULL, NULL, NULL, NULL, NULL, NULL, NULL, NULL, 'Heading', '{\"type\":\"entry\",\"custom\":\"\",\"entry\":[\"221\"],\"asset\":\"\",\"customText\":\"Custom Link Text\",\"target\":\"\"}', NULL, NULL, NULL, '0', '0', '0', '0', '0', '0', '2017-07-27 20:30:19', '2017-07-27 21:09:22', '4035203e-9c6d-4a66-b232-a923686b5a96'),
 ('132', '536', 'en_us', NULL, NULL, NULL, NULL, NULL, NULL, NULL, NULL, NULL, NULL, NULL, NULL, NULL, NULL, NULL, NULL, NULL, NULL, NULL, NULL, NULL, NULL, NULL, NULL, NULL, NULL, NULL, NULL, NULL, NULL, NULL, NULL, NULL, NULL, 'Heading', NULL, NULL, NULL, NULL, NULL, NULL, '0', '0', '0', '0', '0', '0', '2017-07-27 20:30:19', '2017-07-27 21:09:22', '43a4e6e5-440c-492b-a971-c6e05551fd1b'),
 ('133', '537', 'en_us', NULL, NULL, NULL, NULL, NULL, NULL, NULL, NULL, NULL, NULL, NULL, NULL, NULL, NULL, NULL, NULL, NULL, NULL, NULL, NULL, NULL, NULL, NULL, NULL, NULL, NULL, NULL, NULL, NULL, NULL, NULL, '4', NULL, NULL, NULL, NULL, NULL, NULL, NULL, NULL, NULL, '0', '0', '0', '0', '0', '0', '2017-07-27 20:30:19', '2017-07-27 21:09:22', '3fb0d1bc-ca4b-40bc-803e-3cd46cb067ba'),
 ('134', '538', 'en_us', NULL, NULL, NULL, NULL, NULL, NULL, NULL, NULL, NULL, NULL, NULL, NULL, NULL, NULL, NULL, NULL, NULL, NULL, NULL, NULL, NULL, NULL, NULL, NULL, NULL, NULL, NULL, NULL, NULL, NULL, NULL, NULL, NULL, NULL, NULL, 'Heading', NULL, NULL, NULL, NULL, NULL, '0', '0', '0', '0', '0', '0', '2017-07-27 20:30:19', '2017-07-27 21:09:22', '2e389044-4705-4a73-b8a8-42dc65f31057'),
 ('135', '539', 'en_us', NULL, NULL, NULL, NULL, NULL, NULL, NULL, NULL, NULL, NULL, NULL, NULL, NULL, NULL, NULL, NULL, NULL, NULL, NULL, NULL, NULL, NULL, NULL, NULL, NULL, NULL, NULL, NULL, NULL, NULL, NULL, NULL, NULL, NULL, NULL, NULL, NULL, NULL, 'Heading', NULL, NULL, '0', '0', '0', '0', '0', '0', '2017-07-27 20:30:19', '2017-07-27 21:09:22', '99d7622f-950c-4400-981d-60d1a25accd2'),
 ('136', '540', 'en_us', NULL, NULL, NULL, NULL, NULL, NULL, NULL, NULL, NULL, NULL, NULL, NULL, NULL, NULL, NULL, NULL, NULL, NULL, NULL, NULL, NULL, NULL, NULL, NULL, NULL, NULL, NULL, NULL, NULL, NULL, NULL, NULL, NULL, NULL, NULL, NULL, NULL, NULL, NULL, 'left', NULL, '0', '0', '0', '0', '0', '0', '2017-07-27 20:30:19', '2017-07-27 21:09:22', '0443fa08-7f85-464f-a5a2-b4314ff49ab7'),
 ('252', '913', 'en_us', NULL, NULL, NULL, NULL, NULL, NULL, NULL, NULL, NULL, 'What we faced. ', '<p>A wonderfully passionate community was in dire need of safer and more adequate athletic facilities at their High School Athletic Complex. What existed was an outdated, unsafe, undersized, and unuseable track and bleacher system, non-accessible and inadequate restroom, concessions, and storage facilities. The inadequate number of tennis courts in need of repair and an overall inefficient and unsafe layout of conflicting field and sport uses.</p>', NULL, NULL, NULL, NULL, NULL, NULL, NULL, NULL, NULL, NULL, NULL, NULL, NULL, NULL, NULL, NULL, NULL, NULL, NULL, NULL, NULL, NULL, NULL, NULL, NULL, NULL, NULL, NULL, NULL, NULL, '0', '0', '0', '0', '0', '0', '2017-07-31 19:29:34', '2017-07-31 19:54:48', '491a703e-4b90-4e42-8290-99e26c59926c'),
 ('253', '914', 'en_us', NULL, NULL, NULL, NULL, NULL, NULL, NULL, NULL, NULL, NULL, NULL, NULL, NULL, NULL, NULL, NULL, NULL, NULL, NULL, NULL, NULL, NULL, NULL, NULL, NULL, NULL, NULL, NULL, NULL, NULL, NULL, NULL, NULL, NULL, NULL, NULL, NULL, NULL, NULL, 'right', NULL, '0', '0', '0', '0', '0', '0', '2017-07-31 19:29:34', '2017-07-31 19:54:48', '21243e75-235c-4e51-99a2-52f0123db783'),
 ('254', '915', 'en_us', NULL, NULL, NULL, NULL, NULL, NULL, NULL, NULL, NULL, 'Including Passionate Stakeholders in the Master Planning Process ', '<p>Although with every design project the actual details for construction are extremely important to the success of the project,  perhaps equally important is the early involvement of the stakeholders in the concept stages of the project.   Our goal of the masterplanning process was to engage with the Track Committee and the users of the facility, the coaches, the booster club, the players, and the maintenance and facilities staff.  Only after having an informed ideas of what the stakeholders envision, could we put our designer hats on and begin the design and concept planning.  By having periodic check-ins and presentations with the stakeholders during our concept design phases, it made the “buy-in” of the project design a much smoother and cost effective process as the plans and specifications advanced through to bid documents..  The success of the project was our design team\'s ability to create a balance between the the long wish list of stakeholder desires,  and the real constraints of the project budget. </p>', NULL, NULL, NULL, NULL, NULL, NULL, NULL, NULL, NULL, NULL, NULL, NULL, NULL, NULL, NULL, NULL, NULL, NULL, NULL, NULL, NULL, NULL, NULL, NULL, NULL, NULL, NULL, NULL, NULL, NULL, '0', '0', '0', '0', '0', '0', '2017-07-31 19:29:34', '2017-07-31 19:54:48', 'eb805995-2de4-4867-b18b-c1e4c9303474'),
 ('255', '916', 'en_us', NULL, NULL, NULL, NULL, NULL, NULL, NULL, NULL, NULL, NULL, NULL, 'left', 'The work in-progress ', '<p>Due the size of the project and the inclusion of the complete renovation of the the Boys &amp; Girls locker and team room facilities internal to the school, the project was required to follow the MGL Chapter 149 bidding requirements. This bidding procedure was lead by the MMI design team and led to a project that was completed within budget. </p>\n<p>The resulting athletic facility is a true testament to a collaborative design process. Collaborative not only in the sense of our engineers, planners and landscape architects, but a true collaboration between design team and the community.</p>', '', NULL, NULL, NULL, NULL, NULL, NULL, NULL, NULL, NULL, NULL, NULL, NULL, NULL, NULL, NULL, NULL, NULL, NULL, NULL, NULL, NULL, NULL, NULL, NULL, NULL, NULL, '0', '0', '0', '0', '0', '0', '2017-07-31 19:29:34', '2017-07-31 19:54:48', '492830fb-10d6-4e3a-bed9-bb8b82b47141'),
 ('256', '917', 'en_us', NULL, NULL, NULL, NULL, NULL, NULL, NULL, NULL, NULL, NULL, NULL, NULL, NULL, NULL, NULL, NULL, NULL, NULL, NULL, NULL, NULL, NULL, NULL, NULL, NULL, NULL, NULL, NULL, NULL, NULL, NULL, NULL, 'A look at the finished product. ', NULL, NULL, NULL, NULL, NULL, NULL, NULL, NULL, '0', '0', '0', '0', '0', '0', '2017-07-31 19:29:34', '2017-07-31 19:54:48', 'cea3812e-58c5-4ce2-ba99-1cd0a1393c15'),
 ('257', '922', 'en_us', NULL, NULL, NULL, NULL, NULL, NULL, NULL, 'A List of Facility Improvements include: ', '', NULL, NULL, NULL, NULL, NULL, NULL, NULL, NULL, NULL, NULL, NULL, NULL, NULL, NULL, NULL, NULL, NULL, NULL, NULL, NULL, NULL, NULL, NULL, NULL, NULL, NULL, NULL, NULL, NULL, NULL, NULL, NULL, '0', '1', '0', '0', '0', '0', '2017-07-31 19:29:34', '2017-07-31 19:54:48', '6d9048e1-b317-439c-bd8d-8879d2805038'),
 ('258', '938', 'en_us', NULL, NULL, NULL, NULL, NULL, NULL, 'Meet the team involved.', NULL, NULL, NULL, NULL, NULL, NULL, NULL, NULL, NULL, NULL, NULL, NULL, NULL, NULL, NULL, NULL, NULL, NULL, NULL, NULL, NULL, NULL, NULL, NULL, NULL, NULL, NULL, NULL, NULL, NULL, NULL, NULL, NULL, NULL, '0', '0', '0', '0', '0', '0', '2017-07-31 19:29:35', '2017-07-31 19:54:49', 'c086e7aa-b2e6-460d-b7a5-2aadfd0ff007'),
 ('259', '941', 'en_us', NULL, NULL, NULL, NULL, NULL, NULL, NULL, NULL, NULL, NULL, NULL, NULL, NULL, NULL, NULL, NULL, NULL, NULL, NULL, NULL, NULL, NULL, NULL, NULL, NULL, NULL, NULL, NULL, NULL, NULL, NULL, NULL, NULL, NULL, NULL, 'Let\'s work together! ', NULL, NULL, NULL, NULL, NULL, '0', '0', '0', '0', '0', '0', '2017-07-31 19:29:35', '2017-07-31 19:54:49', 'a9b805b3-b029-4b5d-9fef-41e48143149b'),
 ('260', '942', 'en_us', NULL, NULL, 'Related Projects ', NULL, NULL, NULL, NULL, NULL, NULL, NULL, NULL, NULL, NULL, NULL, NULL, NULL, NULL, NULL, NULL, NULL, NULL, NULL, NULL, NULL, NULL, NULL, NULL, NULL, NULL, NULL, NULL, NULL, NULL, NULL, NULL, NULL, NULL, NULL, NULL, NULL, NULL, '0', '0', '0', '0', '0', '0', '2017-07-31 19:29:35', '2017-07-31 19:54:49', '87f99895-4123-4fb5-9a6a-3f73d497af01');



DROP TABLE IF EXISTS `craft_matrixcontent_featuredimage`;


--
-- Schema for table `craft_matrixcontent_featuredimage`
--
CREATE TABLE `craft_matrixcontent_featuredimage` (
  `id` int(11) NOT NULL AUTO_INCREMENT,
  `elementId` int(11) NOT NULL,
  `locale` char(12) COLLATE utf8_unicode_ci NOT NULL,
  `field_featuredimage_heading` text COLLATE utf8_unicode_ci,
  `field_featuredimage_subheading` text COLLATE utf8_unicode_ci,
  `field_featuredimage_animated` tinyint(1) unsigned NOT NULL DEFAULT '0',
  `dateCreated` datetime NOT NULL,
  `dateUpdated` datetime NOT NULL,
  `uid` char(36) COLLATE utf8_unicode_ci NOT NULL DEFAULT '0',
  PRIMARY KEY (`id`),
  UNIQUE KEY `craft_matrixcontent_featuredimage_elementId_locale_unq_idx` (`elementId`,`locale`),
  KEY `craft_matrixcontent_featuredimage_locale_fk` (`locale`)
) ENGINE=InnoDB AUTO_INCREMENT=5 DEFAULT CHARSET=utf8 COLLATE=utf8_unicode_ci;

--
-- Data for table `craft_matrixcontent_featuredimage`
--

INSERT INTO `craft_matrixcontent_featuredimage` (`id`, `elementId`, `locale`, `field_featuredimage_heading`, `field_featuredimage_subheading`, `field_featuredimage_animated`, `dateCreated`, `dateUpdated`, `uid`) VALUES
 ('1', '176', 'en_us', 'Transform the virtually unusable into a true showcase athletic venue for the community and the region. ', 'The Challenge', '1', '2017-07-13 16:21:56', '2017-07-27 14:39:30', 'a5166323-2f1b-4729-9eb5-9d0bf5c5cba6'),
 ('2', '750', 'en_us', 'Convert a  natural grass multipurpose field to synthetic turf.', 'The Challenge', '1', '2017-07-31 13:10:18', '2017-07-31 13:10:18', 'e3bc546c-514d-4ae8-a6bb-93b771a95fb5'),
 ('4', '911', 'en_us', 'Transform An abandoned lot to a downtown destination', 'The Challenge', '0', '2017-07-31 19:29:34', '2017-07-31 19:54:48', '3fe47392-c285-499e-992c-f0280165a70c');



DROP TABLE IF EXISTS `craft_matrixcontent_roles`;


--
-- Schema for table `craft_matrixcontent_roles`
--
CREATE TABLE `craft_matrixcontent_roles` (
  `id` int(11) NOT NULL AUTO_INCREMENT,
  `elementId` int(11) NOT NULL,
  `locale` char(12) COLLATE utf8_unicode_ci NOT NULL,
  `field_roles_role` text COLLATE utf8_unicode_ci,
  `dateCreated` datetime NOT NULL,
  `dateUpdated` datetime NOT NULL,
  `uid` char(36) COLLATE utf8_unicode_ci NOT NULL DEFAULT '0',
  PRIMARY KEY (`id`),
  UNIQUE KEY `craft_matrixcontent_roles_elementId_locale_unq_idx` (`elementId`,`locale`),
  KEY `craft_matrixcontent_roles_locale_fk` (`locale`)
) ENGINE=InnoDB AUTO_INCREMENT=4 DEFAULT CHARSET=utf8 COLLATE=utf8_unicode_ci;

--
-- Data for table `craft_matrixcontent_roles`
--

INSERT INTO `craft_matrixcontent_roles` (`id`, `elementId`, `locale`, `field_roles_role`, `dateCreated`, `dateUpdated`, `uid`) VALUES
 ('1', '36', 'en_us', 'Vice President', '2017-06-15 15:05:59', '2017-06-15 16:17:13', 'fc0fac7b-f74f-4e79-80b5-abfc11226b31'),
 ('2', '37', 'en_us', 'Practice Lead', '2017-06-15 15:05:59', '2017-06-15 16:17:13', '0d880af7-1dce-4179-8556-b76ac78951b8'),
 ('3', '39', 'en_us', 'Project Manager', '2017-06-15 16:17:13', '2017-06-15 16:17:13', '5933280e-4328-48df-8821-102bc9e9a76a');



DROP TABLE IF EXISTS `craft_matrixcontent_sociallinks`;


--
-- Schema for table `craft_matrixcontent_sociallinks`
--
CREATE TABLE `craft_matrixcontent_sociallinks` (
  `id` int(11) NOT NULL AUTO_INCREMENT,
  `elementId` int(11) NOT NULL,
  `locale` char(12) COLLATE utf8_unicode_ci NOT NULL,
  `field_socialLinks_linkedin` text COLLATE utf8_unicode_ci,
  `field_socialLinks_facebook` text COLLATE utf8_unicode_ci,
  `field_socialLinks_twitter` text COLLATE utf8_unicode_ci,
  `dateCreated` datetime NOT NULL,
  `dateUpdated` datetime NOT NULL,
  `uid` char(36) COLLATE utf8_unicode_ci NOT NULL DEFAULT '0',
  PRIMARY KEY (`id`),
  UNIQUE KEY `craft_matrixcontent_sociallinks_elementId_locale_unq_idx` (`elementId`,`locale`),
  KEY `craft_matrixcontent_sociallinks_locale_fk` (`locale`)
) ENGINE=InnoDB DEFAULT CHARSET=utf8 COLLATE=utf8_unicode_ci;

DROP TABLE IF EXISTS `craft_matrixcontent_value`;


--
-- Schema for table `craft_matrixcontent_value`
--
CREATE TABLE `craft_matrixcontent_value` (
  `id` int(11) NOT NULL AUTO_INCREMENT,
  `elementId` int(11) NOT NULL,
  `locale` char(12) COLLATE utf8_unicode_ci NOT NULL,
  `field_value_value` text COLLATE utf8_unicode_ci,
  `field_value_heading` text COLLATE utf8_unicode_ci,
  `field_value_body` text COLLATE utf8_unicode_ci,
  `dateCreated` datetime NOT NULL,
  `dateUpdated` datetime NOT NULL,
  `uid` char(36) COLLATE utf8_unicode_ci NOT NULL DEFAULT '0',
  PRIMARY KEY (`id`),
  UNIQUE KEY `craft_matrixcontent_value_elementId_locale_unq_idx` (`elementId`,`locale`),
  KEY `craft_matrixcontent_value_locale_fk` (`locale`)
) ENGINE=InnoDB DEFAULT CHARSET=utf8 COLLATE=utf8_unicode_ci;

DROP TABLE IF EXISTS `craft_migrations`;


--
-- Schema for table `craft_migrations`
--
CREATE TABLE `craft_migrations` (
  `id` int(11) NOT NULL AUTO_INCREMENT,
  `pluginId` int(11) DEFAULT NULL,
  `version` varchar(255) COLLATE utf8_unicode_ci NOT NULL,
  `applyTime` datetime NOT NULL,
  `dateCreated` datetime NOT NULL,
  `dateUpdated` datetime NOT NULL,
  `uid` char(36) COLLATE utf8_unicode_ci NOT NULL DEFAULT '0',
  PRIMARY KEY (`id`),
  UNIQUE KEY `craft_migrations_version_unq_idx` (`version`),
  KEY `craft_migrations_pluginId_fk` (`pluginId`)
) ENGINE=InnoDB AUTO_INCREMENT=74 DEFAULT CHARSET=utf8 COLLATE=utf8_unicode_ci;

--
-- Data for table `craft_migrations`
--

INSERT INTO `craft_migrations` (`id`, `pluginId`, `version`, `applyTime`, `dateCreated`, `dateUpdated`, `uid`) VALUES
 ('1', NULL, 'm000000_000000_base', '2017-06-09 17:32:18', '2017-06-09 17:32:18', '2017-06-09 17:32:18', 'bb86d782-2bb2-4e7c-9c8f-3e3f76a43769'),
 ('2', NULL, 'm140730_000001_add_filename_and_format_to_transformindex', '2017-06-09 17:32:18', '2017-06-09 17:32:18', '2017-06-09 17:32:18', '7ffd8e01-bec3-4b38-afd1-530257bb1933'),
 ('3', NULL, 'm140815_000001_add_format_to_transforms', '2017-06-09 17:32:18', '2017-06-09 17:32:18', '2017-06-09 17:32:18', '70cdb2ba-9eb8-4581-b57f-59cb2ac6763c'),
 ('4', NULL, 'm140822_000001_allow_more_than_128_items_per_field', '2017-06-09 17:32:18', '2017-06-09 17:32:18', '2017-06-09 17:32:18', '3c48bb76-3ad5-430d-8b06-10349260cdf3'),
 ('5', NULL, 'm140829_000001_single_title_formats', '2017-06-09 17:32:18', '2017-06-09 17:32:18', '2017-06-09 17:32:18', 'cd765b62-e8bb-4c31-a379-3f2be9d72b39'),
 ('6', NULL, 'm140831_000001_extended_cache_keys', '2017-06-09 17:32:18', '2017-06-09 17:32:18', '2017-06-09 17:32:18', '79374939-2e89-4eda-8063-01edac54beca'),
 ('7', NULL, 'm140922_000001_delete_orphaned_matrix_blocks', '2017-06-09 17:32:18', '2017-06-09 17:32:18', '2017-06-09 17:32:18', '62468aed-ab8b-4b90-8f98-05f8227bac0e'),
 ('8', NULL, 'm141008_000001_elements_index_tune', '2017-06-09 17:32:18', '2017-06-09 17:32:18', '2017-06-09 17:32:18', '3c0c0b96-6dab-4055-b01e-9bbfd8c162c2'),
 ('9', NULL, 'm141009_000001_assets_source_handle', '2017-06-09 17:32:18', '2017-06-09 17:32:18', '2017-06-09 17:32:18', '22b0aab7-1ff3-4917-91df-fe73dedb94f7'),
 ('10', NULL, 'm141024_000001_field_layout_tabs', '2017-06-09 17:32:18', '2017-06-09 17:32:18', '2017-06-09 17:32:18', '157eeef8-d3d4-4f98-ab7d-4352ca66e745'),
 ('11', NULL, 'm141030_000000_plugin_schema_versions', '2017-06-09 17:32:18', '2017-06-09 17:32:18', '2017-06-09 17:32:18', '5d69a5e5-e4aa-491f-a683-78b254a6ca0d'),
 ('12', NULL, 'm141030_000001_drop_structure_move_permission', '2017-06-09 17:32:18', '2017-06-09 17:32:18', '2017-06-09 17:32:18', '96df28dc-7e3a-4bef-b7ab-bd612aa24d35'),
 ('13', NULL, 'm141103_000001_tag_titles', '2017-06-09 17:32:18', '2017-06-09 17:32:18', '2017-06-09 17:32:18', 'b48493f8-f955-42de-9008-9b0df756978c'),
 ('14', NULL, 'm141109_000001_user_status_shuffle', '2017-06-09 17:32:18', '2017-06-09 17:32:18', '2017-06-09 17:32:18', '65a47229-9dac-45e6-979b-6d842aea6038'),
 ('15', NULL, 'm141126_000001_user_week_start_day', '2017-06-09 17:32:18', '2017-06-09 17:32:18', '2017-06-09 17:32:18', '4cb78fcd-312e-4e0d-99b6-141353714845'),
 ('16', NULL, 'm150210_000001_adjust_user_photo_size', '2017-06-09 17:32:18', '2017-06-09 17:32:18', '2017-06-09 17:32:18', 'f4381fe4-8a98-4a1f-80cc-b0098fb4e36e'),
 ('17', NULL, 'm150724_000001_adjust_quality_settings', '2017-06-09 17:32:18', '2017-06-09 17:32:19', '2017-06-09 17:32:19', '8021b16f-cc85-4ce4-a42b-af5043c1cc1d'),
 ('18', NULL, 'm150827_000000_element_index_settings', '2017-06-09 17:32:18', '2017-06-09 17:32:19', '2017-06-09 17:32:19', 'c5851f93-9ec8-4f77-8048-f807329682d2'),
 ('19', NULL, 'm150918_000001_add_colspan_to_widgets', '2017-06-09 17:32:18', '2017-06-09 17:32:19', '2017-06-09 17:32:19', '2d426672-033e-4534-8546-23fb2bca7b55'),
 ('20', NULL, 'm151007_000000_clear_asset_caches', '2017-06-09 17:32:18', '2017-06-09 17:32:19', '2017-06-09 17:32:19', '33373f16-1589-4d70-a664-a43acd410f34'),
 ('21', NULL, 'm151109_000000_text_url_formats', '2017-06-09 17:32:18', '2017-06-09 17:32:19', '2017-06-09 17:32:19', '7e5629e6-ad5a-4d9d-b15d-d8da49c7918d'),
 ('22', NULL, 'm151110_000000_move_logo', '2017-06-09 17:32:18', '2017-06-09 17:32:19', '2017-06-09 17:32:19', '59bb37b5-d0f4-43be-b990-0ae7b4c5e9e5'),
 ('23', NULL, 'm151117_000000_adjust_image_widthheight', '2017-06-09 17:32:18', '2017-06-09 17:32:19', '2017-06-09 17:32:19', 'c56d8d08-e896-48cf-bec4-d405280e5420'),
 ('24', NULL, 'm151127_000000_clear_license_key_status', '2017-06-09 17:32:18', '2017-06-09 17:32:19', '2017-06-09 17:32:19', '165c7f5a-ff29-44c0-aa16-51f8aa80a036'),
 ('25', NULL, 'm151127_000000_plugin_license_keys', '2017-06-09 17:32:18', '2017-06-09 17:32:19', '2017-06-09 17:32:19', '7455f971-0cc2-4737-9337-f0228884ea34'),
 ('26', NULL, 'm151130_000000_update_pt_widget_feeds', '2017-06-09 17:32:18', '2017-06-09 17:32:19', '2017-06-09 17:32:19', 'ca38f8e6-c8ae-4a79-aef1-6e660c42d02d'),
 ('27', NULL, 'm160114_000000_asset_sources_public_url_default_true', '2017-06-09 17:32:18', '2017-06-09 17:32:19', '2017-06-09 17:32:19', '628be249-abb3-43a9-a1e7-b57b105e2f21'),
 ('28', NULL, 'm160223_000000_sortorder_to_smallint', '2017-06-09 17:32:18', '2017-06-09 17:32:19', '2017-06-09 17:32:19', 'b165c2ee-8288-4141-a129-e1373251c51b'),
 ('29', NULL, 'm160229_000000_set_default_entry_statuses', '2017-06-09 17:32:18', '2017-06-09 17:32:19', '2017-06-09 17:32:19', 'dd195855-2ddf-4ffb-a641-621ebc17d3c0'),
 ('30', NULL, 'm160304_000000_client_permissions', '2017-06-09 17:32:18', '2017-06-09 17:32:19', '2017-06-09 17:32:19', 'fb32d35f-e60c-4e98-9336-8802b0202307'),
 ('31', NULL, 'm160322_000000_asset_filesize', '2017-06-09 17:32:18', '2017-06-09 17:32:19', '2017-06-09 17:32:19', '715808d7-d4e8-4cee-8980-8ce2989a559c'),
 ('32', NULL, 'm160503_000000_orphaned_fieldlayouts', '2017-06-09 17:32:18', '2017-06-09 17:32:19', '2017-06-09 17:32:19', '03b4ae5b-5181-4671-b721-bff4c13e289e'),
 ('33', NULL, 'm160510_000000_tasksettings', '2017-06-09 17:32:18', '2017-06-09 17:32:19', '2017-06-09 17:32:19', 'df3debf1-411d-45c1-b3d6-7e62af74d26a'),
 ('34', NULL, 'm160829_000000_pending_user_content_cleanup', '2017-06-09 17:32:18', '2017-06-09 17:32:19', '2017-06-09 17:32:19', '67213591-3348-48ef-babe-5fb399815437'),
 ('35', NULL, 'm160830_000000_asset_index_uri_increase', '2017-06-09 17:32:18', '2017-06-09 17:32:19', '2017-06-09 17:32:19', '04b5492b-0da7-483d-8b43-c55d3aa5e6e2'),
 ('36', NULL, 'm160919_000000_usergroup_handle_title_unique', '2017-06-09 17:32:18', '2017-06-09 17:32:19', '2017-06-09 17:32:19', 'cf55a0ab-701c-4f79-ad6c-1e98c1273f2b'),
 ('37', NULL, 'm161108_000000_new_version_format', '2017-06-09 17:32:18', '2017-06-09 17:32:19', '2017-06-09 17:32:19', '5d5819c1-9eec-4613-ae47-bd189b3ad4fb'),
 ('38', NULL, 'm161109_000000_index_shuffle', '2017-06-09 17:32:18', '2017-06-09 17:32:19', '2017-06-09 17:32:19', 'f67717cf-c436-4df1-b65f-fe1b4ec275d0'),
 ('39', '1', 'm150901_144609_superTable_fixForContentTables', '2017-06-09 17:35:15', '2017-06-09 17:35:15', '2017-06-09 17:35:15', 'ae0f4e3b-f984-4fca-9ddb-cb8a5b0b2d3b'),
 ('40', '2', 'm151225_000000_seomatic_addHumansField', '2017-06-09 17:35:20', '2017-06-09 17:35:20', '2017-06-09 17:35:20', '473b7dd3-11a3-40b7-a6d7-44faae760233'),
 ('41', '2', 'm151226_000000_seomatic_addTwitterFacebookFields', '2017-06-09 17:35:20', '2017-06-09 17:35:20', '2017-06-09 17:35:20', '9eed508d-cc88-43e8-8850-bed49f83dd55'),
 ('42', '2', 'm160101_000000_seomatic_addRobotsFields', '2017-06-09 17:35:20', '2017-06-09 17:35:20', '2017-06-09 17:35:20', '2e48bb14-2792-4e30-bbd7-c5c380887e61'),
 ('43', '2', 'm160111_000000_seomatic_addTitleFields', '2017-06-09 17:35:20', '2017-06-09 17:35:20', '2017-06-09 17:35:20', 'f9958d31-6f2c-4b5a-8ed1-7080baa33559'),
 ('44', '2', 'm160122_000000_seomatic_addTypeFields', '2017-06-09 17:35:20', '2017-06-09 17:35:20', '2017-06-09 17:35:20', '4c4ce0d7-cd87-46ec-be52-e06bb7282d6d'),
 ('45', '2', 'm160123_000000_seomatic_addOpeningHours', '2017-06-09 17:35:20', '2017-06-09 17:35:20', '2017-06-09 17:35:20', '85255a8e-8cc8-49c7-8394-953ebefa4d6c'),
 ('46', '2', 'm160202_000000_seomatic_addSocialHandles', '2017-06-09 17:35:20', '2017-06-09 17:35:20', '2017-06-09 17:35:20', '3cccecc3-e073-4394-9723-4fd4747eb29f'),
 ('47', '2', 'm160204_000000_seomatic_addGoogleAnalytics', '2017-06-09 17:35:20', '2017-06-09 17:35:20', '2017-06-09 17:35:20', '81a4a934-ff91-4b70-8e9b-a8ec1085c599'),
 ('48', '2', 'm160205_000000_seomatic_addResturantMenu', '2017-06-09 17:35:20', '2017-06-09 17:35:20', '2017-06-09 17:35:20', '959b2dff-deac-4634-845d-d489af9915f5'),
 ('49', '2', 'm160206_000000_seomatic_addGoogleAnalyticsPlugins', '2017-06-09 17:35:20', '2017-06-09 17:35:20', '2017-06-09 17:35:20', 'a025fac0-7f02-43dc-af36-a18e9c9a81c5'),
 ('50', '2', 'm160206_000000_seomatic_addGoogleAnalyticsSendPageView', '2017-06-09 17:35:20', '2017-06-09 17:35:20', '2017-06-09 17:35:20', 'f1a64d29-5290-4088-b5a3-17b22d4c9c23'),
 ('51', '2', 'm160209_000000_seomatic_alterDescriptionsColumns', '2017-06-09 17:35:20', '2017-06-09 17:35:20', '2017-06-09 17:35:20', '5d05544f-8752-4889-b404-c1ebe4da7b72'),
 ('52', '2', 'm160209_000001_seomatic_addRobotsTxt', '2017-06-09 17:35:20', '2017-06-09 17:35:20', '2017-06-09 17:35:20', '34398a4e-7c93-4172-ad91-e4483e79f4bd'),
 ('53', '2', 'm160227_000000_seomatic_addFacebookAppId', '2017-06-09 17:35:20', '2017-06-09 17:35:20', '2017-06-09 17:35:20', '4b47effe-69a4-4045-9239-bc29a4fce0d1'),
 ('54', '2', 'm160416_000000_seomatic_addContactPoints', '2017-06-09 17:35:20', '2017-06-09 17:35:20', '2017-06-09 17:35:20', '3271863d-76bf-401e-a54c-b9b45712f377'),
 ('55', '2', 'm160509_000000_seomatic_addSiteLinksBing', '2017-06-09 17:35:20', '2017-06-09 17:35:20', '2017-06-09 17:35:20', '46d3f9be-38f5-4612-b36a-43658feeb4e4'),
 ('56', '2', 'm160707_000000_seomatic_addGoogleTagManager', '2017-06-09 17:35:20', '2017-06-09 17:35:20', '2017-06-09 17:35:20', 'ea2f27b8-4407-415f-bb41-0b39800f7aa5'),
 ('57', '2', 'm160715_000000_seomatic_addSeoImageTransforms', '2017-06-09 17:35:20', '2017-06-09 17:35:20', '2017-06-09 17:35:20', 'c1bd9d55-c8f6-4692-bd16-502a47150185'),
 ('58', '2', 'm160723_000000_seomatic_addSeoMainEntityOfPage', '2017-06-09 17:35:20', '2017-06-09 17:35:20', '2017-06-09 17:35:20', '3646e6a0-ab1a-41f4-8f9e-50e86604817d'),
 ('59', '2', 'm160724_000000_seomatic_addSeoMainEntityCategory', '2017-06-09 17:35:20', '2017-06-09 17:35:20', '2017-06-09 17:35:20', 'fb7df0f4-8939-4916-b5f7-b9fad6cdb5da'),
 ('60', '2', 'm160811_000000_seomatic_addVimeo', '2017-06-09 17:35:20', '2017-06-09 17:35:20', '2017-06-09 17:35:20', '8fdec446-670d-41a0-a808-88a42ee7c1b8'),
 ('61', '2', 'm160904_000000_seomatic_addTwitterFacebookImages', '2017-06-09 17:35:20', '2017-06-09 17:35:20', '2017-06-09 17:35:20', 'de4339bc-5c7e-47e6-a847-0801998a7cdc'),
 ('62', '2', 'm161220_000000_seomatic_addPriceRange', '2017-06-09 17:35:20', '2017-06-09 17:35:20', '2017-06-09 17:35:20', 'abbcb6b6-2208-4567-b177-794714c6bd57'),
 ('63', '2', 'm170212_000000_seomatic_addGoogleAnalyticsAnonymizeIp', '2017-06-09 17:35:20', '2017-06-09 17:35:20', '2017-06-09 17:35:20', 'b066ba49-a001-4979-9dfc-fbb66ab42e78'),
 ('64', '2', 'm170212_000000_seomatic_addWikipedia', '2017-06-09 17:35:20', '2017-06-09 17:35:20', '2017-06-09 17:35:20', '8a0f4ed6-fcad-42ab-9033-2aa76e712765'),
 ('65', '4', 'm161121_101534_freeform_AddCheckedAttributeToFieldModel', '2017-06-09 17:35:42', '2017-06-09 17:35:42', '2017-06-09 17:35:42', '9e6cd9ec-b05d-43e1-a578-1bf990105faa'),
 ('66', '4', 'm161129_134744_freeform_ChangingFieldDatabaseTypes', '2017-06-09 17:35:42', '2017-06-09 17:35:42', '2017-06-09 17:35:42', '5404f062-a7a6-415b-b56a-c3c419625a4d'),
 ('67', '4', 'm170127_083920_freeform_MakeFieldCheckedNullable', '2017-06-09 17:35:42', '2017-06-09 17:35:42', '2017-06-09 17:35:42', 'ce4b2442-f780-4a5e-b48b-0be49a45b276'),
 ('68', '4', 'm170127_095031_freeform_AddArrayTypeToIntegrationFields', '2017-06-09 17:35:42', '2017-06-09 17:35:42', '2017-06-09 17:35:42', '758c17e1-732b-47ef-b755-d1f3897c5484'),
 ('69', '4', 'm170207_111312_freeform_AddColorToForms', '2017-06-09 17:35:42', '2017-06-09 17:35:42', '2017-06-09 17:35:42', 'aa82168a-e5b8-4f00-a26f-fc7df45aa47a'),
 ('70', '5', 'm160922_150924_navee_AddRegexField', '2017-06-09 20:29:37', '2017-06-09 20:29:37', '2017-06-09 20:29:37', 'ae02cf62-89e0-47d6-a751-6a122d60fb0a'),
 ('71', '6', 'm160208_010101_FruitLinkIt_UpdateExistingLinkItFields', '2017-06-12 20:45:15', '2017-06-12 20:45:15', '2017-06-12 20:45:15', 'c3a24783-3fc3-4eac-bec4-cfbdeb322196'),
 ('72', '8', 'm160307_180819_picPuller_dataBaseCreation', '2017-06-15 14:27:34', '2017-06-15 14:27:34', '2017-06-15 14:27:34', '8eb1bf1c-b373-41d9-bc66-934f2a1500ce'),
 ('73', NULL, 'm170612_000000_route_index_shuffle', '2017-07-10 18:18:31', '2017-07-10 18:18:31', '2017-07-10 18:18:31', 'c08ff97e-7581-4851-b399-d7f054640907');



DROP TABLE IF EXISTS `craft_navee_navigations`;


--
-- Schema for table `craft_navee_navigations`
--
CREATE TABLE `craft_navee_navigations` (
  `id` int(11) NOT NULL AUTO_INCREMENT,
  `creatorId` int(11) DEFAULT NULL,
  `name` varchar(255) COLLATE utf8_unicode_ci NOT NULL,
  `handle` varchar(255) COLLATE utf8_unicode_ci NOT NULL,
  `maxLevels` int(10) DEFAULT NULL,
  `fieldLayoutId` int(10) DEFAULT NULL,
  `structureId` int(10) DEFAULT NULL,
  `dateCreated` datetime NOT NULL,
  `dateUpdated` datetime NOT NULL,
  `uid` char(36) COLLATE utf8_unicode_ci NOT NULL DEFAULT '0',
  PRIMARY KEY (`id`),
  UNIQUE KEY `craft_navee_navigations_name_unq_idx` (`name`),
  UNIQUE KEY `craft_navee_navigations_handle_unq_idx` (`handle`),
  KEY `craft_navee_navigations_fieldLayoutId_fk` (`fieldLayoutId`),
  KEY `craft_navee_navigations_creatorId_fk` (`creatorId`)
) ENGINE=InnoDB AUTO_INCREMENT=2 DEFAULT CHARSET=utf8 COLLATE=utf8_unicode_ci;

--
-- Data for table `craft_navee_navigations`
--

INSERT INTO `craft_navee_navigations` (`id`, `creatorId`, `name`, `handle`, `maxLevels`, `fieldLayoutId`, `structureId`, `dateCreated`, `dateUpdated`, `uid`) VALUES
 ('1', '1', 'Primary Navigation', 'primaryNavigation', NULL, '20', '4', '2017-06-09 20:30:45', '2017-06-09 20:30:45', '25eab53d-ed48-4d6c-a89e-4ab28562288a');



DROP TABLE IF EXISTS `craft_navee_nodes`;


--
-- Schema for table `craft_navee_nodes`
--
CREATE TABLE `craft_navee_nodes` (
  `id` int(11) NOT NULL,
  `navigationId` int(11) NOT NULL,
  `linkType` enum('entryId','assetId','categoryId','customUri','none') COLLATE utf8_unicode_ci DEFAULT NULL,
  `entryId` int(10) DEFAULT NULL,
  `assetId` int(10) DEFAULT NULL,
  `categoryId` int(10) DEFAULT NULL,
  `customUri` varchar(255) COLLATE utf8_unicode_ci DEFAULT NULL,
  `class` varchar(255) COLLATE utf8_unicode_ci DEFAULT NULL,
  `idAttr` varchar(255) COLLATE utf8_unicode_ci DEFAULT NULL,
  `rel` varchar(255) COLLATE utf8_unicode_ci DEFAULT NULL,
  `name` varchar(255) COLLATE utf8_unicode_ci DEFAULT NULL,
  `titleAttr` varchar(255) COLLATE utf8_unicode_ci DEFAULT NULL,
  `accessKey` varchar(255) COLLATE utf8_unicode_ci DEFAULT NULL,
  `target` varchar(255) COLLATE utf8_unicode_ci DEFAULT NULL,
  `includeInNavigation` tinyint(1) unsigned NOT NULL DEFAULT '0',
  `passive` tinyint(1) unsigned NOT NULL DEFAULT '0',
  `userGroups` text COLLATE utf8_unicode_ci,
  `regex` varchar(255) COLLATE utf8_unicode_ci DEFAULT NULL,
  `dateCreated` datetime NOT NULL,
  `dateUpdated` datetime NOT NULL,
  `uid` char(36) COLLATE utf8_unicode_ci NOT NULL DEFAULT '0',
  PRIMARY KEY (`id`),
  KEY `craft_navee_nodes_navigationId_fk` (`navigationId`)
) ENGINE=InnoDB DEFAULT CHARSET=utf8 COLLATE=utf8_unicode_ci;

--
-- Data for table `craft_navee_nodes`
--

INSERT INTO `craft_navee_nodes` (`id`, `navigationId`, `linkType`, `entryId`, `assetId`, `categoryId`, `customUri`, `class`, `idAttr`, `rel`, `name`, `titleAttr`, `accessKey`, `target`, `includeInNavigation`, `passive`, `userGroups`, `regex`, `dateCreated`, `dateUpdated`, `uid`) VALUES
 ('27', '1', 'entryId', '2', NULL, NULL, '', '', '', '', '', '', '', '', '1', '0', '[]', '', '2017-06-09 20:32:02', '2017-06-16 15:40:22', '60c7b8be-07fe-458e-8a4b-a9014687eeab');



DROP TABLE IF EXISTS `craft_picpuller_authorizations`;


--
-- Schema for table `craft_picpuller_authorizations`
--
CREATE TABLE `craft_picpuller_authorizations` (
  `id` int(11) NOT NULL AUTO_INCREMENT,
  `user_id` varchar(255) COLLATE utf8_unicode_ci NOT NULL,
  `instagram_id` varchar(255) COLLATE utf8_unicode_ci NOT NULL,
  `oauth` varchar(255) COLLATE utf8_unicode_ci NOT NULL,
  `dateCreated` datetime NOT NULL,
  `dateUpdated` datetime NOT NULL,
  `uid` char(36) COLLATE utf8_unicode_ci NOT NULL DEFAULT '0',
  PRIMARY KEY (`id`)
) ENGINE=InnoDB AUTO_INCREMENT=2 DEFAULT CHARSET=utf8 COLLATE=utf8_unicode_ci;

--
-- Data for table `craft_picpuller_authorizations`
--

INSERT INTO `craft_picpuller_authorizations` (`id`, `user_id`, `instagram_id`, `oauth`, `dateCreated`, `dateUpdated`, `uid`) VALUES
 ('1', '1', '2959445', '2959445.13fd619.5caa558f1b5e435a838a4f6a4c2906fe', '2017-06-15 14:31:26', '2017-06-15 14:31:26', '4e84372f-ae92-4db6-bfcb-4353aecf567d');



DROP TABLE IF EXISTS `craft_plugins`;


--
-- Schema for table `craft_plugins`
--
CREATE TABLE `craft_plugins` (
  `id` int(11) NOT NULL AUTO_INCREMENT,
  `class` varchar(150) COLLATE utf8_unicode_ci NOT NULL,
  `version` varchar(15) COLLATE utf8_unicode_ci NOT NULL,
  `schemaVersion` varchar(15) COLLATE utf8_unicode_ci DEFAULT NULL,
  `licenseKey` char(24) COLLATE utf8_unicode_ci DEFAULT NULL,
  `licenseKeyStatus` enum('valid','invalid','mismatched','unknown') COLLATE utf8_unicode_ci NOT NULL DEFAULT 'unknown',
  `enabled` tinyint(1) unsigned NOT NULL DEFAULT '0',
  `settings` text COLLATE utf8_unicode_ci,
  `installDate` datetime NOT NULL,
  `dateCreated` datetime NOT NULL,
  `dateUpdated` datetime NOT NULL,
  `uid` char(36) COLLATE utf8_unicode_ci NOT NULL DEFAULT '0',
  PRIMARY KEY (`id`)
) ENGINE=InnoDB AUTO_INCREMENT=13 DEFAULT CHARSET=utf8 COLLATE=utf8_unicode_ci;

--
-- Data for table `craft_plugins`
--

INSERT INTO `craft_plugins` (`id`, `class`, `version`, `schemaVersion`, `licenseKey`, `licenseKeyStatus`, `enabled`, `settings`, `installDate`, `dateCreated`, `dateUpdated`, `uid`) VALUES
 ('1', 'SuperTable', '1.0.5', '1.0.0', NULL, 'unknown', '1', NULL, '2017-06-09 17:35:15', '2017-06-09 17:35:15', '2017-08-01 13:34:25', 'bb9e441d-7865-48f3-90d9-d22711672bf2'),
 ('2', 'Seomatic', '1.1.47', '1.1.25', NULL, 'unknown', '1', NULL, '2017-06-09 17:35:20', '2017-06-09 17:35:20', '2017-08-01 13:34:25', 'bd05fa08-d301-4612-ad34-853fc004fa8f'),
 ('3', 'CacheBuster', '1.2.2', NULL, NULL, 'unknown', '1', NULL, '2017-06-09 17:35:38', '2017-06-09 17:35:38', '2017-08-01 13:34:25', '3dfe6a4c-849a-4898-8066-ca04160db0ec'),
 ('4', 'Freeform', '1.5.1', '1.0.5', NULL, 'unknown', '1', '{\"formTemplateDirectory\":null,\"emailTemplateDirectory\":null,\"emailTemplateStorage\":\"db\",\"license\":null,\"spamProtectionEnabled\":true,\"defaultView\":\"forms\",\"fieldDisplayOrder\":\"name\",\"showTutorial\":false}', '2017-06-09 17:35:42', '2017-06-09 17:35:42', '2017-08-01 13:34:25', '3b8f971a-c762-4565-9980-e763e1999fed'),
 ('5', 'Navee', '1.3.0', NULL, NULL, 'unknown', '1', NULL, '2017-06-09 20:29:37', '2017-06-09 20:29:37', '2017-08-01 13:34:25', '43618da2-b5bc-4dff-b999-4c4d23ecf773'),
 ('6', 'FruitLinkIt', '2.3.4', '2.3.0', NULL, 'unknown', '1', NULL, '2017-06-12 20:45:15', '2017-06-12 20:45:15', '2017-08-01 13:34:25', '522fbe77-f6a3-435e-ab5b-0b876cdf3ec0'),
 ('8', 'PicPuller', '2.3.2', '2.1.0', NULL, 'unknown', '1', '{\"shortname\":\"Instagram Social Feed\",\"shareoauth\":false,\"sharedoauthuser\":1}', '2017-06-15 14:27:34', '2017-06-15 14:27:34', '2017-08-01 13:34:25', '56c993bb-af19-4f81-bfdf-7553ac7dbf39'),
 ('9', 'SvgIcons', '0.0.6', '0.0.1', NULL, 'unknown', '1', NULL, '2017-06-16 15:23:46', '2017-06-16 15:23:46', '2017-08-01 13:34:25', '12adb31b-113c-49c7-b33e-d2393e4d4fa6'),
 ('10', 'ElementApi', '1.6.0', '1.0.0', NULL, 'unknown', '1', NULL, '2017-06-26 18:38:03', '2017-06-26 18:38:03', '2017-08-01 13:34:25', 'c640be58-862b-41da-80f7-bdd75eb5b68b'),
 ('11', 'VzAddress', '1.5.0', '1.0.0', NULL, 'unknown', '1', NULL, '2017-06-26 19:31:32', '2017-06-26 19:31:32', '2017-08-01 13:34:25', '3f1e21ae-186b-419d-82e9-ec148111062a'),
 ('12', 'Hue', '1.1.1', '0.0.0.0', NULL, 'unknown', '1', NULL, '2017-07-26 19:58:24', '2017-07-26 19:58:24', '2017-08-01 13:34:25', '32719ad6-d98e-4bf1-8e67-ff1188d4161f');



DROP TABLE IF EXISTS `craft_rackspaceaccess`;


--
-- Schema for table `craft_rackspaceaccess`
--
CREATE TABLE `craft_rackspaceaccess` (
  `id` int(11) NOT NULL AUTO_INCREMENT,
  `connectionKey` varchar(255) COLLATE utf8_unicode_ci NOT NULL,
  `token` varchar(255) COLLATE utf8_unicode_ci NOT NULL,
  `storageUrl` varchar(255) COLLATE utf8_unicode_ci NOT NULL,
  `cdnUrl` varchar(255) COLLATE utf8_unicode_ci NOT NULL,
  `dateCreated` datetime NOT NULL,
  `dateUpdated` datetime NOT NULL,
  `uid` char(36) COLLATE utf8_unicode_ci NOT NULL DEFAULT '0',
  PRIMARY KEY (`id`),
  UNIQUE KEY `craft_rackspaceaccess_connectionKey_unq_idx` (`connectionKey`)
) ENGINE=InnoDB DEFAULT CHARSET=utf8 COLLATE=utf8_unicode_ci;

DROP TABLE IF EXISTS `craft_relations`;


--
-- Schema for table `craft_relations`
--
CREATE TABLE `craft_relations` (
  `id` int(11) NOT NULL AUTO_INCREMENT,
  `fieldId` int(11) NOT NULL,
  `sourceId` int(11) NOT NULL,
  `sourceLocale` char(12) COLLATE utf8_unicode_ci DEFAULT NULL,
  `targetId` int(11) NOT NULL,
  `sortOrder` smallint(6) DEFAULT NULL,
  `dateCreated` datetime NOT NULL,
  `dateUpdated` datetime NOT NULL,
  `uid` char(36) COLLATE utf8_unicode_ci NOT NULL DEFAULT '0',
  PRIMARY KEY (`id`),
  UNIQUE KEY `craft_relations_fieldId_sourceId_sourceLocale_targetId_unq_idx` (`fieldId`,`sourceId`,`sourceLocale`,`targetId`),
  KEY `craft_relations_sourceId_fk` (`sourceId`),
  KEY `craft_relations_sourceLocale_fk` (`sourceLocale`),
  KEY `craft_relations_targetId_fk` (`targetId`)
) ENGINE=InnoDB AUTO_INCREMENT=2164 DEFAULT CHARSET=utf8 COLLATE=utf8_unicode_ci;

--
-- Data for table `craft_relations`
--

INSERT INTO `craft_relations` (`id`, `fieldId`, `sourceId`, `sourceLocale`, `targetId`, `sortOrder`, `dateCreated`, `dateUpdated`, `uid`) VALUES
 ('16', '5', '31', NULL, '91', '1', '2017-06-27 21:10:29', '2017-06-27 21:10:29', 'e9b81a65-3982-49ab-a473-82bcddf87f8f'),
 ('17', '6', '31', NULL, '90', '1', '2017-06-27 21:10:29', '2017-06-27 21:10:29', '1d152502-bf0d-4ba3-9780-0fcebc069c12'),
 ('35', '39', '35', NULL, '41', '1', '2017-06-28 21:11:02', '2017-06-28 21:11:02', '2f9cafa1-29fe-4018-ab25-8f6e8cfe4e1d'),
 ('36', '39', '35', NULL, '42', '2', '2017-06-28 21:11:02', '2017-06-28 21:11:02', 'd7e9be41-fd28-4036-8818-ccd8d2a68883'),
 ('37', '39', '35', NULL, '158', '3', '2017-06-28 21:11:02', '2017-06-28 21:11:02', '44a22df2-8095-45de-af4b-6f9a431da470'),
 ('59', '130', '139', NULL, '175', '1', '2017-07-11 18:46:07', '2017-07-11 18:46:07', '9e9ad243-3aaa-4c7f-b979-d48a8f394c4b'),
 ('66', '5', '162', NULL, '165', '1', '2017-07-11 19:49:09', '2017-07-11 19:49:09', 'ac34e48e-e6e5-4621-9010-3ce687a04c60'),
 ('67', '6', '162', NULL, '92', '1', '2017-07-11 19:49:09', '2017-07-11 19:49:09', '8ebd9886-1f30-4b64-9287-56b771718a90'),
 ('744', '165', '177', NULL, '175', '1', '2017-07-27 14:39:30', '2017-07-27 14:39:30', 'ed88c2c8-6291-4fcc-a50e-5268f6efca51'),
 ('745', '166', '177', NULL, '175', '1', '2017-07-27 14:39:30', '2017-07-27 14:39:30', 'abb7536f-a836-400b-8f49-66bd50eb2979'),
 ('752', '159', '236', NULL, '229', '1', '2017-07-27 14:39:30', '2017-07-27 14:39:30', '60ee61e7-883d-4e50-a327-fcdbc5c410b5'),
 ('753', '160', '236', NULL, '230', '1', '2017-07-27 14:39:30', '2017-07-27 14:39:30', 'c3b81b0b-d4a9-445c-962d-e670f2a9fc77'),
 ('754', '64', '144', NULL, '231', '1', '2017-07-27 14:39:30', '2017-07-27 14:39:30', '42111580-8f10-4fc0-b533-ac8e28633149'),
 ('755', '13', '159', NULL, '232', '1', '2017-07-27 14:39:30', '2017-07-27 14:39:30', 'c47a749c-c3c4-47f3-9c40-bee128aef580'),
 ('756', '13', '237', NULL, '233', '1', '2017-07-27 14:39:30', '2017-07-27 14:39:30', 'f20f8ee0-8ada-4268-ba98-874d7d01ae8c'),
 ('757', '13', '238', NULL, '234', '1', '2017-07-27 14:39:30', '2017-07-27 14:39:30', '3ff28080-d39c-4510-9b79-8df0e50903d1'),
 ('758', '13', '239', NULL, '235', '1', '2017-07-27 14:39:30', '2017-07-27 14:39:30', 'a0b61f69-0501-4777-9bdc-22a9a8c035b8'),
 ('759', '168', '198', NULL, '35', '1', '2017-07-27 14:39:31', '2017-07-27 14:39:31', '3422f7f7-91a5-4f4a-a5f5-fa79a7946b68'),
 ('760', '169', '198', NULL, '42', '1', '2017-07-27 14:39:31', '2017-07-27 14:39:31', '5d427d84-b384-44d8-a738-2637698ba55e'),
 ('761', '168', '282', NULL, '274', '1', '2017-07-27 14:39:31', '2017-07-27 14:39:31', 'f96be014-43a2-4ba7-88ee-bd8333e2220f'),
 ('762', '169', '282', NULL, '42', '1', '2017-07-27 14:39:31', '2017-07-27 14:39:31', 'a824da74-7eb6-4899-9dc9-166edbef7026'),
 ('763', '15', '196', NULL, '139', '1', '2017-07-27 14:39:31', '2017-07-27 14:39:31', '14dc166f-eb19-4b69-bb4e-fbe50c12f686'),
 ('764', '15', '196', NULL, '53', '2', '2017-07-27 14:39:31', '2017-07-27 14:39:31', 'a8dd6930-0208-4ad2-b9fd-55549f0cb048'),
 ('789', '5', '421', NULL, '407', '1', '2017-07-27 18:34:35', '2017-07-27 18:34:35', 'fecf1d77-532f-4d93-b9e4-53cb67260d6d'),
 ('790', '6', '421', NULL, '407', '1', '2017-07-27 18:34:35', '2017-07-27 18:34:35', '570d30f9-b38b-43bc-b06d-d4b699b7f1eb'),
 ('791', '69', '422', NULL, '408', '1', '2017-07-27 18:34:35', '2017-07-27 18:34:35', '9b83526a-de55-49a8-a63b-ec8b6e198bfe'),
 ('792', '159', '423', NULL, '409', '1', '2017-07-27 18:34:35', '2017-07-27 18:34:35', 'a84ff57b-318c-4f3a-9360-238f9257f9a7'),
 ('793', '160', '423', NULL, '417', '1', '2017-07-27 18:34:35', '2017-07-27 18:34:35', '83255771-b81c-42ce-9810-0a4e31f92990'),
 ('794', '13', '430', NULL, '412', '1', '2017-07-27 18:34:35', '2017-07-27 18:34:35', 'a60baf46-2db9-443e-b978-46274086ee88'),
 ('795', '13', '431', NULL, '413', '1', '2017-07-27 18:34:36', '2017-07-27 18:34:36', 'b0c5e616-6053-4b91-a85b-9c54e4f55b62'),
 ('796', '13', '432', NULL, '414', '1', '2017-07-27 18:34:36', '2017-07-27 18:34:36', 'f0227329-3da8-4992-9e9a-a2d5191267f2'),
 ('797', '13', '433', NULL, '415', '1', '2017-07-27 18:34:36', '2017-07-27 18:34:36', 'adff575d-ac45-4638-986a-bb29a954a3a7'),
 ('798', '13', '434', NULL, '416', '1', '2017-07-27 18:34:36', '2017-07-27 18:34:36', '7652c583-34de-475c-8984-3c4599213903'),
 ('799', '159', '435', NULL, '410', '1', '2017-07-27 18:34:36', '2017-07-27 18:34:36', '8987a573-6259-4dc3-993c-454ce7feaca8'),
 ('800', '160', '435', NULL, '418', '1', '2017-07-27 18:34:36', '2017-07-27 18:34:36', 'adecb7d2-7a56-4cfd-ae4d-e4bb51050fe3'),
 ('801', '108', '439', NULL, '440', '1', '2017-07-27 18:34:36', '2017-07-27 18:34:36', '1345a549-646b-4a13-b85d-bbb4138ea37b'),
 ('1364', '5', '223', NULL, '165', '1', '2017-07-27 21:09:20', '2017-07-27 21:09:20', '2f9360cc-c6ea-4e55-849e-0623164302be'),
 ('1365', '6', '223', NULL, '92', '1', '2017-07-27 21:09:21', '2017-07-27 21:09:21', 'a12b8da5-08b4-4191-acb8-51350f6a1972'),
 ('1366', '13', '451', NULL, '413', '1', '2017-07-27 21:09:21', '2017-07-27 21:09:21', '7cf86ca8-e773-405d-9946-27ab0eb7f90a'),
 ('1367', '13', '452', NULL, '227', '1', '2017-07-27 21:09:21', '2017-07-27 21:09:21', '71f289d8-52f0-44fb-bb50-02660d33f108'),
 ('1368', '13', '453', NULL, '412', '1', '2017-07-27 21:09:21', '2017-07-27 21:09:21', 'c973e252-a821-4e22-96d7-804aa96ebca7'),
 ('1369', '15', '459', NULL, '139', '1', '2017-07-27 21:09:21', '2017-07-27 21:09:21', '3c30430f-0a2b-4827-90a4-f1a22e615614'),
 ('1370', '15', '459', NULL, '53', '2', '2017-07-27 21:09:21', '2017-07-27 21:09:21', '82c71453-dd17-49fc-a00c-b8a03a76e29d'),
 ('1371', '168', '465', NULL, '274', '1', '2017-07-27 21:09:21', '2017-07-27 21:09:21', '98c0f121-b68f-497d-b9a3-bc2acb427417'),
 ('1372', '169', '465', NULL, '41', '1', '2017-07-27 21:09:21', '2017-07-27 21:09:21', '0521ab66-0857-42e7-9492-ea6fbb1de6cf'),
 ('1373', '168', '541', NULL, '35', '1', '2017-07-27 21:09:21', '2017-07-27 21:09:21', '5aa454cd-bdaf-4503-afc8-c5f7d4020e6c'),
 ('1374', '169', '541', NULL, '158', '1', '2017-07-27 21:09:21', '2017-07-27 21:09:21', 'adbce876-eb8b-467e-a9ba-b8c5fc11b4d3'),
 ('1375', '64', '475', NULL, '409', '1', '2017-07-27 21:09:21', '2017-07-27 21:09:21', '31e0ecb1-a180-4392-b7c8-1e55e59fc42e'),
 ('1376', '64', '479', NULL, '408', '1', '2017-07-27 21:09:21', '2017-07-27 21:09:21', 'c0cbc277-0ce6-4004-a054-7e7e665834e1'),
 ('1377', '69', '483', NULL, '230', '1', '2017-07-27 21:09:21', '2017-07-27 21:09:21', 'b4057927-d180-4679-84d7-64a0111fb4f3'),
 ('1378', '69', '487', NULL, '440', '1', '2017-07-27 21:09:21', '2017-07-27 21:09:21', 'b3fdfb46-c94f-4489-a411-d5ce1452dbb0'),
 ('1379', '93', '500', NULL, '502', '1', '2017-07-27 21:09:21', '2017-07-27 21:09:21', '039d6818-28ae-452f-b0f2-f785798cf579'),
 ('1380', '93', '504', NULL, '503', '1', '2017-07-27 21:09:21', '2017-07-27 21:09:21', 'c13a54c3-7e24-4838-9a4e-9cb10e5c592d'),
 ('1381', '100', '517', NULL, '505', '1', '2017-07-27 21:09:21', '2017-07-27 21:09:21', 'aed30362-5447-46ae-b38d-1727be642d05'),
 ('1382', '100', '518', NULL, '506', '1', '2017-07-27 21:09:22', '2017-07-27 21:09:22', '30266ce9-f219-4f8a-a02c-b12ae467acbf'),
 ('1383', '100', '519', NULL, '507', '1', '2017-07-27 21:09:22', '2017-07-27 21:09:22', '4b0a76e3-3cb1-42c4-9da3-3988cfa7a794'),
 ('1384', '100', '521', NULL, '509', '1', '2017-07-27 21:09:22', '2017-07-27 21:09:22', '9c6a2e74-5416-41b8-aa97-dd26f345b1a1'),
 ('1385', '100', '523', NULL, '511', '1', '2017-07-27 21:09:22', '2017-07-27 21:09:22', 'fdc2537f-aaee-437b-a787-829a232c7356'),
 ('1386', '108', '528', NULL, '228', '1', '2017-07-27 21:09:22', '2017-07-27 21:09:22', '4023c601-9094-4979-a77f-4c352424f8c5'),
 ('1393', '159', '540', NULL, '417', '1', '2017-07-27 21:09:22', '2017-07-27 21:09:22', '1fe155ee-4f2c-4d47-b043-b689dfb02145'),
 ('1394', '160', '540', NULL, '418', '1', '2017-07-27 21:09:22', '2017-07-27 21:09:22', '92ab51cb-ec6f-4369-b122-51701cf396e3'),
 ('1663', '165', '751', NULL, '748', '1', '2017-07-31 13:10:18', '2017-07-31 13:10:18', '985192db-90dd-4d68-be9a-33c914a76927'),
 ('1664', '166', '751', NULL, '749', '1', '2017-07-31 13:10:18', '2017-07-31 13:10:18', 'b91f5004-6563-459e-9e65-6e24cf628dc1'),
 ('1678', '170', '274', NULL, '272', '1', '2017-07-31 13:13:19', '2017-07-31 13:13:19', '08366930-7831-4d5a-93e2-9cfde1c92909'),
 ('1679', '39', '274', NULL, '41', '1', '2017-07-31 13:13:19', '2017-07-31 13:13:19', '94a1f898-dd67-4bf8-b66a-e91bc1ef3ef8'),
 ('1680', '39', '274', NULL, '42', '2', '2017-07-31 13:13:19', '2017-07-31 13:13:19', 'b4683b94-a312-4778-9dac-f5edd1dde812'),
 ('2141', '165', '912', NULL, '957', '1', '2017-07-31 19:54:48', '2017-07-31 19:54:48', '8c069388-3ddd-494e-8a77-37f58ac02d13'),
 ('2142', '166', '912', NULL, '958', '1', '2017-07-31 19:54:48', '2017-07-31 19:54:48', 'b7834923-9da8-441e-b825-78a146669bd1'),
 ('2151', '159', '914', NULL, '229', '1', '2017-07-31 19:54:48', '2017-07-31 19:54:48', '40aec8ca-971f-4eec-98d1-c4c43d0bda4b'),
 ('2152', '160', '914', NULL, '230', '1', '2017-07-31 19:54:48', '2017-07-31 19:54:48', '01c6f28f-bb42-47c8-bb4e-24e01f4a4042'),
 ('2153', '64', '916', NULL, '231', '1', '2017-07-31 19:54:48', '2017-07-31 19:54:48', '38ace3f1-206e-4bf9-a28c-683906235ea6'),
 ('2154', '13', '918', NULL, '232', '1', '2017-07-31 19:54:48', '2017-07-31 19:54:48', '6c3af690-9b3b-4f80-9f83-3c2128a3bfbc'),
 ('2155', '13', '919', NULL, '233', '1', '2017-07-31 19:54:48', '2017-07-31 19:54:48', '7f276ff8-8e90-443a-9749-60b135136ffa'),
 ('2156', '13', '920', NULL, '234', '1', '2017-07-31 19:54:48', '2017-07-31 19:54:48', 'c1946206-af00-4d89-8bbc-213776743229'),
 ('2157', '13', '921', NULL, '235', '1', '2017-07-31 19:54:48', '2017-07-31 19:54:48', '55fc8a2c-5e68-4018-87a8-e1433a164ede'),
 ('2158', '168', '939', NULL, '35', '1', '2017-07-31 19:54:49', '2017-07-31 19:54:49', '598f8300-1d4c-4c06-89f6-f4008f2a1356'),
 ('2159', '169', '939', NULL, '42', '1', '2017-07-31 19:54:49', '2017-07-31 19:54:49', 'f2999b7b-a02d-438b-a6f6-cdea5f5f4c5b'),
 ('2160', '168', '940', NULL, '274', '1', '2017-07-31 19:54:49', '2017-07-31 19:54:49', '3f0925dc-9940-4a68-971f-c789c12af1c2'),
 ('2161', '169', '940', NULL, '42', '1', '2017-07-31 19:54:49', '2017-07-31 19:54:49', 'a56ffb06-78fc-4f9e-aa7f-21a857f4377b'),
 ('2162', '15', '942', NULL, '139', '1', '2017-07-31 19:54:49', '2017-07-31 19:54:49', 'b3a6325a-8df7-4ad2-ab93-b6871082ad0a'),
 ('2163', '15', '942', NULL, '53', '2', '2017-07-31 19:54:49', '2017-07-31 19:54:49', 'fd633b08-690b-49bf-8ce4-e66fe7baebc8');



DROP TABLE IF EXISTS `craft_routes`;


--
-- Schema for table `craft_routes`
--
CREATE TABLE `craft_routes` (
  `id` int(11) NOT NULL AUTO_INCREMENT,
  `locale` char(12) COLLATE utf8_unicode_ci DEFAULT NULL,
  `urlParts` varchar(255) COLLATE utf8_unicode_ci NOT NULL,
  `urlPattern` varchar(255) COLLATE utf8_unicode_ci NOT NULL,
  `template` varchar(255) COLLATE utf8_unicode_ci NOT NULL,
  `sortOrder` smallint(6) unsigned DEFAULT NULL,
  `dateCreated` datetime NOT NULL,
  `dateUpdated` datetime NOT NULL,
  `uid` char(36) COLLATE utf8_unicode_ci NOT NULL DEFAULT '0',
  PRIMARY KEY (`id`),
  KEY `craft_routes_locale_idx` (`locale`),
  KEY `craft_routes_urlPattern_idx` (`urlPattern`)
) ENGINE=InnoDB DEFAULT CHARSET=utf8 COLLATE=utf8_unicode_ci;

DROP TABLE IF EXISTS `craft_searchindex`;


--
-- Schema for table `craft_searchindex`
--
CREATE TABLE `craft_searchindex` (
  `elementId` int(11) NOT NULL,
  `attribute` varchar(25) COLLATE utf8_unicode_ci NOT NULL,
  `fieldId` int(11) NOT NULL,
  `locale` char(12) COLLATE utf8_unicode_ci NOT NULL,
  `keywords` text COLLATE utf8_unicode_ci NOT NULL,
  PRIMARY KEY (`elementId`,`attribute`,`fieldId`,`locale`),
  FULLTEXT KEY `craft_searchindex_keywords_idx` (`keywords`)
) ENGINE=MyISAM DEFAULT CHARSET=utf8 COLLATE=utf8_unicode_ci;

--
-- Data for table `craft_searchindex`
--

INSERT INTO `craft_searchindex` (`elementId`, `attribute`, `fieldId`, `locale`, `keywords`) VALUES
 ('1', 'username', '0', 'en_us', ' admin '),
 ('1', 'firstname', '0', 'en_us', ''),
 ('1', 'lastname', '0', 'en_us', ''),
 ('1', 'fullname', '0', 'en_us', ''),
 ('1', 'email', '0', 'en_us', ' adam soffer digitalsurgeons com '),
 ('1', 'slug', '0', 'en_us', ''),
 ('35', 'field', '42', 'en_us', ' custom http facebook com _blank custom http twitter com _blank custom http linkedin com _blank '),
 ('35', 'field', '41', 'en_us', ' 1994 09 02 '),
 ('35', 'slug', '0', 'en_us', ' joanne samson '),
 ('35', 'title', '0', 'en_us', ' joanne samson '),
 ('36', 'field', '40', 'en_us', ' vice president '),
 ('36', 'slug', '0', 'en_us', ''),
 ('37', 'field', '40', 'en_us', ' practice lead '),
 ('37', 'slug', '0', 'en_us', ''),
 ('35', 'field', '39', 'en_us', ' board member practice lead vice president '),
 ('3', 'field', '1', 'en_us', ' craft is the cms that s powering mmi ads dsdev it s beautiful powerful flexible and easy to use and it s made by pixel tonic we can t wait to dive in and see what it s capable of this is even more captivating content which you couldn t see on the news index page because it was entered after a page break and the news index template only likes to show the content on the first page craft a nice alternative to word if you re making a website '),
 ('3', 'field', '2', 'en_us', ''),
 ('3', 'slug', '0', 'en_us', ' we just installed craft '),
 ('3', 'title', '0', 'en_us', ' we just installed craft '),
 ('28', 'slug', '0', 'en_us', ' __home__ '),
 ('27', 'title', '0', 'en_us', ' about '),
 ('27', 'slug', '0', 'en_us', ' home '),
 ('28', 'title', '0', 'en_us', ' homepage '),
 ('29', 'filename', '0', 'en_us', ' cbiapage png '),
 ('29', 'extension', '0', 'en_us', ' png '),
 ('29', 'kind', '0', 'en_us', ' image '),
 ('29', 'slug', '0', 'en_us', ' cbiapage '),
 ('29', 'title', '0', 'en_us', ' cbiapage '),
 ('28', 'field', '3', 'en_us', ' sustainable human centered solutions with technical precision masthead home desktop masthead home milone macbroom '),
 ('30', 'field', '4', 'en_us', ' masthead home desktop masthead home '),
 ('30', 'field', '8', 'en_us', ' milone macbroom '),
 ('30', 'field', '7', 'en_us', ' sustainable human centered solutions with technical precision '),
 ('30', 'slug', '0', 'en_us', ''),
 ('31', 'field', '5', 'en_us', ' masthead home '),
 ('31', 'field', '6', 'en_us', ' masthead home desktop '),
 ('31', 'slug', '0', 'en_us', ''),
 ('38', 'field', '46', 'en_us', ' custom http twitter com _blank '),
 ('38', 'field', '47', 'en_us', ' custom http facebook com _blank '),
 ('38', 'field', '48', 'en_us', ' custom http linkedin com _blank '),
 ('38', 'slug', '0', 'en_us', ''),
 ('39', 'field', '40', 'en_us', ' project manager '),
 ('39', 'slug', '0', 'en_us', ''),
 ('41', 'slug', '0', 'en_us', ' board of directors '),
 ('41', 'title', '0', 'en_us', ' board member '),
 ('42', 'slug', '0', 'en_us', ' practice leads '),
 ('42', 'title', '0', 'en_us', ' practice lead '),
 ('53', 'field', '3', 'en_us', ''),
 ('53', 'field', '112', 'en_us', ''),
 ('53', 'field', '113', 'en_us', ''),
 ('1005', 'field', '120', 'en_us', ''),
 ('53', 'slug', '0', 'en_us', ' the gunnery athletic fields redesign '),
 ('53', 'title', '0', 'en_us', ' the gunnery athletic fields redesign '),
 ('91', 'kind', '0', 'en_us', ' image '),
 ('91', 'slug', '0', 'en_us', ' masthead home '),
 ('91', 'extension', '0', 'en_us', ' jpg '),
 ('91', 'filename', '0', 'en_us', ' masthead home jpg '),
 ('92', 'kind', '0', 'en_us', ' image '),
 ('92', 'slug', '0', 'en_us', ' masthead work desktop '),
 ('92', 'extension', '0', 'en_us', ' jpg '),
 ('92', 'filename', '0', 'en_us', ' masthead work desktop jpg '),
 ('90', 'filename', '0', 'en_us', ' masthead home desktop jpg '),
 ('90', 'extension', '0', 'en_us', ' jpg '),
 ('90', 'kind', '0', 'en_us', ' image '),
 ('90', 'slug', '0', 'en_us', ' masthead home desktop '),
 ('90', 'title', '0', 'en_us', ' masthead home desktop '),
 ('91', 'title', '0', 'en_us', ' masthead home '),
 ('92', 'title', '0', 'en_us', ' masthead work desktop '),
 ('243', 'kind', '0', 'en_us', ' image '),
 ('243', 'filename', '0', 'en_us', ' dsc1084 jpg '),
 ('139', 'field', '133', 'en_us', ' agawam high school '),
 ('139', 'field', '132', 'en_us', ' agawam massachusetts us '),
 ('139', 'field', '130', 'en_us', ' 1 transform the virtually unusable into a true showcase athletic venue for the community and the region agawam athletic facility agawam athletic facility the challenge '),
 ('139', 'field', '112', 'en_us', ''),
 ('139', 'field', '113', 'en_us', ''),
 ('1005', 'field', '122', 'en_us', ''),
 ('139', 'field', '3', 'en_us', ' a wonderfully passionate community was in dire need of safer and more adequate athletic facilities at their high school athletic complex what existed was an outdated unsafe undersized and unuseable track and bleacher system non accessible and inadequate restroom concessions and storage facilities the inadequate number of tennis courts in need of repair and an overall inefficient and unsafe layout of conflicting field and sport uses what we faced 0 concept site plan concept gateway right although with every design project the actual details for construction are extremely important to the success of the project perhaps equally important is the early involvement of the stakeholders in the concept stages of the project our goal of the masterplanning process was to engage with the track committee and the users of the facility the coaches the booster club the players and the maintenance and facilities staff only after having an informed ideas of what the stakeholders envision could we put our designer hats on and begin the design and concept planning by having periodic check ins and presentations with the stakeholders during our concept design phases it made the buy in of the project design a much smoother and cost effective process as the plans and specifications advanced through to bid documents the success of the project was our design team s ability to create a balance between the the long wish list of stakeholder desires and the real constraints of the project budget including passionate stakeholders in the master planning process due the size of the project and the inclusion of the complete renovation of the the boys girls locker and team room facilities internal to the school the project was required to follow the mgl chapter 149 bidding requirements this bidding procedure was lead by the mmi design team and led to a project that was completed within budget the resulting athletic facility is a true testament to a collaborative design process collaborative not only in the sense of our engineers planners and landscape architects but a true collaboration between design team and the community the work in progress img 3459 left sample caption here img 6096 worthingtonimages com 2017 rt sample caption here img 5849 worthingtonimages com 2017 rt sample caption here img 5629 worthingtonimages com 2017 rt sample caption here mp 4218 worthingtonimages com 2017 rt a look at the finished product 1 a list of facility improvements include 0 0 new boys girls locker rooms new ticketing concession restroom satellite trainers room and three bay storage facility new 6 post tensioned concrete tennis courts with basketball accommodations new 6 lane 8 straight synthetic track new full size synthetic turf field with new field lighting system new 1500 seat bleacher system new stadium scoreboard and sound system new girls softball field dugouts and scoreboard section of new town bikeway access to facility new accessible parking renovated two story press box new baseball field dugouts fencing batting cage and scoreboard restored historical field signage archway decorative site lighting new multi use natural grass athletic fields and irrigation meet the team involved joanne samson practice lead mark arigoni practice lead agawam high school athletic facility renovation the gunnery athletic fields redesign related projects '),
 ('176', 'field', '162', 'en_us', ' transform the virtually unusable into a true showcase athletic venue for the community and the region '),
 ('139', 'slug', '0', 'en_us', ' agawam high school athletic facility renovation '),
 ('139', 'title', '0', 'en_us', ' agawam high school athletic facility renovation '),
 ('243', 'extension', '0', 'en_us', ' jpg '),
 ('143', 'field', '58', 'en_us', ' including passionate stakeholders in the master planning process '),
 ('143', 'field', '59', 'en_us', ' although with every design project the actual details for construction are extremely important to the success of the project perhaps equally important is the early involvement of the stakeholders in the concept stages of the project our goal of the masterplanning process was to engage with the track committee and the users of the facility the coaches the booster club the players and the maintenance and facilities staff only after having an informed ideas of what the stakeholders envision could we put our designer hats on and begin the design and concept planning by having periodic check ins and presentations with the stakeholders during our concept design phases it made the buy in of the project design a much smoother and cost effective process as the plans and specifications advanced through to bid documents the success of the project was our design team s ability to create a balance between the the long wish list of stakeholder desires and the real constraints of the project budget '),
 ('143', 'slug', '0', 'en_us', ''),
 ('144', 'field', '60', 'en_us', ' left '),
 ('144', 'field', '61', 'en_us', ' the work in progress '),
 ('144', 'field', '62', 'en_us', ' due the size of the project and the inclusion of the complete renovation of the the boys girls locker and team room facilities internal to the school the project was required to follow the mgl chapter 149 bidding requirements this bidding procedure was lead by the mmi design team and led to a project that was completed within budget the resulting athletic facility is a true testament to a collaborative design process collaborative not only in the sense of our engineers planners and landscape architects but a true collaboration between design team and the community '),
 ('144', 'field', '70', 'en_us', ''),
 ('144', 'field', '63', 'en_us', ''),
 ('144', 'field', '64', 'en_us', ' img 3459 '),
 ('144', 'slug', '0', 'en_us', ''),
 ('145', 'field', '134', 'en_us', ' a look at the finished product '),
 ('145', 'field', '12', 'en_us', ' sample caption here img 6096 worthingtonimages com 2017 rt sample caption here img 5849 worthingtonimages com 2017 rt sample caption here img 5629 worthingtonimages com 2017 rt sample caption here mp 4218 worthingtonimages com 2017 rt '),
 ('145', 'slug', '0', 'en_us', ''),
 ('228', 'slug', '0', 'en_us', ' mp 3991 worthingtonimages com 2017 rt '),
 ('228', 'title', '0', 'en_us', ' mp 3991 worthingtonimages com 2017 rt '),
 ('228', 'kind', '0', 'en_us', ' image '),
 ('228', 'filename', '0', 'en_us', ' mp_3991 worthingtonimages com 2017_rt jpg '),
 ('147', 'field', '3', 'en_us', ' transforming communities through the fusion of art and science about milone macbroom milone macbroom is one of the largest consulting firms in the northeast offering a diverse set of specialty practices in the fields of engineering planning landscape architecture and environmental science we serve a multitude of industries from government and ngo to cities and municipalities unlink niche companies or enterprise firms milone macbroom has local expertise cross functional teams and a relationship first approach that sets us apart that combined with our technical precision attention to detail and passion behind our work helps us to deliver the most efficient and sustainable solutions offered we solve problems with highly efficient sustainable solutions adaptive designs and technical precision over 30 years ago milone macbroom gsgfjhlakgjhskjghlsk our creation story right our values '),
 ('147', 'slug', '0', 'en_us', ' about '),
 ('147', 'title', '0', 'en_us', ' about ');
INSERT INTO `craft_searchindex` (`elementId`, `attribute`, `fieldId`, `locale`, `keywords`) VALUES
 ('148', 'field', '4', 'en_us', ''),
 ('148', 'field', '8', 'en_us', ' about milone macbroom '),
 ('148', 'field', '7', 'en_us', ' transforming communities through the fusion of art and science '),
 ('148', 'slug', '0', 'en_us', ''),
 ('149', 'field', '5', 'en_us', ''),
 ('149', 'field', '6', 'en_us', ''),
 ('149', 'slug', '0', 'en_us', ''),
 ('150', 'field', '54', 'en_us', ' we solve problems with highly efficient sustainable solutions adaptive designs and technical precision '),
 ('150', 'field', '55', 'en_us', ' milone macbroom is one of the largest consulting firms in the northeast offering a diverse set of specialty practices in the fields of engineering planning landscape architecture and environmental science we serve a multitude of industries from government and ngo to cities and municipalities unlink niche companies or enterprise firms milone macbroom has local expertise cross functional teams and a relationship first approach that sets us apart that combined with our technical precision attention to detail and passion behind our work helps us to deliver the most efficient and sustainable solutions offered '),
 ('150', 'field', '56', 'en_us', ''),
 ('150', 'slug', '0', 'en_us', ''),
 ('151', 'field', '60', 'en_us', ' right '),
 ('151', 'field', '61', 'en_us', ' our creation story '),
 ('151', 'field', '62', 'en_us', ' over 30 years ago milone macbroom gsgfjhlakgjhskjghlsk '),
 ('151', 'field', '70', 'en_us', ''),
 ('151', 'field', '63', 'en_us', ''),
 ('151', 'field', '64', 'en_us', ''),
 ('151', 'slug', '0', 'en_us', ''),
 ('152', 'field', '106', 'en_us', ' our values '),
 ('152', 'slug', '0', 'en_us', ''),
 ('158', 'slug', '0', 'en_us', ' vice president '),
 ('158', 'title', '0', 'en_us', ' vice president '),
 ('35', 'field', '49', 'en_us', ''),
 ('35', 'field', '50', 'en_us', ''),
 ('159', 'field', '13', 'en_us', ' img 6096 worthingtonimages com 2017 rt '),
 ('159', 'field', '14', 'en_us', ' sample caption here '),
 ('159', 'slug', '0', 'en_us', ''),
 ('53', 'field', '133', 'en_us', ' the gunnery preparatory boarding school '),
 ('53', 'field', '132', 'en_us', ' washington ct us '),
 ('53', 'field', '130', 'en_us', ' 1 convert a natural grass multipurpose field to synthetic turf gunnery desktop gunnery mobile the challenge '),
 ('160', 'field', '3', 'en_us', ' connecting people creating outcomes masthead work desktop masthead work our work 8 entry 166 reach out let s work together call to action background desktop call to action background mobile '),
 ('160', 'slug', '0', 'en_us', ' work '),
 ('160', 'title', '0', 'en_us', ' work '),
 ('161', 'field', '4', 'en_us', ' masthead work desktop masthead work '),
 ('161', 'field', '8', 'en_us', ' our work '),
 ('161', 'field', '7', 'en_us', ' connecting people creating outcomes '),
 ('161', 'slug', '0', 'en_us', ''),
 ('162', 'field', '5', 'en_us', ' masthead work '),
 ('162', 'field', '6', 'en_us', ' masthead work desktop '),
 ('162', 'slug', '0', 'en_us', ''),
 ('163', 'field', '131', 'en_us', ' 8 '),
 ('163', 'slug', '0', 'en_us', ''),
 ('174', 'extension', '0', 'en_us', ' jpg '),
 ('174', 'kind', '0', 'en_us', ' image '),
 ('174', 'slug', '0', 'en_us', ' call to action background mobile '),
 ('174', 'title', '0', 'en_us', ' call to action background mobile '),
 ('165', 'filename', '0', 'en_us', ' masthead work jpg '),
 ('165', 'extension', '0', 'en_us', ' jpg '),
 ('165', 'kind', '0', 'en_us', ' image '),
 ('165', 'slug', '0', 'en_us', ' masthead casestudies '),
 ('165', 'title', '0', 'en_us', ' masthead work '),
 ('166', 'field', '3', 'en_us', ''),
 ('166', 'slug', '0', 'en_us', ' contact '),
 ('166', 'title', '0', 'en_us', ' contact '),
 ('167', 'field', '147', 'en_us', ' let s work together '),
 ('167', 'field', '148', 'en_us', ' entry 166 reach out '),
 ('167', 'field', '149', 'en_us', ' call to action background desktop call to action background mobile '),
 ('167', 'slug', '0', 'en_us', ''),
 ('173', 'extension', '0', 'en_us', ' jpg '),
 ('173', 'kind', '0', 'en_us', ' image '),
 ('173', 'slug', '0', 'en_us', ' call to action background desktop '),
 ('173', 'title', '0', 'en_us', ' call to action background desktop '),
 ('174', 'filename', '0', 'en_us', ' call to action background mobile jpg '),
 ('173', 'filename', '0', 'en_us', ' call to action background desktop jpg '),
 ('175', 'filename', '0', 'en_us', ' agawam athletic facility jpg '),
 ('175', 'extension', '0', 'en_us', ' jpg '),
 ('175', 'kind', '0', 'en_us', ' image '),
 ('175', 'slug', '0', 'en_us', ' agawam athletic facility '),
 ('175', 'title', '0', 'en_us', ' agawam athletic facility '),
 ('139', 'field', '150', 'en_us', ''),
 ('176', 'field', '163', 'en_us', ' the challenge '),
 ('176', 'field', '164', 'en_us', ' agawam athletic facility agawam athletic facility '),
 ('176', 'field', '167', 'en_us', ' 1 '),
 ('176', 'slug', '0', 'en_us', ''),
 ('177', 'field', '165', 'en_us', ' agawam athletic facility '),
 ('177', 'field', '166', 'en_us', ' agawam athletic facility '),
 ('177', 'slug', '0', 'en_us', ''),
 ('178', 'field', '54', 'en_us', ' a list of facility improvements include '),
 ('178', 'field', '55', 'en_us', ''),
 ('178', 'field', '56', 'en_us', ' new boys girls locker rooms new ticketing concession restroom satellite trainers room and three bay storage facility new 6 post tensioned concrete tennis courts with basketball accommodations new 6 lane 8 straight synthetic track new full size synthetic turf field with new field lighting system new 1500 seat bleacher system new stadium scoreboard and sound system new girls softball field dugouts and scoreboard section of new town bikeway access to facility new accessible parking renovated two story press box new baseball field dugouts fencing batting cage and scoreboard restored historical field signage archway decorative site lighting new multi use natural grass athletic fields and irrigation '),
 ('178', 'slug', '0', 'en_us', ''),
 ('179', 'field', '57', 'en_us', ' new boys girls locker rooms '),
 ('179', 'slug', '0', 'en_us', ''),
 ('180', 'field', '57', 'en_us', ' new 6 lane 8 straight synthetic track '),
 ('180', 'slug', '0', 'en_us', ''),
 ('181', 'field', '57', 'en_us', ' new full size synthetic turf field with new field lighting system '),
 ('181', 'slug', '0', 'en_us', ''),
 ('182', 'field', '57', 'en_us', ' new 1500 seat bleacher system '),
 ('182', 'slug', '0', 'en_us', ''),
 ('183', 'field', '57', 'en_us', ' new stadium scoreboard and sound system '),
 ('183', 'slug', '0', 'en_us', ''),
 ('184', 'field', '57', 'en_us', ' new ticketing concession restroom satellite trainers room and three bay storage facility '),
 ('184', 'slug', '0', 'en_us', ''),
 ('185', 'field', '57', 'en_us', ' new girls softball field dugouts and scoreboard '),
 ('185', 'slug', '0', 'en_us', ''),
 ('186', 'field', '57', 'en_us', ' new baseball field dugouts fencing batting cage and scoreboard '),
 ('186', 'slug', '0', 'en_us', ''),
 ('187', 'field', '57', 'en_us', ' new multi use natural grass athletic fields and irrigation '),
 ('187', 'slug', '0', 'en_us', ''),
 ('188', 'field', '57', 'en_us', ' new 6 post tensioned concrete tennis courts with basketball accommodations ');
INSERT INTO `craft_searchindex` (`elementId`, `attribute`, `fieldId`, `locale`, `keywords`) VALUES
 ('188', 'slug', '0', 'en_us', ''),
 ('189', 'field', '57', 'en_us', ' section of new town bikeway access to facility '),
 ('189', 'slug', '0', 'en_us', ''),
 ('190', 'field', '57', 'en_us', ' new accessible parking '),
 ('190', 'slug', '0', 'en_us', ''),
 ('191', 'field', '57', 'en_us', ' renovated two story press box '),
 ('191', 'slug', '0', 'en_us', ''),
 ('192', 'field', '57', 'en_us', ' restored historical field signage archway '),
 ('192', 'slug', '0', 'en_us', ''),
 ('193', 'field', '57', 'en_us', ' decorative site lighting '),
 ('193', 'slug', '0', 'en_us', ''),
 ('199', 'extension', '0', 'en_us', ' jpg '),
 ('199', 'filename', '0', 'en_us', ' education masthead mobile jpg '),
 ('195', 'field', '144', 'en_us', ' let s work together '),
 ('195', 'slug', '0', 'en_us', ''),
 ('196', 'field', '17', 'en_us', ' related projects '),
 ('196', 'field', '15', 'en_us', ' agawam high school athletic facility renovation the gunnery athletic fields redesign '),
 ('196', 'slug', '0', 'en_us', ''),
 ('197', 'field', '52', 'en_us', ' meet the team involved '),
 ('197', 'field', '53', 'en_us', ' joanne samson practice lead mark arigoni la practice lead '),
 ('197', 'slug', '0', 'en_us', ''),
 ('198', 'field', '168', 'en_us', ' joanne samson '),
 ('198', 'field', '169', 'en_us', ' practice lead '),
 ('198', 'slug', '0', 'en_us', ''),
 ('199', 'kind', '0', 'en_us', ' image '),
 ('199', 'slug', '0', 'en_us', ' education masthead mobile '),
 ('199', 'title', '0', 'en_us', ' education masthead mobile '),
 ('200', 'filename', '0', 'en_us', ' education masthead desktop jpg '),
 ('200', 'extension', '0', 'en_us', ' jpg '),
 ('200', 'kind', '0', 'en_us', ' image '),
 ('200', 'slug', '0', 'en_us', ' education masthead desktop '),
 ('200', 'title', '0', 'en_us', ' education masthead desktop '),
 ('225', 'filename', '0', 'en_us', ' athletic facility jpg '),
 ('228', 'extension', '0', 'en_us', ' jpg '),
 ('178', 'field', '179', 'en_us', ' 1 '),
 ('178', 'field', '181', 'en_us', ' 0 '),
 ('178', 'field', '182', 'en_us', ' 0 '),
 ('225', 'title', '0', 'en_us', ' athletic facility '),
 ('225', 'slug', '0', 'en_us', ' athletic facility '),
 ('225', 'kind', '0', 'en_us', ' image '),
 ('225', 'extension', '0', 'en_us', ' jpg '),
 ('35', 'field', '170', 'en_us', ''),
 ('221', 'slug', '0', 'en_us', ' ui '),
 ('221', 'title', '0', 'en_us', ' ui '),
 ('221', 'field', '3', 'en_us', ' heading masthead work desktop masthead work subheading caption of photo 1 s3 a7647 caption of photo athletic facility caption of photo 1 s3 a7581 heading agawam high school athletic facility renovation the gunnery athletic fields redesign heading openings footer heading custom contact us example description is an example of the description of the title example title heading heading mark arigoni la board member joanne samson vice president body lorem ipsum dolor sit amet vestibulum eget hac nec condimentum cras a facilisi pede maecenas diam accumsan orci fringilla tellus a felis accumsan quisque eget curae viverra platea nunc nullam libero tortor sed lorem in molestie penatibus interdum aliquet quis sed mollis pharetra 0 heading 0 0 list item 1 list item 2 list item 3 body lorem ipsum dolor sit amet vestibulum eget hac nec condimentum cras a facilisi pede maecenas diam accumsan orci fringilla tellus a felis accumsan quisque eget curae viverra platea nunc nullam libero tortor sed lorem in molestie penatibus interdum aliquet quis sed mollis pharetra 1 heading centered lift light gray background 1 1 list item 1 list item 2 list item 3 body lorem ipsum dolor sit amet vestibulum eget hac nec condimentum cras a facilisi pede maecenas diam accumsan orci fringilla tellus a felis accumsan quisque eget curae viverra platea nunc nullam libero tortor sed lorem in molestie penatibus interdum aliquet quis sed mollis pharetra heading body lorem ipsum dolor sit amet vestibulum eget hac nec condimentum cras a facilisi pede maecenas diam accumsan orci fringilla tellus a felis accumsan quisque eget curae viverra platea nunc nullam libero tortor sed lorem in molestie penatibus interdum aliquet quis sed mollis pharetra entry 221 heading left orientation arigoni family list item 1 list item 2 list item 3 left body lorem ipsum dolor sit amet vestibulum eget hac nec condimentum cras a facilisi pede maecenas diam accumsan orci fringilla tellus a felis accumsan quisque eget curae viverra platea nunc nullam libero tortor sed lorem in molestie penatibus interdum aliquet quis sed mollis pharetra entry 221 heading right orientation 1 s3 a7398 list item 1 list item 2 list item 3 right body lorem ipsum dolor sit amet vestibulum eget hac nec condimentum cras a facilisi pede maecenas diam accumsan orci fringilla tellus a felis accumsan quisque eget curae viverra platea nunc nullam libero tortor sed lorem in molestie penatibus interdum aliquet quis sed mollis pharetra entry 221 custom link text 0 heading left orientation concept gateway 0 list item 1 list item 2 list item 3 left subheading body lorem ipsum dolor sit amet vestibulum eget hac nec condimentum cras a facilisi pede maecenas diam accumsan orci fringilla tellus a felis accumsan quisque eget curae viverra platea nunc nullam libero tortor sed lorem in molestie penatibus interdum aliquet quis sed mollis pharetra entry 221 custom link text 1 heading right orientation dark lift community day 9 10 2016 1 list item 1 list item 2 list item 3 right subheading henry ford failure is simply the opportunity to begin again this time more intelligently body lorem ipsum dolor sit amet vestibulum eget hac nec condimentum cras a facilisi pede maecenas diam accumsan orci fringilla tellus a felis accumsan quisque eget curae viverra platea nunc nullam libero tortor sed lorem in molestie penatibus interdum aliquet quis sed mollis pharetra heading 0 entry 221 whitepaper 1 entry 221 brochure 1 entry 221 publication body lorem ipsum dolor sit amet vestibulum eget hac nec condimentum cras a facilisi pede maecenas diam accumsan orci fringilla tellus a felis accumsan quisque eget curae viverra platea nunc nullam libero tortor sed lorem in molestie penatibus interdum aliquet quis sed mollis pharetra heading image left title image right title body lorem ipsum dolor sit amet vestibulum eget hac nec condimentum cras a facilisi pede maecenas diam accumsan orci fringilla tellus a felis accumsan quisque eget curae viverra platea nunc nullam libero tortor sed lorem in molestie penatibus interdum aliquet quis sed mollis pharetra client or project name eckzample inc 453 placeholder dr new lorem ak 8675309 us shutterstock 406114573 1 client or project name ipsum construction 3987 falls uhdress rd dolar city nc 28173 us shutterstock 375806350 heading body lorem ipsum dolor sit amet vestibulum eget hac nec condimentum cras a facilisi pede maecenas diam accumsan orci fringilla tellus a felis accumsan quisque eget curae viverra platea nunc nullam libero tortor sed lorem in molestie penatibus interdum aliquet quis sed mollis pharetra heading list item 1 list item 2 list item 3 list item 4 lorem inc lorem logo1 ipsum llc lorem logo2 eckzampul lorem logo3 play soldur lorem logo5 capshun hlc lorem logo7 heading lorem ipsum dolor sit amet vestibulum eget hac nec condimentum cras header value name 1 lorem ipsum dolor sit amet vestibulum eget hac nec condimentum cras header value name 2 lorem ipsum dolor sit amet vestibulum eget hac nec condimentum cras header value name 3 mp 3991 worthingtonimages com 2017 rt benefit name 1 lorem ipsum dolor sit amet vestibulum eget hac nec condimentum cras benefit name 2 lorem ipsum dolor sit amet vestibulum eget hac nec condimentum cras benefit name 3 lorem ipsum dolor sit amet vestibulum eget hac nec condimentum cras heading heading entry 221 custom link text lorem ipsum dolor sit amet vestibulum eget hac nec condimentum cras title example 1 entry 221 custom link text lorem ipsum dolor sit amet vestibulum eget hac nec condimentum cras title example 2 entry 221 custom link text heading heading 4 heading heading education development utilities transportation environment community 0 20170623 163956 1 s3 a7532 left '),
 ('222', 'field', '4', 'en_us', ' masthead work desktop masthead work '),
 ('222', 'field', '8', 'en_us', ' subheading '),
 ('222', 'field', '7', 'en_us', ' heading '),
 ('222', 'slug', '0', 'en_us', ''),
 ('223', 'field', '5', 'en_us', ' masthead work '),
 ('223', 'field', '6', 'en_us', ' masthead work desktop '),
 ('223', 'slug', '0', 'en_us', ''),
 ('229', 'filename', '0', 'en_us', ' concept site plan png '),
 ('227', 'filename', '0', 'en_us', ' athletic facility jpg '),
 ('227', 'extension', '0', 'en_us', ' jpg '),
 ('227', 'kind', '0', 'en_us', ' image '),
 ('227', 'slug', '0', 'en_us', ' athletic facility '),
 ('227', 'title', '0', 'en_us', ' athletic facility '),
 ('229', 'extension', '0', 'en_us', ' png '),
 ('229', 'kind', '0', 'en_us', ' image '),
 ('229', 'slug', '0', 'en_us', ' concept site plan '),
 ('229', 'title', '0', 'en_us', ' concept site plan '),
 ('230', 'filename', '0', 'en_us', ' concept gateway png '),
 ('230', 'extension', '0', 'en_us', ' png '),
 ('230', 'kind', '0', 'en_us', ' image '),
 ('230', 'slug', '0', 'en_us', ' concept gateway '),
 ('230', 'title', '0', 'en_us', ' concept gateway '),
 ('231', 'filename', '0', 'en_us', ' img_3459 jpg '),
 ('231', 'extension', '0', 'en_us', ' jpg '),
 ('231', 'kind', '0', 'en_us', ' image '),
 ('231', 'slug', '0', 'en_us', ' img 3459 '),
 ('231', 'title', '0', 'en_us', ' img 3459 '),
 ('232', 'filename', '0', 'en_us', ' img_6096 worthingtonimages com 2017_rt jpg '),
 ('232', 'extension', '0', 'en_us', ' jpg '),
 ('232', 'kind', '0', 'en_us', ' image '),
 ('232', 'slug', '0', 'en_us', ' img 6096 worthingtonimages com 2017 rt '),
 ('232', 'title', '0', 'en_us', ' img 6096 worthingtonimages com 2017 rt '),
 ('233', 'filename', '0', 'en_us', ' img_5849 worthingtonimages com 2017_rt jpg '),
 ('233', 'extension', '0', 'en_us', ' jpg '),
 ('233', 'kind', '0', 'en_us', ' image '),
 ('233', 'slug', '0', 'en_us', ' img 5849 worthingtonimages com 2017 rt '),
 ('233', 'title', '0', 'en_us', ' img 5849 worthingtonimages com 2017 rt '),
 ('234', 'filename', '0', 'en_us', ' img_5629 worthingtonimages com 2017_rt jpg '),
 ('234', 'extension', '0', 'en_us', ' jpg '),
 ('234', 'kind', '0', 'en_us', ' image '),
 ('234', 'slug', '0', 'en_us', ' img 5629 worthingtonimages com 2017 rt '),
 ('234', 'title', '0', 'en_us', ' img 5629 worthingtonimages com 2017 rt '),
 ('235', 'filename', '0', 'en_us', ' mp_4218 worthingtonimages com 2017_rt jpg '),
 ('235', 'extension', '0', 'en_us', ' jpg '),
 ('235', 'kind', '0', 'en_us', ' image '),
 ('235', 'slug', '0', 'en_us', ' mp 4218 worthingtonimages com 2017 rt '),
 ('235', 'title', '0', 'en_us', ' mp 4218 worthingtonimages com 2017 rt '),
 ('240', 'field', '58', 'en_us', ' what we faced '),
 ('236', 'field', '159', 'en_us', ' concept site plan '),
 ('236', 'field', '160', 'en_us', ' concept gateway '),
 ('236', 'field', '161', 'en_us', ' right '),
 ('236', 'field', '183', 'en_us', ' 0 '),
 ('236', 'slug', '0', 'en_us', ''),
 ('237', 'field', '13', 'en_us', ' img 5849 worthingtonimages com 2017 rt '),
 ('237', 'field', '14', 'en_us', ' sample caption here ');
INSERT INTO `craft_searchindex` (`elementId`, `attribute`, `fieldId`, `locale`, `keywords`) VALUES
 ('237', 'slug', '0', 'en_us', ''),
 ('238', 'field', '13', 'en_us', ' img 5629 worthingtonimages com 2017 rt '),
 ('238', 'field', '14', 'en_us', ' sample caption here '),
 ('238', 'slug', '0', 'en_us', ''),
 ('239', 'field', '13', 'en_us', ' mp 4218 worthingtonimages com 2017 rt '),
 ('239', 'field', '14', 'en_us', ' sample caption here '),
 ('239', 'slug', '0', 'en_us', ''),
 ('240', 'field', '59', 'en_us', ' a wonderfully passionate community was in dire need of safer and more adequate athletic facilities at their high school athletic complex what existed was an outdated unsafe undersized and unuseable track and bleacher system non accessible and inadequate restroom concessions and storage facilities the inadequate number of tennis courts in need of repair and an overall inefficient and unsafe layout of conflicting field and sport uses '),
 ('240', 'slug', '0', 'en_us', ''),
 ('243', 'slug', '0', 'en_us', ' dsc1084 '),
 ('243', 'title', '0', 'en_us', ' dsc1084 '),
 ('244', 'filename', '0', 'en_us', ' z roundabout s jpg '),
 ('244', 'extension', '0', 'en_us', ' jpg '),
 ('244', 'kind', '0', 'en_us', ' image '),
 ('244', 'slug', '0', 'en_us', ' z roundabout s '),
 ('244', 'title', '0', 'en_us', ' z roundabout s '),
 ('248', 'filename', '0', 'en_us', ' img_5691 worthingtonimages com 2017_rt jpg '),
 ('248', 'extension', '0', 'en_us', ' jpg '),
 ('248', 'kind', '0', 'en_us', ' image '),
 ('248', 'slug', '0', 'en_us', ' img 5691 worthingtonimages com 2017 rt '),
 ('248', 'title', '0', 'en_us', ' img 5691 worthingtonimages com 2017 rt '),
 ('407', 'kind', '0', 'en_us', ' image '),
 ('407', 'extension', '0', 'en_us', ' jpg '),
 ('407', 'filename', '0', 'en_us', ' 1s3a7516 jpg '),
 ('255', 'filename', '0', 'en_us', ' dw3a5121 jpg '),
 ('255', 'extension', '0', 'en_us', ' jpg '),
 ('255', 'kind', '0', 'en_us', ' image '),
 ('255', 'slug', '0', 'en_us', ' dw3 a5121 '),
 ('255', 'title', '0', 'en_us', ' dw3 a5121 '),
 ('310', 'extension', '0', 'en_us', ' jpg '),
 ('310', 'filename', '0', 'en_us', ' img_5691 worthingtonimages com 2017_rt jpg '),
 ('273', 'kind', '0', 'en_us', ' image '),
 ('273', 'slug', '0', 'en_us', ' call to action panel '),
 ('273', 'extension', '0', 'en_us', ' png '),
 ('273', 'filename', '0', 'en_us', ' call to action panel png '),
 ('272', 'filename', '0', 'en_us', ' mark arigoni jpg '),
 ('272', 'extension', '0', 'en_us', ' jpg '),
 ('272', 'kind', '0', 'en_us', ' image '),
 ('272', 'slug', '0', 'en_us', ' mark arigoni '),
 ('272', 'title', '0', 'en_us', ' mark arigoni '),
 ('273', 'title', '0', 'en_us', ' call to action panel '),
 ('274', 'field', '170', 'en_us', ' mark arigoni '),
 ('274', 'field', '39', 'en_us', ' board member practice lead '),
 ('274', 'field', '42', 'en_us', ' custom https www linkedin com in mark arigoni ba378215 '),
 ('274', 'field', '41', 'en_us', ''),
 ('274', 'field', '49', 'en_us', ' mark is a principal of milone macbroom and is the regional manager of the firm s massachusetts office he is responsible for the project development and management of design coordination specifications cost estimates construction documents and permit applications for various projects located throughout new england project assignments have included the design of greenways streetscapes passive and active parks environmental restorations recreational facilities athletic facilities urban redevelopment and revitalizations and commercial site developments these projects have included several environmental restoration components such as brownfield redevelopment design dam removal design dam bypass channel design and river restoration fish passage design '),
 ('274', 'field', '50', 'en_us', ' graduating with a b s in landscape architecture from the university of connecticut mark is a licensed landscape architect in connecticut massachusetts and maine in addition mark is a member of the following professional organizations council of landscape architectural registration board clarb connecticut board of landscape architects 2015 presentcommittee on nominations clarb 2016 present '),
 ('274', 'slug', '0', 'en_us', ' mark arigoni la '),
 ('274', 'title', '0', 'en_us', ' mark arigoni '),
 ('275', 'field', '46', 'en_us', ' custom https www linkedin com in mark arigoni ba378215 '),
 ('275', 'field', '47', 'en_us', ''),
 ('275', 'field', '48', 'en_us', ''),
 ('275', 'slug', '0', 'en_us', ''),
 ('1005', 'field', '137', 'en_us', ''),
 ('282', 'field', '168', 'en_us', ' mark arigoni la '),
 ('282', 'field', '169', 'en_us', ' practice lead '),
 ('282', 'slug', '0', 'en_us', ''),
 ('310', 'kind', '0', 'en_us', ' image '),
 ('310', 'slug', '0', 'en_us', ' img 5691 worthingtonimages com 2017 rt '),
 ('310', 'title', '0', 'en_us', ' img 5691 worthingtonimages com 2017 rt '),
 ('385', 'filename', '0', 'en_us', ' call to action panel_170726_205322 png '),
 ('385', 'extension', '0', 'en_us', ' png '),
 ('385', 'kind', '0', 'en_us', ' image '),
 ('385', 'slug', '0', 'en_us', ' call to action panel '),
 ('385', 'title', '0', 'en_us', ' call to action panel '),
 ('407', 'slug', '0', 'en_us', ' 1 s3 a7516 '),
 ('407', 'title', '0', 'en_us', ' 1 s3 a7516 '),
 ('408', 'filename', '0', 'en_us', ' 1s3a7398 jpg '),
 ('408', 'extension', '0', 'en_us', ' jpg '),
 ('408', 'kind', '0', 'en_us', ' image '),
 ('408', 'slug', '0', 'en_us', ' 1 s3 a7398 '),
 ('408', 'title', '0', 'en_us', ' 1 s3 a7398 '),
 ('409', 'filename', '0', 'en_us', ' arigoni family jpg '),
 ('409', 'extension', '0', 'en_us', ' jpg '),
 ('409', 'kind', '0', 'en_us', ' image '),
 ('409', 'slug', '0', 'en_us', ' arigoni family '),
 ('409', 'title', '0', 'en_us', ' arigoni family '),
 ('410', 'filename', '0', 'en_us', ' img_2876 jpg '),
 ('410', 'extension', '0', 'en_us', ' jpg '),
 ('410', 'kind', '0', 'en_us', ' image '),
 ('410', 'slug', '0', 'en_us', ' img 2876 '),
 ('410', 'title', '0', 'en_us', ' img 2876 '),
 ('411', 'filename', '0', 'en_us', ' 1s3a7566 jpg '),
 ('411', 'extension', '0', 'en_us', ' jpg '),
 ('411', 'kind', '0', 'en_us', ' image '),
 ('411', 'slug', '0', 'en_us', ' 1 s3 a7566 '),
 ('411', 'title', '0', 'en_us', ' 1 s3 a7566 '),
 ('412', 'filename', '0', 'en_us', ' 1s3a7581 jpg '),
 ('412', 'extension', '0', 'en_us', ' jpg '),
 ('412', 'kind', '0', 'en_us', ' image '),
 ('412', 'slug', '0', 'en_us', ' 1 s3 a7581 '),
 ('412', 'title', '0', 'en_us', ' 1 s3 a7581 '),
 ('413', 'filename', '0', 'en_us', ' 1s3a7647 jpg '),
 ('413', 'extension', '0', 'en_us', ' jpg '),
 ('413', 'kind', '0', 'en_us', ' image '),
 ('413', 'slug', '0', 'en_us', ' 1 s3 a7647 '),
 ('413', 'title', '0', 'en_us', ' 1 s3 a7647 '),
 ('414', 'filename', '0', 'en_us', ' 1s3a7712 jpg '),
 ('414', 'extension', '0', 'en_us', ' jpg '),
 ('414', 'kind', '0', 'en_us', ' image ');
INSERT INTO `craft_searchindex` (`elementId`, `attribute`, `fieldId`, `locale`, `keywords`) VALUES
 ('414', 'slug', '0', 'en_us', ' 1 s3 a7712 '),
 ('414', 'title', '0', 'en_us', ' 1 s3 a7712 '),
 ('415', 'filename', '0', 'en_us', ' dsc_0926 jpg '),
 ('415', 'extension', '0', 'en_us', ' jpg '),
 ('415', 'kind', '0', 'en_us', ' image '),
 ('415', 'slug', '0', 'en_us', ' dsc 0926 '),
 ('415', 'title', '0', 'en_us', ' dsc 0926 '),
 ('416', 'filename', '0', 'en_us', ' dsc_0938 jpg '),
 ('416', 'extension', '0', 'en_us', ' jpg '),
 ('416', 'kind', '0', 'en_us', ' image '),
 ('416', 'slug', '0', 'en_us', ' dsc 0938 '),
 ('416', 'title', '0', 'en_us', ' dsc 0938 '),
 ('417', 'filename', '0', 'en_us', ' 20170623_163956 jpg '),
 ('417', 'extension', '0', 'en_us', ' jpg '),
 ('417', 'kind', '0', 'en_us', ' image '),
 ('417', 'slug', '0', 'en_us', ' 20170623 163956 '),
 ('417', 'title', '0', 'en_us', ' 20170623 163956 '),
 ('418', 'filename', '0', 'en_us', ' 1s3a7532 jpg '),
 ('418', 'extension', '0', 'en_us', ' jpg '),
 ('418', 'kind', '0', 'en_us', ' image '),
 ('418', 'slug', '0', 'en_us', ' 1 s3 a7532 '),
 ('418', 'title', '0', 'en_us', ' 1 s3 a7532 '),
 ('419', 'field', '3', 'en_us', ' start shaping the future join our team 1 s3 a7516 1 s3 a7516 careers mmi is not your stereotypical engineering firm we may have drawings maps and math equations plastered all over our whiteboards but that is where the similarities end our culture our community our people are what set up apart with a work hard play hard mentality we cherish the moments outside of work enjoyig time with our team and families at home a day of building bridges followed by happy hour with coworkers is just another day at the office for us 0 1 s3 a7398 0 right we pride ourselves on being different 1 arigoni family 20170623 163956 right our values we are nothing without our family mentality because we know that collaborative skilled people who care about each other will always find new efficient and exciting ways to solve problems together and it shows in our work lead with empathy people we rely on a strong sense of professionalism driven by a cross functional commitment to our clients this guarantees stronger partnerships and more impactful solutions as we innovate communities and bring solutions to life our attention to detail the needs of others and vast expertise further fosters professionalism in everything that we touch be the expert professionalism we are fueled by our team s innate energy and drive for solving problems our passion is continually stirred by remembering that every touch point of everything we make is a chance to surprise delight and benefit the world ignite your passion passion we believe in combining our passions and years of experience in different fields to create a lasting effect on the world through thoughtful sustainable solutions that take into account human health safety experience and performance our community the employees clients and the people who experience our work on a daily basis inspires us to work harder faster and smarter in an effort to transform the lives of everyone who comes in contact with milone macbroom find the why purpose our planning team 1 s3 a7581 our environmental science team enjoying the day 1 s3 a7647 two of our partners working hard on a landscape architecture project 1 s3 a7712 field day 2017 dsc 0926 company photo 2017 dsc 0938 0 img 2876 1 s3 a7532 left custom mmin com let s chat anyway let s chat anyway _blank don t see your title listed that s okay custom mminc com contact us contact us cheshire ct senior geotechnical engineer community day 9 10 2016 health wellness medical prescription drug and dental insurancehealth savings accountdependent day care flexible spending accountlong term disability and optional short term disability insuranceaccidental death and dismemberment insurancehealth wellness programemployee assistance program a secure future pretax contributions to a 401 k retirement plandiscretionary company match to your 401 k profit sharing contributionsbasic supplemental spouse and dependent life insurance professional growth financial opportunities tuition reimbursement programprofessional training licensing and certificationspaid industry and association membershipsother professional development activitiesperformance management programrecognition for professional and personal achievements lifestyle leisure paid holidays vacation sick and personal time off company sponsored family events and activitiesfitness centercompany provided weekly breakfastemployee discount programsworkplace conveniences such as dry cleaning pickup delivery and postage stamp purchaseother discounts for local merchants and community attractionscommunity involvement programs athletic team being part of milone macbroom has its benefits '),
 ('419', 'slug', '0', 'en_us', ' careers '),
 ('419', 'title', '0', 'en_us', ' careers '),
 ('420', 'field', '4', 'en_us', ' 1 s3 a7516 1 s3 a7516 '),
 ('420', 'field', '8', 'en_us', ' careers '),
 ('420', 'field', '7', 'en_us', ' start shaping the future join our team '),
 ('420', 'slug', '0', 'en_us', ''),
 ('421', 'field', '5', 'en_us', ' 1 s3 a7516 '),
 ('421', 'field', '6', 'en_us', ' 1 s3 a7516 '),
 ('421', 'slug', '0', 'en_us', ''),
 ('422', 'field', '65', 'en_us', ' right '),
 ('422', 'field', '66', 'en_us', ''),
 ('422', 'field', '177', 'en_us', ' we pride ourselves on being different '),
 ('422', 'field', '67', 'en_us', ' mmi is not your stereotypical engineering firm we may have drawings maps and math equations plastered all over our whiteboards but that is where the similarities end our culture our community our people are what set up apart with a work hard play hard mentality we cherish the moments outside of work enjoyig time with our team and families at home a day of building bridges followed by happy hour with coworkers is just another day at the office for us '),
 ('422', 'field', '72', 'en_us', ''),
 ('422', 'field', '68', 'en_us', ''),
 ('422', 'field', '69', 'en_us', ' 1 s3 a7398 '),
 ('422', 'field', '178', 'en_us', ' 0 '),
 ('422', 'field', '180', 'en_us', ' 0 '),
 ('422', 'slug', '0', 'en_us', ''),
 ('423', 'field', '159', 'en_us', ' arigoni family '),
 ('423', 'field', '160', 'en_us', ' 20170623 163956 '),
 ('423', 'field', '161', 'en_us', ' right '),
 ('423', 'field', '183', 'en_us', ' 1 '),
 ('423', 'slug', '0', 'en_us', ''),
 ('424', 'field', '106', 'en_us', ' our values '),
 ('424', 'field', '155', 'en_us', ' we are nothing without our family mentality because we know that collaborative skilled people who care about each other will always find new efficient and exciting ways to solve problems together and it shows in our work lead with empathy people we rely on a strong sense of professionalism driven by a cross functional commitment to our clients this guarantees stronger partnerships and more impactful solutions as we innovate communities and bring solutions to life our attention to detail the needs of others and vast expertise further fosters professionalism in everything that we touch be the expert professionalism we are fueled by our team s innate energy and drive for solving problems our passion is continually stirred by remembering that every touch point of everything we make is a chance to surprise delight and benefit the world ignite your passion passion we believe in combining our passions and years of experience in different fields to create a lasting effect on the world through thoughtful sustainable solutions that take into account human health safety experience and performance our community the employees clients and the people who experience our work on a daily basis inspires us to work harder faster and smarter in an effort to transform the lives of everyone who comes in contact with milone macbroom find the why purpose '),
 ('424', 'slug', '0', 'en_us', ''),
 ('425', 'field', '156', 'en_us', ' people '),
 ('425', 'field', '157', 'en_us', ' lead with empathy '),
 ('425', 'field', '158', 'en_us', ' we are nothing without our family mentality because we know that collaborative skilled people who care about each other will always find new efficient and exciting ways to solve problems together and it shows in our work '),
 ('425', 'slug', '0', 'en_us', ''),
 ('426', 'field', '156', 'en_us', ' professionalism '),
 ('426', 'field', '157', 'en_us', ' be the expert '),
 ('426', 'field', '158', 'en_us', ' we rely on a strong sense of professionalism driven by a cross functional commitment to our clients this guarantees stronger partnerships and more impactful solutions as we innovate communities and bring solutions to life our attention to detail the needs of others and vast expertise further fosters professionalism in everything that we touch '),
 ('426', 'slug', '0', 'en_us', ''),
 ('427', 'field', '156', 'en_us', ' passion '),
 ('427', 'field', '157', 'en_us', ' ignite your passion '),
 ('427', 'field', '158', 'en_us', ' we are fueled by our team s innate energy and drive for solving problems our passion is continually stirred by remembering that every touch point of everything we make is a chance to surprise delight and benefit the world '),
 ('427', 'slug', '0', 'en_us', ''),
 ('428', 'field', '156', 'en_us', ' purpose '),
 ('428', 'field', '157', 'en_us', ' find the why '),
 ('428', 'field', '158', 'en_us', ' we believe in combining our passions and years of experience in different fields to create a lasting effect on the world through thoughtful sustainable solutions that take into account human health safety experience and performance our community the employees clients and the people who experience our work on a daily basis inspires us to work harder faster and smarter in an effort to transform the lives of everyone who comes in contact with milone macbroom '),
 ('428', 'slug', '0', 'en_us', ''),
 ('429', 'field', '134', 'en_us', ''),
 ('429', 'field', '12', 'en_us', ' our planning team 1 s3 a7581 our environmental science team enjoying the day 1 s3 a7647 two of our partners working hard on a landscape architecture project 1 s3 a7712 field day 2017 dsc 0926 company photo 2017 dsc 0938 '),
 ('429', 'slug', '0', 'en_us', ''),
 ('430', 'field', '13', 'en_us', ' 1 s3 a7581 '),
 ('430', 'field', '14', 'en_us', ' our planning team '),
 ('430', 'slug', '0', 'en_us', ''),
 ('431', 'field', '13', 'en_us', ' 1 s3 a7647 '),
 ('431', 'field', '14', 'en_us', ' our environmental science team enjoying the day '),
 ('431', 'slug', '0', 'en_us', ''),
 ('432', 'field', '13', 'en_us', ' 1 s3 a7712 '),
 ('432', 'field', '14', 'en_us', ' two of our partners working hard on a landscape architecture project '),
 ('432', 'slug', '0', 'en_us', ''),
 ('433', 'field', '13', 'en_us', ' dsc 0926 '),
 ('433', 'field', '14', 'en_us', ' field day 2017 '),
 ('433', 'slug', '0', 'en_us', ''),
 ('434', 'field', '13', 'en_us', ' dsc 0938 '),
 ('434', 'field', '14', 'en_us', ' company photo 2017 '),
 ('434', 'slug', '0', 'en_us', ''),
 ('435', 'field', '159', 'en_us', ' img 2876 '),
 ('435', 'field', '160', 'en_us', ' 1 s3 a7532 '),
 ('435', 'field', '161', 'en_us', ' left '),
 ('435', 'field', '183', 'en_us', ' 0 '),
 ('435', 'slug', '0', 'en_us', ''),
 ('436', 'field', '28', 'en_us', ' custom mminc com contact us contact us cheshire ct senior geotechnical engineer '),
 ('436', 'field', '32', 'en_us', ''),
 ('436', 'field', '33', 'en_us', ' custom mmin com let s chat anyway let s chat anyway _blank don t see your title listed that s okay '),
 ('436', 'slug', '0', 'en_us', ''),
 ('437', 'field', '29', 'en_us', ' senior geotechnical engineer '),
 ('437', 'field', '30', 'en_us', ' cheshire ct '),
 ('437', 'field', '31', 'en_us', ' custom mminc com contact us contact us '),
 ('437', 'slug', '0', 'en_us', ''),
 ('438', 'field', '34', 'en_us', ' don t see your title listed that s okay '),
 ('438', 'field', '35', 'en_us', ' custom mmin com let s chat anyway let s chat anyway _blank '),
 ('438', 'slug', '0', 'en_us', '');
INSERT INTO `craft_searchindex` (`elementId`, `attribute`, `fieldId`, `locale`, `keywords`) VALUES
 ('439', 'field', '107', 'en_us', ' being part of milone macbroom has its benefits '),
 ('439', 'field', '108', 'en_us', ' community day 9 10 2016 '),
 ('439', 'field', '109', 'en_us', ' health wellness medical prescription drug and dental insurancehealth savings accountdependent day care flexible spending accountlong term disability and optional short term disability insuranceaccidental death and dismemberment insurancehealth wellness programemployee assistance program a secure future pretax contributions to a 401 k retirement plandiscretionary company match to your 401 k profit sharing contributionsbasic supplemental spouse and dependent life insurance professional growth financial opportunities tuition reimbursement programprofessional training licensing and certificationspaid industry and association membershipsother professional development activitiesperformance management programrecognition for professional and personal achievements lifestyle leisure paid holidays vacation sick and personal time off company sponsored family events and activitiesfitness centercompany provided weekly breakfastemployee discount programsworkplace conveniences such as dry cleaning pickup delivery and postage stamp purchaseother discounts for local merchants and community attractionscommunity involvement programs athletic team '),
 ('439', 'slug', '0', 'en_us', ''),
 ('440', 'filename', '0', 'en_us', ' community_day_9 10 2016 jpg '),
 ('440', 'extension', '0', 'en_us', ' jpg '),
 ('440', 'kind', '0', 'en_us', ' image '),
 ('440', 'slug', '0', 'en_us', ' community day 9 10 2016 '),
 ('440', 'title', '0', 'en_us', ' community day 9 10 2016 '),
 ('441', 'field', '110', 'en_us', ' health wellness '),
 ('441', 'field', '111', 'en_us', ' medical prescription drug and dental insurancehealth savings accountdependent day care flexible spending accountlong term disability and optional short term disability insuranceaccidental death and dismemberment insurancehealth wellness programemployee assistance program '),
 ('441', 'slug', '0', 'en_us', ''),
 ('442', 'field', '110', 'en_us', ' a secure future '),
 ('442', 'field', '111', 'en_us', ' pretax contributions to a 401 k retirement plandiscretionary company match to your 401 k profit sharing contributionsbasic supplemental spouse and dependent life insurance '),
 ('442', 'slug', '0', 'en_us', ''),
 ('443', 'field', '110', 'en_us', ' professional growth financial opportunities '),
 ('443', 'field', '111', 'en_us', ' tuition reimbursement programprofessional training licensing and certificationspaid industry and association membershipsother professional development activitiesperformance management programrecognition for professional and personal achievements '),
 ('443', 'slug', '0', 'en_us', ''),
 ('444', 'field', '110', 'en_us', ' lifestyle leisure '),
 ('444', 'field', '111', 'en_us', ' paid holidays vacation sick and personal time off company sponsored family events and activitiesfitness centercompany provided weekly breakfastemployee discount programsworkplace conveniences such as dry cleaning pickup delivery and postage stamp purchaseother discounts for local merchants and community attractionscommunity involvement programs athletic team '),
 ('444', 'slug', '0', 'en_us', ''),
 ('447', 'filename', '0', 'en_us', ' mmi office jpg '),
 ('447', 'extension', '0', 'en_us', ' jpg '),
 ('447', 'kind', '0', 'en_us', ' image '),
 ('447', 'slug', '0', 'en_us', ' mmi office '),
 ('447', 'title', '0', 'en_us', ' mmi office '),
 ('450', 'field', '134', 'en_us', ' heading '),
 ('450', 'field', '12', 'en_us', ' caption of photo 1 s3 a7647 caption of photo athletic facility caption of photo 1 s3 a7581 '),
 ('450', 'slug', '0', 'en_us', ''),
 ('451', 'field', '13', 'en_us', ' 1 s3 a7647 '),
 ('451', 'field', '14', 'en_us', ' caption of photo '),
 ('451', 'slug', '0', 'en_us', ''),
 ('452', 'field', '13', 'en_us', ' athletic facility '),
 ('452', 'field', '14', 'en_us', ' caption of photo '),
 ('452', 'slug', '0', 'en_us', ''),
 ('453', 'field', '13', 'en_us', ' 1 s3 a7581 '),
 ('453', 'field', '14', 'en_us', ' caption of photo '),
 ('453', 'slug', '0', 'en_us', ''),
 ('454', 'filename', '0', 'en_us', ' 1s3a7503 jpg '),
 ('454', 'extension', '0', 'en_us', ' jpg '),
 ('454', 'kind', '0', 'en_us', ' image '),
 ('454', 'slug', '0', 'en_us', ' 1 s3 a7503 '),
 ('454', 'title', '0', 'en_us', ' 1 s3 a7503 '),
 ('455', 'filename', '0', 'en_us', ' 1s3a7436 jpg '),
 ('455', 'extension', '0', 'en_us', ' jpg '),
 ('455', 'kind', '0', 'en_us', ' image '),
 ('455', 'slug', '0', 'en_us', ' 1 s3 a7436 '),
 ('455', 'title', '0', 'en_us', ' 1 s3 a7436 '),
 ('458', 'slug', '0', 'en_us', ' principal '),
 ('458', 'title', '0', 'en_us', ' principal '),
 ('457', 'slug', '0', 'en_us', ' director of la '),
 ('457', 'title', '0', 'en_us', ' director of la '),
 ('459', 'field', '17', 'en_us', ' heading '),
 ('459', 'field', '15', 'en_us', ' agawam high school athletic facility renovation the gunnery athletic fields redesign '),
 ('459', 'slug', '0', 'en_us', ''),
 ('460', 'field', '28', 'en_us', ' custom contact us example description is an example of the description of the title example title '),
 ('460', 'field', '32', 'en_us', ''),
 ('460', 'field', '33', 'en_us', ' openings footer heading '),
 ('460', 'slug', '0', 'en_us', ''),
 ('461', 'field', '29', 'en_us', ' example title '),
 ('461', 'field', '30', 'en_us', ' example description is an example of the description of the title '),
 ('461', 'field', '31', 'en_us', ' custom contact us '),
 ('461', 'slug', '0', 'en_us', ''),
 ('462', 'field', '34', 'en_us', ' openings footer heading '),
 ('462', 'field', '35', 'en_us', ''),
 ('462', 'slug', '0', 'en_us', ''),
 ('463', 'field', '36', 'en_us', ' heading '),
 ('463', 'slug', '0', 'en_us', ''),
 ('464', 'field', '52', 'en_us', ' heading '),
 ('464', 'field', '53', 'en_us', ' mark arigoni la board member joanne samson vice president '),
 ('464', 'slug', '0', 'en_us', ''),
 ('465', 'field', '168', 'en_us', ' mark arigoni la '),
 ('465', 'field', '169', 'en_us', ' board member '),
 ('465', 'slug', '0', 'en_us', ''),
 ('466', 'field', '54', 'en_us', ' heading '),
 ('466', 'field', '55', 'en_us', ' body lorem ipsum dolor sit amet vestibulum eget hac nec condimentum cras a facilisi pede maecenas diam accumsan orci fringilla tellus a felis accumsan quisque eget curae viverra platea nunc nullam libero tortor sed lorem in molestie penatibus interdum aliquet quis sed mollis pharetra '),
 ('466', 'field', '56', 'en_us', ' list item 1 list item 2 list item 3 '),
 ('466', 'field', '179', 'en_us', ' 0 '),
 ('466', 'field', '181', 'en_us', ' 0 '),
 ('466', 'field', '182', 'en_us', ' 0 '),
 ('466', 'slug', '0', 'en_us', ''),
 ('467', 'field', '57', 'en_us', ' list item 1 '),
 ('467', 'slug', '0', 'en_us', ''),
 ('468', 'field', '57', 'en_us', ' list item 2 '),
 ('468', 'slug', '0', 'en_us', ''),
 ('469', 'field', '57', 'en_us', ' list item 3 '),
 ('469', 'slug', '0', 'en_us', ''),
 ('470', 'field', '54', 'en_us', ' heading centered lift light gray background '),
 ('470', 'field', '55', 'en_us', ' body lorem ipsum dolor sit amet vestibulum eget hac nec condimentum cras a facilisi pede maecenas diam accumsan orci fringilla tellus a felis accumsan quisque eget curae viverra platea nunc nullam libero tortor sed lorem in molestie penatibus interdum aliquet quis sed mollis pharetra '),
 ('470', 'field', '56', 'en_us', ' list item 1 list item 2 list item 3 '),
 ('470', 'field', '179', 'en_us', ' 1 '),
 ('470', 'field', '181', 'en_us', ' 1 '),
 ('470', 'field', '182', 'en_us', ' 1 '),
 ('470', 'slug', '0', 'en_us', ''),
 ('471', 'field', '57', 'en_us', ' list item 1 '),
 ('471', 'slug', '0', 'en_us', ''),
 ('472', 'field', '57', 'en_us', ' list item 2 '),
 ('472', 'slug', '0', 'en_us', ''),
 ('473', 'field', '57', 'en_us', ' list item 3 '),
 ('473', 'slug', '0', 'en_us', '');
INSERT INTO `craft_searchindex` (`elementId`, `attribute`, `fieldId`, `locale`, `keywords`) VALUES
 ('474', 'field', '58', 'en_us', ' heading '),
 ('474', 'field', '59', 'en_us', ' body lorem ipsum dolor sit amet vestibulum eget hac nec condimentum cras a facilisi pede maecenas diam accumsan orci fringilla tellus a felis accumsan quisque eget curae viverra platea nunc nullam libero tortor sed lorem in molestie penatibus interdum aliquet quis sed mollis pharetra '),
 ('474', 'slug', '0', 'en_us', ''),
 ('475', 'field', '60', 'en_us', ' left '),
 ('475', 'field', '61', 'en_us', ' heading left orientation '),
 ('475', 'field', '62', 'en_us', ' body lorem ipsum dolor sit amet vestibulum eget hac nec condimentum cras a facilisi pede maecenas diam accumsan orci fringilla tellus a felis accumsan quisque eget curae viverra platea nunc nullam libero tortor sed lorem in molestie penatibus interdum aliquet quis sed mollis pharetra '),
 ('475', 'field', '70', 'en_us', ' list item 1 list item 2 list item 3 '),
 ('475', 'field', '63', 'en_us', ' entry 221 '),
 ('475', 'field', '64', 'en_us', ' arigoni family '),
 ('475', 'slug', '0', 'en_us', ''),
 ('483', 'field', '65', 'en_us', ' left '),
 ('476', 'field', '71', 'en_us', ' list item 1 '),
 ('476', 'slug', '0', 'en_us', ''),
 ('477', 'field', '71', 'en_us', ' list item 2 '),
 ('477', 'slug', '0', 'en_us', ''),
 ('478', 'field', '71', 'en_us', ' list item 3 '),
 ('478', 'slug', '0', 'en_us', ''),
 ('479', 'field', '60', 'en_us', ' right '),
 ('479', 'field', '61', 'en_us', ' heading right orientation '),
 ('479', 'field', '62', 'en_us', ' body lorem ipsum dolor sit amet vestibulum eget hac nec condimentum cras a facilisi pede maecenas diam accumsan orci fringilla tellus a felis accumsan quisque eget curae viverra platea nunc nullam libero tortor sed lorem in molestie penatibus interdum aliquet quis sed mollis pharetra '),
 ('479', 'field', '70', 'en_us', ' list item 1 list item 2 list item 3 '),
 ('479', 'field', '63', 'en_us', ' entry 221 '),
 ('479', 'field', '64', 'en_us', ' 1 s3 a7398 '),
 ('479', 'slug', '0', 'en_us', ''),
 ('480', 'field', '71', 'en_us', ' list item 1 '),
 ('480', 'slug', '0', 'en_us', ''),
 ('481', 'field', '71', 'en_us', ' list item 2 '),
 ('481', 'slug', '0', 'en_us', ''),
 ('482', 'field', '71', 'en_us', ' list item 3 '),
 ('482', 'slug', '0', 'en_us', ''),
 ('483', 'field', '66', 'en_us', ' heading left orientation '),
 ('483', 'field', '177', 'en_us', ' subheading '),
 ('483', 'field', '67', 'en_us', ' body lorem ipsum dolor sit amet vestibulum eget hac nec condimentum cras a facilisi pede maecenas diam accumsan orci fringilla tellus a felis accumsan quisque eget curae viverra platea nunc nullam libero tortor sed lorem in molestie penatibus interdum aliquet quis sed mollis pharetra '),
 ('483', 'field', '72', 'en_us', ' list item 1 list item 2 list item 3 '),
 ('483', 'field', '68', 'en_us', ' entry 221 custom link text '),
 ('483', 'field', '69', 'en_us', ' concept gateway '),
 ('483', 'field', '178', 'en_us', ' 0 '),
 ('483', 'field', '180', 'en_us', ' 0 '),
 ('483', 'slug', '0', 'en_us', ''),
 ('484', 'field', '73', 'en_us', ' list item 1 '),
 ('484', 'slug', '0', 'en_us', ''),
 ('485', 'field', '73', 'en_us', ' list item 2 '),
 ('485', 'slug', '0', 'en_us', ''),
 ('486', 'field', '73', 'en_us', ' list item 3 '),
 ('486', 'slug', '0', 'en_us', ''),
 ('487', 'field', '65', 'en_us', ' right '),
 ('487', 'field', '66', 'en_us', ' heading right orientation dark lift '),
 ('487', 'field', '177', 'en_us', ' subheading '),
 ('487', 'field', '67', 'en_us', ' body lorem ipsum dolor sit amet vestibulum eget hac nec condimentum cras a facilisi pede maecenas diam accumsan orci fringilla tellus a felis accumsan quisque eget curae viverra platea nunc nullam libero tortor sed lorem in molestie penatibus interdum aliquet quis sed mollis pharetra '),
 ('487', 'field', '72', 'en_us', ' list item 1 list item 2 list item 3 '),
 ('487', 'field', '68', 'en_us', ' entry 221 custom link text '),
 ('487', 'field', '69', 'en_us', ' community day 9 10 2016 '),
 ('487', 'field', '178', 'en_us', ' 1 '),
 ('487', 'field', '180', 'en_us', ' 1 '),
 ('487', 'slug', '0', 'en_us', ''),
 ('488', 'field', '73', 'en_us', ' list item 1 '),
 ('488', 'slug', '0', 'en_us', ''),
 ('489', 'field', '73', 'en_us', ' list item 2 '),
 ('489', 'slug', '0', 'en_us', ''),
 ('490', 'field', '73', 'en_us', ' list item 3 '),
 ('490', 'slug', '0', 'en_us', ''),
 ('491', 'field', '74', 'en_us', ' failure is simply the opportunity to begin again this time more intelligently '),
 ('491', 'field', '75', 'en_us', ' henry ford '),
 ('491', 'slug', '0', 'en_us', ''),
 ('492', 'field', '76', 'en_us', ' heading '),
 ('492', 'field', '77', 'en_us', ' body lorem ipsum dolor sit amet vestibulum eget hac nec condimentum cras a facilisi pede maecenas diam accumsan orci fringilla tellus a felis accumsan quisque eget curae viverra platea nunc nullam libero tortor sed lorem in molestie penatibus interdum aliquet quis sed mollis pharetra '),
 ('492', 'field', '78', 'en_us', ' 0 entry 221 whitepaper 1 entry 221 brochure 1 entry 221 publication '),
 ('492', 'slug', '0', 'en_us', ''),
 ('493', 'field', '79', 'en_us', ' entry 221 '),
 ('493', 'field', '80', 'en_us', ' whitepaper '),
 ('493', 'field', '81', 'en_us', ' 0 '),
 ('493', 'slug', '0', 'en_us', ''),
 ('494', 'field', '79', 'en_us', ' entry 221 '),
 ('494', 'field', '80', 'en_us', ' brochure '),
 ('494', 'field', '81', 'en_us', ' 1 '),
 ('494', 'slug', '0', 'en_us', ''),
 ('495', 'field', '79', 'en_us', ' entry 221 '),
 ('495', 'field', '80', 'en_us', ' publication '),
 ('495', 'field', '81', 'en_us', ' 1 '),
 ('495', 'slug', '0', 'en_us', ''),
 ('496', 'field', '82', 'en_us', ' heading '),
 ('496', 'field', '83', 'en_us', ' body lorem ipsum dolor sit amet vestibulum eget hac nec condimentum cras a facilisi pede maecenas diam accumsan orci fringilla tellus a felis accumsan quisque eget curae viverra platea nunc nullam libero tortor sed lorem in molestie penatibus interdum aliquet quis sed mollis pharetra '),
 ('496', 'field', '84', 'en_us', ' image left title image right title '),
 ('496', 'slug', '0', 'en_us', ''),
 ('497', 'field', '85', 'en_us', ' title '),
 ('497', 'field', '86', 'en_us', ' image '),
 ('497', 'field', '87', 'en_us', ' left '),
 ('497', 'slug', '0', 'en_us', ''),
 ('498', 'field', '85', 'en_us', ' title '),
 ('498', 'field', '86', 'en_us', ' image '),
 ('498', 'field', '87', 'en_us', ' right '),
 ('498', 'slug', '0', 'en_us', ''),
 ('499', 'field', '88', 'en_us', ' heading '),
 ('499', 'field', '89', 'en_us', ' body lorem ipsum dolor sit amet vestibulum eget hac nec condimentum cras a facilisi pede maecenas diam accumsan orci fringilla tellus a felis accumsan quisque eget curae viverra platea nunc nullam libero tortor sed lorem in molestie penatibus interdum aliquet quis sed mollis pharetra '),
 ('499', 'field', '90', 'en_us', ' client or project name eckzample inc 453 placeholder dr new lorem ak 8675309 us shutterstock 406114573 1 client or project name ipsum construction 3987 falls uhdress rd dolar city nc 28173 us shutterstock 375806350 '),
 ('499', 'slug', '0', 'en_us', ''),
 ('500', 'field', '91', 'en_us', ' client or project name '),
 ('500', 'field', '92', 'en_us', ' eckzample inc 453 placeholder dr new lorem ak 8675309 us '),
 ('500', 'field', '93', 'en_us', ' shutterstock 406114573 1 '),
 ('500', 'slug', '0', 'en_us', '');
INSERT INTO `craft_searchindex` (`elementId`, `attribute`, `fieldId`, `locale`, `keywords`) VALUES
 ('501', 'filename', '0', 'en_us', ' shutterstock_406114573 jpg '),
 ('501', 'extension', '0', 'en_us', ' jpg '),
 ('501', 'kind', '0', 'en_us', ' image '),
 ('501', 'slug', '0', 'en_us', ' shutterstock 406114573 '),
 ('501', 'title', '0', 'en_us', ' shutterstock 406114573 '),
 ('502', 'filename', '0', 'en_us', ' shutterstock_406114573 1 jpg '),
 ('502', 'extension', '0', 'en_us', ' jpg '),
 ('502', 'kind', '0', 'en_us', ' image '),
 ('502', 'slug', '0', 'en_us', ' shutterstock 406114573 1 '),
 ('502', 'title', '0', 'en_us', ' shutterstock 406114573 1 '),
 ('503', 'filename', '0', 'en_us', ' shutterstock_375806350 jpg '),
 ('503', 'extension', '0', 'en_us', ' jpg '),
 ('503', 'kind', '0', 'en_us', ' image '),
 ('503', 'slug', '0', 'en_us', ' shutterstock 375806350 '),
 ('503', 'title', '0', 'en_us', ' shutterstock 375806350 '),
 ('504', 'field', '91', 'en_us', ' client or project name '),
 ('504', 'field', '92', 'en_us', ' ipsum construction 3987 falls uhdress rd dolar city nc 28173 us '),
 ('504', 'field', '93', 'en_us', ' shutterstock 375806350 '),
 ('504', 'slug', '0', 'en_us', ''),
 ('505', 'filename', '0', 'en_us', ' lorem_logo1 png '),
 ('505', 'extension', '0', 'en_us', ' png '),
 ('505', 'kind', '0', 'en_us', ' image '),
 ('505', 'slug', '0', 'en_us', ' lorem logo1 '),
 ('505', 'title', '0', 'en_us', ' lorem logo1 '),
 ('506', 'filename', '0', 'en_us', ' lorem_logo2 png '),
 ('506', 'extension', '0', 'en_us', ' png '),
 ('506', 'kind', '0', 'en_us', ' image '),
 ('506', 'slug', '0', 'en_us', ' lorem logo2 '),
 ('506', 'title', '0', 'en_us', ' lorem logo2 '),
 ('507', 'filename', '0', 'en_us', ' lorem_logo3 png '),
 ('507', 'extension', '0', 'en_us', ' png '),
 ('507', 'kind', '0', 'en_us', ' image '),
 ('507', 'slug', '0', 'en_us', ' lorem logo3 '),
 ('507', 'title', '0', 'en_us', ' lorem logo3 '),
 ('508', 'filename', '0', 'en_us', ' lorem_logo4 png '),
 ('508', 'extension', '0', 'en_us', ' png '),
 ('508', 'kind', '0', 'en_us', ' image '),
 ('508', 'slug', '0', 'en_us', ' lorem logo4 '),
 ('508', 'title', '0', 'en_us', ' lorem logo4 '),
 ('509', 'filename', '0', 'en_us', ' lorem_logo5 png '),
 ('509', 'extension', '0', 'en_us', ' png '),
 ('509', 'kind', '0', 'en_us', ' image '),
 ('509', 'slug', '0', 'en_us', ' lorem logo5 '),
 ('509', 'title', '0', 'en_us', ' lorem logo5 '),
 ('510', 'filename', '0', 'en_us', ' lorem_logo6 png '),
 ('510', 'extension', '0', 'en_us', ' png '),
 ('510', 'kind', '0', 'en_us', ' image '),
 ('510', 'slug', '0', 'en_us', ' lorem logo6 '),
 ('510', 'title', '0', 'en_us', ' lorem logo6 '),
 ('511', 'filename', '0', 'en_us', ' lorem_logo7 png '),
 ('511', 'extension', '0', 'en_us', ' png '),
 ('511', 'kind', '0', 'en_us', ' image '),
 ('511', 'slug', '0', 'en_us', ' lorem logo7 '),
 ('511', 'title', '0', 'en_us', ' lorem logo7 '),
 ('512', 'field', '94', 'en_us', ' heading '),
 ('512', 'field', '95', 'en_us', ' body lorem ipsum dolor sit amet vestibulum eget hac nec condimentum cras a facilisi pede maecenas diam accumsan orci fringilla tellus a felis accumsan quisque eget curae viverra platea nunc nullam libero tortor sed lorem in molestie penatibus interdum aliquet quis sed mollis pharetra '),
 ('512', 'field', '96', 'en_us', ' list item 1 list item 2 list item 3 list item 4 '),
 ('512', 'field', '98', 'en_us', ' lorem inc lorem logo1 ipsum llc lorem logo2 eckzampul lorem logo3 play soldur lorem logo5 capshun hlc lorem logo7 '),
 ('512', 'slug', '0', 'en_us', ''),
 ('513', 'field', '97', 'en_us', ' list item 1 '),
 ('513', 'slug', '0', 'en_us', ''),
 ('514', 'field', '97', 'en_us', ' list item 2 '),
 ('514', 'slug', '0', 'en_us', ''),
 ('515', 'field', '97', 'en_us', ' list item 3 '),
 ('515', 'slug', '0', 'en_us', ''),
 ('516', 'field', '97', 'en_us', ' list item 4 '),
 ('516', 'slug', '0', 'en_us', ''),
 ('517', 'field', '100', 'en_us', ' lorem logo1 '),
 ('517', 'field', '99', 'en_us', ' lorem inc '),
 ('517', 'slug', '0', 'en_us', ''),
 ('518', 'field', '100', 'en_us', ' lorem logo2 '),
 ('518', 'field', '99', 'en_us', ' ipsum llc '),
 ('518', 'slug', '0', 'en_us', ''),
 ('519', 'field', '100', 'en_us', ' lorem logo3 '),
 ('519', 'field', '99', 'en_us', ' eckzampul '),
 ('519', 'slug', '0', 'en_us', ''),
 ('521', 'field', '100', 'en_us', ' lorem logo5 '),
 ('521', 'field', '99', 'en_us', ' play soldur '),
 ('521', 'slug', '0', 'en_us', ''),
 ('523', 'field', '100', 'en_us', ' lorem logo7 '),
 ('523', 'field', '99', 'en_us', ' capshun hlc '),
 ('523', 'slug', '0', 'en_us', ''),
 ('524', 'field', '106', 'en_us', ' heading '),
 ('524', 'field', '155', 'en_us', ' lorem ipsum dolor sit amet vestibulum eget hac nec condimentum cras header value name 1 lorem ipsum dolor sit amet vestibulum eget hac nec condimentum cras header value name 2 lorem ipsum dolor sit amet vestibulum eget hac nec condimentum cras header value name 3 '),
 ('524', 'slug', '0', 'en_us', ''),
 ('525', 'field', '156', 'en_us', ' value name 1 '),
 ('525', 'field', '157', 'en_us', ' header '),
 ('525', 'field', '158', 'en_us', ' lorem ipsum dolor sit amet vestibulum eget hac nec condimentum cras '),
 ('525', 'slug', '0', 'en_us', ''),
 ('526', 'field', '156', 'en_us', ' value name 2 '),
 ('526', 'field', '157', 'en_us', ' header '),
 ('526', 'field', '158', 'en_us', ' lorem ipsum dolor sit amet vestibulum eget hac nec condimentum cras '),
 ('526', 'slug', '0', 'en_us', ''),
 ('527', 'field', '156', 'en_us', ' value name 3 '),
 ('527', 'field', '157', 'en_us', ' header '),
 ('527', 'field', '158', 'en_us', ' lorem ipsum dolor sit amet vestibulum eget hac nec condimentum cras '),
 ('527', 'slug', '0', 'en_us', ''),
 ('528', 'field', '107', 'en_us', ' heading '),
 ('528', 'field', '108', 'en_us', ' mp 3991 worthingtonimages com 2017 rt '),
 ('528', 'field', '109', 'en_us', ' benefit name 1 lorem ipsum dolor sit amet vestibulum eget hac nec condimentum cras benefit name 2 lorem ipsum dolor sit amet vestibulum eget hac nec condimentum cras benefit name 3 lorem ipsum dolor sit amet vestibulum eget hac nec condimentum cras ');
INSERT INTO `craft_searchindex` (`elementId`, `attribute`, `fieldId`, `locale`, `keywords`) VALUES
 ('528', 'slug', '0', 'en_us', ''),
 ('529', 'field', '110', 'en_us', ' benefit name 1 '),
 ('529', 'field', '111', 'en_us', ' lorem ipsum dolor sit amet vestibulum eget hac nec condimentum cras '),
 ('529', 'slug', '0', 'en_us', ''),
 ('530', 'field', '110', 'en_us', ' benefit name 2 '),
 ('530', 'field', '111', 'en_us', ' lorem ipsum dolor sit amet vestibulum eget hac nec condimentum cras '),
 ('530', 'slug', '0', 'en_us', ''),
 ('531', 'field', '110', 'en_us', ' benefit name 3 '),
 ('531', 'field', '111', 'en_us', ' lorem ipsum dolor sit amet vestibulum eget hac nec condimentum cras '),
 ('531', 'slug', '0', 'en_us', ''),
 ('532', 'field', '136', 'en_us', ' heading '),
 ('532', 'field', '140', 'en_us', ' entry 221 custom link text lorem ipsum dolor sit amet vestibulum eget hac nec condimentum cras title example 1 entry 221 custom link text lorem ipsum dolor sit amet vestibulum eget hac nec condimentum cras title example 2 '),
 ('532', 'slug', '0', 'en_us', ''),
 ('533', 'field', '141', 'en_us', ' title example 1 '),
 ('533', 'field', '142', 'en_us', ' lorem ipsum dolor sit amet vestibulum eget hac nec condimentum cras '),
 ('533', 'field', '143', 'en_us', ' entry 221 custom link text '),
 ('533', 'slug', '0', 'en_us', ''),
 ('534', 'field', '141', 'en_us', ' title example 2 '),
 ('534', 'field', '142', 'en_us', ' lorem ipsum dolor sit amet vestibulum eget hac nec condimentum cras '),
 ('534', 'field', '143', 'en_us', ' entry 221 custom link text '),
 ('534', 'slug', '0', 'en_us', ''),
 ('535', 'field', '147', 'en_us', ' heading '),
 ('535', 'field', '148', 'en_us', ' entry 221 custom link text '),
 ('535', 'slug', '0', 'en_us', ''),
 ('536', 'field', '138', 'en_us', ' heading '),
 ('536', 'field', '139', 'en_us', ''),
 ('536', 'slug', '0', 'en_us', ''),
 ('537', 'field', '131', 'en_us', ' 4 '),
 ('537', 'slug', '0', 'en_us', ''),
 ('538', 'field', '144', 'en_us', ' heading '),
 ('538', 'slug', '0', 'en_us', ''),
 ('539', 'field', '153', 'en_us', ' heading '),
 ('539', 'field', '154', 'en_us', ' education development utilities transportation environment community '),
 ('539', 'slug', '0', 'en_us', ''),
 ('540', 'field', '159', 'en_us', ' 20170623 163956 '),
 ('540', 'field', '160', 'en_us', ' 1 s3 a7532 '),
 ('540', 'field', '161', 'en_us', ' left '),
 ('540', 'field', '183', 'en_us', ' 0 '),
 ('540', 'slug', '0', 'en_us', ''),
 ('541', 'field', '168', 'en_us', ' joanne samson '),
 ('541', 'field', '169', 'en_us', ' vice president '),
 ('541', 'slug', '0', 'en_us', ''),
 ('546', 'field_8', '0', 'en_us', ''),
 ('546', 'field_5', '0', 'en_us', ''),
 ('546', 'field_9', '0', 'en_us', ''),
 ('546', 'field_7', '0', 'en_us', ' ds '),
 ('546', 'field_3', '0', 'en_us', ' ads1018 gmail com '),
 ('546', 'field_1', '0', 'en_us', ''),
 ('546', 'field_14', '0', 'en_us', ' test '),
 ('546', 'field_6', '0', 'en_us', ''),
 ('546', 'field_13', '0', 'en_us', ' general inquiry '),
 ('546', 'field_2', '0', 'en_us', ''),
 ('546', 'field_12', '0', 'en_us', ' test '),
 ('546', 'field_16', '0', 'en_us', ''),
 ('546', 'field_10', '0', 'en_us', ''),
 ('546', 'field_15', '0', 'en_us', ''),
 ('546', 'field_4', '0', 'en_us', ''),
 ('546', 'field_11', '0', 'en_us', ''),
 ('546', 'slug', '0', 'en_us', ' 2017 07 27 212619 '),
 ('546', 'title', '0', 'en_us', ' 2017 07 27 21 26 19 '),
 ('1008', 'field', '113', 'en_us', ''),
 ('1008', 'slug', '0', 'en_us', ' new hampshire '),
 ('1008', 'title', '0', 'en_us', ' new hampshire '),
 ('1009', 'field', '132', 'en_us', ' new york 231 main street suite 102 new paltz ny 12561 us '),
 ('1009', 'field', '118', 'en_us', ' tel 8456338153 845 633 8153 '),
 ('1009', 'field', '137', 'en_us', ''),
 ('1009', 'field', '122', 'en_us', ''),
 ('1009', 'field', '120', 'en_us', ''),
 ('1009', 'field', '125', 'en_us', ' 0 '),
 ('1009', 'field', '113', 'en_us', ''),
 ('1009', 'slug', '0', 'en_us', ' new york '),
 ('1009', 'title', '0', 'en_us', ' new york '),
 ('1010', 'field', '132', 'en_us', ' vermont 1 south main street waterbury vt 05676 us '),
 ('1010', 'field', '118', 'en_us', ' tel 8028828335 802 882 8335 '),
 ('1010', 'field', '137', 'en_us', ''),
 ('1010', 'field', '122', 'en_us', ''),
 ('1010', 'field', '120', 'en_us', ''),
 ('1010', 'field', '125', 'en_us', ' 0 '),
 ('1010', 'field', '113', 'en_us', ''),
 ('1010', 'slug', '0', 'en_us', ' vermont '),
 ('1010', 'title', '0', 'en_us', ' vermont '),
 ('1008', 'field', '118', 'en_us', ' tel 6032182320 603 218 2320 '),
 ('1008', 'field', '137', 'en_us', ''),
 ('1008', 'field', '122', 'en_us', ''),
 ('1008', 'field', '120', 'en_us', ''),
 ('1008', 'field', '125', 'en_us', ' 0 '),
 ('910', 'slug', '0', 'en_us', ' agawam high school athletic facility renovation 1 '),
 ('910', 'title', '0', 'en_us', ' centre square '),
 ('911', 'field', '163', 'en_us', ' the challenge '),
 ('911', 'field', '162', 'en_us', ' transform an abandoned lot to a downtown destination '),
 ('993', 'field', '137', 'en_us', ''),
 ('993', 'field', '128', 'en_us', ''),
 ('993', 'field', '3', 'en_us', ''),
 ('993', 'slug', '0', 'en_us', ' planning '),
 ('993', 'title', '0', 'en_us', ' planning '),
 ('994', 'field', '137', 'en_us', ''),
 ('994', 'field', '128', 'en_us', ''),
 ('994', 'field', '3', 'en_us', ''),
 ('994', 'slug', '0', 'en_us', ' community land use '),
 ('994', 'title', '0', 'en_us', ' community land use ');
INSERT INTO `craft_searchindex` (`elementId`, `attribute`, `fieldId`, `locale`, `keywords`) VALUES
 ('995', 'field', '137', 'en_us', ''),
 ('995', 'field', '128', 'en_us', ''),
 ('995', 'field', '3', 'en_us', ''),
 ('995', 'slug', '0', 'en_us', ' redevelopment economic development '),
 ('910', 'field', '3', 'en_us', ' a wonderfully passionate community was in dire need of safer and more adequate athletic facilities at their high school athletic complex what existed was an outdated unsafe undersized and unuseable track and bleacher system non accessible and inadequate restroom concessions and storage facilities the inadequate number of tennis courts in need of repair and an overall inefficient and unsafe layout of conflicting field and sport uses what we faced 0 concept site plan concept gateway right although with every design project the actual details for construction are extremely important to the success of the project perhaps equally important is the early involvement of the stakeholders in the concept stages of the project our goal of the masterplanning process was to engage with the track committee and the users of the facility the coaches the booster club the players and the maintenance and facilities staff only after having an informed ideas of what the stakeholders envision could we put our designer hats on and begin the design and concept planning by having periodic check ins and presentations with the stakeholders during our concept design phases it made the buy in of the project design a much smoother and cost effective process as the plans and specifications advanced through to bid documents the success of the project was our design team s ability to create a balance between the the long wish list of stakeholder desires and the real constraints of the project budget including passionate stakeholders in the master planning process due the size of the project and the inclusion of the complete renovation of the the boys girls locker and team room facilities internal to the school the project was required to follow the mgl chapter 149 bidding requirements this bidding procedure was lead by the mmi design team and led to a project that was completed within budget the resulting athletic facility is a true testament to a collaborative design process collaborative not only in the sense of our engineers planners and landscape architects but a true collaboration between design team and the community the work in progress img 3459 left sample caption here img 6096 worthingtonimages com 2017 rt sample caption here img 5849 worthingtonimages com 2017 rt sample caption here img 5629 worthingtonimages com 2017 rt sample caption here mp 4218 worthingtonimages com 2017 rt a look at the finished product 1 a list of facility improvements include 0 0 new boys girls locker rooms new ticketing concession restroom satellite trainers room and three bay storage facility new 6 post tensioned concrete tennis courts with basketball accommodations new 6 lane 8 straight synthetic track new full size synthetic turf field with new field lighting system new 1500 seat bleacher system new stadium scoreboard and sound system new girls softball field dugouts and scoreboard section of new town bikeway access to facility new accessible parking renovated two story press box new baseball field dugouts fencing batting cage and scoreboard restored historical field signage archway decorative site lighting new multi use natural grass athletic fields and irrigation meet the team involved joanne samson practice lead mark arigoni practice lead agawam high school athletic facility renovation the gunnery athletic fields redesign related projects '),
 ('910', 'field', '150', 'en_us', ''),
 ('1005', 'field', '132', 'en_us', ' connecticut 99 realty drive cheshire ct 06410 us '),
 ('1005', 'field', '118', 'en_us', ' tel 2032711773 203 271 1773 '),
 ('910', 'field', '112', 'en_us', ''),
 ('910', 'field', '132', 'en_us', ' bristol connecticut us '),
 ('910', 'field', '130', 'en_us', ' 0 transform an abandoned lot to a downtown destination 09 2013 tongva 319 0 mc ginnis blossoms the challenge '),
 ('910', 'field', '133', 'en_us', ' city of bristol '),
 ('914', 'field', '159', 'en_us', ' concept site plan '),
 ('913', 'slug', '0', 'en_us', ''),
 ('911', 'field', '164', 'en_us', ' 09 2013 tongva 319 0 mc ginnis blossoms '),
 ('911', 'field', '167', 'en_us', ' 0 '),
 ('911', 'slug', '0', 'en_us', ''),
 ('912', 'field', '165', 'en_us', ' mc ginnis blossoms '),
 ('912', 'field', '166', 'en_us', ' 09 2013 tongva 319 0 '),
 ('912', 'slug', '0', 'en_us', ''),
 ('913', 'field', '58', 'en_us', ' what we faced '),
 ('913', 'field', '59', 'en_us', ' a wonderfully passionate community was in dire need of safer and more adequate athletic facilities at their high school athletic complex what existed was an outdated unsafe undersized and unuseable track and bleacher system non accessible and inadequate restroom concessions and storage facilities the inadequate number of tennis courts in need of repair and an overall inefficient and unsafe layout of conflicting field and sport uses '),
 ('748', 'filename', '0', 'en_us', ' gunnery mobile jpg '),
 ('748', 'extension', '0', 'en_us', ' jpg '),
 ('748', 'kind', '0', 'en_us', ' image '),
 ('748', 'slug', '0', 'en_us', ' gunnery mobile '),
 ('748', 'title', '0', 'en_us', ' gunnery mobile '),
 ('749', 'filename', '0', 'en_us', ' gunnery desktop jpg '),
 ('749', 'extension', '0', 'en_us', ' jpg '),
 ('749', 'kind', '0', 'en_us', ' image '),
 ('749', 'slug', '0', 'en_us', ' gunnery desktop '),
 ('749', 'title', '0', 'en_us', ' gunnery desktop '),
 ('53', 'field', '150', 'en_us', ''),
 ('750', 'field', '162', 'en_us', ' convert a natural grass multipurpose field to synthetic turf '),
 ('750', 'field', '163', 'en_us', ' the challenge '),
 ('750', 'field', '164', 'en_us', ' gunnery desktop gunnery mobile '),
 ('750', 'field', '167', 'en_us', ' 1 '),
 ('750', 'slug', '0', 'en_us', ''),
 ('751', 'field', '165', 'en_us', ' gunnery mobile '),
 ('751', 'field', '166', 'en_us', ' gunnery desktop '),
 ('751', 'slug', '0', 'en_us', ''),
 ('274', 'field', '184', 'en_us', ' 0 '),
 ('274', 'field', '185', 'en_us', ' 0 '),
 ('274', 'field', '3', 'en_us', ''),
 ('985', 'field', '3', 'en_us', ''),
 ('985', 'slug', '0', 'en_us', ' environmental impact permitting '),
 ('985', 'title', '0', 'en_us', ' environmental impact permitting '),
 ('986', 'field', '137', 'en_us', ''),
 ('986', 'field', '128', 'en_us', ''),
 ('986', 'field', '3', 'en_us', ''),
 ('986', 'slug', '0', 'en_us', ' environmental site assessment remediation '),
 ('986', 'title', '0', 'en_us', ' environmental site assessment remediation '),
 ('987', 'field', '137', 'en_us', ''),
 ('987', 'field', '128', 'en_us', ''),
 ('987', 'field', '3', 'en_us', ''),
 ('987', 'slug', '0', 'en_us', ' industrial permitting '),
 ('987', 'title', '0', 'en_us', ' industrial permitting '),
 ('988', 'field', '137', 'en_us', ''),
 ('988', 'field', '128', 'en_us', ''),
 ('988', 'field', '3', 'en_us', ''),
 ('988', 'slug', '0', 'en_us', ' landscape architecture '),
 ('988', 'title', '0', 'en_us', ' landscape architecture '),
 ('989', 'field', '137', 'en_us', ''),
 ('989', 'field', '128', 'en_us', ''),
 ('989', 'field', '3', 'en_us', ''),
 ('989', 'slug', '0', 'en_us', ' master planning site design '),
 ('989', 'title', '0', 'en_us', ' master planning site design '),
 ('990', 'field', '137', 'en_us', ''),
 ('990', 'field', '128', 'en_us', ''),
 ('990', 'field', '3', 'en_us', ''),
 ('990', 'slug', '0', 'en_us', ' parks recreation '),
 ('990', 'title', '0', 'en_us', ' parks recreation '),
 ('991', 'field', '137', 'en_us', ''),
 ('991', 'field', '128', 'en_us', ''),
 ('991', 'field', '3', 'en_us', ''),
 ('991', 'slug', '0', 'en_us', ' athletic facilities '),
 ('991', 'title', '0', 'en_us', ' athletic facilities '),
 ('992', 'field', '137', 'en_us', ''),
 ('992', 'field', '128', 'en_us', ''),
 ('992', 'field', '3', 'en_us', ''),
 ('992', 'slug', '0', 'en_us', ' bikes greenways '),
 ('992', 'title', '0', 'en_us', ' bikes greenways '),
 ('985', 'field', '128', 'en_us', ''),
 ('961', 'slug', '0', 'en_us', ' public education '),
 ('961', 'title', '0', 'en_us', ' public education '),
 ('962', 'field', '127', 'en_us', ''),
 ('962', 'field', '3', 'en_us', ''),
 ('962', 'slug', '0', 'en_us', ' higher education '),
 ('962', 'title', '0', 'en_us', ' higher education '),
 ('963', 'field', '127', 'en_us', ''),
 ('963', 'field', '3', 'en_us', ''),
 ('963', 'slug', '0', 'en_us', ' independent schools '),
 ('963', 'title', '0', 'en_us', ' independent schools '),
 ('964', 'field', '127', 'en_us', ''),
 ('964', 'field', '3', 'en_us', ''),
 ('964', 'slug', '0', 'en_us', ' development '),
 ('964', 'title', '0', 'en_us', ' development '),
 ('965', 'field', '127', 'en_us', ''),
 ('965', 'field', '3', 'en_us', ''),
 ('965', 'slug', '0', 'en_us', ' residential ');
INSERT INTO `craft_searchindex` (`elementId`, `attribute`, `fieldId`, `locale`, `keywords`) VALUES
 ('965', 'title', '0', 'en_us', ' residential '),
 ('966', 'field', '127', 'en_us', ''),
 ('966', 'field', '3', 'en_us', ''),
 ('966', 'slug', '0', 'en_us', ' corporate industrial '),
 ('966', 'title', '0', 'en_us', ' corporate industrial '),
 ('967', 'field', '127', 'en_us', ''),
 ('967', 'field', '3', 'en_us', ''),
 ('967', 'slug', '0', 'en_us', ' healthcare '),
 ('967', 'title', '0', 'en_us', ' healthcare '),
 ('968', 'field', '127', 'en_us', ''),
 ('968', 'field', '3', 'en_us', ''),
 ('968', 'slug', '0', 'en_us', ' mixed use commercial '),
 ('968', 'title', '0', 'en_us', ' mixed use commercial '),
 ('969', 'field', '127', 'en_us', ''),
 ('969', 'field', '3', 'en_us', ''),
 ('969', 'slug', '0', 'en_us', ' civic '),
 ('969', 'title', '0', 'en_us', ' civic '),
 ('970', 'field', '127', 'en_us', ''),
 ('970', 'field', '3', 'en_us', ''),
 ('970', 'slug', '0', 'en_us', ' utilities '),
 ('970', 'title', '0', 'en_us', ' utilities '),
 ('971', 'field', '127', 'en_us', ''),
 ('971', 'field', '3', 'en_us', ''),
 ('971', 'slug', '0', 'en_us', ' transportation '),
 ('971', 'title', '0', 'en_us', ' transportation '),
 ('972', 'field', '127', 'en_us', ''),
 ('972', 'field', '3', 'en_us', ''),
 ('972', 'slug', '0', 'en_us', ' environment '),
 ('972', 'title', '0', 'en_us', ' environment '),
 ('973', 'field', '127', 'en_us', ''),
 ('973', 'field', '3', 'en_us', ''),
 ('973', 'slug', '0', 'en_us', ' community '),
 ('973', 'title', '0', 'en_us', ' community '),
 ('974', 'field', '137', 'en_us', ''),
 ('974', 'field', '128', 'en_us', ''),
 ('974', 'field', '3', 'en_us', ''),
 ('974', 'slug', '0', 'en_us', ' engineering '),
 ('974', 'title', '0', 'en_us', ' engineering '),
 ('975', 'field', '137', 'en_us', ''),
 ('975', 'field', '128', 'en_us', ''),
 ('975', 'field', '3', 'en_us', ''),
 ('975', 'slug', '0', 'en_us', ' civil engineering '),
 ('975', 'title', '0', 'en_us', ' civil engineering '),
 ('976', 'field', '137', 'en_us', ''),
 ('976', 'field', '128', 'en_us', ''),
 ('976', 'field', '3', 'en_us', ''),
 ('976', 'slug', '0', 'en_us', ' transportation engineering '),
 ('976', 'title', '0', 'en_us', ' transportation engineering '),
 ('977', 'field', '137', 'en_us', ''),
 ('977', 'field', '128', 'en_us', ''),
 ('977', 'field', '3', 'en_us', ''),
 ('977', 'slug', '0', 'en_us', ' water resources '),
 ('977', 'title', '0', 'en_us', ' water resources '),
 ('978', 'field', '137', 'en_us', ''),
 ('978', 'field', '128', 'en_us', ''),
 ('978', 'field', '3', 'en_us', ''),
 ('978', 'slug', '0', 'en_us', ' structural engineering '),
 ('978', 'title', '0', 'en_us', ' structural engineering '),
 ('979', 'field', '137', 'en_us', ''),
 ('979', 'field', '128', 'en_us', ''),
 ('979', 'field', '3', 'en_us', ''),
 ('979', 'slug', '0', 'en_us', ' geotechnical engineering '),
 ('979', 'title', '0', 'en_us', ' geotechnical engineering '),
 ('980', 'field', '137', 'en_us', ''),
 ('980', 'field', '128', 'en_us', ''),
 ('980', 'field', '3', 'en_us', ''),
 ('980', 'slug', '0', 'en_us', ' water wastewater '),
 ('980', 'title', '0', 'en_us', ' water wastewater '),
 ('981', 'field', '137', 'en_us', ''),
 ('981', 'field', '128', 'en_us', ''),
 ('981', 'field', '3', 'en_us', ''),
 ('981', 'slug', '0', 'en_us', ' utility '),
 ('981', 'title', '0', 'en_us', ' utility '),
 ('982', 'field', '137', 'en_us', ''),
 ('982', 'field', '128', 'en_us', ''),
 ('982', 'field', '3', 'en_us', ''),
 ('982', 'slug', '0', 'en_us', ' environmental science '),
 ('982', 'title', '0', 'en_us', ' environmental science '),
 ('983', 'field', '137', 'en_us', ''),
 ('983', 'field', '128', 'en_us', ''),
 ('983', 'field', '3', 'en_us', ''),
 ('983', 'slug', '0', 'en_us', ' natural resource management '),
 ('983', 'title', '0', 'en_us', ' natural resource management '),
 ('984', 'field', '137', 'en_us', ''),
 ('984', 'field', '128', 'en_us', ''),
 ('984', 'field', '3', 'en_us', ''),
 ('984', 'slug', '0', 'en_us', ' building sciences '),
 ('984', 'title', '0', 'en_us', ' building sciences '),
 ('985', 'field', '137', 'en_us', ''),
 ('960', 'title', '0', 'en_us', ' education '),
 ('961', 'field', '127', 'en_us', ''),
 ('961', 'field', '3', 'en_us', ''),
 ('960', 'slug', '0', 'en_us', ' education '),
 ('959', 'username', '0', 'en_us', ' amyray '),
 ('959', 'firstname', '0', 'en_us', ' amy '),
 ('959', 'lastname', '0', 'en_us', ' ray '),
 ('959', 'fullname', '0', 'en_us', ' amy ray '),
 ('959', 'email', '0', 'en_us', ' amyr mminc com '),
 ('959', 'slug', '0', 'en_us', ''),
 ('960', 'field', '127', 'en_us', '');
INSERT INTO `craft_searchindex` (`elementId`, `attribute`, `fieldId`, `locale`, `keywords`) VALUES
 ('960', 'field', '3', 'en_us', ''),
 ('910', 'field', '113', 'en_us', ''),
 ('915', 'field', '59', 'en_us', ' although with every design project the actual details for construction are extremely important to the success of the project perhaps equally important is the early involvement of the stakeholders in the concept stages of the project our goal of the masterplanning process was to engage with the track committee and the users of the facility the coaches the booster club the players and the maintenance and facilities staff only after having an informed ideas of what the stakeholders envision could we put our designer hats on and begin the design and concept planning by having periodic check ins and presentations with the stakeholders during our concept design phases it made the buy in of the project design a much smoother and cost effective process as the plans and specifications advanced through to bid documents the success of the project was our design team s ability to create a balance between the the long wish list of stakeholder desires and the real constraints of the project budget '),
 ('915', 'field', '58', 'en_us', ' including passionate stakeholders in the master planning process '),
 ('914', 'slug', '0', 'en_us', ''),
 ('914', 'field', '183', 'en_us', ' 0 '),
 ('914', 'field', '161', 'en_us', ' right '),
 ('914', 'field', '160', 'en_us', ' concept gateway '),
 ('915', 'slug', '0', 'en_us', ''),
 ('916', 'field', '60', 'en_us', ' left '),
 ('916', 'field', '61', 'en_us', ' the work in progress '),
 ('916', 'field', '62', 'en_us', ' due the size of the project and the inclusion of the complete renovation of the the boys girls locker and team room facilities internal to the school the project was required to follow the mgl chapter 149 bidding requirements this bidding procedure was lead by the mmi design team and led to a project that was completed within budget the resulting athletic facility is a true testament to a collaborative design process collaborative not only in the sense of our engineers planners and landscape architects but a true collaboration between design team and the community '),
 ('916', 'field', '70', 'en_us', ''),
 ('916', 'field', '63', 'en_us', ''),
 ('916', 'field', '64', 'en_us', ' img 3459 '),
 ('916', 'slug', '0', 'en_us', ''),
 ('917', 'field', '134', 'en_us', ' a look at the finished product '),
 ('917', 'field', '12', 'en_us', ' sample caption here img 6096 worthingtonimages com 2017 rt sample caption here img 5849 worthingtonimages com 2017 rt sample caption here img 5629 worthingtonimages com 2017 rt sample caption here mp 4218 worthingtonimages com 2017 rt '),
 ('917', 'slug', '0', 'en_us', ''),
 ('918', 'field', '13', 'en_us', ' img 6096 worthingtonimages com 2017 rt '),
 ('918', 'field', '14', 'en_us', ' sample caption here '),
 ('918', 'slug', '0', 'en_us', ''),
 ('919', 'field', '13', 'en_us', ' img 5849 worthingtonimages com 2017 rt '),
 ('919', 'field', '14', 'en_us', ' sample caption here '),
 ('919', 'slug', '0', 'en_us', ''),
 ('920', 'field', '13', 'en_us', ' img 5629 worthingtonimages com 2017 rt '),
 ('920', 'field', '14', 'en_us', ' sample caption here '),
 ('920', 'slug', '0', 'en_us', ''),
 ('921', 'field', '13', 'en_us', ' mp 4218 worthingtonimages com 2017 rt '),
 ('921', 'field', '14', 'en_us', ' sample caption here '),
 ('921', 'slug', '0', 'en_us', ''),
 ('922', 'field', '54', 'en_us', ' a list of facility improvements include '),
 ('922', 'field', '55', 'en_us', ''),
 ('922', 'field', '56', 'en_us', ' new boys girls locker rooms new ticketing concession restroom satellite trainers room and three bay storage facility new 6 post tensioned concrete tennis courts with basketball accommodations new 6 lane 8 straight synthetic track new full size synthetic turf field with new field lighting system new 1500 seat bleacher system new stadium scoreboard and sound system new girls softball field dugouts and scoreboard section of new town bikeway access to facility new accessible parking renovated two story press box new baseball field dugouts fencing batting cage and scoreboard restored historical field signage archway decorative site lighting new multi use natural grass athletic fields and irrigation '),
 ('922', 'field', '179', 'en_us', ' 1 '),
 ('922', 'field', '181', 'en_us', ' 0 '),
 ('922', 'field', '182', 'en_us', ' 0 '),
 ('922', 'slug', '0', 'en_us', ''),
 ('923', 'field', '57', 'en_us', ' new boys girls locker rooms '),
 ('923', 'slug', '0', 'en_us', ''),
 ('924', 'field', '57', 'en_us', ' new ticketing concession restroom satellite trainers room and three bay storage facility '),
 ('924', 'slug', '0', 'en_us', ''),
 ('925', 'field', '57', 'en_us', ' new 6 post tensioned concrete tennis courts with basketball accommodations '),
 ('925', 'slug', '0', 'en_us', ''),
 ('926', 'field', '57', 'en_us', ' new 6 lane 8 straight synthetic track '),
 ('926', 'slug', '0', 'en_us', ''),
 ('927', 'field', '57', 'en_us', ' new full size synthetic turf field with new field lighting system '),
 ('927', 'slug', '0', 'en_us', ''),
 ('928', 'field', '57', 'en_us', ' new 1500 seat bleacher system '),
 ('928', 'slug', '0', 'en_us', ''),
 ('929', 'field', '57', 'en_us', ' new stadium scoreboard and sound system '),
 ('929', 'slug', '0', 'en_us', ''),
 ('930', 'field', '57', 'en_us', ' new girls softball field dugouts and scoreboard '),
 ('930', 'slug', '0', 'en_us', ''),
 ('931', 'field', '57', 'en_us', ' section of new town bikeway access to facility '),
 ('931', 'slug', '0', 'en_us', ''),
 ('932', 'field', '57', 'en_us', ' new accessible parking '),
 ('932', 'slug', '0', 'en_us', ''),
 ('933', 'field', '57', 'en_us', ' renovated two story press box '),
 ('933', 'slug', '0', 'en_us', ''),
 ('934', 'field', '57', 'en_us', ' new baseball field dugouts fencing batting cage and scoreboard '),
 ('934', 'slug', '0', 'en_us', ''),
 ('935', 'field', '57', 'en_us', ' restored historical field signage archway '),
 ('935', 'slug', '0', 'en_us', ''),
 ('936', 'field', '57', 'en_us', ' decorative site lighting '),
 ('936', 'slug', '0', 'en_us', ''),
 ('937', 'field', '57', 'en_us', ' new multi use natural grass athletic fields and irrigation '),
 ('937', 'slug', '0', 'en_us', ''),
 ('938', 'field', '52', 'en_us', ' meet the team involved '),
 ('938', 'field', '53', 'en_us', ' joanne samson practice lead mark arigoni practice lead '),
 ('938', 'slug', '0', 'en_us', ''),
 ('939', 'field', '168', 'en_us', ' joanne samson '),
 ('939', 'field', '169', 'en_us', ' practice lead '),
 ('939', 'slug', '0', 'en_us', ''),
 ('940', 'field', '168', 'en_us', ' mark arigoni '),
 ('940', 'field', '169', 'en_us', ' practice lead '),
 ('940', 'slug', '0', 'en_us', ''),
 ('941', 'field', '144', 'en_us', ' let s work together '),
 ('941', 'slug', '0', 'en_us', ''),
 ('942', 'field', '17', 'en_us', ' related projects '),
 ('942', 'field', '15', 'en_us', ' agawam high school athletic facility renovation the gunnery athletic fields redesign '),
 ('942', 'slug', '0', 'en_us', ''),
 ('995', 'title', '0', 'en_us', ' redevelopment economic development '),
 ('996', 'field', '137', 'en_us', ''),
 ('996', 'field', '128', 'en_us', ''),
 ('996', 'field', '3', 'en_us', ''),
 ('996', 'slug', '0', 'en_us', ' school enrollment projections redistricting '),
 ('996', 'title', '0', 'en_us', ' school enrollment projections redistricting '),
 ('997', 'field', '137', 'en_us', ''),
 ('997', 'field', '128', 'en_us', ''),
 ('997', 'field', '3', 'en_us', ''),
 ('997', 'slug', '0', 'en_us', ' transportation planning '),
 ('997', 'title', '0', 'en_us', ' transportation planning '),
 ('998', 'field', '137', 'en_us', ''),
 ('998', 'field', '128', 'en_us', ''),
 ('998', 'field', '3', 'en_us', ''),
 ('998', 'slug', '0', 'en_us', ' hazard mitigation '),
 ('998', 'title', '0', 'en_us', ' hazard mitigation '),
 ('999', 'field', '137', 'en_us', ''),
 ('999', 'field', '128', 'en_us', '');
INSERT INTO `craft_searchindex` (`elementId`, `attribute`, `fieldId`, `locale`, `keywords`) VALUES
 ('999', 'field', '3', 'en_us', ''),
 ('999', 'slug', '0', 'en_us', ' coastal resilience '),
 ('999', 'title', '0', 'en_us', ' coastal resilience '),
 ('1000', 'field', '137', 'en_us', ''),
 ('1000', 'field', '128', 'en_us', ''),
 ('1000', 'field', '3', 'en_us', ''),
 ('1000', 'slug', '0', 'en_us', ' construction services '),
 ('1000', 'title', '0', 'en_us', ' construction services '),
 ('1001', 'field', '137', 'en_us', ''),
 ('1001', 'field', '128', 'en_us', ''),
 ('1001', 'field', '3', 'en_us', ''),
 ('1001', 'slug', '0', 'en_us', ' project administration '),
 ('1001', 'title', '0', 'en_us', ' project administration '),
 ('1002', 'field', '137', 'en_us', ''),
 ('1002', 'field', '128', 'en_us', ''),
 ('1002', 'field', '3', 'en_us', ''),
 ('1002', 'slug', '0', 'en_us', ' resident engineering '),
 ('1002', 'title', '0', 'en_us', ' resident engineering '),
 ('1003', 'field', '137', 'en_us', ''),
 ('1003', 'field', '128', 'en_us', ''),
 ('1003', 'field', '3', 'en_us', ''),
 ('1003', 'slug', '0', 'en_us', ' value engineering '),
 ('1003', 'title', '0', 'en_us', ' value engineering '),
 ('1004', 'field', '137', 'en_us', ''),
 ('1004', 'field', '128', 'en_us', ''),
 ('1004', 'field', '3', 'en_us', ''),
 ('1004', 'slug', '0', 'en_us', ' land surveying '),
 ('1004', 'title', '0', 'en_us', ' land surveying '),
 ('1005', 'field', '125', 'en_us', ' 0 '),
 ('1005', 'field', '113', 'en_us', ''),
 ('1005', 'slug', '0', 'en_us', ' connecticut '),
 ('1005', 'title', '0', 'en_us', ' connecticut '),
 ('1006', 'field', '132', 'en_us', ' maine 121 middle street suite 201 portland me 04101 us '),
 ('1006', 'field', '118', 'en_us', ' tel 2075419544 207 541 9544 '),
 ('1006', 'field', '137', 'en_us', ''),
 ('1006', 'field', '122', 'en_us', ''),
 ('1006', 'field', '120', 'en_us', ''),
 ('1006', 'field', '125', 'en_us', ' 0 '),
 ('1006', 'field', '113', 'en_us', ''),
 ('1006', 'slug', '0', 'en_us', ' maine '),
 ('1006', 'title', '0', 'en_us', ' maine '),
 ('1007', 'field', '132', 'en_us', ' massachusetts 1350 main street suite 1012 springfield ma 01103 us '),
 ('1007', 'field', '118', 'en_us', ' tel 4132416920 413 241 6920 '),
 ('1007', 'field', '137', 'en_us', ''),
 ('1007', 'field', '122', 'en_us', ''),
 ('1007', 'field', '120', 'en_us', ''),
 ('1007', 'field', '125', 'en_us', ' 0 '),
 ('1007', 'field', '113', 'en_us', ''),
 ('1007', 'slug', '0', 'en_us', ' massachusetts '),
 ('1007', 'title', '0', 'en_us', ' massachusetts '),
 ('1008', 'field', '132', 'en_us', ' new hampshire 1 sundial avenue suite 505n manchester nh 03103 us '),
 ('957', 'filename', '0', 'en_us', ' mcginnis_blossoms jpg '),
 ('957', 'extension', '0', 'en_us', ' jpg '),
 ('957', 'kind', '0', 'en_us', ' image '),
 ('957', 'slug', '0', 'en_us', ' mc ginnis blossoms '),
 ('957', 'title', '0', 'en_us', ' mc ginnis blossoms '),
 ('958', 'filename', '0', 'en_us', ' 09_2013_tongva 319 0 jpg '),
 ('958', 'extension', '0', 'en_us', ' jpg '),
 ('958', 'kind', '0', 'en_us', ' image '),
 ('958', 'slug', '0', 'en_us', ' 09 2013 tongva 319 0 '),
 ('958', 'title', '0', 'en_us', ' 09 2013 tongva 319 0 ');



DROP TABLE IF EXISTS `craft_sections`;


--
-- Schema for table `craft_sections`
--
CREATE TABLE `craft_sections` (
  `id` int(11) NOT NULL AUTO_INCREMENT,
  `structureId` int(11) DEFAULT NULL,
  `name` varchar(255) COLLATE utf8_unicode_ci NOT NULL,
  `handle` varchar(255) COLLATE utf8_unicode_ci NOT NULL,
  `type` enum('single','channel','structure') COLLATE utf8_unicode_ci NOT NULL DEFAULT 'channel',
  `hasUrls` tinyint(1) unsigned NOT NULL DEFAULT '1',
  `template` varchar(500) COLLATE utf8_unicode_ci DEFAULT NULL,
  `enableVersioning` tinyint(1) unsigned NOT NULL DEFAULT '0',
  `dateCreated` datetime NOT NULL,
  `dateUpdated` datetime NOT NULL,
  `uid` char(36) COLLATE utf8_unicode_ci NOT NULL DEFAULT '0',
  PRIMARY KEY (`id`),
  UNIQUE KEY `craft_sections_name_unq_idx` (`name`),
  UNIQUE KEY `craft_sections_handle_unq_idx` (`handle`),
  KEY `craft_sections_structureId_fk` (`structureId`)
) ENGINE=InnoDB AUTO_INCREMENT=13 DEFAULT CHARSET=utf8 COLLATE=utf8_unicode_ci;

--
-- Data for table `craft_sections`
--

INSERT INTO `craft_sections` (`id`, `structureId`, `name`, `handle`, `type`, `hasUrls`, `template`, `enableVersioning`, `dateCreated`, `dateUpdated`, `uid`) VALUES
 ('2', NULL, 'News', 'news', 'channel', '1', 'news/_entry', '1', '2017-06-09 17:32:25', '2017-06-09 17:55:35', '9ea24c96-cf8f-4a1b-b32b-78317fb66db9'),
 ('3', NULL, 'Case Studies', 'caseStudies', 'channel', '1', 'caseStudy/_entry', '1', '2017-06-09 17:52:37', '2017-07-31 22:03:32', '06a8e8ec-4ef8-491f-ac07-7695495a452e'),
 ('7', NULL, 'Pages', 'page', 'channel', '1', 'page', '1', '2017-06-09 20:34:58', '2017-06-09 21:05:29', '90a56e98-15b8-4d40-bec1-e30a85a7507e'),
 ('8', NULL, 'Team Members', 'team', 'channel', '1', 'team/_entry', '1', '2017-06-15 14:56:59', '2017-07-25 14:21:28', '9180d08f-d4e7-42b3-9d84-2d495bb06329'),
 ('9', NULL, 'UI', 'ui', 'single', '1', 'ui', '1', '2017-07-25 14:39:15', '2017-07-25 14:39:15', 'b35d78b7-285c-4ce7-9b37-a08c21d12765'),
 ('10', '9', 'Practice Areas', 'practiceAreas', 'structure', '1', 'page', '1', '2017-07-31 21:18:49', '2017-07-31 21:18:49', 'f570e461-fa62-4064-a5d6-b7e19bfc585c'),
 ('11', '10', 'Services', 'services', 'structure', '1', 'page', '1', '2017-07-31 21:19:06', '2017-07-31 21:19:06', 'c56cd338-951d-4f8e-990d-5a20dda1becb'),
 ('12', NULL, 'Locations', 'locations', 'channel', '0', NULL, '1', '2017-07-31 21:19:17', '2017-07-31 21:19:17', '73159c43-d783-4b7b-85b2-d5a5a05612d6');



DROP TABLE IF EXISTS `craft_sections_i18n`;


--
-- Schema for table `craft_sections_i18n`
--
CREATE TABLE `craft_sections_i18n` (
  `id` int(11) NOT NULL AUTO_INCREMENT,
  `sectionId` int(11) NOT NULL,
  `locale` char(12) COLLATE utf8_unicode_ci NOT NULL,
  `enabledByDefault` tinyint(1) unsigned NOT NULL DEFAULT '1',
  `urlFormat` text COLLATE utf8_unicode_ci,
  `nestedUrlFormat` text COLLATE utf8_unicode_ci,
  `dateCreated` datetime NOT NULL,
  `dateUpdated` datetime NOT NULL,
  `uid` char(36) COLLATE utf8_unicode_ci NOT NULL DEFAULT '0',
  PRIMARY KEY (`id`),
  UNIQUE KEY `craft_sections_i18n_sectionId_locale_unq_idx` (`sectionId`,`locale`),
  KEY `craft_sections_i18n_locale_fk` (`locale`)
) ENGINE=InnoDB AUTO_INCREMENT=13 DEFAULT CHARSET=utf8 COLLATE=utf8_unicode_ci;

--
-- Data for table `craft_sections_i18n`
--

INSERT INTO `craft_sections_i18n` (`id`, `sectionId`, `locale`, `enabledByDefault`, `urlFormat`, `nestedUrlFormat`, `dateCreated`, `dateUpdated`, `uid`) VALUES
 ('2', '2', 'en_us', '1', 'news/{postDate.year}/{slug}', NULL, '2017-06-09 17:32:25', '2017-06-09 17:32:25', '4bde2e76-11e1-4218-ab67-2d072ace3a1e'),
 ('3', '3', 'en_us', '1', 'work/{slug}', NULL, '2017-06-09 17:52:37', '2017-06-09 17:52:37', '18c9c20f-1401-4541-9a42-77c866f35aa4'),
 ('7', '7', 'en_us', '1', '{slug}', NULL, '2017-06-09 20:34:58', '2017-06-09 20:34:58', '14238e7f-355d-4f9f-8a7a-dfc1b8de4298'),
 ('8', '8', 'en_us', '1', 'team/{slug}', NULL, '2017-06-15 14:56:59', '2017-06-15 14:56:59', '258f810f-9e9f-4081-8ed6-40e819de0404'),
 ('9', '9', 'en_us', '1', 'ui', NULL, '2017-07-25 14:39:15', '2017-07-25 14:39:15', '4e4c7eee-dd3a-4b98-9d47-9ee0248f8891'),
 ('10', '10', 'en_us', '1', 'practice-areas/{slug}', '{parent.uri}/{slug}', '2017-07-31 21:18:49', '2017-07-31 21:18:49', 'e0ec6642-434b-4a1d-93cf-7f7ab66663d3'),
 ('11', '11', 'en_us', '1', 'services/{slug}', '{parent.uri}/{slug}', '2017-07-31 21:19:06', '2017-07-31 21:19:06', 'c0fab9ff-ed0e-4e1f-b5d9-89771ef4a17d'),
 ('12', '12', 'en_us', '1', NULL, NULL, '2017-07-31 21:19:17', '2017-07-31 21:19:17', '6ae902b8-3fea-4989-8652-6334483f2a92');



DROP TABLE IF EXISTS `craft_seomatic_meta`;


--
-- Schema for table `craft_seomatic_meta`
--
CREATE TABLE `craft_seomatic_meta` (
  `id` int(11) NOT NULL,
  `seoImageId` int(11) DEFAULT NULL,
  `seoTwitterImageId` int(11) DEFAULT NULL,
  `seoFacebookImageId` int(11) DEFAULT NULL,
  `locale` varchar(255) COLLATE utf8_unicode_ci DEFAULT 'en_us',
  `elementId` int(10) DEFAULT '0',
  `metaType` enum('default','template') COLLATE utf8_unicode_ci DEFAULT 'template',
  `metaPath` varchar(255) COLLATE utf8_unicode_ci DEFAULT '',
  `seoMainEntityCategory` varchar(255) COLLATE utf8_unicode_ci DEFAULT '',
  `seoMainEntityOfPage` varchar(255) COLLATE utf8_unicode_ci DEFAULT '',
  `seoTitle` varchar(255) COLLATE utf8_unicode_ci DEFAULT '',
  `seoDescription` varchar(255) COLLATE utf8_unicode_ci DEFAULT '',
  `seoKeywords` varchar(255) COLLATE utf8_unicode_ci DEFAULT '',
  `seoImageTransform` varchar(255) COLLATE utf8_unicode_ci DEFAULT '',
  `seoFacebookImageTransform` varchar(255) COLLATE utf8_unicode_ci DEFAULT '',
  `seoTwitterImageTransform` varchar(255) COLLATE utf8_unicode_ci DEFAULT '',
  `twitterCardType` varchar(255) COLLATE utf8_unicode_ci DEFAULT 'summary',
  `openGraphType` varchar(255) COLLATE utf8_unicode_ci DEFAULT 'website',
  `robots` varchar(255) COLLATE utf8_unicode_ci DEFAULT '',
  `dateCreated` datetime NOT NULL,
  `dateUpdated` datetime NOT NULL,
  `uid` char(36) COLLATE utf8_unicode_ci NOT NULL DEFAULT '0',
  PRIMARY KEY (`id`),
  KEY `craft_seomatic_meta_seoImageId_fk` (`seoImageId`),
  KEY `craft_seomatic_meta_seoTwitterImageId_fk` (`seoTwitterImageId`),
  KEY `craft_seomatic_meta_seoFacebookImageId_fk` (`seoFacebookImageId`)
) ENGINE=InnoDB DEFAULT CHARSET=utf8 COLLATE=utf8_unicode_ci;

DROP TABLE IF EXISTS `craft_seomatic_settings`;


--
-- Schema for table `craft_seomatic_settings`
--
CREATE TABLE `craft_seomatic_settings` (
  `id` int(11) NOT NULL AUTO_INCREMENT,
  `siteSeoImageId` int(11) DEFAULT NULL,
  `siteSeoTwitterImageId` int(11) DEFAULT NULL,
  `siteSeoFacebookImageId` int(11) DEFAULT NULL,
  `genericOwnerImageId` int(11) DEFAULT NULL,
  `genericCreatorImageId` int(11) DEFAULT NULL,
  `locale` varchar(255) COLLATE utf8_unicode_ci DEFAULT '',
  `siteSeoName` varchar(255) COLLATE utf8_unicode_ci DEFAULT '',
  `siteSeoTitle` varchar(255) COLLATE utf8_unicode_ci DEFAULT '',
  `siteSeoTitleSeparator` varchar(10) COLLATE utf8_unicode_ci DEFAULT '|',
  `siteSeoTitlePlacement` enum('before','after','none') COLLATE utf8_unicode_ci DEFAULT 'after',
  `siteSeoDescription` varchar(255) COLLATE utf8_unicode_ci DEFAULT '',
  `siteSeoKeywords` varchar(255) COLLATE utf8_unicode_ci DEFAULT '',
  `siteSeoImageTransform` varchar(100) COLLATE utf8_unicode_ci DEFAULT '',
  `siteSeoFacebookImageTransform` varchar(100) COLLATE utf8_unicode_ci DEFAULT '',
  `siteSeoTwitterImageTransform` varchar(100) COLLATE utf8_unicode_ci DEFAULT '',
  `siteTwitterCardType` varchar(50) COLLATE utf8_unicode_ci DEFAULT '',
  `siteOpenGraphType` varchar(50) COLLATE utf8_unicode_ci DEFAULT '',
  `siteRobots` varchar(50) COLLATE utf8_unicode_ci DEFAULT '',
  `siteRobotsTxt` text COLLATE utf8_unicode_ci,
  `siteLinksSearchTargets` text COLLATE utf8_unicode_ci,
  `siteLinksQueryInput` varchar(50) COLLATE utf8_unicode_ci DEFAULT '',
  `googleSiteVerification` varchar(100) COLLATE utf8_unicode_ci DEFAULT '',
  `bingSiteVerification` varchar(100) COLLATE utf8_unicode_ci DEFAULT '',
  `googleAnalyticsUID` varchar(50) COLLATE utf8_unicode_ci DEFAULT '',
  `googleTagManagerID` varchar(50) COLLATE utf8_unicode_ci DEFAULT '',
  `googleAnalyticsSendPageview` tinyint(1) unsigned NOT NULL DEFAULT '1',
  `googleAnalyticsAdvertising` tinyint(1) unsigned NOT NULL DEFAULT '0',
  `googleAnalyticsEcommerce` tinyint(1) unsigned NOT NULL DEFAULT '0',
  `googleAnalyticsEEcommerce` tinyint(1) unsigned NOT NULL DEFAULT '0',
  `googleAnalyticsLinkAttribution` tinyint(1) unsigned NOT NULL DEFAULT '0',
  `googleAnalyticsLinker` tinyint(1) unsigned NOT NULL DEFAULT '0',
  `googleAnalyticsAnonymizeIp` tinyint(1) unsigned NOT NULL DEFAULT '0',
  `siteOwnerType` varchar(50) COLLATE utf8_unicode_ci DEFAULT '',
  `siteOwnerSubType` varchar(50) COLLATE utf8_unicode_ci DEFAULT '',
  `siteOwnerSpecificType` varchar(50) COLLATE utf8_unicode_ci DEFAULT '',
  `genericOwnerName` varchar(255) COLLATE utf8_unicode_ci DEFAULT '',
  `genericOwnerAlternateName` varchar(255) COLLATE utf8_unicode_ci DEFAULT '',
  `genericOwnerDescription` varchar(1024) COLLATE utf8_unicode_ci DEFAULT '',
  `genericOwnerUrl` varchar(255) COLLATE utf8_unicode_ci DEFAULT '',
  `genericOwnerTelephone` varchar(255) COLLATE utf8_unicode_ci DEFAULT '',
  `genericOwnerEmail` varchar(255) COLLATE utf8_unicode_ci DEFAULT '',
  `genericOwnerStreetAddress` varchar(255) COLLATE utf8_unicode_ci DEFAULT '',
  `genericOwnerAddressLocality` varchar(255) COLLATE utf8_unicode_ci DEFAULT '',
  `genericOwnerAddressRegion` varchar(255) COLLATE utf8_unicode_ci DEFAULT '',
  `genericOwnerPostalCode` varchar(255) COLLATE utf8_unicode_ci DEFAULT '',
  `genericOwnerAddressCountry` varchar(255) COLLATE utf8_unicode_ci DEFAULT '',
  `genericOwnerGeoLatitude` varchar(255) COLLATE utf8_unicode_ci DEFAULT '',
  `genericOwnerGeoLongitude` varchar(255) COLLATE utf8_unicode_ci DEFAULT '',
  `organizationOwnerDuns` varchar(255) COLLATE utf8_unicode_ci DEFAULT '',
  `organizationOwnerFounder` varchar(255) COLLATE utf8_unicode_ci DEFAULT '',
  `organizationOwnerFoundingDate` varchar(255) COLLATE utf8_unicode_ci DEFAULT '',
  `organizationOwnerFoundingLocation` varchar(255) COLLATE utf8_unicode_ci DEFAULT '',
  `organizationOwnerContactPoints` text COLLATE utf8_unicode_ci,
  `localBusinessPriceRange` varchar(10) COLLATE utf8_unicode_ci DEFAULT '$$$',
  `localBusinessOwnerOpeningHours` text COLLATE utf8_unicode_ci,
  `corporationOwnerTickerSymbol` varchar(255) COLLATE utf8_unicode_ci DEFAULT '',
  `restaurantOwnerServesCuisine` varchar(255) COLLATE utf8_unicode_ci DEFAULT '',
  `restaurantOwnerMenuUrl` varchar(255) COLLATE utf8_unicode_ci DEFAULT '',
  `restaurantOwnerReservationsUrl` varchar(255) COLLATE utf8_unicode_ci DEFAULT '',
  `personOwnerGender` varchar(255) COLLATE utf8_unicode_ci DEFAULT '',
  `personOwnerBirthPlace` varchar(255) COLLATE utf8_unicode_ci DEFAULT '',
  `twitterHandle` varchar(50) COLLATE utf8_unicode_ci DEFAULT '',
  `facebookHandle` varchar(50) COLLATE utf8_unicode_ci DEFAULT '',
  `facebookProfileId` varchar(50) COLLATE utf8_unicode_ci DEFAULT '',
  `facebookAppId` varchar(50) COLLATE utf8_unicode_ci DEFAULT '',
  `linkedInHandle` varchar(50) COLLATE utf8_unicode_ci DEFAULT '',
  `googlePlusHandle` varchar(50) COLLATE utf8_unicode_ci DEFAULT '',
  `youtubeHandle` varchar(50) COLLATE utf8_unicode_ci DEFAULT '',
  `youtubeChannelHandle` varchar(50) COLLATE utf8_unicode_ci DEFAULT '',
  `instagramHandle` varchar(50) COLLATE utf8_unicode_ci DEFAULT '',
  `pinterestHandle` varchar(50) COLLATE utf8_unicode_ci DEFAULT '',
  `githubHandle` varchar(50) COLLATE utf8_unicode_ci DEFAULT '',
  `vimeoHandle` varchar(50) COLLATE utf8_unicode_ci DEFAULT '',
  `wikipediaUrl` varchar(100) COLLATE utf8_unicode_ci DEFAULT '',
  `siteCreatorType` varchar(255) COLLATE utf8_unicode_ci DEFAULT '',
  `siteCreatorSubType` varchar(255) COLLATE utf8_unicode_ci DEFAULT '',
  `siteCreatorSpecificType` varchar(255) COLLATE utf8_unicode_ci DEFAULT '',
  `genericCreatorName` varchar(255) COLLATE utf8_unicode_ci DEFAULT '',
  `genericCreatorAlternateName` varchar(255) COLLATE utf8_unicode_ci DEFAULT '',
  `genericCreatorDescription` varchar(1024) COLLATE utf8_unicode_ci DEFAULT '',
  `genericCreatorUrl` varchar(255) COLLATE utf8_unicode_ci DEFAULT '',
  `genericCreatorTelephone` varchar(255) COLLATE utf8_unicode_ci DEFAULT '',
  `genericCreatorEmail` varchar(255) COLLATE utf8_unicode_ci DEFAULT '',
  `genericCreatorStreetAddress` varchar(255) COLLATE utf8_unicode_ci DEFAULT '',
  `genericCreatorAddressLocality` varchar(255) COLLATE utf8_unicode_ci DEFAULT '',
  `genericCreatorAddressRegion` varchar(255) COLLATE utf8_unicode_ci DEFAULT '',
  `genericCreatorPostalCode` varchar(255) COLLATE utf8_unicode_ci DEFAULT '',
  `genericCreatorAddressCountry` varchar(255) COLLATE utf8_unicode_ci DEFAULT '',
  `genericCreatorGeoLatitude` varchar(255) COLLATE utf8_unicode_ci DEFAULT '',
  `genericCreatorGeoLongitude` varchar(255) COLLATE utf8_unicode_ci DEFAULT '',
  `organizationCreatorDuns` varchar(255) COLLATE utf8_unicode_ci DEFAULT '',
  `organizationCreatorFounder` varchar(255) COLLATE utf8_unicode_ci DEFAULT '',
  `organizationCreatorFoundingDate` varchar(255) COLLATE utf8_unicode_ci DEFAULT '',
  `organizationCreatorFoundingLocation` varchar(255) COLLATE utf8_unicode_ci DEFAULT '',
  `organizationCreatorContactPoints` text COLLATE utf8_unicode_ci,
  `localBusinessCreatorOpeningHours` text COLLATE utf8_unicode_ci,
  `corporationCreatorTickerSymbol` varchar(255) COLLATE utf8_unicode_ci DEFAULT '',
  `restaurantCreatorServesCuisine` varchar(255) COLLATE utf8_unicode_ci DEFAULT '',
  `restaurantCreatorMenuUrl` varchar(255) COLLATE utf8_unicode_ci DEFAULT '',
  `restaurantCreatorReservationsUrl` varchar(255) COLLATE utf8_unicode_ci DEFAULT '',
  `personCreatorGender` varchar(255) COLLATE utf8_unicode_ci DEFAULT '',
  `personCreatorBirthPlace` varchar(255) COLLATE utf8_unicode_ci DEFAULT '',
  `genericCreatorHumansTxt` text COLLATE utf8_unicode_ci,
  `dateCreated` datetime NOT NULL,
  `dateUpdated` datetime NOT NULL,
  `uid` char(36) COLLATE utf8_unicode_ci NOT NULL DEFAULT '0',
  PRIMARY KEY (`id`),
  KEY `craft_seomatic_settings_siteSeoImageId_fk` (`siteSeoImageId`),
  KEY `craft_seomatic_settings_siteSeoTwitterImageId_fk` (`siteSeoTwitterImageId`),
  KEY `craft_seomatic_settings_siteSeoFacebookImageId_fk` (`siteSeoFacebookImageId`),
  KEY `craft_seomatic_settings_genericOwnerImageId_fk` (`genericOwnerImageId`),
  KEY `craft_seomatic_settings_genericCreatorImageId_fk` (`genericCreatorImageId`)
) ENGINE=InnoDB AUTO_INCREMENT=2 DEFAULT CHARSET=utf8 COLLATE=utf8_unicode_ci;

--
-- Data for table `craft_seomatic_settings`
--

INSERT INTO `craft_seomatic_settings` (`id`, `siteSeoImageId`, `siteSeoTwitterImageId`, `siteSeoFacebookImageId`, `genericOwnerImageId`, `genericCreatorImageId`, `locale`, `siteSeoName`, `siteSeoTitle`, `siteSeoTitleSeparator`, `siteSeoTitlePlacement`, `siteSeoDescription`, `siteSeoKeywords`, `siteSeoImageTransform`, `siteSeoFacebookImageTransform`, `siteSeoTwitterImageTransform`, `siteTwitterCardType`, `siteOpenGraphType`, `siteRobots`, `siteRobotsTxt`, `siteLinksSearchTargets`, `siteLinksQueryInput`, `googleSiteVerification`, `bingSiteVerification`, `googleAnalyticsUID`, `googleTagManagerID`, `googleAnalyticsSendPageview`, `googleAnalyticsAdvertising`, `googleAnalyticsEcommerce`, `googleAnalyticsEEcommerce`, `googleAnalyticsLinkAttribution`, `googleAnalyticsLinker`, `googleAnalyticsAnonymizeIp`, `siteOwnerType`, `siteOwnerSubType`, `siteOwnerSpecificType`, `genericOwnerName`, `genericOwnerAlternateName`, `genericOwnerDescription`, `genericOwnerUrl`, `genericOwnerTelephone`, `genericOwnerEmail`, `genericOwnerStreetAddress`, `genericOwnerAddressLocality`, `genericOwnerAddressRegion`, `genericOwnerPostalCode`, `genericOwnerAddressCountry`, `genericOwnerGeoLatitude`, `genericOwnerGeoLongitude`, `organizationOwnerDuns`, `organizationOwnerFounder`, `organizationOwnerFoundingDate`, `organizationOwnerFoundingLocation`, `organizationOwnerContactPoints`, `localBusinessPriceRange`, `localBusinessOwnerOpeningHours`, `corporationOwnerTickerSymbol`, `restaurantOwnerServesCuisine`, `restaurantOwnerMenuUrl`, `restaurantOwnerReservationsUrl`, `personOwnerGender`, `personOwnerBirthPlace`, `twitterHandle`, `facebookHandle`, `facebookProfileId`, `facebookAppId`, `linkedInHandle`, `googlePlusHandle`, `youtubeHandle`, `youtubeChannelHandle`, `instagramHandle`, `pinterestHandle`, `githubHandle`, `vimeoHandle`, `wikipediaUrl`, `siteCreatorType`, `siteCreatorSubType`, `siteCreatorSpecificType`, `genericCreatorName`, `genericCreatorAlternateName`, `genericCreatorDescription`, `genericCreatorUrl`, `genericCreatorTelephone`, `genericCreatorEmail`, `genericCreatorStreetAddress`, `genericCreatorAddressLocality`, `genericCreatorAddressRegion`, `genericCreatorPostalCode`, `genericCreatorAddressCountry`, `genericCreatorGeoLatitude`, `genericCreatorGeoLongitude`, `organizationCreatorDuns`, `organizationCreatorFounder`, `organizationCreatorFoundingDate`, `organizationCreatorFoundingLocation`, `organizationCreatorContactPoints`, `localBusinessCreatorOpeningHours`, `corporationCreatorTickerSymbol`, `restaurantCreatorServesCuisine`, `restaurantCreatorMenuUrl`, `restaurantCreatorReservationsUrl`, `personCreatorGender`, `personCreatorBirthPlace`, `genericCreatorHumansTxt`, `dateCreated`, `dateUpdated`, `uid`) VALUES
 ('1', NULL, NULL, NULL, NULL, NULL, 'en_us', 'Milone & MacBroom', 'This is the default global title of the site pages.', '|', 'after', 'This is the default global natural language description of the content on the site pages.', 'default,global,comma-separated,keywords', '', '', '', 'summary', 'website', '', '# robots.txt for {{ siteUrl }}\n\nSitemap: {{ siteUrl |trim(\'/\') }}/sitemap.xml\n\n# Don\'t allow web crawlers to index Craft\n\nUser-agent: *\nDisallow: /craft/\n', '', '', '', '', '', '', '1', '0', '0', '0', '0', '0', '0', 'Organization', 'Corporation', '', 'Milone & MacBroom', '', '', 'http://mmi.ads.dsdev/', '', '', '', '', '', '', '', '', '', '', '', '', '', '', '$$$', '', '', '', '', '', '', '', '', '', '', '', '', '', '', '', '', '', '', '', '', 'Organization', 'Corporation', '', '', '', '', '', '', '', '', '', '', '', '', '', '', '', '', '', '', '', '', '', '', '', '', '', '', '/* TEAM */\n\n{% if seomaticCreator.name is defined and seomaticCreator.name %}\nCreator: {{ seomaticCreator.name }}\n{% endif %}\n{% if seomaticCreator.url is defined and seomaticCreator.url %}\nURL: {{ seomaticCreator.url }}\n{% endif %}\n{% if seomaticCreator.description is defined and seomaticCreator.description %}\nDescription: {{ seomaticCreator.description }}\n{% endif %}\n\n/* THANKS */\n\nPixel & Tonic - https://pixelandtonic.com\n\n/* SITE */\n\nStandards: HTML5, CSS3\nComponents: Craft CMS, Yii, PHP, Javascript, SEOmatic', '2017-06-09 17:35:25', '2017-06-09 17:35:25', '67b03fb6-719c-4815-812e-e0caadc498f1');



DROP TABLE IF EXISTS `craft_sessions`;


--
-- Schema for table `craft_sessions`
--
CREATE TABLE `craft_sessions` (
  `id` int(11) NOT NULL AUTO_INCREMENT,
  `userId` int(11) NOT NULL,
  `token` char(100) COLLATE utf8_unicode_ci NOT NULL,
  `dateCreated` datetime NOT NULL,
  `dateUpdated` datetime NOT NULL,
  `uid` char(36) COLLATE utf8_unicode_ci NOT NULL DEFAULT '0',
  PRIMARY KEY (`id`),
  KEY `craft_sessions_uid_idx` (`uid`),
  KEY `craft_sessions_token_idx` (`token`),
  KEY `craft_sessions_dateUpdated_idx` (`dateUpdated`),
  KEY `craft_sessions_userId_fk` (`userId`)
) ENGINE=InnoDB AUTO_INCREMENT=72 DEFAULT CHARSET=utf8 COLLATE=utf8_unicode_ci;

DROP TABLE IF EXISTS `craft_shunnedmessages`;


--
-- Schema for table `craft_shunnedmessages`
--
CREATE TABLE `craft_shunnedmessages` (
  `id` int(11) NOT NULL AUTO_INCREMENT,
  `userId` int(11) NOT NULL,
  `message` varchar(255) COLLATE utf8_unicode_ci NOT NULL,
  `expiryDate` datetime DEFAULT NULL,
  `dateCreated` datetime NOT NULL,
  `dateUpdated` datetime NOT NULL,
  `uid` char(36) COLLATE utf8_unicode_ci NOT NULL DEFAULT '0',
  PRIMARY KEY (`id`),
  UNIQUE KEY `craft_shunnedmessages_userId_message_unq_idx` (`userId`,`message`)
) ENGINE=InnoDB DEFAULT CHARSET=utf8 COLLATE=utf8_unicode_ci;

DROP TABLE IF EXISTS `craft_structureelements`;


--
-- Schema for table `craft_structureelements`
--
CREATE TABLE `craft_structureelements` (
  `id` int(11) NOT NULL AUTO_INCREMENT,
  `structureId` int(11) NOT NULL,
  `elementId` int(11) DEFAULT NULL,
  `root` int(11) unsigned DEFAULT NULL,
  `lft` int(11) unsigned NOT NULL,
  `rgt` int(11) unsigned NOT NULL,
  `level` smallint(6) unsigned NOT NULL,
  `dateCreated` datetime NOT NULL,
  `dateUpdated` datetime NOT NULL,
  `uid` char(36) COLLATE utf8_unicode_ci NOT NULL DEFAULT '0',
  PRIMARY KEY (`id`),
  UNIQUE KEY `craft_structureelements_structureId_elementId_unq_idx` (`structureId`,`elementId`),
  KEY `craft_structureelements_root_idx` (`root`),
  KEY `craft_structureelements_lft_idx` (`lft`),
  KEY `craft_structureelements_rgt_idx` (`rgt`),
  KEY `craft_structureelements_level_idx` (`level`),
  KEY `craft_structureelements_elementId_fk` (`elementId`)
) ENGINE=InnoDB AUTO_INCREMENT=116 DEFAULT CHARSET=utf8 COLLATE=utf8_unicode_ci;

--
-- Data for table `craft_structureelements`
--

INSERT INTO `craft_structureelements` (`id`, `structureId`, `elementId`, `root`, `lft`, `rgt`, `level`, `dateCreated`, `dateUpdated`, `uid`) VALUES
 ('1', '2', NULL, '1', '1', '2', '0', '2017-06-09 19:41:56', '2017-06-09 19:41:56', '4f7ad8de-4deb-494d-8d50-8ab02992ff53'),
 ('18', '1', NULL, '18', '1', '2', '0', '2017-06-09 19:48:11', '2017-06-09 19:48:11', '6ef55089-ee95-4340-8ab3-6ca5c77bf03e'),
 ('27', '4', NULL, '27', '1', '4', '0', '2017-06-09 20:32:02', '2017-06-09 20:32:02', 'dc651e77-8e50-48d7-8e47-9d86ae9c91dc'),
 ('28', '4', '27', '27', '2', '3', '1', '2017-06-09 20:32:02', '2017-06-09 20:32:02', '44697eec-dc27-4569-ac18-d81c298b07d6'),
 ('30', '5', NULL, '30', '1', '12', '0', '2017-06-15 16:39:26', '2017-06-15 16:39:26', '3c67bd63-6754-45c6-b839-3a961112b558'),
 ('31', '5', '41', '30', '2', '3', '1', '2017-06-15 16:39:26', '2017-06-15 16:39:26', '85416eb5-8339-4605-9a1e-13d6ee29f714'),
 ('32', '5', '42', '30', '4', '5', '1', '2017-06-15 16:39:39', '2017-06-15 16:39:39', '4b3038aa-2c2a-4924-8eaa-821402007637'),
 ('33', '6', NULL, '33', '1', '2', '0', '2017-06-15 22:20:32', '2017-06-15 22:20:32', '311cd536-4e35-4fbb-9c2d-47bd10dc431f'),
 ('63', '5', '158', '30', '6', '7', '1', '2017-06-28 21:10:47', '2017-06-28 21:10:47', '29a8ca58-2049-4b2d-bd97-77b110d20fa1'),
 ('64', '5', '457', '30', '8', '9', '1', '2017-07-27 19:13:07', '2017-07-27 19:13:07', '53a38cc1-cc62-44bc-9d7a-e8284fce8227'),
 ('65', '5', '458', '30', '10', '11', '1', '2017-07-27 19:38:10', '2017-07-27 19:38:10', '51421416-787a-4cb1-9851-68004a087fc0'),
 ('69', '9', NULL, '69', '1', '30', '0', '2017-07-31 21:27:17', '2017-07-31 21:27:17', '672aa794-7084-40f2-8c8e-2d368dbaea2a'),
 ('70', '9', '960', '69', '2', '9', '1', '2017-07-31 21:27:17', '2017-07-31 21:27:17', '3cc7749f-9c58-46b3-a71f-00c32dba074c'),
 ('71', '9', '961', '69', '3', '4', '2', '2017-07-31 21:27:38', '2017-07-31 21:27:38', '7f4a807b-140d-4fa6-bd5c-0a785b46eecf'),
 ('72', '9', '962', '69', '5', '6', '2', '2017-07-31 21:27:49', '2017-07-31 21:27:49', '0988c62d-72e7-45fa-8db0-5d46a993313d'),
 ('73', '9', '963', '69', '7', '8', '2', '2017-07-31 21:28:01', '2017-07-31 21:28:01', '60b878b3-727d-4f21-9713-383d75240850'),
 ('74', '9', '964', '69', '10', '21', '1', '2017-07-31 21:28:16', '2017-07-31 21:28:16', '533ea123-9201-43c8-9d31-a2a43da4b115'),
 ('75', '9', '965', '69', '11', '12', '2', '2017-07-31 21:28:32', '2017-07-31 21:28:32', 'dec250f6-5e15-4426-9745-c60c737ca3fb'),
 ('76', '9', '966', '69', '13', '14', '2', '2017-07-31 21:28:52', '2017-07-31 21:28:52', '9ae37c66-fbcc-4158-a6bf-943da1d088ff'),
 ('77', '9', '967', '69', '15', '16', '2', '2017-07-31 21:29:01', '2017-07-31 21:29:01', '7aff5de5-0c8c-4fb0-ba6e-c5fa763f0cde'),
 ('78', '9', '968', '69', '17', '18', '2', '2017-07-31 21:29:19', '2017-07-31 21:29:19', '73728928-660f-4825-9525-c8ef9a9efd58'),
 ('79', '9', '969', '69', '19', '20', '2', '2017-07-31 21:29:27', '2017-07-31 21:29:27', '8bf3c3c0-bf27-4af9-aa76-138019d153ec'),
 ('80', '9', '970', '69', '22', '23', '1', '2017-07-31 21:29:37', '2017-07-31 21:29:37', '4e860a3d-e8ed-4e7f-9a65-2910eacb437a'),
 ('81', '9', '971', '69', '24', '25', '1', '2017-07-31 21:29:45', '2017-07-31 21:29:45', 'e5aa1df9-63e3-42be-9bcb-b0b79ac02be1'),
 ('82', '9', '972', '69', '26', '27', '1', '2017-07-31 21:29:53', '2017-07-31 21:29:53', 'a70860fc-4589-4b3b-a3cf-d96fda0d7e9c'),
 ('83', '9', '973', '69', '28', '29', '1', '2017-07-31 21:30:00', '2017-07-31 21:30:00', '4f931fe2-5424-47cd-99d2-be13a528550d'),
 ('84', '10', NULL, '84', '1', '64', '0', '2017-07-31 21:30:36', '2017-07-31 21:30:36', '2c232d9b-be43-4a19-8a06-7c2dea96c3af'),
 ('85', '10', '974', '84', '2', '17', '1', '2017-07-31 21:30:36', '2017-07-31 21:30:36', 'ef15694b-a8cb-4a1c-acd5-027da139c91d'),
 ('86', '10', '975', '84', '3', '4', '2', '2017-07-31 21:31:24', '2017-07-31 21:31:24', '04b54735-76cd-41e0-bf2c-587943bdffc1'),
 ('87', '10', '976', '84', '5', '6', '2', '2017-07-31 21:32:27', '2017-07-31 21:32:27', 'd2af4d02-b90e-463a-9d07-231ba0be7ce1'),
 ('88', '10', '977', '84', '7', '8', '2', '2017-07-31 21:32:35', '2017-07-31 21:32:35', 'edcf8f52-3f4b-4047-8924-5fc5e021f885'),
 ('89', '10', '978', '84', '9', '10', '2', '2017-07-31 21:32:44', '2017-07-31 21:32:44', '3ebcb0df-5b44-4123-949b-4ac89048728c'),
 ('90', '10', '979', '84', '11', '12', '2', '2017-07-31 21:32:56', '2017-07-31 21:32:56', 'a03d421a-e47d-4544-a6cb-350337c3e83d'),
 ('91', '10', '980', '84', '13', '14', '2', '2017-07-31 21:33:07', '2017-07-31 21:33:07', '582d07f5-290a-4357-8880-0a1caed43161'),
 ('92', '10', '981', '84', '15', '16', '2', '2017-07-31 21:33:14', '2017-07-31 21:33:14', '70a6aaf9-94e3-46e8-b707-cdba109d2fcb'),
 ('93', '10', '982', '84', '18', '29', '1', '2017-07-31 21:33:26', '2017-07-31 21:33:26', '81b369e2-ddb4-4b75-b759-f0783d886cda'),
 ('94', '10', '983', '84', '19', '20', '2', '2017-07-31 21:34:04', '2017-07-31 21:34:04', '5504b15f-b60a-42b0-a5b1-d05c24c11e02'),
 ('95', '10', '984', '84', '21', '22', '2', '2017-07-31 21:34:16', '2017-07-31 21:34:16', 'fe086dff-5e45-44c8-a420-ef419ebac689'),
 ('96', '10', '985', '84', '23', '24', '2', '2017-07-31 21:34:35', '2017-07-31 21:34:35', 'e76294d4-abe7-4bc6-b6ea-619f01d91556'),
 ('97', '10', '986', '84', '25', '26', '2', '2017-07-31 21:35:03', '2017-07-31 21:35:03', 'a486c2da-d3ce-471b-af33-36c4975b5e9c'),
 ('98', '10', '987', '84', '27', '28', '2', '2017-07-31 21:35:15', '2017-07-31 21:35:15', '1e17bafd-b05b-4de1-8448-f5300b528020'),
 ('99', '10', '988', '84', '30', '39', '1', '2017-07-31 21:35:31', '2017-07-31 21:35:31', 'a3f57ea6-c8f6-4e46-b62b-b17a2c5b3548'),
 ('100', '10', '989', '84', '31', '32', '2', '2017-07-31 21:35:51', '2017-07-31 21:35:51', '92f0daea-504d-444e-b098-5ed71fea12d6'),
 ('101', '10', '990', '84', '33', '34', '2', '2017-07-31 21:36:25', '2017-07-31 21:36:25', 'b5a77a66-8592-46d9-958c-20a9acb337a4'),
 ('102', '10', '991', '84', '35', '36', '2', '2017-07-31 21:36:37', '2017-07-31 21:36:37', 'bdbfbcb9-45d8-408f-9eb8-32222f355dd0'),
 ('103', '10', '992', '84', '37', '38', '2', '2017-07-31 21:36:59', '2017-07-31 21:36:59', '5508d88b-677f-40fe-aafd-ffe9b7ed3f72'),
 ('104', '10', '993', '84', '40', '53', '1', '2017-07-31 21:37:10', '2017-07-31 21:37:10', '96d2a6fc-511e-44b6-a23e-e6c00d5a6a72'),
 ('105', '10', '994', '84', '41', '42', '2', '2017-07-31 21:37:30', '2017-07-31 21:37:30', '3e1e9473-d250-4c51-aff7-c73ee593e906'),
 ('106', '10', '995', '84', '43', '44', '2', '2017-07-31 21:37:44', '2017-07-31 21:37:44', 'e316a258-8dd1-403a-aafa-f99187521e0e'),
 ('107', '10', '996', '84', '45', '46', '2', '2017-07-31 21:38:11', '2017-07-31 21:38:11', 'b1275471-4b5b-46f8-874c-af578395690e'),
 ('108', '10', '997', '84', '47', '48', '2', '2017-07-31 21:38:23', '2017-07-31 21:38:23', 'c18ed2c8-51ac-4393-9fac-a56898fe23e2'),
 ('109', '10', '998', '84', '49', '50', '2', '2017-07-31 21:38:36', '2017-07-31 21:38:36', '937edce8-7cf2-48d4-8b69-d35a8133e2a9'),
 ('110', '10', '999', '84', '51', '52', '2', '2017-07-31 21:38:47', '2017-07-31 21:38:47', 'e045189e-838d-47b0-b2d0-7d4de84f931f'),
 ('111', '10', '1000', '84', '54', '61', '1', '2017-07-31 21:38:57', '2017-07-31 21:38:57', '672293e0-517a-4a13-bc53-3bb5e19ae667'),
 ('112', '10', '1001', '84', '55', '56', '2', '2017-07-31 21:39:22', '2017-07-31 21:39:22', '0b67069c-518f-4350-a2df-d4aefcd9d788'),
 ('113', '10', '1002', '84', '57', '58', '2', '2017-07-31 21:39:35', '2017-07-31 21:39:35', 'eec71f4d-b7be-4438-b083-22ed856c1e98'),
 ('114', '10', '1003', '84', '59', '60', '2', '2017-07-31 21:39:43', '2017-07-31 21:39:43', '68283ea9-3809-4066-89c5-9b8c3d8c8971'),
 ('115', '10', '1004', '84', '62', '63', '1', '2017-07-31 21:39:54', '2017-07-31 21:39:54', 'c551e3e7-23d2-40a3-8a44-6b4a1147113f');



DROP TABLE IF EXISTS `craft_structures`;


--
-- Schema for table `craft_structures`
--
CREATE TABLE `craft_structures` (
  `id` int(11) NOT NULL AUTO_INCREMENT,
  `maxLevels` smallint(6) unsigned DEFAULT NULL,
  `dateCreated` datetime NOT NULL,
  `dateUpdated` datetime NOT NULL,
  `uid` char(36) COLLATE utf8_unicode_ci NOT NULL DEFAULT '0',
  PRIMARY KEY (`id`)
) ENGINE=InnoDB AUTO_INCREMENT=11 DEFAULT CHARSET=utf8 COLLATE=utf8_unicode_ci;

--
-- Data for table `craft_structures`
--

INSERT INTO `craft_structures` (`id`, `maxLevels`, `dateCreated`, `dateUpdated`, `uid`) VALUES
 ('1', NULL, '2017-06-09 18:05:04', '2017-07-25 14:50:38', 'd77d6d24-adcd-4adc-af7b-5d94eea8e1c1'),
 ('2', NULL, '2017-06-09 18:05:54', '2017-07-25 14:51:33', '63a6cdfc-56bc-4b58-9772-d28ad9cd8fe5'),
 ('4', NULL, '2017-06-09 20:30:45', '2017-06-09 20:30:45', '5fbff6b3-1013-47c5-838a-f1d7a5d1478b'),
 ('5', NULL, '2017-06-15 16:38:54', '2017-07-25 14:51:27', 'a844831f-5adc-4cba-8480-f9a4866169c7'),
 ('6', '1', '2017-06-15 22:00:42', '2017-06-26 19:32:51', '9d77f487-7352-4f00-928a-151f201f0252'),
 ('7', NULL, '2017-06-20 14:39:39', '2017-07-25 14:50:49', '74485c72-c238-43a6-bc43-24fa0f99d74f'),
 ('8', NULL, '2017-07-25 14:53:32', '2017-07-25 14:53:32', '31f6b694-2001-447c-a54f-7d7a13a5b200'),
 ('9', NULL, '2017-07-31 21:18:49', '2017-07-31 21:18:49', 'd7ce6a33-e1e8-4490-9c57-5354fcc97f38'),
 ('10', NULL, '2017-07-31 21:19:06', '2017-07-31 21:19:06', '0676b651-e826-4c7b-8d02-229c38631ba9');



DROP TABLE IF EXISTS `craft_supertableblocks`;


--
-- Schema for table `craft_supertableblocks`
--
CREATE TABLE `craft_supertableblocks` (
  `id` int(11) NOT NULL,
  `ownerId` int(11) NOT NULL,
  `fieldId` int(11) NOT NULL,
  `typeId` int(11) DEFAULT NULL,
  `sortOrder` smallint(6) unsigned DEFAULT NULL,
  `ownerLocale` char(12) COLLATE utf8_unicode_ci DEFAULT NULL,
  `dateCreated` datetime NOT NULL,
  `dateUpdated` datetime NOT NULL,
  `uid` char(36) COLLATE utf8_unicode_ci NOT NULL DEFAULT '0',
  PRIMARY KEY (`id`),
  KEY `craft_supertableblocks_ownerId_idx` (`ownerId`),
  KEY `craft_supertableblocks_fieldId_idx` (`fieldId`),
  KEY `craft_supertableblocks_typeId_idx` (`typeId`),
  KEY `craft_supertableblocks_sortOrder_idx` (`sortOrder`),
  KEY `craft_supertableblocks_ownerLocale_fk` (`ownerLocale`)
) ENGINE=InnoDB DEFAULT CHARSET=utf8 COLLATE=utf8_unicode_ci;

--
-- Data for table `craft_supertableblocks`
--

INSERT INTO `craft_supertableblocks` (`id`, `ownerId`, `fieldId`, `typeId`, `sortOrder`, `ownerLocale`, `dateCreated`, `dateUpdated`, `uid`) VALUES
 ('31', '30', '4', '1', '1', NULL, '2017-06-12 20:16:38', '2017-06-27 21:10:29', 'ecdd533c-7975-4cc5-ab8d-dfa8b6e029d9'),
 ('38', '35', '42', '7', '1', NULL, '2017-06-15 16:04:27', '2017-06-28 21:11:02', '322aed0e-a1cd-4817-afa1-f9536b5ad057'),
 ('149', '148', '4', '1', '1', NULL, '2017-06-28 19:29:30', '2017-06-28 19:29:30', 'a098b8a5-56c8-4b4c-a6e9-0f4e78da2bce'),
 ('159', '145', '12', '3', '1', NULL, '2017-06-28 21:31:48', '2017-07-27 14:39:30', '10772079-9c7b-4ae0-b1ad-23231dd3d062'),
 ('162', '161', '4', '1', '1', NULL, '2017-07-09 19:15:34', '2017-07-11 19:49:09', '93421520-1d7e-44ce-9742-245de2841bca'),
 ('177', '176', '164', '21', '1', NULL, '2017-07-13 16:21:56', '2017-07-27 14:39:30', '0c792f43-bbfb-4c25-9e31-acdc39456416'),
 ('179', '178', '56', '8', '1', NULL, '2017-07-17 16:12:28', '2017-07-27 14:39:30', '6d595294-8519-4ffa-8528-2b8d26a685e6'),
 ('180', '178', '56', '8', '4', NULL, '2017-07-17 16:12:28', '2017-07-27 14:39:30', '584927b6-0d18-483b-804b-284943764adf'),
 ('181', '178', '56', '8', '5', NULL, '2017-07-17 16:12:28', '2017-07-27 14:39:31', 'f7af9b19-cc11-4d58-8327-b72b840b794e'),
 ('182', '178', '56', '8', '6', NULL, '2017-07-17 16:12:28', '2017-07-27 14:39:31', '01034ad6-8e9d-445f-a9c0-a7d560c68742'),
 ('183', '178', '56', '8', '7', NULL, '2017-07-17 16:12:28', '2017-07-27 14:39:31', '9337d199-5b6f-4682-90ff-cd752f61a692'),
 ('184', '178', '56', '8', '2', NULL, '2017-07-17 16:12:28', '2017-07-27 14:39:30', 'f38f06b7-5ae2-4ead-b61f-3f31ffb21a54'),
 ('185', '178', '56', '8', '8', NULL, '2017-07-17 16:12:28', '2017-07-27 14:39:31', '4b197476-6134-4bb6-9706-95de997be26f'),
 ('186', '178', '56', '8', '12', NULL, '2017-07-17 16:12:28', '2017-07-27 14:39:31', '9aeab640-0f61-429b-9595-1a2b21075f96'),
 ('187', '178', '56', '8', '15', NULL, '2017-07-17 16:12:28', '2017-07-27 14:39:31', '1f3ea8b5-2cd0-4baa-b4e7-d921a5040530'),
 ('188', '178', '56', '8', '3', NULL, '2017-07-17 16:12:28', '2017-07-27 14:39:30', 'fc44b308-ace9-4632-91b9-fdabea50c72d'),
 ('189', '178', '56', '8', '9', NULL, '2017-07-17 16:12:28', '2017-07-27 14:39:31', '1904f44d-a4e5-4b11-a790-185e0b7d8f63'),
 ('190', '178', '56', '8', '10', NULL, '2017-07-17 16:12:28', '2017-07-27 14:39:31', 'e1dafc28-c8a6-49d6-b795-14f0cea13218'),
 ('191', '178', '56', '8', '11', NULL, '2017-07-17 16:12:28', '2017-07-27 14:39:31', 'cc0b476e-e86c-4808-a23c-fe71757dcd77'),
 ('192', '178', '56', '8', '13', NULL, '2017-07-17 16:12:28', '2017-07-27 14:39:31', '6c27fe6b-b41a-447d-a9f3-d391a334ed41'),
 ('193', '178', '56', '8', '14', NULL, '2017-07-17 16:12:28', '2017-07-27 14:39:31', '3bfd87f0-17c8-4202-ba85-c75d279e18c9'),
 ('198', '197', '53', '22', '1', NULL, '2017-07-17 19:08:55', '2017-07-27 14:39:31', 'f983d609-0f6f-494f-a2c3-fd9674e2448d'),
 ('223', '222', '4', '1', '1', NULL, '2017-07-25 19:50:10', '2017-07-27 21:09:21', '40600c86-d889-409c-ac09-5b4b88b70f54'),
 ('237', '145', '12', '3', '2', NULL, '2017-07-26 18:19:20', '2017-07-27 14:39:30', '55e586d8-a651-4f02-aaf8-86303375da92'),
 ('238', '145', '12', '3', '3', NULL, '2017-07-26 18:19:20', '2017-07-27 14:39:30', '9aad5924-b5fd-456e-8d5b-e74ee453e107'),
 ('239', '145', '12', '3', '4', NULL, '2017-07-26 18:19:20', '2017-07-27 14:39:30', 'f4a3609c-2700-4e35-aae5-263d10179291'),
 ('275', '274', '42', '7', '1', NULL, '2017-07-26 19:42:07', '2017-07-31 13:13:19', '45a4623d-836b-47f4-8012-ce4014513d05'),
 ('282', '197', '53', '22', '2', NULL, '2017-07-26 19:52:13', '2017-07-27 14:39:31', '032b5010-d457-43a2-8853-2b472d8631e7'),
 ('421', '420', '4', '1', '1', NULL, '2017-07-27 18:15:03', '2017-07-27 18:34:35', '7bc97d9c-7a42-4f75-ae8a-d9cb30fc39fc'),
 ('425', '424', '155', '20', '1', NULL, '2017-07-27 18:15:03', '2017-07-27 18:34:35', '8bc5082d-0136-4440-8580-75700b8e3edb'),
 ('426', '424', '155', '20', '2', NULL, '2017-07-27 18:15:03', '2017-07-27 18:34:35', 'a602267a-ad9e-4736-bed9-faa20cb9117a'),
 ('427', '424', '155', '20', '3', NULL, '2017-07-27 18:15:03', '2017-07-27 18:34:35', '9d7cb8f9-e9e6-4eef-adc5-c40238a70487'),
 ('428', '424', '155', '20', '4', NULL, '2017-07-27 18:15:03', '2017-07-27 18:34:35', '91705253-66cb-417a-b613-d6d2e82c8a3d'),
 ('430', '429', '12', '3', '1', NULL, '2017-07-27 18:15:03', '2017-07-27 18:34:35', '697c0e1c-1e67-458b-83f9-44b48c44c9f8'),
 ('431', '429', '12', '3', '2', NULL, '2017-07-27 18:15:03', '2017-07-27 18:34:36', 'dffca13b-7a9a-437d-a85e-095b27687451'),
 ('432', '429', '12', '3', '3', NULL, '2017-07-27 18:15:03', '2017-07-27 18:34:36', 'ccac00be-d96f-4f2e-bef4-73bc25bdc47b'),
 ('433', '429', '12', '3', '4', NULL, '2017-07-27 18:15:03', '2017-07-27 18:34:36', '1bcbe258-8d48-4cde-96c4-eaa463bb0047'),
 ('434', '429', '12', '3', '5', NULL, '2017-07-27 18:15:03', '2017-07-27 18:34:36', 'fb6adfd8-1dfe-4106-a8b8-62843b7e24f7'),
 ('437', '436', '28', '5', '1', NULL, '2017-07-27 18:15:03', '2017-07-27 18:34:36', '3d5166d7-ea05-4b0f-b680-6e44a43e3f1b'),
 ('438', '436', '33', '6', '1', NULL, '2017-07-27 18:15:03', '2017-07-27 18:34:36', '5b72d16f-25f0-4c77-8076-b4dfedd7092b'),
 ('441', '439', '109', '16', '1', NULL, '2017-07-27 18:34:36', '2017-07-27 18:34:36', '140eef32-cc22-4a91-8d7e-1fbff30fd8f0'),
 ('442', '439', '109', '16', '2', NULL, '2017-07-27 18:34:36', '2017-07-27 18:34:36', '589a4738-7e36-4ac4-8779-91cca4a4c785'),
 ('443', '439', '109', '16', '3', NULL, '2017-07-27 18:34:36', '2017-07-27 18:34:36', '47b53169-41af-4358-9724-4228f5182d3d'),
 ('444', '439', '109', '16', '4', NULL, '2017-07-27 18:34:36', '2017-07-27 18:34:36', '18e9cd87-5824-4d94-9d94-a562bcb1d0f9'),
 ('451', '450', '12', '3', '1', NULL, '2017-07-27 18:54:14', '2017-07-27 21:09:21', '66cbc834-594c-48d4-91bd-fbb83d558b3b'),
 ('452', '450', '12', '3', '2', NULL, '2017-07-27 18:54:14', '2017-07-27 21:09:21', '24477c57-051a-4b2d-a796-10e268181b7a'),
 ('453', '450', '12', '3', '3', NULL, '2017-07-27 18:54:14', '2017-07-27 21:09:21', '57f13c6d-92e5-4807-879b-9f550245a734'),
 ('461', '460', '28', '5', '1', NULL, '2017-07-27 19:42:53', '2017-07-27 21:09:21', '945edbab-0a5b-4426-ac0f-88702cd07491'),
 ('462', '460', '33', '6', '1', NULL, '2017-07-27 19:42:53', '2017-07-27 21:09:21', '38e29ff4-ac4f-4d03-b4ea-3a997fc9306a'),
 ('465', '464', '53', '22', '1', NULL, '2017-07-27 19:42:53', '2017-07-27 21:09:21', '018b8e4b-c4e5-424c-bc4c-39c9a3841f89'),
 ('467', '466', '56', '8', '1', NULL, '2017-07-27 19:42:53', '2017-07-27 21:09:21', 'f716e596-9dfa-4111-b75f-c384501db133'),
 ('468', '466', '56', '8', '2', NULL, '2017-07-27 19:42:53', '2017-07-27 21:09:21', '5f81a247-c28d-4c42-b534-d18c3cbec691'),
 ('469', '466', '56', '8', '3', NULL, '2017-07-27 19:42:53', '2017-07-27 21:09:21', 'a7000dcf-4daf-4a88-a337-b2bfd3a4f04f'),
 ('471', '470', '56', '8', '1', NULL, '2017-07-27 19:42:53', '2017-07-27 21:09:21', 'f9b6790f-e1e2-4461-856a-91617211b919'),
 ('472', '470', '56', '8', '2', NULL, '2017-07-27 19:42:53', '2017-07-27 21:09:21', '84cc3a28-36ae-4d67-a0d6-a49ec538907a'),
 ('473', '470', '56', '8', '3', NULL, '2017-07-27 19:42:53', '2017-07-27 21:09:21', '064f1719-3691-4a9e-ae6d-1a9f2dfa364a'),
 ('476', '475', '70', '9', '1', NULL, '2017-07-27 19:47:41', '2017-07-27 21:09:21', '38248492-bd35-466c-bf2c-77b948e3a241'),
 ('477', '475', '70', '9', '2', NULL, '2017-07-27 19:47:41', '2017-07-27 21:09:21', 'a9fd0b6c-8af7-4e1c-bc86-660eb5bfa639'),
 ('478', '475', '70', '9', '3', NULL, '2017-07-27 19:47:42', '2017-07-27 21:09:21', 'dea7cd67-8a35-4ea2-9b5d-2c64b4ebb6d1'),
 ('480', '479', '70', '9', '1', NULL, '2017-07-27 19:47:42', '2017-07-27 21:09:21', 'bdcbdfe2-e87a-4044-9668-cc3b1b494c56'),
 ('481', '479', '70', '9', '2', NULL, '2017-07-27 19:47:42', '2017-07-27 21:09:21', 'be81c8c3-962f-446d-ae5c-6cf90b8b8cde'),
 ('482', '479', '70', '9', '3', NULL, '2017-07-27 19:47:42', '2017-07-27 21:09:21', '075c0178-dfb7-4e65-b6e8-cef22a3fef0b'),
 ('484', '483', '72', '10', '1', NULL, '2017-07-27 19:55:25', '2017-07-27 21:09:21', '03f3a20d-24ae-4791-9c50-163a67d56f6f'),
 ('485', '483', '72', '10', '2', NULL, '2017-07-27 19:55:25', '2017-07-27 21:09:21', '0a7083fb-a275-47cb-89e1-822b5ad5bbb8'),
 ('486', '483', '72', '10', '3', NULL, '2017-07-27 19:55:25', '2017-07-27 21:09:21', '0575c9c6-1448-4ef2-86d8-ba419dc77c08'),
 ('488', '487', '72', '10', '1', NULL, '2017-07-27 19:56:42', '2017-07-27 21:09:21', '1c7e97df-9442-4e06-b473-7fd213ce4912'),
 ('489', '487', '72', '10', '2', NULL, '2017-07-27 19:56:42', '2017-07-27 21:09:21', '5e260a10-5292-4a31-acff-7f31f67e2486'),
 ('490', '487', '72', '10', '3', NULL, '2017-07-27 19:56:42', '2017-07-27 21:09:21', '23e7b451-73bf-4819-b0ac-b7f3827dad01'),
 ('493', '492', '78', '11', '1', NULL, '2017-07-27 20:01:12', '2017-07-27 21:09:21', 'a171ffb7-fbdc-4158-acdd-20e1002346c3'),
 ('494', '492', '78', '11', '2', NULL, '2017-07-27 20:01:12', '2017-07-27 21:09:21', 'a681d93c-da21-4768-9230-9d9c38d69122'),
 ('495', '492', '78', '11', '3', NULL, '2017-07-27 20:01:12', '2017-07-27 21:09:21', '04cc096e-7928-453e-970b-11273e7fd38e'),
 ('497', '496', '84', '12', '1', NULL, '2017-07-27 20:01:12', '2017-07-27 21:09:21', 'feef4341-7784-4210-938f-c258d0b7f2e4'),
 ('498', '496', '84', '12', '2', NULL, '2017-07-27 20:01:12', '2017-07-27 21:09:21', '64b71e24-2009-45c1-b23d-3f5b7dedb863'),
 ('500', '499', '90', '13', '1', NULL, '2017-07-27 20:03:42', '2017-07-27 21:09:21', '6c71615a-1e7a-459e-a1f9-0aabf66c5186'),
 ('504', '499', '90', '13', '2', NULL, '2017-07-27 20:08:37', '2017-07-27 21:09:21', '5a325fd7-5f5d-4bc1-bc73-ae83266b001f'),
 ('513', '512', '96', '14', '1', NULL, '2017-07-27 20:24:00', '2017-07-27 21:09:21', 'f88af851-5d5a-4b0e-8c99-4f56749ed0ae'),
 ('514', '512', '96', '14', '2', NULL, '2017-07-27 20:24:00', '2017-07-27 21:09:21', 'ccdb21fa-fae7-4ba7-8e46-f2919dccc0e5'),
 ('515', '512', '96', '14', '3', NULL, '2017-07-27 20:24:00', '2017-07-27 21:09:21', '2e7e6676-f0dc-4d41-aad7-1e9e92c83d6d'),
 ('516', '512', '96', '14', '4', NULL, '2017-07-27 20:24:00', '2017-07-27 21:09:21', '63225bbb-217c-41d7-afe2-0a6d2d0a7faf'),
 ('517', '512', '98', '15', '1', NULL, '2017-07-27 20:24:00', '2017-07-27 21:09:21', 'd6b8e95a-7c53-41ac-86be-1e182a3bddb0'),
 ('518', '512', '98', '15', '2', NULL, '2017-07-27 20:24:00', '2017-07-27 21:09:22', 'ce9e2e3e-75cc-40ed-a465-917e975cd71a'),
 ('519', '512', '98', '15', '3', NULL, '2017-07-27 20:24:00', '2017-07-27 21:09:22', '75b0bd83-2501-4c6d-9e94-afcc8bfce69f'),
 ('521', '512', '98', '15', '4', NULL, '2017-07-27 20:24:00', '2017-07-27 21:09:22', '9a94cc98-a2c3-458e-ac12-09cf1431842d'),
 ('523', '512', '98', '15', '5', NULL, '2017-07-27 20:24:00', '2017-07-27 21:09:22', '58abcfe6-a606-4da7-95be-aa8804d320a6'),
 ('525', '524', '155', '20', '1', NULL, '2017-07-27 20:30:19', '2017-07-27 21:09:22', 'ef739e51-a4c5-453a-8bca-74d5511f9cb5'),
 ('526', '524', '155', '20', '2', NULL, '2017-07-27 20:30:19', '2017-07-27 21:09:22', '7acf0d46-87d1-4fbb-bc5c-71d4eb971556'),
 ('527', '524', '155', '20', '3', NULL, '2017-07-27 20:30:19', '2017-07-27 21:09:22', '8cfc6ce8-f484-4707-9f27-5cdf17dda9db'),
 ('529', '528', '109', '16', '1', NULL, '2017-07-27 20:30:19', '2017-07-27 21:09:22', 'f3c6c8b0-28fd-4499-bfe1-02bb6b48162f'),
 ('530', '528', '109', '16', '2', NULL, '2017-07-27 20:30:19', '2017-07-27 21:09:22', '91c22970-8df9-4f10-af18-cae8307a0aa7'),
 ('531', '528', '109', '16', '3', NULL, '2017-07-27 20:30:19', '2017-07-27 21:09:22', 'c673adfd-a161-4cfe-bf41-4d9df5a94bf4'),
 ('533', '532', '140', '18', '1', NULL, '2017-07-27 20:30:19', '2017-07-27 21:09:22', '0af05719-8b33-49eb-9f49-8189c3a41ce4'),
 ('534', '532', '140', '18', '2', NULL, '2017-07-27 20:30:19', '2017-07-27 21:09:22', 'db8fb41f-a32a-414d-9755-2432f8c6fff6'),
 ('541', '464', '53', '22', '2', NULL, '2017-07-27 20:38:43', '2017-07-27 21:09:21', 'f382495f-4b06-4656-9af3-334d9c0feaca'),
 ('751', '750', '164', '21', '1', NULL, '2017-07-31 13:10:18', '2017-07-31 13:10:18', '0d1bf27a-e584-4194-b38d-e43be3e65fec'),
 ('912', '911', '164', '21', '1', NULL, '2017-07-31 19:29:34', '2017-07-31 19:54:48', 'e7f33041-47d1-482c-9cf4-8cd3fbf292c9'),
 ('918', '917', '12', '3', '1', NULL, '2017-07-31 19:29:34', '2017-07-31 19:54:48', 'cde9fa5f-121e-4f7b-9837-8d605464e7f5'),
 ('919', '917', '12', '3', '2', NULL, '2017-07-31 19:29:34', '2017-07-31 19:54:48', 'cf6bdf2c-e955-4d09-aa1e-634a935c696d'),
 ('920', '917', '12', '3', '3', NULL, '2017-07-31 19:29:34', '2017-07-31 19:54:48', 'a67354fd-5fb0-4727-b010-02737f018f93'),
 ('921', '917', '12', '3', '4', NULL, '2017-07-31 19:29:34', '2017-07-31 19:54:48', '53afaf13-a302-476b-90d9-029143ead68b'),
 ('923', '922', '56', '8', '1', NULL, '2017-07-31 19:29:34', '2017-07-31 19:54:48', '28f242eb-f44c-4da9-b176-ee214c7d7e71');
INSERT INTO `craft_supertableblocks` (`id`, `ownerId`, `fieldId`, `typeId`, `sortOrder`, `ownerLocale`, `dateCreated`, `dateUpdated`, `uid`) VALUES
 ('924', '922', '56', '8', '2', NULL, '2017-07-31 19:29:34', '2017-07-31 19:54:48', '33c15e78-5b67-4c57-a3b0-fe32c4531c09'),
 ('925', '922', '56', '8', '3', NULL, '2017-07-31 19:29:34', '2017-07-31 19:54:48', 'fc308edf-b393-4f9a-9b1c-4aa6698af2c7'),
 ('926', '922', '56', '8', '4', NULL, '2017-07-31 19:29:34', '2017-07-31 19:54:48', '8fedda0b-718b-4431-85e5-ea2ded26f0ae'),
 ('927', '922', '56', '8', '5', NULL, '2017-07-31 19:29:34', '2017-07-31 19:54:48', '8001c777-d773-48a8-99d1-31fa942d0681'),
 ('928', '922', '56', '8', '6', NULL, '2017-07-31 19:29:34', '2017-07-31 19:54:48', '733dfc7b-fb94-4e36-8f0e-55d01d181169'),
 ('929', '922', '56', '8', '7', NULL, '2017-07-31 19:29:34', '2017-07-31 19:54:48', '4a15378f-d2c0-4597-9a71-e9291a105aa5'),
 ('930', '922', '56', '8', '8', NULL, '2017-07-31 19:29:34', '2017-07-31 19:54:48', 'a4574dae-12d8-4089-8817-00583d725d69'),
 ('931', '922', '56', '8', '9', NULL, '2017-07-31 19:29:34', '2017-07-31 19:54:48', '2931029f-8806-4b08-a1c5-a1ed8692d0b1'),
 ('932', '922', '56', '8', '10', NULL, '2017-07-31 19:29:34', '2017-07-31 19:54:49', 'cfb72228-46b8-43a9-903c-a195366bb812'),
 ('933', '922', '56', '8', '11', NULL, '2017-07-31 19:29:34', '2017-07-31 19:54:49', '84c4fb5f-e840-4555-ab18-4b64e9988b57'),
 ('934', '922', '56', '8', '12', NULL, '2017-07-31 19:29:34', '2017-07-31 19:54:49', '057397da-243a-4d8c-b404-ff1b9e4b79da'),
 ('935', '922', '56', '8', '13', NULL, '2017-07-31 19:29:34', '2017-07-31 19:54:49', '10209bed-c8fa-41f3-9d6c-1115d8244fc9'),
 ('936', '922', '56', '8', '14', NULL, '2017-07-31 19:29:34', '2017-07-31 19:54:49', '5100eb63-8d77-434d-9fcd-9145cc8a650e'),
 ('937', '922', '56', '8', '15', NULL, '2017-07-31 19:29:35', '2017-07-31 19:54:49', 'e06b2da9-7c31-48d0-8dbd-9faf9e45c83f'),
 ('939', '938', '53', '22', '1', NULL, '2017-07-31 19:29:35', '2017-07-31 19:54:49', 'b94e9cb3-b9cb-4518-a63c-117a3cfe5917'),
 ('940', '938', '53', '22', '2', NULL, '2017-07-31 19:29:35', '2017-07-31 19:54:49', 'c6afb94c-f83d-4753-ada6-05c5f3201523');



DROP TABLE IF EXISTS `craft_supertableblocktypes`;


--
-- Schema for table `craft_supertableblocktypes`
--
CREATE TABLE `craft_supertableblocktypes` (
  `id` int(11) NOT NULL AUTO_INCREMENT,
  `fieldId` int(11) NOT NULL,
  `fieldLayoutId` int(11) DEFAULT NULL,
  `dateCreated` datetime NOT NULL,
  `dateUpdated` datetime NOT NULL,
  `uid` char(36) COLLATE utf8_unicode_ci NOT NULL DEFAULT '0',
  PRIMARY KEY (`id`),
  KEY `craft_supertableblocktypes_fieldId_fk` (`fieldId`),
  KEY `craft_supertableblocktypes_fieldLayoutId_fk` (`fieldLayoutId`)
) ENGINE=InnoDB AUTO_INCREMENT=24 DEFAULT CHARSET=utf8 COLLATE=utf8_unicode_ci;

--
-- Data for table `craft_supertableblocktypes`
--

INSERT INTO `craft_supertableblocktypes` (`id`, `fieldId`, `fieldLayoutId`, `dateCreated`, `dateUpdated`, `uid`) VALUES
 ('1', '4', '3105', '2017-06-09 19:00:20', '2017-07-27 19:05:24', 'f54ed218-3446-435a-a87d-70dde2e2d21e'),
 ('3', '12', '3107', '2017-06-12 19:03:17', '2017-07-27 19:05:24', '387655b6-e5ef-47fa-975f-678c076a2b49'),
 ('4', '15', '62', '2017-06-12 20:32:00', '2017-06-12 20:32:00', 'aa2d8302-4ac4-40c6-b33c-51244eb73fd3'),
 ('5', '28', '3110', '2017-06-14 15:25:44', '2017-07-27 19:05:24', 'c19f13e0-67c1-4610-9043-fbc8cabb78bf'),
 ('6', '33', '3111', '2017-06-14 15:25:45', '2017-07-27 19:05:25', 'faaf6443-0b46-4133-9470-33add6b59e43'),
 ('7', '42', '134', '2017-06-15 15:08:34', '2017-06-15 16:16:29', 'cb81b594-d50c-4044-ae67-9c60ac000c63'),
 ('8', '56', '3117', '2017-06-15 18:19:42', '2017-07-27 19:05:25', '867f882a-9596-4cbd-86b4-d12b67d739e7'),
 ('9', '70', '3120', '2017-06-15 18:40:19', '2017-07-27 19:05:25', 'ffec5e1d-e9a9-4323-8412-ed34c370160e'),
 ('10', '72', '3122', '2017-06-15 18:40:58', '2017-07-27 19:05:25', 'f69192de-515e-426b-ac1f-409574b7603f'),
 ('11', '78', '3125', '2017-06-15 19:02:36', '2017-07-27 19:05:25', '014c7ecc-8aed-40f3-8a57-5e07af12cc75'),
 ('12', '84', '3127', '2017-06-15 19:20:51', '2017-07-27 19:05:26', '2fa329aa-8e8c-416c-aa81-655717e8ede9'),
 ('13', '90', '3129', '2017-06-15 19:24:14', '2017-07-27 19:05:26', '8924a1f3-1e4d-4ea8-8200-100d9cc59768'),
 ('14', '96', '3131', '2017-06-15 19:33:38', '2017-07-27 19:05:26', '9d00ba6c-0655-4631-be3d-521d072d344f'),
 ('15', '98', '3132', '2017-06-15 19:33:38', '2017-07-27 19:05:26', 'cb06b729-c8d5-476f-a194-f090dabd80d0'),
 ('16', '109', '3136', '2017-06-15 19:57:44', '2017-07-27 19:05:26', '5b8929fb-884e-400c-ae43-48fda54ff81a'),
 ('17', '120', '620', '2017-06-15 22:13:15', '2017-06-15 22:13:15', '8e608dcd-e26e-4957-ab24-7a494756d196'),
 ('18', '140', '3138', '2017-06-28 20:50:53', '2017-07-27 19:05:26', '1649dd00-f0c7-4003-a649-69124de0d5ec'),
 ('20', '155', '3134', '2017-07-12 19:08:15', '2017-07-27 19:05:26', '72b32bdf-e9eb-4699-ad9f-5f29912dd8de'),
 ('21', '164', '3148', '2017-07-13 16:03:15', '2017-07-31 13:10:42', 'bb77fb02-191e-46fd-8c82-03c7284df47a'),
 ('22', '53', '3115', '2017-07-17 19:07:31', '2017-07-27 19:05:25', '3f43fed7-bb00-4b59-aec5-93d08dc7c940');



DROP TABLE IF EXISTS `craft_supertablecontent_11_people`;


--
-- Schema for table `craft_supertablecontent_11_people`
--
CREATE TABLE `craft_supertablecontent_11_people` (
  `id` int(11) NOT NULL AUTO_INCREMENT,
  `elementId` int(11) NOT NULL,
  `locale` char(12) COLLATE utf8_unicode_ci NOT NULL,
  `dateCreated` datetime NOT NULL,
  `dateUpdated` datetime NOT NULL,
  `uid` char(36) COLLATE utf8_unicode_ci NOT NULL DEFAULT '0',
  PRIMARY KEY (`id`),
  UNIQUE KEY `craft_supertablecontent_11_people_elementId_locale_unq_idx` (`elementId`,`locale`),
  KEY `craft_supertablecontent_11_people_locale_fk` (`locale`)
) ENGINE=InnoDB AUTO_INCREMENT=19 DEFAULT CHARSET=utf8 COLLATE=utf8_unicode_ci;

--
-- Data for table `craft_supertablecontent_11_people`
--

INSERT INTO `craft_supertablecontent_11_people` (`id`, `elementId`, `locale`, `dateCreated`, `dateUpdated`, `uid`) VALUES
 ('1', '198', 'en_us', '2017-07-17 19:08:55', '2017-07-27 14:39:31', '0d20470d-a3c3-44c3-a0cc-7d77be762160'),
 ('4', '282', 'en_us', '2017-07-26 19:52:13', '2017-07-27 14:39:31', '5fb76731-42ba-4fe7-b0ee-f8e90a814cc5'),
 ('10', '465', 'en_us', '2017-07-27 19:42:53', '2017-07-27 21:09:21', '70fc07b6-3917-40ef-82f7-e4cb51d63f40'),
 ('11', '541', 'en_us', '2017-07-27 20:38:43', '2017-07-27 21:09:21', '30225302-c9cd-453b-b32d-6522f556c683'),
 ('17', '939', 'en_us', '2017-07-31 19:29:35', '2017-07-31 19:54:49', '0312af57-c16d-47d8-9df2-4fbb873a4b11'),
 ('18', '940', 'en_us', '2017-07-31 19:29:35', '2017-07-31 19:54:49', '7100858f-026e-4f92-89b7-9838a266d918');



DROP TABLE IF EXISTS `craft_supertablecontent_12_list`;


--
-- Schema for table `craft_supertablecontent_12_list`
--
CREATE TABLE `craft_supertablecontent_12_list` (
  `id` int(11) NOT NULL AUTO_INCREMENT,
  `elementId` int(11) NOT NULL,
  `locale` char(12) COLLATE utf8_unicode_ci NOT NULL,
  `field_listItem` text COLLATE utf8_unicode_ci,
  `dateCreated` datetime NOT NULL,
  `dateUpdated` datetime NOT NULL,
  `uid` char(36) COLLATE utf8_unicode_ci NOT NULL DEFAULT '0',
  PRIMARY KEY (`id`),
  UNIQUE KEY `craft_supertablecontent_12_list_elementId_locale_unq_idx` (`elementId`,`locale`),
  KEY `craft_supertablecontent_12_list_locale_fk` (`locale`)
) ENGINE=InnoDB AUTO_INCREMENT=110 DEFAULT CHARSET=utf8 COLLATE=utf8_unicode_ci;

--
-- Data for table `craft_supertablecontent_12_list`
--

INSERT INTO `craft_supertablecontent_12_list` (`id`, `elementId`, `locale`, `field_listItem`, `dateCreated`, `dateUpdated`, `uid`) VALUES
 ('21', '179', 'en_us', 'New Boys & Girls Locker Rooms', '2017-07-17 16:12:28', '2017-07-27 14:39:30', '77c17ea9-580d-4848-a54c-4e2a503dc615'),
 ('22', '180', 'en_us', 'New 6 lane (8 straight) synthetic track', '2017-07-17 16:12:28', '2017-07-27 14:39:30', '8c2578cc-f396-48d5-ab00-ddf2ab85d804'),
 ('23', '181', 'en_us', 'New full size synthetic turf field with new field lighting system', '2017-07-17 16:12:28', '2017-07-27 14:39:31', '11dad0ea-bb16-48e4-96f8-8b5f3c4f90de'),
 ('24', '182', 'en_us', 'New 1500 seat bleacher system ', '2017-07-17 16:12:28', '2017-07-27 14:39:31', 'f036c730-e71b-4001-a08d-b1e303df5009'),
 ('25', '183', 'en_us', 'New stadium scoreboard and sound system', '2017-07-17 16:12:28', '2017-07-27 14:39:31', 'af4d81bc-811c-4bb8-8742-b5d6e530640c'),
 ('26', '184', 'en_us', 'New Ticketing / Concession / Restroom / Satellite Trainers room and three bay storage facility ', '2017-07-17 16:12:28', '2017-07-27 14:39:30', 'b4833187-5a4a-4c1a-b9b6-dfbc28bb2e41'),
 ('27', '185', 'en_us', 'New girls softball field, dugouts, and scoreboard', '2017-07-17 16:12:28', '2017-07-27 14:39:31', '1886db15-e8c8-4c71-aced-e75bba4792a8'),
 ('28', '186', 'en_us', 'New baseball field, dugouts, fencing, batting cage and scoreboard', '2017-07-17 16:12:28', '2017-07-27 14:39:31', 'd52eb607-a72b-411c-8be2-b21bbd672850'),
 ('29', '187', 'en_us', 'New multi-use natural grass athletic fields and irrigation ', '2017-07-17 16:12:28', '2017-07-27 14:39:31', '346efa8e-f7fc-4c30-8d32-7910ae49f743'),
 ('30', '188', 'en_us', 'New (6) post tensioned concrete tennis courts with basketball accommodations ', '2017-07-17 16:12:28', '2017-07-27 14:39:30', 'dd33e466-0c7e-486d-899c-ffc33eed956a'),
 ('31', '189', 'en_us', 'Section of new Town Bikeway access to facility ', '2017-07-17 16:12:28', '2017-07-27 14:39:31', 'a8626246-5af1-4519-88b2-b774c7b171d7'),
 ('32', '190', 'en_us', 'New Accessible parking ', '2017-07-17 16:12:28', '2017-07-27 14:39:31', 'b40eee5f-2b84-419d-a731-a05c030ffd77'),
 ('33', '191', 'en_us', 'Renovated two story press box', '2017-07-17 16:12:28', '2017-07-27 14:39:31', '4f784c42-1c2b-4d49-89d5-7bcaae661821'),
 ('34', '192', 'en_us', 'Restored historical field signage archway ', '2017-07-17 16:12:28', '2017-07-27 14:39:31', '58944fd2-0d3b-4378-a024-41c558c8bb64'),
 ('35', '193', 'en_us', 'Decorative site lighting ', '2017-07-17 16:12:28', '2017-07-27 14:39:31', 'cc4dd021-4895-4fee-af58-7f3f20eadac9'),
 ('45', '467', 'en_us', 'List Item 1', '2017-07-27 19:42:53', '2017-07-27 21:09:21', 'ce9bab43-8704-4695-b81f-183f189b0458'),
 ('46', '468', 'en_us', 'List Item 2', '2017-07-27 19:42:53', '2017-07-27 21:09:21', '9351e15e-87d8-4c28-8f8e-08f79b199a39'),
 ('47', '469', 'en_us', 'List Item 3', '2017-07-27 19:42:53', '2017-07-27 21:09:21', '53f07126-6315-49da-b687-b1e7b37418df'),
 ('48', '471', 'en_us', 'List Item 1', '2017-07-27 19:42:53', '2017-07-27 21:09:21', 'c8982c69-b095-425b-ad54-7a66f30cafb6'),
 ('49', '472', 'en_us', 'List Item 2', '2017-07-27 19:42:53', '2017-07-27 21:09:21', '16fe9552-c84d-4c75-a7a9-cfdc51b08798'),
 ('50', '473', 'en_us', 'List Item 3', '2017-07-27 19:42:53', '2017-07-27 21:09:21', '97d8bfa2-d8c7-4eb0-8760-47d01f5c7ffd'),
 ('95', '923', 'en_us', 'New Boys & Girls Locker Rooms', '2017-07-31 19:29:34', '2017-07-31 19:54:48', '24349bb8-894a-45fe-9414-060194576fba'),
 ('96', '924', 'en_us', 'New Ticketing / Concession / Restroom / Satellite Trainers room and three bay storage facility ', '2017-07-31 19:29:34', '2017-07-31 19:54:48', '4cb8a4aa-10ff-4e84-a83a-238607f310ce'),
 ('97', '925', 'en_us', 'New (6) post tensioned concrete tennis courts with basketball accommodations ', '2017-07-31 19:29:34', '2017-07-31 19:54:48', 'be407af8-c137-400a-9375-1f6ac041558e'),
 ('98', '926', 'en_us', 'New 6 lane (8 straight) synthetic track', '2017-07-31 19:29:34', '2017-07-31 19:54:48', '56cada0b-850b-43ff-baf5-86b4a44b7dac'),
 ('99', '927', 'en_us', 'New full size synthetic turf field with new field lighting system', '2017-07-31 19:29:34', '2017-07-31 19:54:48', '57c267e5-59c9-4469-b3bf-72c83640066c'),
 ('100', '928', 'en_us', 'New 1500 seat bleacher system ', '2017-07-31 19:29:34', '2017-07-31 19:54:48', 'b3c0b275-4630-48ca-8e5b-af78bd25d43b'),
 ('101', '929', 'en_us', 'New stadium scoreboard and sound system', '2017-07-31 19:29:34', '2017-07-31 19:54:48', 'a2d7588e-80f3-4dba-8f8a-244d6dfcf823'),
 ('102', '930', 'en_us', 'New girls softball field, dugouts, and scoreboard', '2017-07-31 19:29:34', '2017-07-31 19:54:48', 'c8fa9c79-7021-4a25-b110-3a3e0fba752f'),
 ('103', '931', 'en_us', 'Section of new Town Bikeway access to facility ', '2017-07-31 19:29:34', '2017-07-31 19:54:48', 'ae1a204b-6e62-428e-9e3d-f4ba6fac5d5d'),
 ('104', '932', 'en_us', 'New Accessible parking ', '2017-07-31 19:29:34', '2017-07-31 19:54:48', 'c215b234-ace1-4128-9216-5d8770e237f8'),
 ('105', '933', 'en_us', 'Renovated two story press box', '2017-07-31 19:29:34', '2017-07-31 19:54:49', '198e58e8-4afd-4a92-9ef6-598f19e481cc'),
 ('106', '934', 'en_us', 'New baseball field, dugouts, fencing, batting cage and scoreboard', '2017-07-31 19:29:34', '2017-07-31 19:54:49', 'f08b20ca-c947-4f61-a77a-148a5cdc199e'),
 ('107', '935', 'en_us', 'Restored historical field signage archway ', '2017-07-31 19:29:34', '2017-07-31 19:54:49', '1b085526-7658-45e9-9d31-a70908d6419c'),
 ('108', '936', 'en_us', 'Decorative site lighting ', '2017-07-31 19:29:34', '2017-07-31 19:54:49', 'd788d9c5-8eed-4f3f-8f8d-3a007a0493e7'),
 ('109', '937', 'en_us', 'New multi-use natural grass athletic fields and irrigation ', '2017-07-31 19:29:34', '2017-07-31 19:54:49', '2280824c-74ca-4948-a770-08149fbe558c');



DROP TABLE IF EXISTS `craft_supertablecontent_14_list`;


--
-- Schema for table `craft_supertablecontent_14_list`
--
CREATE TABLE `craft_supertablecontent_14_list` (
  `id` int(11) NOT NULL AUTO_INCREMENT,
  `elementId` int(11) NOT NULL,
  `locale` char(12) COLLATE utf8_unicode_ci NOT NULL,
  `field_item` text COLLATE utf8_unicode_ci,
  `dateCreated` datetime NOT NULL,
  `dateUpdated` datetime NOT NULL,
  `uid` char(36) COLLATE utf8_unicode_ci NOT NULL DEFAULT '0',
  PRIMARY KEY (`id`),
  UNIQUE KEY `craft_supertablecontent_14_list_elementId_locale_unq_idx` (`elementId`,`locale`),
  KEY `craft_supertablecontent_14_list_locale_fk` (`locale`)
) ENGINE=InnoDB AUTO_INCREMENT=7 DEFAULT CHARSET=utf8 COLLATE=utf8_unicode_ci;

--
-- Data for table `craft_supertablecontent_14_list`
--

INSERT INTO `craft_supertablecontent_14_list` (`id`, `elementId`, `locale`, `field_item`, `dateCreated`, `dateUpdated`, `uid`) VALUES
 ('1', '476', 'en_us', 'List Item 1', '2017-07-27 19:47:41', '2017-07-27 21:09:21', '071e8373-62ce-4b86-8f91-77ca76fd332d'),
 ('2', '477', 'en_us', 'List Item 2', '2017-07-27 19:47:41', '2017-07-27 21:09:21', '9f0dc805-8d15-44bf-ac7a-f0d450241ed5'),
 ('3', '478', 'en_us', 'List Item 3', '2017-07-27 19:47:41', '2017-07-27 21:09:21', '3d501262-5706-4486-a111-484451beac65'),
 ('4', '480', 'en_us', 'List Item 1', '2017-07-27 19:47:42', '2017-07-27 21:09:21', '626afaa2-59d4-4e30-a9d9-45820a000b68'),
 ('5', '481', 'en_us', 'List Item 2', '2017-07-27 19:47:42', '2017-07-27 21:09:21', 'd379fff5-2b8d-4c76-bb27-d37c96b2ed96'),
 ('6', '482', 'en_us', 'List Item 3', '2017-07-27 19:47:42', '2017-07-27 21:09:21', '6052d285-df99-4bd2-811b-ecc4e5cf93d3');



DROP TABLE IF EXISTS `craft_supertablecontent_15_list`;


--
-- Schema for table `craft_supertablecontent_15_list`
--
CREATE TABLE `craft_supertablecontent_15_list` (
  `id` int(11) NOT NULL AUTO_INCREMENT,
  `elementId` int(11) NOT NULL,
  `locale` char(12) COLLATE utf8_unicode_ci NOT NULL,
  `field_item` text COLLATE utf8_unicode_ci,
  `dateCreated` datetime NOT NULL,
  `dateUpdated` datetime NOT NULL,
  `uid` char(36) COLLATE utf8_unicode_ci NOT NULL DEFAULT '0',
  PRIMARY KEY (`id`),
  UNIQUE KEY `craft_supertablecontent_15_list_elementId_locale_unq_idx` (`elementId`,`locale`),
  KEY `craft_supertablecontent_15_list_locale_fk` (`locale`)
) ENGINE=InnoDB AUTO_INCREMENT=147 DEFAULT CHARSET=utf8 COLLATE=utf8_unicode_ci;

--
-- Data for table `craft_supertablecontent_15_list`
--

INSERT INTO `craft_supertablecontent_15_list` (`id`, `elementId`, `locale`, `field_item`, `dateCreated`, `dateUpdated`, `uid`) VALUES
 ('44', '484', 'en_us', 'List Item 1', '2017-07-27 19:55:25', '2017-07-27 21:09:21', '3a3cdae1-12ca-4e30-bec0-1613028a43f9'),
 ('45', '485', 'en_us', 'List Item 2', '2017-07-27 19:55:25', '2017-07-27 21:09:21', '153a2b2f-4de9-45b6-a593-9df7190d0dd4'),
 ('46', '486', 'en_us', 'List Item 3', '2017-07-27 19:55:25', '2017-07-27 21:09:21', '57682b40-3e93-46f9-ad36-ba0cfa1302ed'),
 ('47', '488', 'en_us', 'List Item 1', '2017-07-27 19:56:42', '2017-07-27 21:09:21', '42e52795-a52d-43f6-8847-fe3fa044362a'),
 ('48', '489', 'en_us', 'List Item 2', '2017-07-27 19:56:42', '2017-07-27 21:09:21', 'c0f5a572-69ac-4e14-9515-9b25f00a7b3b'),
 ('49', '490', 'en_us', 'List Item 3', '2017-07-27 19:56:42', '2017-07-27 21:09:21', '299ebd4e-96fa-425e-b84d-ec6e092bf4b1');



DROP TABLE IF EXISTS `craft_supertablecontent_17_resources`;


--
-- Schema for table `craft_supertablecontent_17_resources`
--
CREATE TABLE `craft_supertablecontent_17_resources` (
  `id` int(11) NOT NULL AUTO_INCREMENT,
  `elementId` int(11) NOT NULL,
  `locale` char(12) COLLATE utf8_unicode_ci NOT NULL,
  `field_resource` text COLLATE utf8_unicode_ci,
  `field_type` varchar(255) COLLATE utf8_unicode_ci DEFAULT NULL,
  `field_featured` tinyint(1) unsigned NOT NULL DEFAULT '0',
  `dateCreated` datetime NOT NULL,
  `dateUpdated` datetime NOT NULL,
  `uid` char(36) COLLATE utf8_unicode_ci NOT NULL DEFAULT '0',
  PRIMARY KEY (`id`),
  UNIQUE KEY `craft_supertablecontent_17_resources_elementId_locale_unq_idx` (`elementId`,`locale`),
  KEY `craft_supertablecontent_17_resources_locale_fk` (`locale`)
) ENGINE=InnoDB AUTO_INCREMENT=4 DEFAULT CHARSET=utf8 COLLATE=utf8_unicode_ci;

--
-- Data for table `craft_supertablecontent_17_resources`
--

INSERT INTO `craft_supertablecontent_17_resources` (`id`, `elementId`, `locale`, `field_resource`, `field_type`, `field_featured`, `dateCreated`, `dateUpdated`, `uid`) VALUES
 ('1', '493', 'en_us', '{\"type\":\"entry\",\"custom\":\"\",\"entry\":[\"221\"],\"asset\":\"\"}', '[\"whitepaper\"]', '0', '2017-07-27 20:01:12', '2017-07-27 21:09:21', '6232f7a3-3c0b-4aa3-8f75-db951e9480d7'),
 ('2', '494', 'en_us', '{\"type\":\"entry\",\"custom\":\"\",\"entry\":[\"221\"],\"asset\":\"\"}', '[\"brochure\"]', '1', '2017-07-27 20:01:12', '2017-07-27 21:09:21', 'b58504f5-8466-4034-aaed-e3807b7ddab5'),
 ('3', '495', 'en_us', '{\"type\":\"entry\",\"custom\":\"\",\"entry\":[\"221\"],\"asset\":\"\"}', '[\"publication\"]', '1', '2017-07-27 20:01:12', '2017-07-27 21:09:21', 'eba250c4-413e-4e85-a5d6-3267710f4bcc');



DROP TABLE IF EXISTS `craft_supertablecontent_18_highlights`;


--
-- Schema for table `craft_supertablecontent_18_highlights`
--
CREATE TABLE `craft_supertablecontent_18_highlights` (
  `id` int(11) NOT NULL AUTO_INCREMENT,
  `elementId` int(11) NOT NULL,
  `locale` char(12) COLLATE utf8_unicode_ci NOT NULL,
  `field_highlightTitle` text COLLATE utf8_unicode_ci,
  `field_image` text COLLATE utf8_unicode_ci,
  `field_orientation` varchar(255) COLLATE utf8_unicode_ci DEFAULT NULL,
  `dateCreated` datetime NOT NULL,
  `dateUpdated` datetime NOT NULL,
  `uid` char(36) COLLATE utf8_unicode_ci NOT NULL DEFAULT '0',
  PRIMARY KEY (`id`),
  UNIQUE KEY `craft_supertablecontent_18_highlights_elementId_locale_unq_idx` (`elementId`,`locale`),
  KEY `craft_supertablecontent_18_highlights_locale_fk` (`locale`)
) ENGINE=InnoDB AUTO_INCREMENT=3 DEFAULT CHARSET=utf8 COLLATE=utf8_unicode_ci;

--
-- Data for table `craft_supertablecontent_18_highlights`
--

INSERT INTO `craft_supertablecontent_18_highlights` (`id`, `elementId`, `locale`, `field_highlightTitle`, `field_image`, `field_orientation`, `dateCreated`, `dateUpdated`, `uid`) VALUES
 ('1', '497', 'en_us', 'Title', 'Image', 'left', '2017-07-27 20:01:12', '2017-07-27 21:09:21', 'bb804df0-b727-4634-8146-4ff112e0f5af'),
 ('2', '498', 'en_us', 'Title', 'Image', 'right', '2017-07-27 20:01:12', '2017-07-27 21:09:21', 'd0eea3c0-2208-4249-933d-ecad0af94d39');



DROP TABLE IF EXISTS `craft_supertablecontent_19_clients`;


--
-- Schema for table `craft_supertablecontent_19_clients`
--
CREATE TABLE `craft_supertablecontent_19_clients` (
  `id` int(11) NOT NULL AUTO_INCREMENT,
  `elementId` int(11) NOT NULL,
  `locale` char(12) COLLATE utf8_unicode_ci NOT NULL,
  `field_clientName` text COLLATE utf8_unicode_ci,
  `field_clientLocation` text COLLATE utf8_unicode_ci,
  `dateCreated` datetime NOT NULL,
  `dateUpdated` datetime NOT NULL,
  `uid` char(36) COLLATE utf8_unicode_ci NOT NULL DEFAULT '0',
  PRIMARY KEY (`id`),
  UNIQUE KEY `craft_supertablecontent_19_clients_elementId_locale_unq_idx` (`elementId`,`locale`),
  KEY `craft_supertablecontent_19_clients_locale_fk` (`locale`)
) ENGINE=InnoDB AUTO_INCREMENT=17 DEFAULT CHARSET=utf8 COLLATE=utf8_unicode_ci;

--
-- Data for table `craft_supertablecontent_19_clients`
--

INSERT INTO `craft_supertablecontent_19_clients` (`id`, `elementId`, `locale`, `field_clientName`, `field_clientLocation`, `dateCreated`, `dateUpdated`, `uid`) VALUES
 ('10', '500', 'en_us', 'Client or Project Name', '{\"name\":\"Eckzample Inc\",\"street\":\"453 Placeholder Dr\",\"street2\":\"\",\"city\":\"New Lorem\",\"region\":\"AK\",\"postalCode\":\"8675309\",\"country\":\"US\",\"__model__\":\"Craft\\\\VzAddress_AddressModel\"}', '2017-07-27 20:03:42', '2017-07-27 21:09:21', '6771ed2f-a5b9-47c4-897a-9c9fa051b5e2'),
 ('11', '504', 'en_us', 'Client or Project Name', '{\"name\":\"Ipsum Construction\",\"street\":\"3987 Falls Uhdress Rd\",\"street2\":\"\",\"city\":\"Dolar City\",\"region\":\"NC\",\"postalCode\":\"28173\",\"country\":\"US\",\"__model__\":\"Craft\\\\VzAddress_AddressModel\"}', '2017-07-27 20:08:37', '2017-07-27 21:09:21', 'bb4cdc25-a6ec-4cfa-a16b-dab7c73316e6');



DROP TABLE IF EXISTS `craft_supertablecontent_1_image`;


--
-- Schema for table `craft_supertablecontent_1_image`
--
CREATE TABLE `craft_supertablecontent_1_image` (
  `id` int(11) NOT NULL AUTO_INCREMENT,
  `elementId` int(11) NOT NULL,
  `locale` char(12) COLLATE utf8_unicode_ci NOT NULL,
  `dateCreated` datetime NOT NULL,
  `dateUpdated` datetime NOT NULL,
  `uid` char(36) COLLATE utf8_unicode_ci NOT NULL DEFAULT '0',
  PRIMARY KEY (`id`),
  UNIQUE KEY `craft_supertablecontent_1_image_elementId_locale_unq_idx` (`elementId`,`locale`),
  KEY `craft_supertablecontent_1_image_locale_fk` (`locale`)
) ENGINE=InnoDB AUTO_INCREMENT=30 DEFAULT CHARSET=utf8 COLLATE=utf8_unicode_ci;

--
-- Data for table `craft_supertablecontent_1_image`
--

INSERT INTO `craft_supertablecontent_1_image` (`id`, `elementId`, `locale`, `dateCreated`, `dateUpdated`, `uid`) VALUES
 ('1', '31', 'en_us', '2017-06-12 20:16:38', '2017-06-27 21:10:29', 'c3ab6a42-7076-4184-b653-12ab6acad1a8'),
 ('5', '149', 'en_us', '2017-06-28 19:29:30', '2017-06-28 19:29:30', '9050c84e-0442-4c94-b9c2-d6d8732b9fdc'),
 ('6', '162', 'en_us', '2017-07-09 19:15:34', '2017-07-11 19:49:09', '54a96ffb-88c6-45fc-aa1f-9fb3ce79a148'),
 ('10', '223', 'en_us', '2017-07-25 19:50:10', '2017-07-27 21:09:20', 'ba27275f-6357-46d8-adb2-9e1d8a4c9d76'),
 ('16', '421', 'en_us', '2017-07-27 18:15:03', '2017-07-27 18:34:35', 'baeedd9b-a012-4856-ac94-08e1b95e8e12');



DROP TABLE IF EXISTS `craft_supertablecontent_20_list`;


--
-- Schema for table `craft_supertablecontent_20_list`
--
CREATE TABLE `craft_supertablecontent_20_list` (
  `id` int(11) NOT NULL AUTO_INCREMENT,
  `elementId` int(11) NOT NULL,
  `locale` char(12) COLLATE utf8_unicode_ci NOT NULL,
  `field_item` text COLLATE utf8_unicode_ci,
  `dateCreated` datetime NOT NULL,
  `dateUpdated` datetime NOT NULL,
  `uid` char(36) COLLATE utf8_unicode_ci NOT NULL DEFAULT '0',
  PRIMARY KEY (`id`),
  UNIQUE KEY `craft_supertablecontent_20_list_elementId_locale_unq_idx` (`elementId`,`locale`),
  KEY `craft_supertablecontent_20_list_locale_idx` (`locale`)
) ENGINE=InnoDB AUTO_INCREMENT=30 DEFAULT CHARSET=utf8 COLLATE=utf8_unicode_ci;

--
-- Data for table `craft_supertablecontent_20_list`
--

INSERT INTO `craft_supertablecontent_20_list` (`id`, `elementId`, `locale`, `field_item`, `dateCreated`, `dateUpdated`, `uid`) VALUES
 ('5', '513', 'en_us', 'List Item 1', '2017-07-27 20:24:00', '2017-07-27 21:09:21', '085003d7-b564-4407-a772-ab72909e135d'),
 ('6', '514', 'en_us', 'List Item 2', '2017-07-27 20:24:00', '2017-07-27 21:09:21', '472a632d-b1bd-431b-8eae-b867e94bf76c'),
 ('7', '515', 'en_us', 'List Item 3', '2017-07-27 20:24:00', '2017-07-27 21:09:21', '08e7ecb8-7f38-47ba-9615-ad3ed495f15a'),
 ('8', '516', 'en_us', 'List Item 4', '2017-07-27 20:24:00', '2017-07-27 21:09:21', '3b60f156-8264-490d-ba86-5180a11f0e9a');



DROP TABLE IF EXISTS `craft_supertablecontent_20_logos`;


--
-- Schema for table `craft_supertablecontent_20_logos`
--
CREATE TABLE `craft_supertablecontent_20_logos` (
  `id` int(11) NOT NULL AUTO_INCREMENT,
  `elementId` int(11) NOT NULL,
  `locale` char(12) COLLATE utf8_unicode_ci NOT NULL,
  `field_caption` text COLLATE utf8_unicode_ci,
  `dateCreated` datetime NOT NULL,
  `dateUpdated` datetime NOT NULL,
  `uid` char(36) COLLATE utf8_unicode_ci NOT NULL DEFAULT '0',
  PRIMARY KEY (`id`),
  UNIQUE KEY `craft_supertablecontent_20_logos_elementId_locale_unq_idx` (`elementId`,`locale`),
  KEY `craft_supertablecontent_20_logos_locale_idx` (`locale`)
) ENGINE=InnoDB AUTO_INCREMENT=46 DEFAULT CHARSET=utf8 COLLATE=utf8_unicode_ci;

--
-- Data for table `craft_supertablecontent_20_logos`
--

INSERT INTO `craft_supertablecontent_20_logos` (`id`, `elementId`, `locale`, `field_caption`, `dateCreated`, `dateUpdated`, `uid`) VALUES
 ('1', '517', 'en_us', 'Lorem Inc', '2017-07-27 20:24:00', '2017-07-27 21:09:21', '6bc56800-ad75-4a2f-8db3-f2c11781639e'),
 ('2', '518', 'en_us', 'Ipsum LLC', '2017-07-27 20:24:00', '2017-07-27 21:09:21', '72fb6f3a-c6e8-4979-b690-1ca12718bd6c'),
 ('3', '519', 'en_us', 'Eckzampul ', '2017-07-27 20:24:00', '2017-07-27 21:09:22', '23493e5f-802a-4c5a-b3bb-1d18dc6df0e3'),
 ('5', '521', 'en_us', 'Play Soldur', '2017-07-27 20:24:00', '2017-07-27 21:09:22', '0683a933-0c67-484d-bde4-df780af33b4f'),
 ('7', '523', 'en_us', 'Capshun HLC', '2017-07-27 20:24:00', '2017-07-27 21:09:22', '5964fafe-c19d-4b65-bde0-8c51ae305df3');



DROP TABLE IF EXISTS `craft_supertablecontent_22_values`;


--
-- Schema for table `craft_supertablecontent_22_values`
--
CREATE TABLE `craft_supertablecontent_22_values` (
  `id` int(11) NOT NULL AUTO_INCREMENT,
  `elementId` int(11) NOT NULL,
  `locale` char(12) COLLATE utf8_unicode_ci NOT NULL,
  `field_Value` text COLLATE utf8_unicode_ci,
  `field_header` text COLLATE utf8_unicode_ci,
  `field_body` text COLLATE utf8_unicode_ci,
  `dateCreated` datetime NOT NULL,
  `dateUpdated` datetime NOT NULL,
  `uid` char(36) COLLATE utf8_unicode_ci NOT NULL DEFAULT '0',
  PRIMARY KEY (`id`),
  UNIQUE KEY `craft_supertablecontent_22_values_elementId_locale_unq_idx` (`elementId`,`locale`),
  KEY `craft_supertablecontent_22_values_locale_fk` (`locale`)
) ENGINE=InnoDB AUTO_INCREMENT=22 DEFAULT CHARSET=utf8 COLLATE=utf8_unicode_ci;

--
-- Data for table `craft_supertablecontent_22_values`
--

INSERT INTO `craft_supertablecontent_22_values` (`id`, `elementId`, `locale`, `field_Value`, `field_header`, `field_body`, `dateCreated`, `dateUpdated`, `uid`) VALUES
 ('1', '425', 'en_us', 'People', 'Lead with Empathy', 'We are nothing without our family mentality because we know that collaborative, skilled people who care about each other will always find new, efficient, and exciting ways to solve problems together. And, it shows in our work.', '2017-07-27 18:15:03', '2017-07-27 18:34:35', '787bcbbb-b243-4fcd-b0fb-d9999529b8ba'),
 ('2', '426', 'en_us', 'Professionalism ', 'Be the Expert ', 'We rely on a strong sense of professionalism, driven by a cross-functional commitment to our clients. This guarantees stronger partnerships and more impactful solutions as we innovate communities and bring solutions to life. Our attention to detail, the needs of others, and vast expertise further fosters professionalism in everything that we touch. \r\n', '2017-07-27 18:15:03', '2017-07-27 18:34:35', 'f8e21503-8f14-40f1-b5ff-bd484003af5e'),
 ('3', '427', 'en_us', 'Passion', 'Ignite your Passion ', 'We are fueled by our team\'s innate energy and drive for solving problems. Our passion is continually stirred by remembering that every touch-point of everything we make is a chance to surprise, delight, and benefit the world.\r\n', '2017-07-27 18:15:03', '2017-07-27 18:34:35', 'cc205faf-6433-4cc8-9935-824a61dd06df'),
 ('4', '428', 'en_us', 'Purpose', 'Find the Why', 'We believe in combining our passions and years of experience in different fields to create a lasting effect on the world through thoughtful, sustainable solutions that take into account human health, safety, experience, and performance. Our community – the employees, clients, and the people who experience our work on a daily basis – inspires us to work harder, faster, and smarter in an effort to transform the lives of everyone who comes in contact with Milone & MacBroom. \r\n', '2017-07-27 18:15:03', '2017-07-27 18:34:35', '0cea74cf-e3c6-49b5-a4fa-6e4d0f711f76'),
 ('5', '525', 'en_us', 'Value Name 1', 'Header', 'Lorem ipsum dolor sit amet, vestibulum eget, hac nec condimentum cras. ', '2017-07-27 20:30:19', '2017-07-27 21:09:22', '8cd1808c-36d3-47fc-b0bc-a2ba2459fcf5'),
 ('6', '526', 'en_us', 'Value Name 2', 'Header', 'Lorem ipsum dolor sit amet, vestibulum eget, hac nec condimentum cras. ', '2017-07-27 20:30:19', '2017-07-27 21:09:22', '2d920503-3793-490d-b259-e08a0267e567'),
 ('7', '527', 'en_us', 'Value Name 3', 'Header', 'Lorem ipsum dolor sit amet, vestibulum eget, hac nec condimentum cras. ', '2017-07-27 20:30:19', '2017-07-27 21:09:22', '3e5db012-a79f-4180-804f-aec94d7ee219');



DROP TABLE IF EXISTS `craft_supertablecontent_23_benefit`;


--
-- Schema for table `craft_supertablecontent_23_benefit`
--
CREATE TABLE `craft_supertablecontent_23_benefit` (
  `id` int(11) NOT NULL AUTO_INCREMENT,
  `elementId` int(11) NOT NULL,
  `locale` char(12) COLLATE utf8_unicode_ci NOT NULL,
  `field_benefitName` text COLLATE utf8_unicode_ci,
  `field_body` text COLLATE utf8_unicode_ci,
  `dateCreated` datetime NOT NULL,
  `dateUpdated` datetime NOT NULL,
  `uid` char(36) COLLATE utf8_unicode_ci NOT NULL DEFAULT '0',
  PRIMARY KEY (`id`),
  UNIQUE KEY `craft_supertablecontent_23_benefit_elementId_locale_unq_idx` (`elementId`,`locale`),
  KEY `craft_supertablecontent_23_benefit_locale_fk` (`locale`)
) ENGINE=InnoDB AUTO_INCREMENT=8 DEFAULT CHARSET=utf8 COLLATE=utf8_unicode_ci;

--
-- Data for table `craft_supertablecontent_23_benefit`
--

INSERT INTO `craft_supertablecontent_23_benefit` (`id`, `elementId`, `locale`, `field_benefitName`, `field_body`, `dateCreated`, `dateUpdated`, `uid`) VALUES
 ('1', '441', 'en_us', 'Health & Wellness', '<ul><li>Medical, Prescription Drug and Dental Insurance</li><li>Health Savings Account</li><li>Dependent Day Care Flexible Spending Account</li><li>Long-Term Disability and Optional Short-Term Disability Insurance</li><li>Accidental Death and Dismemberment Insurance</li><li>Health &amp; Wellness Program</li><li>Employee Assistance Program</li></ul>', '2017-07-27 18:34:36', '2017-07-27 18:34:36', '57ea2268-f856-41d2-89c4-3ba3e74dd042'),
 ('2', '442', 'en_us', 'A Secure Future ', '<ul><li>Pretax contributions to a 401(k) retirement plan</li><li>Discretionary company match to your 401(k)</li><li>Profit sharing contributions</li><li>Basic, Supplemental, Spouse, and Dependent Life Insurance</li></ul>', '2017-07-27 18:34:36', '2017-07-27 18:34:36', 'eca99c72-a1b0-492c-8233-6eced891643a'),
 ('3', '443', 'en_us', 'Professional Growth & Financial Opportunities', '<ul><li>Tuition reimbursement program</li><li>Professional training, licensing and certifications</li><li>Paid industry and association memberships</li><li>Other professional development activities</li><li>Performance management program</li><li>Recognition for professional and personal achievements</li></ul>', '2017-07-27 18:34:36', '2017-07-27 18:34:36', '862e7a24-699d-4e19-91af-adf2cb978171'),
 ('4', '444', 'en_us', 'Lifestyle & Leisure', '<ul><li>Paid holidays, vacation, sick, and personal time off </li><li>Company-sponsored family events and activities</li><li>Fitness center</li><li>Company-provided weekly breakfast</li><li>Employee discount programs</li><li>Workplace conveniences such as dry cleaning pickup &amp; delivery and postage stamp purchase</li><li>Other discounts for local merchants and community attractions</li><li>Community involvement programs &amp; athletic team</li></ul>', '2017-07-27 18:34:36', '2017-07-27 18:34:36', 'def745f1-90e9-4987-bc04-6ba4596b3fae'),
 ('5', '529', 'en_us', 'Benefit Name 1', '<p>Lorem ipsum dolor sit amet, vestibulum eget, hac nec condimentum cras. </p>', '2017-07-27 20:30:19', '2017-07-27 21:09:22', '69e4a700-7c6f-45d9-af2c-e10b34b0bd23'),
 ('6', '530', 'en_us', 'Benefit Name 2', '<p>Lorem ipsum dolor sit amet, vestibulum eget, hac nec condimentum cras. </p>', '2017-07-27 20:30:19', '2017-07-27 21:09:22', 'f1ca3863-fd2c-44d1-9fc4-2e9b3489cc79'),
 ('7', '531', 'en_us', 'Benefit Name 3', '<p>Lorem ipsum dolor sit amet, vestibulum eget, hac nec condimentum cras. </p>', '2017-07-27 20:30:19', '2017-07-27 21:09:22', '8e4259b0-5bd2-4e19-94f1-4baf776a5bcc');



DROP TABLE IF EXISTS `craft_supertablecontent_27_listing`;


--
-- Schema for table `craft_supertablecontent_27_listing`
--
CREATE TABLE `craft_supertablecontent_27_listing` (
  `id` int(11) NOT NULL AUTO_INCREMENT,
  `elementId` int(11) NOT NULL,
  `locale` char(12) COLLATE utf8_unicode_ci NOT NULL,
  `field_itemTitle` text COLLATE utf8_unicode_ci,
  `field_excerpt` text COLLATE utf8_unicode_ci,
  `field_callToAction` text COLLATE utf8_unicode_ci,
  `dateCreated` datetime NOT NULL,
  `dateUpdated` datetime NOT NULL,
  `uid` char(36) COLLATE utf8_unicode_ci NOT NULL DEFAULT '0',
  PRIMARY KEY (`id`),
  UNIQUE KEY `craft_supertablecontent_27_listing_elementId_locale_unq_idx` (`elementId`,`locale`),
  KEY `craft_supertablecontent_27_listing_locale_idx` (`locale`)
) ENGINE=InnoDB AUTO_INCREMENT=26 DEFAULT CHARSET=utf8 COLLATE=utf8_unicode_ci;

--
-- Data for table `craft_supertablecontent_27_listing`
--

INSERT INTO `craft_supertablecontent_27_listing` (`id`, `elementId`, `locale`, `field_itemTitle`, `field_excerpt`, `field_callToAction`, `dateCreated`, `dateUpdated`, `uid`) VALUES
 ('23', '533', 'en_us', 'Title Example 1', 'Lorem ipsum dolor sit amet, vestibulum eget, hac nec condimentum cras. ', '{\"type\":\"entry\",\"custom\":\"\",\"entry\":[\"221\"],\"category\":\"\",\"customText\":\"Custom Link Text\",\"target\":\"\"}', '2017-07-27 20:30:19', '2017-07-27 21:09:22', '0dff9e1b-6e24-45d9-b6b5-6310be40ae06'),
 ('24', '534', 'en_us', 'Title Example 2', 'Lorem ipsum dolor sit amet, vestibulum eget, hac nec condimentum cras. ', '{\"type\":\"entry\",\"custom\":\"\",\"entry\":[\"221\"],\"category\":\"\",\"customText\":\"Custom Link Text\",\"target\":\"\"}', '2017-07-27 20:30:19', '2017-07-27 21:09:22', '70396979-5b0f-4088-b71b-5be9f7cd8e3b');



DROP TABLE IF EXISTS `craft_supertablecontent_2_gallery`;


--
-- Schema for table `craft_supertablecontent_2_gallery`
--
CREATE TABLE `craft_supertablecontent_2_gallery` (
  `id` int(11) NOT NULL AUTO_INCREMENT,
  `elementId` int(11) NOT NULL,
  `locale` char(12) COLLATE utf8_unicode_ci NOT NULL,
  `field_caption` text COLLATE utf8_unicode_ci,
  `dateCreated` datetime NOT NULL,
  `dateUpdated` datetime NOT NULL,
  `uid` char(36) COLLATE utf8_unicode_ci NOT NULL DEFAULT '0',
  PRIMARY KEY (`id`),
  UNIQUE KEY `craft_supertablecontent_2_gallery_elementId_locale_unq_idx` (`elementId`,`locale`),
  KEY `craft_supertablecontent_2_gallery_locale_idx` (`locale`)
) ENGINE=InnoDB AUTO_INCREMENT=30 DEFAULT CHARSET=utf8 COLLATE=utf8_unicode_ci;

--
-- Data for table `craft_supertablecontent_2_gallery`
--

INSERT INTO `craft_supertablecontent_2_gallery` (`id`, `elementId`, `locale`, `field_caption`, `dateCreated`, `dateUpdated`, `uid`) VALUES
 ('2', '159', 'en_us', 'Sample Caption here ', '2017-06-28 21:31:48', '2017-07-27 14:39:30', 'b264d5ed-9dc9-4280-9aab-5ec0361e39b2'),
 ('3', '237', 'en_us', 'sample caption here ', '2017-07-26 18:19:20', '2017-07-27 14:39:30', '5ed3bad3-86e0-4fee-a755-5b975d463792'),
 ('4', '238', 'en_us', 'sample caption here ', '2017-07-26 18:19:20', '2017-07-27 14:39:30', '216faeef-088c-44fc-a8f5-150efc4a5224'),
 ('5', '239', 'en_us', 'sample caption here ', '2017-07-26 18:19:20', '2017-07-27 14:39:30', '147e2c9b-8cc9-4ed8-8d40-4d0593e0cec6'),
 ('10', '430', 'en_us', 'Our planning team ', '2017-07-27 18:15:03', '2017-07-27 18:34:35', '27517240-10e4-420d-bed5-af151a5f67ec'),
 ('11', '431', 'en_us', 'Our environmental science team enjoying the day ', '2017-07-27 18:15:03', '2017-07-27 18:34:35', '4be742ae-0a6a-46a3-8de3-8da0a39f6705'),
 ('12', '432', 'en_us', 'Two of our partners working hard on a landscape architecture project ', '2017-07-27 18:15:03', '2017-07-27 18:34:36', 'ee11863a-876a-40be-b2e8-83db0084696f'),
 ('13', '433', 'en_us', 'Field Day 2017 ', '2017-07-27 18:15:03', '2017-07-27 18:34:36', 'c87c53d8-706c-4eda-b78f-83bdd835511a'),
 ('14', '434', 'en_us', 'Company Photo, 2017 ', '2017-07-27 18:15:03', '2017-07-27 18:34:36', 'e1956f67-c506-4b40-afe3-c410195bec39'),
 ('15', '451', 'en_us', 'Caption of Photo', '2017-07-27 18:54:14', '2017-07-27 21:09:21', '4520d732-2f9d-4721-8868-5fac5a83dd69'),
 ('16', '452', 'en_us', 'Caption of Photo', '2017-07-27 18:54:14', '2017-07-27 21:09:21', 'f6d0c670-f9f3-476e-beb3-c74a233fbf73'),
 ('17', '453', 'en_us', 'Caption of Photo', '2017-07-27 18:54:14', '2017-07-27 21:09:21', '55c2878a-194b-4b04-b43b-32dfa3b1c631'),
 ('26', '918', 'en_us', 'Sample Caption here ', '2017-07-31 19:29:34', '2017-07-31 19:54:48', '1e99f88e-ba22-4c53-a44e-76b7594d3aab'),
 ('27', '919', 'en_us', 'sample caption here ', '2017-07-31 19:29:34', '2017-07-31 19:54:48', 'b88114e4-aedb-431d-bf39-4f38d052a3b2'),
 ('28', '920', 'en_us', 'sample caption here ', '2017-07-31 19:29:34', '2017-07-31 19:54:48', '335e946e-618d-476a-9e53-12da472172c3'),
 ('29', '921', 'en_us', 'sample caption here ', '2017-07-31 19:29:34', '2017-07-31 19:54:48', 'c0cded28-252a-43f9-9ad0-8e21bf7bf176');



DROP TABLE IF EXISTS `craft_supertablecontent_31_image`;


--
-- Schema for table `craft_supertablecontent_31_image`
--
CREATE TABLE `craft_supertablecontent_31_image` (
  `id` int(11) NOT NULL AUTO_INCREMENT,
  `elementId` int(11) NOT NULL,
  `locale` char(12) COLLATE utf8_unicode_ci NOT NULL,
  `dateCreated` datetime NOT NULL,
  `dateUpdated` datetime NOT NULL,
  `uid` char(36) COLLATE utf8_unicode_ci NOT NULL DEFAULT '0',
  PRIMARY KEY (`id`),
  UNIQUE KEY `craft_supertablecontent_31_image_elementId_locale_unq_idx` (`elementId`,`locale`),
  KEY `craft_supertablecontent_31_image_locale_fk` (`locale`)
) ENGINE=InnoDB AUTO_INCREMENT=5 DEFAULT CHARSET=utf8 COLLATE=utf8_unicode_ci;

--
-- Data for table `craft_supertablecontent_31_image`
--

INSERT INTO `craft_supertablecontent_31_image` (`id`, `elementId`, `locale`, `dateCreated`, `dateUpdated`, `uid`) VALUES
 ('1', '177', 'en_us', '2017-07-13 16:21:56', '2017-07-27 14:39:30', '55f90660-14c7-4465-a375-ef69181e2334'),
 ('2', '751', 'en_us', '2017-07-31 13:10:18', '2017-07-31 13:10:18', 'cac2d45d-bc1e-4c30-9ff3-5090c0c51667'),
 ('4', '912', 'en_us', '2017-07-31 19:29:34', '2017-07-31 19:54:48', '980155aa-911e-4e75-830c-d4f67ce277c6');



DROP TABLE IF EXISTS `craft_supertablecontent_3_projectcard`;


--
-- Schema for table `craft_supertablecontent_3_projectcard`
--
CREATE TABLE `craft_supertablecontent_3_projectcard` (
  `id` int(11) NOT NULL AUTO_INCREMENT,
  `elementId` int(11) NOT NULL,
  `locale` char(12) COLLATE utf8_unicode_ci NOT NULL,
  `dateCreated` datetime NOT NULL,
  `dateUpdated` datetime NOT NULL,
  `uid` char(36) COLLATE utf8_unicode_ci NOT NULL DEFAULT '0',
  PRIMARY KEY (`id`),
  UNIQUE KEY `craft_supertablecontent_3_projectcard_elementId_locale_unq_idx` (`elementId`,`locale`),
  KEY `craft_supertablecontent_3_projectcard_locale_fk` (`locale`)
) ENGINE=InnoDB DEFAULT CHARSET=utf8 COLLATE=utf8_unicode_ci;

DROP TABLE IF EXISTS `craft_supertablecontent_6_footer`;


--
-- Schema for table `craft_supertablecontent_6_footer`
--
CREATE TABLE `craft_supertablecontent_6_footer` (
  `id` int(11) NOT NULL AUTO_INCREMENT,
  `elementId` int(11) NOT NULL,
  `locale` char(12) COLLATE utf8_unicode_ci NOT NULL,
  `field_heading` text COLLATE utf8_unicode_ci,
  `field_callToAction` text COLLATE utf8_unicode_ci,
  `dateCreated` datetime NOT NULL,
  `dateUpdated` datetime NOT NULL,
  `uid` char(36) COLLATE utf8_unicode_ci NOT NULL DEFAULT '0',
  PRIMARY KEY (`id`),
  UNIQUE KEY `craft_supertablecontent_6_footer_elementId_locale_unq_idx` (`elementId`,`locale`),
  KEY `craft_supertablecontent_6_footer_locale_fk` (`locale`)
) ENGINE=InnoDB AUTO_INCREMENT=3 DEFAULT CHARSET=utf8 COLLATE=utf8_unicode_ci;

--
-- Data for table `craft_supertablecontent_6_footer`
--

INSERT INTO `craft_supertablecontent_6_footer` (`id`, `elementId`, `locale`, `field_heading`, `field_callToAction`, `dateCreated`, `dateUpdated`, `uid`) VALUES
 ('1', '438', 'en_us', 'Don\'t see your title listed? That\'s okay! ', '{\"type\":\"custom\",\"custom\":\"mmin.com\",\"entry\":\"\",\"customText\":\"Let\'s chat anyway\",\"target\":\"_blank\"}', '2017-07-27 18:15:03', '2017-07-27 18:34:36', 'b9103d9f-4226-46d9-a4f7-badc5f34adb7'),
 ('2', '462', 'en_us', 'Openings Footer Heading', '', '2017-07-27 19:42:53', '2017-07-27 21:09:21', 'e3999cd1-9d92-490a-bcba-edf952de0d52');



DROP TABLE IF EXISTS `craft_supertablecontent_6_internshipcard`;


--
-- Schema for table `craft_supertablecontent_6_internshipcard`
--
CREATE TABLE `craft_supertablecontent_6_internshipcard` (
  `id` int(11) NOT NULL AUTO_INCREMENT,
  `elementId` int(11) NOT NULL,
  `locale` char(12) COLLATE utf8_unicode_ci NOT NULL,
  `field_cardTitle` text COLLATE utf8_unicode_ci,
  `field_description` text COLLATE utf8_unicode_ci,
  `field_callToAction` text COLLATE utf8_unicode_ci,
  `dateCreated` datetime NOT NULL,
  `dateUpdated` datetime NOT NULL,
  `uid` char(36) COLLATE utf8_unicode_ci NOT NULL DEFAULT '0',
  PRIMARY KEY (`id`),
  UNIQUE KEY `craft_supertablecontent_6_internshipcard_elementId_locale_unq_id` (`elementId`,`locale`),
  KEY `craft_supertablecontent_6_internshipcard_locale_fk` (`locale`)
) ENGINE=InnoDB AUTO_INCREMENT=4 DEFAULT CHARSET=utf8 COLLATE=utf8_unicode_ci;

--
-- Data for table `craft_supertablecontent_6_internshipcard`
--

INSERT INTO `craft_supertablecontent_6_internshipcard` (`id`, `elementId`, `locale`, `field_cardTitle`, `field_description`, `field_callToAction`, `dateCreated`, `dateUpdated`, `uid`) VALUES
 ('2', '437', 'en_us', 'Senior Geotechnical Engineer', 'Cheshire, CT ', '{\"type\":\"custom\",\"custom\":\"mminc.com\",\"entry\":\"\",\"customText\":\"Contact Us \"}', '2017-07-27 18:15:03', '2017-07-27 18:34:36', '4b4f072a-c809-4291-b990-e2183655047e'),
 ('3', '461', 'en_us', 'Example Title', 'Example Description is an example of the description of the title.', '{\"type\":\"custom\",\"custom\":\"\",\"entry\":\"\",\"customText\":\"\"}', '2017-07-27 19:42:53', '2017-07-27 21:09:21', 'd7d9e050-7b5a-47c5-8732-e6d0b67a5335');



DROP TABLE IF EXISTS `craft_supertablecontent_communityinvolvement`;


--
-- Schema for table `craft_supertablecontent_communityinvolvement`
--
CREATE TABLE `craft_supertablecontent_communityinvolvement` (
  `id` int(11) NOT NULL AUTO_INCREMENT,
  `elementId` int(11) NOT NULL,
  `locale` char(12) COLLATE utf8_unicode_ci NOT NULL,
  `field_communityInvolvement` text COLLATE utf8_unicode_ci,
  `dateCreated` datetime NOT NULL,
  `dateUpdated` datetime NOT NULL,
  `uid` char(36) COLLATE utf8_unicode_ci NOT NULL DEFAULT '0',
  PRIMARY KEY (`id`),
  UNIQUE KEY `craft_supertableconten_communityinvolveme_elementI_locale_unq_id` (`elementId`,`locale`),
  KEY `craft_supertablecontent_communityinvolvement_locale_fk` (`locale`)
) ENGINE=InnoDB DEFAULT CHARSET=utf8 COLLATE=utf8_unicode_ci;

DROP TABLE IF EXISTS `craft_supertablecontent_sociallinks`;


--
-- Schema for table `craft_supertablecontent_sociallinks`
--
CREATE TABLE `craft_supertablecontent_sociallinks` (
  `id` int(11) NOT NULL AUTO_INCREMENT,
  `elementId` int(11) NOT NULL,
  `locale` char(12) COLLATE utf8_unicode_ci NOT NULL,
  `field_linkedin` text COLLATE utf8_unicode_ci,
  `field_facebook` text COLLATE utf8_unicode_ci,
  `field_twitter` text COLLATE utf8_unicode_ci,
  `dateCreated` datetime NOT NULL,
  `dateUpdated` datetime NOT NULL,
  `uid` char(36) COLLATE utf8_unicode_ci NOT NULL DEFAULT '0',
  PRIMARY KEY (`id`),
  UNIQUE KEY `craft_supertablecontent_sociallinks_elementId_locale_unq_idx` (`elementId`,`locale`),
  KEY `craft_supertablecontent_sociallinks_locale_fk` (`locale`)
) ENGINE=InnoDB AUTO_INCREMENT=3 DEFAULT CHARSET=utf8 COLLATE=utf8_unicode_ci;

--
-- Data for table `craft_supertablecontent_sociallinks`
--

INSERT INTO `craft_supertablecontent_sociallinks` (`id`, `elementId`, `locale`, `field_linkedin`, `field_facebook`, `field_twitter`, `dateCreated`, `dateUpdated`, `uid`) VALUES
 ('1', '38', 'en_us', '{\"type\":\"custom\",\"custom\":\"http:\\/\\/twitter.com\",\"target\":\"_blank\"}', '{\"type\":\"custom\",\"custom\":\"http:\\/\\/facebook.com\",\"target\":\"_blank\"}', '{\"type\":\"custom\",\"custom\":\"http:\\/\\/linkedin.com\",\"target\":\"_blank\"}', '2017-06-15 16:04:27', '2017-06-28 21:11:02', 'd1e3b8ef-9ad0-45b1-a6f6-6b9b047cf4e0'),
 ('2', '275', 'en_us', '{\"type\":\"custom\",\"custom\":\"https:\\/\\/www.linkedin.com\\/in\\/mark-arigoni-ba378215\\/\",\"target\":\"\"}', '', '', '2017-07-26 19:42:07', '2017-07-31 13:13:19', 'ca733e58-7bb9-4ad9-a01f-815efab3ad02');



DROP TABLE IF EXISTS `craft_systemsettings`;


--
-- Schema for table `craft_systemsettings`
--
CREATE TABLE `craft_systemsettings` (
  `id` int(11) NOT NULL AUTO_INCREMENT,
  `category` varchar(15) COLLATE utf8_unicode_ci NOT NULL,
  `settings` text COLLATE utf8_unicode_ci,
  `dateCreated` datetime NOT NULL,
  `dateUpdated` datetime NOT NULL,
  `uid` char(36) COLLATE utf8_unicode_ci NOT NULL DEFAULT '0',
  PRIMARY KEY (`id`),
  UNIQUE KEY `craft_systemsettings_category_unq_idx` (`category`)
) ENGINE=InnoDB AUTO_INCREMENT=2 DEFAULT CHARSET=utf8 COLLATE=utf8_unicode_ci;

--
-- Data for table `craft_systemsettings`
--

INSERT INTO `craft_systemsettings` (`id`, `category`, `settings`, `dateCreated`, `dateUpdated`, `uid`) VALUES
 ('1', 'email', '{\"protocol\":\"php\",\"emailAddress\":\"adam.soffer@digitalsurgeons.com\",\"senderName\":\"Milone & MacBroom\"}', '2017-06-09 17:32:24', '2017-06-09 17:32:24', 'b163c16f-8a91-4c7d-98a2-1c80dec34e8d');



DROP TABLE IF EXISTS `craft_taggroups`;


--
-- Schema for table `craft_taggroups`
--
CREATE TABLE `craft_taggroups` (
  `id` int(11) NOT NULL AUTO_INCREMENT,
  `name` varchar(255) COLLATE utf8_unicode_ci NOT NULL,
  `handle` varchar(255) COLLATE utf8_unicode_ci NOT NULL,
  `fieldLayoutId` int(10) DEFAULT NULL,
  `dateCreated` datetime NOT NULL,
  `dateUpdated` datetime NOT NULL,
  `uid` char(36) COLLATE utf8_unicode_ci NOT NULL DEFAULT '0',
  PRIMARY KEY (`id`),
  UNIQUE KEY `craft_taggroups_name_unq_idx` (`name`),
  UNIQUE KEY `craft_taggroups_handle_unq_idx` (`handle`),
  KEY `craft_taggroups_fieldLayoutId_fk` (`fieldLayoutId`)
) ENGINE=InnoDB AUTO_INCREMENT=2 DEFAULT CHARSET=utf8 COLLATE=utf8_unicode_ci;

--
-- Data for table `craft_taggroups`
--

INSERT INTO `craft_taggroups` (`id`, `name`, `handle`, `fieldLayoutId`, `dateCreated`, `dateUpdated`, `uid`) VALUES
 ('1', 'Default', 'default', '1', '2017-06-09 17:32:24', '2017-06-09 17:32:24', 'f100b6ec-0637-4f3c-9a0a-c0317064ab7c');



DROP TABLE IF EXISTS `craft_tags`;


--
-- Schema for table `craft_tags`
--
CREATE TABLE `craft_tags` (
  `id` int(11) NOT NULL,
  `groupId` int(11) NOT NULL,
  `dateCreated` datetime NOT NULL,
  `dateUpdated` datetime NOT NULL,
  `uid` char(36) COLLATE utf8_unicode_ci NOT NULL DEFAULT '0',
  PRIMARY KEY (`id`),
  KEY `craft_tags_groupId_fk` (`groupId`)
) ENGINE=InnoDB DEFAULT CHARSET=utf8 COLLATE=utf8_unicode_ci;

DROP TABLE IF EXISTS `craft_tasks`;


--
-- Schema for table `craft_tasks`
--
CREATE TABLE `craft_tasks` (
  `id` int(11) NOT NULL AUTO_INCREMENT,
  `root` int(11) unsigned DEFAULT NULL,
  `lft` int(11) unsigned NOT NULL,
  `rgt` int(11) unsigned NOT NULL,
  `level` smallint(6) unsigned NOT NULL,
  `currentStep` int(11) unsigned DEFAULT NULL,
  `totalSteps` int(11) unsigned DEFAULT NULL,
  `status` enum('pending','error','running') COLLATE utf8_unicode_ci DEFAULT NULL,
  `type` varchar(150) COLLATE utf8_unicode_ci NOT NULL,
  `description` varchar(255) COLLATE utf8_unicode_ci DEFAULT NULL,
  `settings` mediumtext COLLATE utf8_unicode_ci,
  `dateCreated` datetime NOT NULL,
  `dateUpdated` datetime NOT NULL,
  `uid` char(36) COLLATE utf8_unicode_ci NOT NULL DEFAULT '0',
  PRIMARY KEY (`id`),
  KEY `craft_tasks_root_idx` (`root`),
  KEY `craft_tasks_lft_idx` (`lft`),
  KEY `craft_tasks_rgt_idx` (`rgt`),
  KEY `craft_tasks_level_idx` (`level`)
) ENGINE=InnoDB AUTO_INCREMENT=563 DEFAULT CHARSET=utf8 COLLATE=utf8_unicode_ci;

DROP TABLE IF EXISTS `craft_templatecachecriteria`;


--
-- Schema for table `craft_templatecachecriteria`
--
CREATE TABLE `craft_templatecachecriteria` (
  `id` int(11) NOT NULL AUTO_INCREMENT,
  `cacheId` int(11) NOT NULL,
  `type` varchar(150) COLLATE utf8_unicode_ci NOT NULL,
  `criteria` text COLLATE utf8_unicode_ci NOT NULL,
  PRIMARY KEY (`id`),
  KEY `craft_templatecachecriteria_cacheId_fk` (`cacheId`),
  KEY `craft_templatecachecriteria_type_idx` (`type`)
) ENGINE=InnoDB DEFAULT CHARSET=utf8 COLLATE=utf8_unicode_ci;

DROP TABLE IF EXISTS `craft_templatecacheelements`;


--
-- Schema for table `craft_templatecacheelements`
--
CREATE TABLE `craft_templatecacheelements` (
  `cacheId` int(11) NOT NULL,
  `elementId` int(11) NOT NULL,
  KEY `craft_templatecacheelements_cacheId_fk` (`cacheId`),
  KEY `craft_templatecacheelements_elementId_fk` (`elementId`)
) ENGINE=InnoDB DEFAULT CHARSET=utf8 COLLATE=utf8_unicode_ci;

DROP TABLE IF EXISTS `craft_templatecaches`;


--
-- Schema for table `craft_templatecaches`
--
CREATE TABLE `craft_templatecaches` (
  `id` int(11) NOT NULL AUTO_INCREMENT,
  `cacheKey` varchar(255) COLLATE utf8_unicode_ci NOT NULL,
  `locale` char(12) COLLATE utf8_unicode_ci NOT NULL,
  `path` varchar(255) COLLATE utf8_unicode_ci DEFAULT NULL,
  `expiryDate` datetime NOT NULL,
  `body` mediumtext COLLATE utf8_unicode_ci NOT NULL,
  PRIMARY KEY (`id`),
  KEY `craft_templatecaches_expiryDate_cacheKey_locale_path_idx` (`expiryDate`,`cacheKey`,`locale`,`path`),
  KEY `craft_templatecaches_locale_fk` (`locale`)
) ENGINE=InnoDB DEFAULT CHARSET=utf8 COLLATE=utf8_unicode_ci;

DROP TABLE IF EXISTS `craft_tokens`;


--
-- Schema for table `craft_tokens`
--
CREATE TABLE `craft_tokens` (
  `id` int(11) NOT NULL AUTO_INCREMENT,
  `token` char(32) COLLATE utf8_unicode_ci NOT NULL,
  `route` text COLLATE utf8_unicode_ci,
  `usageLimit` tinyint(3) unsigned DEFAULT NULL,
  `usageCount` tinyint(3) unsigned DEFAULT NULL,
  `expiryDate` datetime NOT NULL,
  `dateCreated` datetime NOT NULL,
  `dateUpdated` datetime NOT NULL,
  `uid` char(36) COLLATE utf8_unicode_ci NOT NULL DEFAULT '0',
  PRIMARY KEY (`id`),
  UNIQUE KEY `craft_tokens_token_unq_idx` (`token`),
  KEY `craft_tokens_expiryDate_idx` (`expiryDate`)
) ENGINE=InnoDB AUTO_INCREMENT=6 DEFAULT CHARSET=utf8 COLLATE=utf8_unicode_ci;

--
-- Data for table `craft_tokens`
--

INSERT INTO `craft_tokens` (`id`, `token`, `route`, `usageLimit`, `usageCount`, `expiryDate`, `dateCreated`, `dateUpdated`, `uid`) VALUES
 ('1', 'j3v9RrlpjpWdSwTcfGKiAA3KJka2kkgG', '{\"action\":\"categories\\/viewSharedCategory\",\"params\":{\"categoryId\":\"20\",\"locale\":\"en_us\"}}', NULL, NULL, '2017-07-27 19:23:52', '2017-07-26 19:23:52', '2017-07-26 19:23:52', '9e1a0c04-91fe-4a5b-86e4-4461fca4c944'),
 ('2', 'EEatVufMfxwfSvVTxkNCmbGhxO79Sv~1', '{\"action\":\"categories\\/viewSharedCategory\",\"params\":{\"categoryId\":\"20\",\"locale\":\"en_us\"}}', NULL, NULL, '2017-07-27 19:26:41', '2017-07-26 19:26:41', '2017-07-26 19:26:41', '49ef0eb0-bc6e-4fb1-ad0a-31670aa99811'),
 ('3', 'KN8F81WuM2mdpzmNd5gKMh8UyEgf8rap', '{\"action\":\"categories\\/viewSharedCategory\",\"params\":{\"categoryId\":\"20\",\"locale\":\"en_us\"}}', NULL, NULL, '2017-07-27 19:28:28', '2017-07-26 19:28:28', '2017-07-26 19:28:28', '0a82b5f9-ef17-4226-a770-132e2cc36218'),
 ('4', 'M9yvDzc4vf9wBwuBEnHXPGraeYeEfl15', '{\"action\":\"categories\\/viewSharedCategory\",\"params\":{\"categoryId\":\"20\",\"locale\":\"en_us\"}}', NULL, NULL, '2017-07-27 19:31:51', '2017-07-26 19:31:51', '2017-07-26 19:31:51', '7b073dc1-d086-49e5-a246-512a00a24934'),
 ('5', 'jKV9lY4hXKT7wf4ml5ZN1Rn7z6ViHmvF', '{\"action\":\"categories\\/viewSharedCategory\",\"params\":{\"categoryId\":\"20\",\"locale\":\"en_us\"}}', NULL, NULL, '2017-07-27 19:34:56', '2017-07-26 19:34:56', '2017-07-26 19:34:56', '157a9b6d-e599-40b4-9b92-086bff69f513');



DROP TABLE IF EXISTS `craft_usergroups`;


--
-- Schema for table `craft_usergroups`
--
CREATE TABLE `craft_usergroups` (
  `id` int(11) NOT NULL AUTO_INCREMENT,
  `name` varchar(255) COLLATE utf8_unicode_ci NOT NULL,
  `handle` varchar(255) COLLATE utf8_unicode_ci NOT NULL,
  `dateCreated` datetime NOT NULL,
  `dateUpdated` datetime NOT NULL,
  `uid` char(36) COLLATE utf8_unicode_ci NOT NULL DEFAULT '0',
  PRIMARY KEY (`id`),
  UNIQUE KEY `craft_usergroups_name_unq_idx` (`name`),
  UNIQUE KEY `craft_usergroups_handle_unq_idx` (`handle`)
) ENGINE=InnoDB DEFAULT CHARSET=utf8 COLLATE=utf8_unicode_ci;

DROP TABLE IF EXISTS `craft_usergroups_users`;


--
-- Schema for table `craft_usergroups_users`
--
CREATE TABLE `craft_usergroups_users` (
  `id` int(11) NOT NULL AUTO_INCREMENT,
  `groupId` int(11) NOT NULL,
  `userId` int(11) NOT NULL,
  `dateCreated` datetime NOT NULL,
  `dateUpdated` datetime NOT NULL,
  `uid` char(36) COLLATE utf8_unicode_ci NOT NULL DEFAULT '0',
  PRIMARY KEY (`id`),
  UNIQUE KEY `craft_usergroups_users_groupId_userId_unq_idx` (`groupId`,`userId`),
  KEY `craft_usergroups_users_userId_fk` (`userId`)
) ENGINE=InnoDB DEFAULT CHARSET=utf8 COLLATE=utf8_unicode_ci;

DROP TABLE IF EXISTS `craft_userpermissions`;


--
-- Schema for table `craft_userpermissions`
--
CREATE TABLE `craft_userpermissions` (
  `id` int(11) NOT NULL AUTO_INCREMENT,
  `name` varchar(255) COLLATE utf8_unicode_ci NOT NULL,
  `dateCreated` datetime NOT NULL,
  `dateUpdated` datetime NOT NULL,
  `uid` char(36) COLLATE utf8_unicode_ci NOT NULL DEFAULT '0',
  PRIMARY KEY (`id`),
  UNIQUE KEY `craft_userpermissions_name_unq_idx` (`name`)
) ENGINE=InnoDB DEFAULT CHARSET=utf8 COLLATE=utf8_unicode_ci;

DROP TABLE IF EXISTS `craft_userpermissions_usergroups`;


--
-- Schema for table `craft_userpermissions_usergroups`
--
CREATE TABLE `craft_userpermissions_usergroups` (
  `id` int(11) NOT NULL AUTO_INCREMENT,
  `permissionId` int(11) NOT NULL,
  `groupId` int(11) NOT NULL,
  `dateCreated` datetime NOT NULL,
  `dateUpdated` datetime NOT NULL,
  `uid` char(36) COLLATE utf8_unicode_ci NOT NULL DEFAULT '0',
  PRIMARY KEY (`id`),
  UNIQUE KEY `craft_userpermissions_usergroups_permissionId_groupId_unq_idx` (`permissionId`,`groupId`),
  KEY `craft_userpermissions_usergroups_groupId_fk` (`groupId`)
) ENGINE=InnoDB DEFAULT CHARSET=utf8 COLLATE=utf8_unicode_ci;

DROP TABLE IF EXISTS `craft_userpermissions_users`;


--
-- Schema for table `craft_userpermissions_users`
--
CREATE TABLE `craft_userpermissions_users` (
  `id` int(11) NOT NULL AUTO_INCREMENT,
  `permissionId` int(11) NOT NULL,
  `userId` int(11) NOT NULL,
  `dateCreated` datetime NOT NULL,
  `dateUpdated` datetime NOT NULL,
  `uid` char(36) COLLATE utf8_unicode_ci NOT NULL DEFAULT '0',
  PRIMARY KEY (`id`),
  UNIQUE KEY `craft_userpermissions_users_permissionId_userId_unq_idx` (`permissionId`,`userId`),
  KEY `craft_userpermissions_users_userId_fk` (`userId`)
) ENGINE=InnoDB DEFAULT CHARSET=utf8 COLLATE=utf8_unicode_ci;

DROP TABLE IF EXISTS `craft_users`;


--
-- Schema for table `craft_users`
--
CREATE TABLE `craft_users` (
  `id` int(11) NOT NULL,
  `username` varchar(100) COLLATE utf8_unicode_ci NOT NULL,
  `photo` varchar(100) COLLATE utf8_unicode_ci DEFAULT NULL,
  `firstName` varchar(100) COLLATE utf8_unicode_ci DEFAULT NULL,
  `lastName` varchar(100) COLLATE utf8_unicode_ci DEFAULT NULL,
  `email` varchar(255) COLLATE utf8_unicode_ci NOT NULL,
  `password` char(255) COLLATE utf8_unicode_ci DEFAULT NULL,
  `preferredLocale` char(12) COLLATE utf8_unicode_ci DEFAULT NULL,
  `weekStartDay` tinyint(1) unsigned NOT NULL DEFAULT '0',
  `admin` tinyint(1) unsigned NOT NULL DEFAULT '0',
  `client` tinyint(1) unsigned NOT NULL DEFAULT '0',
  `locked` tinyint(1) unsigned NOT NULL DEFAULT '0',
  `suspended` tinyint(1) unsigned NOT NULL DEFAULT '0',
  `pending` tinyint(1) unsigned NOT NULL DEFAULT '0',
  `archived` tinyint(1) unsigned NOT NULL DEFAULT '0',
  `lastLoginDate` datetime DEFAULT NULL,
  `lastLoginAttemptIPAddress` varchar(45) COLLATE utf8_unicode_ci DEFAULT NULL,
  `invalidLoginWindowStart` datetime DEFAULT NULL,
  `invalidLoginCount` tinyint(4) unsigned DEFAULT NULL,
  `lastInvalidLoginDate` datetime DEFAULT NULL,
  `lockoutDate` datetime DEFAULT NULL,
  `verificationCode` char(100) COLLATE utf8_unicode_ci DEFAULT NULL,
  `verificationCodeIssuedDate` datetime DEFAULT NULL,
  `unverifiedEmail` varchar(255) COLLATE utf8_unicode_ci DEFAULT NULL,
  `passwordResetRequired` tinyint(1) unsigned NOT NULL DEFAULT '0',
  `lastPasswordChangeDate` datetime DEFAULT NULL,
  `dateCreated` datetime NOT NULL,
  `dateUpdated` datetime NOT NULL,
  `uid` char(36) COLLATE utf8_unicode_ci NOT NULL DEFAULT '0',
  PRIMARY KEY (`id`),
  UNIQUE KEY `craft_users_username_unq_idx` (`username`),
  UNIQUE KEY `craft_users_email_unq_idx` (`email`),
  KEY `craft_users_verificationCode_idx` (`verificationCode`),
  KEY `craft_users_uid_idx` (`uid`),
  KEY `craft_users_preferredLocale_fk` (`preferredLocale`)
) ENGINE=InnoDB DEFAULT CHARSET=utf8 COLLATE=utf8_unicode_ci;

--
-- Data for table `craft_users`
--

INSERT INTO `craft_users` (`id`, `username`, `photo`, `firstName`, `lastName`, `email`, `password`, `preferredLocale`, `weekStartDay`, `admin`, `client`, `locked`, `suspended`, `pending`, `archived`, `lastLoginDate`, `lastLoginAttemptIPAddress`, `invalidLoginWindowStart`, `invalidLoginCount`, `lastInvalidLoginDate`, `lockoutDate`, `verificationCode`, `verificationCodeIssuedDate`, `unverifiedEmail`, `passwordResetRequired`, `lastPasswordChangeDate`, `dateCreated`, `dateUpdated`, `uid`) VALUES
 ('1', 'admin', NULL, NULL, NULL, 'adam.soffer@digitalsurgeons.com', '$2y$13$cLnOhTWmkIlkJ4UuBwQtj.UZ4pMaQqVtrJBfAzCTEnfSUcI4sVbwe', NULL, '0', '1', '0', '0', '0', '0', '0', '2017-07-31 20:28:32', '198.0.154.86', NULL, NULL, '2017-07-31 18:58:53', NULL, NULL, NULL, NULL, '0', '2017-06-09 17:32:21', '2017-06-09 17:32:22', '2017-07-31 20:28:32', '22c3d7d7-2a31-4b83-8d1f-ac1df8efa8a9'),
 ('959', 'amyray', NULL, 'Amy', 'Ray', 'amyr@mminc.com', NULL, NULL, '0', '0', '0', '0', '0', '1', '0', NULL, NULL, NULL, NULL, NULL, NULL, '$2y$13$gFc6pcY54Yu/RAQl4fAz7.cR/FhccPVAWb4i0hRTfSlrvs3.ZOuOS', '2017-07-31 20:44:44', 'amyr@mminc.com', '0', NULL, '2017-07-31 20:44:43', '2017-07-31 20:44:44', '8c56963b-6ef3-40ad-bc16-dc80c435dc13');



DROP TABLE IF EXISTS `craft_widgets`;


--
-- Schema for table `craft_widgets`
--
CREATE TABLE `craft_widgets` (
  `id` int(11) NOT NULL AUTO_INCREMENT,
  `userId` int(11) NOT NULL,
  `type` varchar(150) COLLATE utf8_unicode_ci NOT NULL,
  `sortOrder` smallint(6) unsigned DEFAULT NULL,
  `colspan` tinyint(4) unsigned DEFAULT NULL,
  `settings` text COLLATE utf8_unicode_ci,
  `enabled` tinyint(1) unsigned NOT NULL DEFAULT '1',
  `dateCreated` datetime NOT NULL,
  `dateUpdated` datetime NOT NULL,
  `uid` char(36) COLLATE utf8_unicode_ci NOT NULL DEFAULT '0',
  PRIMARY KEY (`id`),
  KEY `craft_widgets_userId_fk` (`userId`)
) ENGINE=InnoDB AUTO_INCREMENT=5 DEFAULT CHARSET=utf8 COLLATE=utf8_unicode_ci;

--
-- Data for table `craft_widgets`
--

INSERT INTO `craft_widgets` (`id`, `userId`, `type`, `sortOrder`, `colspan`, `settings`, `enabled`, `dateCreated`, `dateUpdated`, `uid`) VALUES
 ('1', '1', 'RecentEntries', '1', NULL, NULL, '1', '2017-06-09 17:32:32', '2017-06-09 17:32:32', '8b0a3f84-5450-4821-b47e-2d3c61c03da7'),
 ('2', '1', 'GetHelp', '2', NULL, NULL, '1', '2017-06-09 17:32:32', '2017-06-09 17:32:32', 'cfca1b08-f5f8-4ce6-9803-a28bbfec90ad'),
 ('3', '1', 'Updates', '3', NULL, NULL, '1', '2017-06-09 17:32:32', '2017-06-09 17:32:32', '7756979f-72a1-43bf-a5ab-76dc89752333'),
 ('4', '1', 'Feed', '4', NULL, '{\"url\":\"https:\\/\\/craftcms.com\\/news.rss\",\"title\":\"Craft News\"}', '1', '2017-06-09 17:32:32', '2017-06-09 17:32:32', '65980cf8-b911-454f-beb4-187229ffadb3');


--
-- Constraints for tables
--


--
-- Constraints for table `craft_assetfiles`
--
ALTER TABLE `craft_assetfiles`
	ADD CONSTRAINT `craft_assetfiles_folderId_fk` FOREIGN KEY (`folderId`) REFERENCES `craft_assetfolders` (`id`) ON DELETE CASCADE,
	ADD CONSTRAINT `craft_assetfiles_id_fk` FOREIGN KEY (`id`) REFERENCES `craft_elements` (`id`) ON DELETE CASCADE,
	ADD CONSTRAINT `craft_assetfiles_sourceId_fk` FOREIGN KEY (`sourceId`) REFERENCES `craft_assetsources` (`id`) ON DELETE CASCADE;

--
-- Constraints for table `craft_assetfolders`
--
ALTER TABLE `craft_assetfolders`
	ADD CONSTRAINT `craft_assetfolders_parentId_fk` FOREIGN KEY (`parentId`) REFERENCES `craft_assetfolders` (`id`) ON DELETE CASCADE,
	ADD CONSTRAINT `craft_assetfolders_sourceId_fk` FOREIGN KEY (`sourceId`) REFERENCES `craft_assetsources` (`id`) ON DELETE CASCADE;

--
-- Constraints for table `craft_assetindexdata`
--
ALTER TABLE `craft_assetindexdata`
	ADD CONSTRAINT `craft_assetindexdata_sourceId_fk` FOREIGN KEY (`sourceId`) REFERENCES `craft_assetsources` (`id`) ON DELETE CASCADE;

--
-- Constraints for table `craft_assetsources`
--
ALTER TABLE `craft_assetsources`
	ADD CONSTRAINT `craft_assetsources_fieldLayoutId_fk` FOREIGN KEY (`fieldLayoutId`) REFERENCES `craft_fieldlayouts` (`id`) ON DELETE SET NULL;

--
-- Constraints for table `craft_categories`
--
ALTER TABLE `craft_categories`
	ADD CONSTRAINT `craft_categories_groupId_fk` FOREIGN KEY (`groupId`) REFERENCES `craft_categorygroups` (`id`) ON DELETE CASCADE,
	ADD CONSTRAINT `craft_categories_id_fk` FOREIGN KEY (`id`) REFERENCES `craft_elements` (`id`) ON DELETE CASCADE;

--
-- Constraints for table `craft_categorygroups`
--
ALTER TABLE `craft_categorygroups`
	ADD CONSTRAINT `craft_categorygroups_fieldLayoutId_fk` FOREIGN KEY (`fieldLayoutId`) REFERENCES `craft_fieldlayouts` (`id`) ON DELETE SET NULL,
	ADD CONSTRAINT `craft_categorygroups_structureId_fk` FOREIGN KEY (`structureId`) REFERENCES `craft_structures` (`id`) ON DELETE CASCADE;

--
-- Constraints for table `craft_categorygroups_i18n`
--
ALTER TABLE `craft_categorygroups_i18n`
	ADD CONSTRAINT `craft_categorygroups_i18n_groupId_fk` FOREIGN KEY (`groupId`) REFERENCES `craft_categorygroups` (`id`) ON DELETE CASCADE,
	ADD CONSTRAINT `craft_categorygroups_i18n_locale_fk` FOREIGN KEY (`locale`) REFERENCES `craft_locales` (`locale`) ON DELETE CASCADE ON UPDATE CASCADE;

--
-- Constraints for table `craft_content`
--
ALTER TABLE `craft_content`
	ADD CONSTRAINT `craft_content_elementId_fk` FOREIGN KEY (`elementId`) REFERENCES `craft_elements` (`id`) ON DELETE CASCADE,
	ADD CONSTRAINT `craft_content_locale_fk` FOREIGN KEY (`locale`) REFERENCES `craft_locales` (`locale`) ON DELETE CASCADE ON UPDATE CASCADE;

--
-- Constraints for table `craft_elements_i18n`
--
ALTER TABLE `craft_elements_i18n`
	ADD CONSTRAINT `craft_elements_i18n_elementId_fk` FOREIGN KEY (`elementId`) REFERENCES `craft_elements` (`id`) ON DELETE CASCADE,
	ADD CONSTRAINT `craft_elements_i18n_locale_fk` FOREIGN KEY (`locale`) REFERENCES `craft_locales` (`locale`) ON DELETE CASCADE ON UPDATE CASCADE;

--
-- Constraints for table `craft_emailmessages`
--
ALTER TABLE `craft_emailmessages`
	ADD CONSTRAINT `craft_emailmessages_locale_fk` FOREIGN KEY (`locale`) REFERENCES `craft_locales` (`locale`) ON DELETE CASCADE ON UPDATE CASCADE;

--
-- Constraints for table `craft_entries`
--
ALTER TABLE `craft_entries`
	ADD CONSTRAINT `craft_entries_authorId_fk` FOREIGN KEY (`authorId`) REFERENCES `craft_users` (`id`) ON DELETE CASCADE,
	ADD CONSTRAINT `craft_entries_id_fk` FOREIGN KEY (`id`) REFERENCES `craft_elements` (`id`) ON DELETE CASCADE,
	ADD CONSTRAINT `craft_entries_sectionId_fk` FOREIGN KEY (`sectionId`) REFERENCES `craft_sections` (`id`) ON DELETE CASCADE,
	ADD CONSTRAINT `craft_entries_typeId_fk` FOREIGN KEY (`typeId`) REFERENCES `craft_entrytypes` (`id`) ON DELETE CASCADE;

--
-- Constraints for table `craft_entrydrafts`
--
ALTER TABLE `craft_entrydrafts`
	ADD CONSTRAINT `craft_entrydrafts_creatorId_fk` FOREIGN KEY (`creatorId`) REFERENCES `craft_users` (`id`) ON DELETE CASCADE,
	ADD CONSTRAINT `craft_entrydrafts_entryId_fk` FOREIGN KEY (`entryId`) REFERENCES `craft_entries` (`id`) ON DELETE CASCADE,
	ADD CONSTRAINT `craft_entrydrafts_locale_fk` FOREIGN KEY (`locale`) REFERENCES `craft_locales` (`locale`) ON DELETE CASCADE ON UPDATE CASCADE,
	ADD CONSTRAINT `craft_entrydrafts_sectionId_fk` FOREIGN KEY (`sectionId`) REFERENCES `craft_sections` (`id`) ON DELETE CASCADE;

--
-- Constraints for table `craft_entrytypes`
--
ALTER TABLE `craft_entrytypes`
	ADD CONSTRAINT `craft_entrytypes_fieldLayoutId_fk` FOREIGN KEY (`fieldLayoutId`) REFERENCES `craft_fieldlayouts` (`id`) ON DELETE SET NULL,
	ADD CONSTRAINT `craft_entrytypes_sectionId_fk` FOREIGN KEY (`sectionId`) REFERENCES `craft_sections` (`id`) ON DELETE CASCADE;

--
-- Constraints for table `craft_entryversions`
--
ALTER TABLE `craft_entryversions`
	ADD CONSTRAINT `craft_entryversions_creatorId_fk` FOREIGN KEY (`creatorId`) REFERENCES `craft_users` (`id`) ON DELETE SET NULL,
	ADD CONSTRAINT `craft_entryversions_entryId_fk` FOREIGN KEY (`entryId`) REFERENCES `craft_entries` (`id`) ON DELETE CASCADE,
	ADD CONSTRAINT `craft_entryversions_locale_fk` FOREIGN KEY (`locale`) REFERENCES `craft_locales` (`locale`) ON DELETE CASCADE ON UPDATE CASCADE,
	ADD CONSTRAINT `craft_entryversions_sectionId_fk` FOREIGN KEY (`sectionId`) REFERENCES `craft_sections` (`id`) ON DELETE CASCADE;

--
-- Constraints for table `craft_fieldlayoutfields`
--
ALTER TABLE `craft_fieldlayoutfields`
	ADD CONSTRAINT `craft_fieldlayoutfields_fieldId_fk` FOREIGN KEY (`fieldId`) REFERENCES `craft_fields` (`id`) ON DELETE CASCADE,
	ADD CONSTRAINT `craft_fieldlayoutfields_layoutId_fk` FOREIGN KEY (`layoutId`) REFERENCES `craft_fieldlayouts` (`id`) ON DELETE CASCADE,
	ADD CONSTRAINT `craft_fieldlayoutfields_tabId_fk` FOREIGN KEY (`tabId`) REFERENCES `craft_fieldlayouttabs` (`id`) ON DELETE CASCADE;

--
-- Constraints for table `craft_fieldlayouttabs`
--
ALTER TABLE `craft_fieldlayouttabs`
	ADD CONSTRAINT `craft_fieldlayouttabs_layoutId_fk` FOREIGN KEY (`layoutId`) REFERENCES `craft_fieldlayouts` (`id`) ON DELETE CASCADE;

--
-- Constraints for table `craft_fields`
--
ALTER TABLE `craft_fields`
	ADD CONSTRAINT `craft_fields_groupId_fk` FOREIGN KEY (`groupId`) REFERENCES `craft_fieldgroups` (`id`) ON DELETE CASCADE;

--
-- Constraints for table `craft_freeform_crm_fields`
--
ALTER TABLE `craft_freeform_crm_fields`
	ADD CONSTRAINT `craft_freeform_crm_fields_integrationId_fk` FOREIGN KEY (`integrationId`) REFERENCES `craft_freeform_integrations` (`id`) ON DELETE CASCADE;

--
-- Constraints for table `craft_freeform_fields`
--
ALTER TABLE `craft_freeform_fields`
	ADD CONSTRAINT `craft_freeform_fields_assetSourceId_fk` FOREIGN KEY (`assetSourceId`) REFERENCES `craft_assetsources` (`id`) ON DELETE SET NULL,
	ADD CONSTRAINT `craft_freeform_fields_notificationId_fk` FOREIGN KEY (`notificationId`) REFERENCES `craft_freeform_notifications` (`id`) ON DELETE SET NULL;

--
-- Constraints for table `craft_freeform_mailing_list_fields`
--
ALTER TABLE `craft_freeform_mailing_list_fields`
	ADD CONSTRAINT `craft_freeform_mailing_list_fields_mailingListId_fk` FOREIGN KEY (`mailingListId`) REFERENCES `craft_freeform_mailing_lists` (`id`) ON DELETE CASCADE;

--
-- Constraints for table `craft_freeform_mailing_lists`
--
ALTER TABLE `craft_freeform_mailing_lists`
	ADD CONSTRAINT `craft_freeform_mailing_lists_integrationId_fk` FOREIGN KEY (`integrationId`) REFERENCES `craft_freeform_integrations` (`id`) ON DELETE CASCADE;

--
-- Constraints for table `craft_freeform_submissions`
--
ALTER TABLE `craft_freeform_submissions`
	ADD CONSTRAINT `craft_freeform_submissions_formId_fk` FOREIGN KEY (`formId`) REFERENCES `craft_freeform_forms` (`id`) ON DELETE CASCADE,
	ADD CONSTRAINT `craft_freeform_submissions_id_fk` FOREIGN KEY (`id`) REFERENCES `craft_elements` (`id`) ON DELETE CASCADE,
	ADD CONSTRAINT `craft_freeform_submissions_statusId_fk` FOREIGN KEY (`statusId`) REFERENCES `craft_freeform_statuses` (`id`) ON DELETE SET NULL;

--
-- Constraints for table `craft_freeform_unfinalized_files`
--
ALTER TABLE `craft_freeform_unfinalized_files`
	ADD CONSTRAINT `craft_freeform_unfinalized_files_assetId_fk` FOREIGN KEY (`assetId`) REFERENCES `craft_assetfiles` (`id`) ON DELETE CASCADE;

--
-- Constraints for table `craft_globalsets`
--
ALTER TABLE `craft_globalsets`
	ADD CONSTRAINT `craft_globalsets_fieldLayoutId_fk` FOREIGN KEY (`fieldLayoutId`) REFERENCES `craft_fieldlayouts` (`id`) ON DELETE SET NULL,
	ADD CONSTRAINT `craft_globalsets_id_fk` FOREIGN KEY (`id`) REFERENCES `craft_elements` (`id`) ON DELETE CASCADE;

--
-- Constraints for table `craft_matrixblocks`
--
ALTER TABLE `craft_matrixblocks`
	ADD CONSTRAINT `craft_matrixblocks_fieldId_fk` FOREIGN KEY (`fieldId`) REFERENCES `craft_fields` (`id`) ON DELETE CASCADE,
	ADD CONSTRAINT `craft_matrixblocks_id_fk` FOREIGN KEY (`id`) REFERENCES `craft_elements` (`id`) ON DELETE CASCADE,
	ADD CONSTRAINT `craft_matrixblocks_ownerId_fk` FOREIGN KEY (`ownerId`) REFERENCES `craft_elements` (`id`) ON DELETE CASCADE,
	ADD CONSTRAINT `craft_matrixblocks_ownerLocale_fk` FOREIGN KEY (`ownerLocale`) REFERENCES `craft_locales` (`locale`) ON DELETE CASCADE ON UPDATE CASCADE,
	ADD CONSTRAINT `craft_matrixblocks_typeId_fk` FOREIGN KEY (`typeId`) REFERENCES `craft_matrixblocktypes` (`id`) ON DELETE CASCADE;

--
-- Constraints for table `craft_matrixblocktypes`
--
ALTER TABLE `craft_matrixblocktypes`
	ADD CONSTRAINT `craft_matrixblocktypes_fieldId_fk` FOREIGN KEY (`fieldId`) REFERENCES `craft_fields` (`id`) ON DELETE CASCADE,
	ADD CONSTRAINT `craft_matrixblocktypes_fieldLayoutId_fk` FOREIGN KEY (`fieldLayoutId`) REFERENCES `craft_fieldlayouts` (`id`) ON DELETE SET NULL;

--
-- Constraints for table `craft_matrixcontent_components`
--
ALTER TABLE `craft_matrixcontent_components`
	ADD CONSTRAINT `craft_matrixcontent_components_elementId_fk` FOREIGN KEY (`elementId`) REFERENCES `craft_elements` (`id`) ON DELETE CASCADE,
	ADD CONSTRAINT `craft_matrixcontent_components_locale_fk` FOREIGN KEY (`locale`) REFERENCES `craft_locales` (`locale`) ON DELETE CASCADE ON UPDATE CASCADE;

--
-- Constraints for table `craft_matrixcontent_featuredimage`
--
ALTER TABLE `craft_matrixcontent_featuredimage`
	ADD CONSTRAINT `craft_matrixcontent_featuredimage_elementId_fk` FOREIGN KEY (`elementId`) REFERENCES `craft_elements` (`id`) ON DELETE CASCADE,
	ADD CONSTRAINT `craft_matrixcontent_featuredimage_locale_fk` FOREIGN KEY (`locale`) REFERENCES `craft_locales` (`locale`) ON DELETE CASCADE ON UPDATE CASCADE;

--
-- Constraints for table `craft_matrixcontent_roles`
--
ALTER TABLE `craft_matrixcontent_roles`
	ADD CONSTRAINT `craft_matrixcontent_roles_elementId_fk` FOREIGN KEY (`elementId`) REFERENCES `craft_elements` (`id`) ON DELETE CASCADE,
	ADD CONSTRAINT `craft_matrixcontent_roles_locale_fk` FOREIGN KEY (`locale`) REFERENCES `craft_locales` (`locale`) ON DELETE CASCADE ON UPDATE CASCADE;

--
-- Constraints for table `craft_matrixcontent_sociallinks`
--
ALTER TABLE `craft_matrixcontent_sociallinks`
	ADD CONSTRAINT `craft_matrixcontent_sociallinks_elementId_fk` FOREIGN KEY (`elementId`) REFERENCES `craft_elements` (`id`) ON DELETE CASCADE,
	ADD CONSTRAINT `craft_matrixcontent_sociallinks_locale_fk` FOREIGN KEY (`locale`) REFERENCES `craft_locales` (`locale`) ON DELETE CASCADE ON UPDATE CASCADE;

--
-- Constraints for table `craft_matrixcontent_value`
--
ALTER TABLE `craft_matrixcontent_value`
	ADD CONSTRAINT `craft_matrixcontent_value_elementId_fk` FOREIGN KEY (`elementId`) REFERENCES `craft_elements` (`id`) ON DELETE CASCADE,
	ADD CONSTRAINT `craft_matrixcontent_value_locale_fk` FOREIGN KEY (`locale`) REFERENCES `craft_locales` (`locale`) ON DELETE CASCADE ON UPDATE CASCADE;

--
-- Constraints for table `craft_migrations`
--
ALTER TABLE `craft_migrations`
	ADD CONSTRAINT `craft_migrations_pluginId_fk` FOREIGN KEY (`pluginId`) REFERENCES `craft_plugins` (`id`) ON DELETE CASCADE;

--
-- Constraints for table `craft_navee_navigations`
--
ALTER TABLE `craft_navee_navigations`
	ADD CONSTRAINT `craft_navee_navigations_creatorId_fk` FOREIGN KEY (`creatorId`) REFERENCES `craft_users` (`id`) ON DELETE SET NULL,
	ADD CONSTRAINT `craft_navee_navigations_fieldLayoutId_fk` FOREIGN KEY (`fieldLayoutId`) REFERENCES `craft_fieldlayouts` (`id`) ON DELETE SET NULL;

--
-- Constraints for table `craft_navee_nodes`
--
ALTER TABLE `craft_navee_nodes`
	ADD CONSTRAINT `craft_navee_nodes_id_fk` FOREIGN KEY (`id`) REFERENCES `craft_elements` (`id`) ON DELETE CASCADE,
	ADD CONSTRAINT `craft_navee_nodes_navigationId_fk` FOREIGN KEY (`navigationId`) REFERENCES `craft_navee_navigations` (`id`) ON DELETE CASCADE;

--
-- Constraints for table `craft_relations`
--
ALTER TABLE `craft_relations`
	ADD CONSTRAINT `craft_relations_fieldId_fk` FOREIGN KEY (`fieldId`) REFERENCES `craft_fields` (`id`) ON DELETE CASCADE,
	ADD CONSTRAINT `craft_relations_sourceId_fk` FOREIGN KEY (`sourceId`) REFERENCES `craft_elements` (`id`) ON DELETE CASCADE,
	ADD CONSTRAINT `craft_relations_sourceLocale_fk` FOREIGN KEY (`sourceLocale`) REFERENCES `craft_locales` (`locale`) ON DELETE CASCADE ON UPDATE CASCADE,
	ADD CONSTRAINT `craft_relations_targetId_fk` FOREIGN KEY (`targetId`) REFERENCES `craft_elements` (`id`) ON DELETE CASCADE;

--
-- Constraints for table `craft_routes`
--
ALTER TABLE `craft_routes`
	ADD CONSTRAINT `craft_routes_locale_fk` FOREIGN KEY (`locale`) REFERENCES `craft_locales` (`locale`) ON DELETE CASCADE ON UPDATE CASCADE;

--
-- Constraints for table `craft_sections`
--
ALTER TABLE `craft_sections`
	ADD CONSTRAINT `craft_sections_structureId_fk` FOREIGN KEY (`structureId`) REFERENCES `craft_structures` (`id`) ON DELETE SET NULL;

--
-- Constraints for table `craft_sections_i18n`
--
ALTER TABLE `craft_sections_i18n`
	ADD CONSTRAINT `craft_sections_i18n_locale_fk` FOREIGN KEY (`locale`) REFERENCES `craft_locales` (`locale`) ON DELETE CASCADE ON UPDATE CASCADE,
	ADD CONSTRAINT `craft_sections_i18n_sectionId_fk` FOREIGN KEY (`sectionId`) REFERENCES `craft_sections` (`id`) ON DELETE CASCADE;

--
-- Constraints for table `craft_seomatic_meta`
--
ALTER TABLE `craft_seomatic_meta`
	ADD CONSTRAINT `craft_seomatic_meta_id_fk` FOREIGN KEY (`id`) REFERENCES `craft_elements` (`id`) ON DELETE CASCADE,
	ADD CONSTRAINT `craft_seomatic_meta_seoFacebookImageId_fk` FOREIGN KEY (`seoFacebookImageId`) REFERENCES `craft_assetfiles` (`id`) ON DELETE SET NULL,
	ADD CONSTRAINT `craft_seomatic_meta_seoImageId_fk` FOREIGN KEY (`seoImageId`) REFERENCES `craft_assetfiles` (`id`) ON DELETE SET NULL,
	ADD CONSTRAINT `craft_seomatic_meta_seoTwitterImageId_fk` FOREIGN KEY (`seoTwitterImageId`) REFERENCES `craft_assetfiles` (`id`) ON DELETE SET NULL;

--
-- Constraints for table `craft_seomatic_settings`
--
ALTER TABLE `craft_seomatic_settings`
	ADD CONSTRAINT `craft_seomatic_settings_genericCreatorImageId_fk` FOREIGN KEY (`genericCreatorImageId`) REFERENCES `craft_assetfiles` (`id`) ON DELETE SET NULL,
	ADD CONSTRAINT `craft_seomatic_settings_genericOwnerImageId_fk` FOREIGN KEY (`genericOwnerImageId`) REFERENCES `craft_assetfiles` (`id`) ON DELETE SET NULL,
	ADD CONSTRAINT `craft_seomatic_settings_siteSeoFacebookImageId_fk` FOREIGN KEY (`siteSeoFacebookImageId`) REFERENCES `craft_assetfiles` (`id`) ON DELETE SET NULL,
	ADD CONSTRAINT `craft_seomatic_settings_siteSeoImageId_fk` FOREIGN KEY (`siteSeoImageId`) REFERENCES `craft_assetfiles` (`id`) ON DELETE SET NULL,
	ADD CONSTRAINT `craft_seomatic_settings_siteSeoTwitterImageId_fk` FOREIGN KEY (`siteSeoTwitterImageId`) REFERENCES `craft_assetfiles` (`id`) ON DELETE SET NULL;

--
-- Constraints for table `craft_sessions`
--
ALTER TABLE `craft_sessions`
	ADD CONSTRAINT `craft_sessions_userId_fk` FOREIGN KEY (`userId`) REFERENCES `craft_users` (`id`) ON DELETE CASCADE;

--
-- Constraints for table `craft_shunnedmessages`
--
ALTER TABLE `craft_shunnedmessages`
	ADD CONSTRAINT `craft_shunnedmessages_userId_fk` FOREIGN KEY (`userId`) REFERENCES `craft_users` (`id`) ON DELETE CASCADE;

--
-- Constraints for table `craft_structureelements`
--
ALTER TABLE `craft_structureelements`
	ADD CONSTRAINT `craft_structureelements_elementId_fk` FOREIGN KEY (`elementId`) REFERENCES `craft_elements` (`id`) ON DELETE CASCADE,
	ADD CONSTRAINT `craft_structureelements_structureId_fk` FOREIGN KEY (`structureId`) REFERENCES `craft_structures` (`id`) ON DELETE CASCADE;

--
-- Constraints for table `craft_supertableblocks`
--
ALTER TABLE `craft_supertableblocks`
	ADD CONSTRAINT `craft_supertableblocks_fieldId_fk` FOREIGN KEY (`fieldId`) REFERENCES `craft_fields` (`id`) ON DELETE CASCADE,
	ADD CONSTRAINT `craft_supertableblocks_id_fk` FOREIGN KEY (`id`) REFERENCES `craft_elements` (`id`) ON DELETE CASCADE,
	ADD CONSTRAINT `craft_supertableblocks_ownerId_fk` FOREIGN KEY (`ownerId`) REFERENCES `craft_elements` (`id`) ON DELETE CASCADE,
	ADD CONSTRAINT `craft_supertableblocks_ownerLocale_fk` FOREIGN KEY (`ownerLocale`) REFERENCES `craft_locales` (`locale`) ON DELETE CASCADE ON UPDATE CASCADE,
	ADD CONSTRAINT `craft_supertableblocks_typeId_fk` FOREIGN KEY (`typeId`) REFERENCES `craft_supertableblocktypes` (`id`) ON DELETE CASCADE;

--
-- Constraints for table `craft_supertableblocktypes`
--
ALTER TABLE `craft_supertableblocktypes`
	ADD CONSTRAINT `craft_supertableblocktypes_fieldId_fk` FOREIGN KEY (`fieldId`) REFERENCES `craft_fields` (`id`) ON DELETE CASCADE,
	ADD CONSTRAINT `craft_supertableblocktypes_fieldLayoutId_fk` FOREIGN KEY (`fieldLayoutId`) REFERENCES `craft_fieldlayouts` (`id`) ON DELETE SET NULL;

--
-- Constraints for table `craft_supertablecontent_11_people`
--
ALTER TABLE `craft_supertablecontent_11_people`
	ADD CONSTRAINT `craft_supertablecontent_11_people_elementId_fk` FOREIGN KEY (`elementId`) REFERENCES `craft_elements` (`id`) ON DELETE CASCADE,
	ADD CONSTRAINT `craft_supertablecontent_11_people_locale_fk` FOREIGN KEY (`locale`) REFERENCES `craft_locales` (`locale`) ON DELETE CASCADE ON UPDATE CASCADE;

--
-- Constraints for table `craft_supertablecontent_12_list`
--
ALTER TABLE `craft_supertablecontent_12_list`
	ADD CONSTRAINT `craft_supertablecontent_12_list_elementId_fk` FOREIGN KEY (`elementId`) REFERENCES `craft_elements` (`id`) ON DELETE CASCADE,
	ADD CONSTRAINT `craft_supertablecontent_12_list_locale_fk` FOREIGN KEY (`locale`) REFERENCES `craft_locales` (`locale`) ON DELETE CASCADE ON UPDATE CASCADE;

--
-- Constraints for table `craft_supertablecontent_14_list`
--
ALTER TABLE `craft_supertablecontent_14_list`
	ADD CONSTRAINT `craft_supertablecontent_14_list_elementId_fk` FOREIGN KEY (`elementId`) REFERENCES `craft_elements` (`id`) ON DELETE CASCADE,
	ADD CONSTRAINT `craft_supertablecontent_14_list_locale_fk` FOREIGN KEY (`locale`) REFERENCES `craft_locales` (`locale`) ON DELETE CASCADE ON UPDATE CASCADE;

--
-- Constraints for table `craft_supertablecontent_15_list`
--
ALTER TABLE `craft_supertablecontent_15_list`
	ADD CONSTRAINT `craft_supertablecontent_15_list_elementId_fk` FOREIGN KEY (`elementId`) REFERENCES `craft_elements` (`id`) ON DELETE CASCADE,
	ADD CONSTRAINT `craft_supertablecontent_15_list_locale_fk` FOREIGN KEY (`locale`) REFERENCES `craft_locales` (`locale`) ON DELETE CASCADE ON UPDATE CASCADE;

--
-- Constraints for table `craft_supertablecontent_17_resources`
--
ALTER TABLE `craft_supertablecontent_17_resources`
	ADD CONSTRAINT `craft_supertablecontent_17_resources_elementId_fk` FOREIGN KEY (`elementId`) REFERENCES `craft_elements` (`id`) ON DELETE CASCADE,
	ADD CONSTRAINT `craft_supertablecontent_17_resources_locale_fk` FOREIGN KEY (`locale`) REFERENCES `craft_locales` (`locale`) ON DELETE CASCADE ON UPDATE CASCADE;

--
-- Constraints for table `craft_supertablecontent_18_highlights`
--
ALTER TABLE `craft_supertablecontent_18_highlights`
	ADD CONSTRAINT `craft_supertablecontent_18_highlights_elementId_fk` FOREIGN KEY (`elementId`) REFERENCES `craft_elements` (`id`) ON DELETE CASCADE,
	ADD CONSTRAINT `craft_supertablecontent_18_highlights_locale_fk` FOREIGN KEY (`locale`) REFERENCES `craft_locales` (`locale`) ON DELETE CASCADE ON UPDATE CASCADE;

--
-- Constraints for table `craft_supertablecontent_19_clients`
--
ALTER TABLE `craft_supertablecontent_19_clients`
	ADD CONSTRAINT `craft_supertablecontent_19_clients_elementId_fk` FOREIGN KEY (`elementId`) REFERENCES `craft_elements` (`id`) ON DELETE CASCADE,
	ADD CONSTRAINT `craft_supertablecontent_19_clients_locale_fk` FOREIGN KEY (`locale`) REFERENCES `craft_locales` (`locale`) ON DELETE CASCADE ON UPDATE CASCADE;

--
-- Constraints for table `craft_supertablecontent_1_image`
--
ALTER TABLE `craft_supertablecontent_1_image`
	ADD CONSTRAINT `craft_supertablecontent_1_image_elementId_fk` FOREIGN KEY (`elementId`) REFERENCES `craft_elements` (`id`) ON DELETE CASCADE,
	ADD CONSTRAINT `craft_supertablecontent_1_image_locale_fk` FOREIGN KEY (`locale`) REFERENCES `craft_locales` (`locale`) ON DELETE CASCADE ON UPDATE CASCADE;

--
-- Constraints for table `craft_supertablecontent_20_list`
--
ALTER TABLE `craft_supertablecontent_20_list`
	ADD CONSTRAINT `craft_supertablecontent_20_list_elementId_fk` FOREIGN KEY (`elementId`) REFERENCES `craft_elements` (`id`) ON DELETE CASCADE,
	ADD CONSTRAINT `craft_supertablecontent_20_list_locale_fk` FOREIGN KEY (`locale`) REFERENCES `craft_locales` (`locale`) ON DELETE CASCADE ON UPDATE CASCADE;

--
-- Constraints for table `craft_supertablecontent_20_logos`
--
ALTER TABLE `craft_supertablecontent_20_logos`
	ADD CONSTRAINT `craft_supertablecontent_20_logos_elementId_fk` FOREIGN KEY (`elementId`) REFERENCES `craft_elements` (`id`) ON DELETE CASCADE,
	ADD CONSTRAINT `craft_supertablecontent_20_logos_locale_fk` FOREIGN KEY (`locale`) REFERENCES `craft_locales` (`locale`) ON DELETE CASCADE ON UPDATE CASCADE;

--
-- Constraints for table `craft_supertablecontent_22_values`
--
ALTER TABLE `craft_supertablecontent_22_values`
	ADD CONSTRAINT `craft_supertablecontent_22_values_elementId_fk` FOREIGN KEY (`elementId`) REFERENCES `craft_elements` (`id`) ON DELETE CASCADE,
	ADD CONSTRAINT `craft_supertablecontent_22_values_locale_fk` FOREIGN KEY (`locale`) REFERENCES `craft_locales` (`locale`) ON DELETE CASCADE ON UPDATE CASCADE;

--
-- Constraints for table `craft_supertablecontent_23_benefit`
--
ALTER TABLE `craft_supertablecontent_23_benefit`
	ADD CONSTRAINT `craft_supertablecontent_23_benefit_elementId_fk` FOREIGN KEY (`elementId`) REFERENCES `craft_elements` (`id`) ON DELETE CASCADE,
	ADD CONSTRAINT `craft_supertablecontent_23_benefit_locale_fk` FOREIGN KEY (`locale`) REFERENCES `craft_locales` (`locale`) ON DELETE CASCADE ON UPDATE CASCADE;

--
-- Constraints for table `craft_supertablecontent_27_listing`
--
ALTER TABLE `craft_supertablecontent_27_listing`
	ADD CONSTRAINT `craft_supertablecontent_27_listing_elementId_fk` FOREIGN KEY (`elementId`) REFERENCES `craft_elements` (`id`) ON DELETE CASCADE,
	ADD CONSTRAINT `craft_supertablecontent_27_listing_locale_fk` FOREIGN KEY (`locale`) REFERENCES `craft_locales` (`locale`) ON DELETE CASCADE ON UPDATE CASCADE;

--
-- Constraints for table `craft_supertablecontent_2_gallery`
--
ALTER TABLE `craft_supertablecontent_2_gallery`
	ADD CONSTRAINT `craft_supertablecontent_2_gallery_elementId_fk` FOREIGN KEY (`elementId`) REFERENCES `craft_elements` (`id`) ON DELETE CASCADE,
	ADD CONSTRAINT `craft_supertablecontent_2_gallery_locale_fk` FOREIGN KEY (`locale`) REFERENCES `craft_locales` (`locale`) ON DELETE CASCADE ON UPDATE CASCADE;

--
-- Constraints for table `craft_supertablecontent_31_image`
--
ALTER TABLE `craft_supertablecontent_31_image`
	ADD CONSTRAINT `craft_supertablecontent_31_image_elementId_fk` FOREIGN KEY (`elementId`) REFERENCES `craft_elements` (`id`) ON DELETE CASCADE,
	ADD CONSTRAINT `craft_supertablecontent_31_image_locale_fk` FOREIGN KEY (`locale`) REFERENCES `craft_locales` (`locale`) ON DELETE CASCADE ON UPDATE CASCADE;

--
-- Constraints for table `craft_supertablecontent_3_projectcard`
--
ALTER TABLE `craft_supertablecontent_3_projectcard`
	ADD CONSTRAINT `craft_supertablecontent_3_projectcard_elementId_fk` FOREIGN KEY (`elementId`) REFERENCES `craft_elements` (`id`) ON DELETE CASCADE,
	ADD CONSTRAINT `craft_supertablecontent_3_projectcard_locale_fk` FOREIGN KEY (`locale`) REFERENCES `craft_locales` (`locale`) ON DELETE CASCADE ON UPDATE CASCADE;

--
-- Constraints for table `craft_supertablecontent_6_footer`
--
ALTER TABLE `craft_supertablecontent_6_footer`
	ADD CONSTRAINT `craft_supertablecontent_6_footer_elementId_fk` FOREIGN KEY (`elementId`) REFERENCES `craft_elements` (`id`) ON DELETE CASCADE,
	ADD CONSTRAINT `craft_supertablecontent_6_footer_locale_fk` FOREIGN KEY (`locale`) REFERENCES `craft_locales` (`locale`) ON DELETE CASCADE ON UPDATE CASCADE;

--
-- Constraints for table `craft_supertablecontent_6_internshipcard`
--
ALTER TABLE `craft_supertablecontent_6_internshipcard`
	ADD CONSTRAINT `craft_supertablecontent_6_internshipcard_elementId_fk` FOREIGN KEY (`elementId`) REFERENCES `craft_elements` (`id`) ON DELETE CASCADE,
	ADD CONSTRAINT `craft_supertablecontent_6_internshipcard_locale_fk` FOREIGN KEY (`locale`) REFERENCES `craft_locales` (`locale`) ON DELETE CASCADE ON UPDATE CASCADE;

--
-- Constraints for table `craft_supertablecontent_communityinvolvement`
--
ALTER TABLE `craft_supertablecontent_communityinvolvement`
	ADD CONSTRAINT `craft_supertablecontent_communityinvolvement_elementId_fk` FOREIGN KEY (`elementId`) REFERENCES `craft_elements` (`id`) ON DELETE CASCADE,
	ADD CONSTRAINT `craft_supertablecontent_communityinvolvement_locale_fk` FOREIGN KEY (`locale`) REFERENCES `craft_locales` (`locale`) ON DELETE CASCADE ON UPDATE CASCADE;

--
-- Constraints for table `craft_supertablecontent_sociallinks`
--
ALTER TABLE `craft_supertablecontent_sociallinks`
	ADD CONSTRAINT `craft_supertablecontent_sociallinks_elementId_fk` FOREIGN KEY (`elementId`) REFERENCES `craft_elements` (`id`) ON DELETE CASCADE,
	ADD CONSTRAINT `craft_supertablecontent_sociallinks_locale_fk` FOREIGN KEY (`locale`) REFERENCES `craft_locales` (`locale`) ON DELETE CASCADE ON UPDATE CASCADE;

--
-- Constraints for table `craft_taggroups`
--
ALTER TABLE `craft_taggroups`
	ADD CONSTRAINT `craft_taggroups_fieldLayoutId_fk` FOREIGN KEY (`fieldLayoutId`) REFERENCES `craft_fieldlayouts` (`id`) ON DELETE SET NULL;

--
-- Constraints for table `craft_tags`
--
ALTER TABLE `craft_tags`
	ADD CONSTRAINT `craft_tags_groupId_fk` FOREIGN KEY (`groupId`) REFERENCES `craft_taggroups` (`id`) ON DELETE CASCADE,
	ADD CONSTRAINT `craft_tags_id_fk` FOREIGN KEY (`id`) REFERENCES `craft_elements` (`id`) ON DELETE CASCADE;

--
-- Constraints for table `craft_templatecachecriteria`
--
ALTER TABLE `craft_templatecachecriteria`
	ADD CONSTRAINT `craft_templatecachecriteria_cacheId_fk` FOREIGN KEY (`cacheId`) REFERENCES `craft_templatecaches` (`id`) ON DELETE CASCADE;

--
-- Constraints for table `craft_templatecacheelements`
--
ALTER TABLE `craft_templatecacheelements`
	ADD CONSTRAINT `craft_templatecacheelements_cacheId_fk` FOREIGN KEY (`cacheId`) REFERENCES `craft_templatecaches` (`id`) ON DELETE CASCADE,
	ADD CONSTRAINT `craft_templatecacheelements_elementId_fk` FOREIGN KEY (`elementId`) REFERENCES `craft_elements` (`id`) ON DELETE CASCADE;

--
-- Constraints for table `craft_templatecaches`
--
ALTER TABLE `craft_templatecaches`
	ADD CONSTRAINT `craft_templatecaches_locale_fk` FOREIGN KEY (`locale`) REFERENCES `craft_locales` (`locale`) ON DELETE CASCADE ON UPDATE CASCADE;

--
-- Constraints for table `craft_usergroups_users`
--
ALTER TABLE `craft_usergroups_users`
	ADD CONSTRAINT `craft_usergroups_users_groupId_fk` FOREIGN KEY (`groupId`) REFERENCES `craft_usergroups` (`id`) ON DELETE CASCADE,
	ADD CONSTRAINT `craft_usergroups_users_userId_fk` FOREIGN KEY (`userId`) REFERENCES `craft_users` (`id`) ON DELETE CASCADE;

--
-- Constraints for table `craft_userpermissions_usergroups`
--
ALTER TABLE `craft_userpermissions_usergroups`
	ADD CONSTRAINT `craft_userpermissions_usergroups_groupId_fk` FOREIGN KEY (`groupId`) REFERENCES `craft_usergroups` (`id`) ON DELETE CASCADE,
	ADD CONSTRAINT `craft_userpermissions_usergroups_permissionId_fk` FOREIGN KEY (`permissionId`) REFERENCES `craft_userpermissions` (`id`) ON DELETE CASCADE;

--
-- Constraints for table `craft_userpermissions_users`
--
ALTER TABLE `craft_userpermissions_users`
	ADD CONSTRAINT `craft_userpermissions_users_permissionId_fk` FOREIGN KEY (`permissionId`) REFERENCES `craft_userpermissions` (`id`) ON DELETE CASCADE,
	ADD CONSTRAINT `craft_userpermissions_users_userId_fk` FOREIGN KEY (`userId`) REFERENCES `craft_users` (`id`) ON DELETE CASCADE;

--
-- Constraints for table `craft_users`
--
ALTER TABLE `craft_users`
	ADD CONSTRAINT `craft_users_id_fk` FOREIGN KEY (`id`) REFERENCES `craft_elements` (`id`) ON DELETE CASCADE,
	ADD CONSTRAINT `craft_users_preferredLocale_fk` FOREIGN KEY (`preferredLocale`) REFERENCES `craft_locales` (`locale`) ON DELETE SET NULL ON UPDATE CASCADE;

--
-- Constraints for table `craft_widgets`
--
ALTER TABLE `craft_widgets`
	ADD CONSTRAINT `craft_widgets_userId_fk` FOREIGN KEY (`userId`) REFERENCES `craft_users` (`id`) ON DELETE CASCADE;

SET FOREIGN_KEY_CHECKS = 1;
