-- Generated by Craft v2.6.2983 on Jun 16, 2017, 2:00:07 AM.

--
-- Disable foreign key checks and autocommit.
--

SET FOREIGN_KEY_CHECKS = 0;
SET SQL_MODE = "NO_AUTO_VALUE_ON_ZERO";
SET AUTOCOMMIT = 0;
SET NAMES utf8;


DROP TABLE IF EXISTS `craft_assetfiles`;


--
-- Schema for table `craft_assetfiles`
--
CREATE TABLE `craft_assetfiles` (
  `id` int(11) NOT NULL,
  `sourceId` int(11) DEFAULT NULL,
  `folderId` int(11) NOT NULL,
  `filename` varchar(255) COLLATE utf8_unicode_ci NOT NULL,
  `kind` varchar(50) COLLATE utf8_unicode_ci NOT NULL DEFAULT 'unknown',
  `width` int(11) unsigned DEFAULT NULL,
  `height` int(11) unsigned DEFAULT NULL,
  `size` bigint(20) unsigned DEFAULT NULL,
  `dateModified` datetime DEFAULT NULL,
  `dateCreated` datetime NOT NULL,
  `dateUpdated` datetime NOT NULL,
  `uid` char(36) COLLATE utf8_unicode_ci NOT NULL DEFAULT '0',
  PRIMARY KEY (`id`),
  UNIQUE KEY `craft_assetfiles_filename_folderId_unq_idx` (`filename`,`folderId`),
  KEY `craft_assetfiles_sourceId_fk` (`sourceId`),
  KEY `craft_assetfiles_folderId_fk` (`folderId`)
) ENGINE=InnoDB DEFAULT CHARSET=utf8 COLLATE=utf8_unicode_ci;

--
-- Data for table `craft_assetfiles`
--

INSERT INTO `craft_assetfiles` (`id`, `sourceId`, `folderId`, `filename`, `kind`, `width`, `height`, `size`, `dateModified`, `dateCreated`, `dateUpdated`, `uid`) VALUES
 ('29', '1', '1', 'cbiapage.png', 'image', '1142', '3960', '710677', '2017-06-12 20:16:24', '2017-06-12 20:16:25', '2017-06-12 20:16:25', 'a2dc8998-8f56-442b-8ecd-3265c41f7145');



DROP TABLE IF EXISTS `craft_assetfolders`;


--
-- Schema for table `craft_assetfolders`
--
CREATE TABLE `craft_assetfolders` (
  `id` int(11) NOT NULL AUTO_INCREMENT,
  `parentId` int(11) DEFAULT NULL,
  `sourceId` int(11) DEFAULT NULL,
  `name` varchar(255) COLLATE utf8_unicode_ci NOT NULL,
  `path` varchar(255) COLLATE utf8_unicode_ci DEFAULT NULL,
  `dateCreated` datetime NOT NULL,
  `dateUpdated` datetime NOT NULL,
  `uid` char(36) COLLATE utf8_unicode_ci NOT NULL DEFAULT '0',
  PRIMARY KEY (`id`),
  UNIQUE KEY `craft_assetfolders_name_parentId_sourceId_unq_idx` (`name`,`parentId`,`sourceId`),
  KEY `craft_assetfolders_parentId_fk` (`parentId`),
  KEY `craft_assetfolders_sourceId_fk` (`sourceId`)
) ENGINE=InnoDB AUTO_INCREMENT=7 DEFAULT CHARSET=utf8 COLLATE=utf8_unicode_ci;

--
-- Data for table `craft_assetfolders`
--

INSERT INTO `craft_assetfolders` (`id`, `parentId`, `sourceId`, `name`, `path`, `dateCreated`, `dateUpdated`, `uid`) VALUES
 ('1', NULL, '1', 'Video Gallery', '', '2017-06-12 20:00:29', '2017-06-12 20:01:04', '7ea37e55-3820-4f1f-b831-1fd06f0d8d62'),
 ('2', NULL, '2', 'Mastheads', '', '2017-06-12 20:03:34', '2017-06-12 20:03:34', 'e90f19ea-7242-4522-9d50-ed204ff03551'),
 ('3', NULL, '3', 'Miscellaneous', '', '2017-06-15 18:31:22', '2017-06-15 18:31:22', '1da129e6-568a-42f5-9177-ddb278d3f65f'),
 ('4', NULL, '4', 'Resources', '', '2017-06-15 18:58:34', '2017-06-15 18:58:34', '402c32cd-27cc-4ed2-97a3-c03ba70f0f3f'),
 ('5', NULL, '5', 'Client Logos', '', '2017-06-15 19:25:13', '2017-06-15 19:25:13', 'fc16d2a2-9921-4d35-9cf6-5d39ccba9a8b'),
 ('6', NULL, '6', 'Resumes', '', '2017-06-15 20:22:14', '2017-06-15 20:22:14', 'cca1db4c-eca1-458b-b9a8-5e043cf7ca17');



DROP TABLE IF EXISTS `craft_assetindexdata`;


--
-- Schema for table `craft_assetindexdata`
--
CREATE TABLE `craft_assetindexdata` (
  `id` int(11) NOT NULL AUTO_INCREMENT,
  `sessionId` varchar(36) COLLATE utf8_unicode_ci NOT NULL DEFAULT '',
  `sourceId` int(10) NOT NULL,
  `offset` int(10) NOT NULL,
  `uri` varchar(255) COLLATE utf8_unicode_ci DEFAULT NULL,
  `size` varchar(255) COLLATE utf8_unicode_ci DEFAULT NULL,
  `recordId` int(10) DEFAULT NULL,
  `dateCreated` datetime NOT NULL,
  `dateUpdated` datetime NOT NULL,
  `uid` char(36) COLLATE utf8_unicode_ci NOT NULL DEFAULT '0',
  PRIMARY KEY (`id`),
  UNIQUE KEY `craft_assetindexdata_sessionId_sourceId_offset_unq_idx` (`sessionId`,`sourceId`,`offset`),
  KEY `craft_assetindexdata_sourceId_fk` (`sourceId`)
) ENGINE=InnoDB DEFAULT CHARSET=utf8 COLLATE=utf8_unicode_ci;

DROP TABLE IF EXISTS `craft_assetsources`;


--
-- Schema for table `craft_assetsources`
--
CREATE TABLE `craft_assetsources` (
  `id` int(11) NOT NULL AUTO_INCREMENT,
  `name` varchar(255) COLLATE utf8_unicode_ci NOT NULL,
  `handle` varchar(255) COLLATE utf8_unicode_ci NOT NULL,
  `type` varchar(150) COLLATE utf8_unicode_ci NOT NULL,
  `settings` text COLLATE utf8_unicode_ci,
  `sortOrder` smallint(6) unsigned DEFAULT NULL,
  `fieldLayoutId` int(10) DEFAULT NULL,
  `dateCreated` datetime NOT NULL,
  `dateUpdated` datetime NOT NULL,
  `uid` char(36) COLLATE utf8_unicode_ci NOT NULL DEFAULT '0',
  PRIMARY KEY (`id`),
  UNIQUE KEY `craft_assetsources_name_unq_idx` (`name`),
  UNIQUE KEY `craft_assetsources_handle_unq_idx` (`handle`),
  KEY `craft_assetsources_fieldLayoutId_fk` (`fieldLayoutId`)
) ENGINE=InnoDB AUTO_INCREMENT=7 DEFAULT CHARSET=utf8 COLLATE=utf8_unicode_ci;

--
-- Data for table `craft_assetsources`
--

INSERT INTO `craft_assetsources` (`id`, `name`, `handle`, `type`, `settings`, `sortOrder`, `fieldLayoutId`, `dateCreated`, `dateUpdated`, `uid`) VALUES
 ('1', 'Video Gallery', 'videoGallery', 'Local', '{\"path\":\"\\/Users\\/ads1018\\/Sites\\/mmi\\/public\\/uploads\\/videoGallery\\/\",\"publicURLs\":\"1\",\"url\":\"http:\\/\\/mmi.ads.dsdev\\/uploads\\/videoGallery\\/\"}', '1', '48', '2017-06-12 20:00:29', '2017-06-12 20:04:24', '6467022a-82f5-456f-be8e-6856566be579'),
 ('2', 'Mastheads', 'mastheads', 'Local', '{\"path\":\"\\/Users\\/ads1018\\/Sites\\/mmi\\/public\\/uploads\\/mastheads\\/\",\"publicURLs\":\"1\",\"url\":\"http:\\/\\/mmi.ads.dsdev\\/uploads\\/mastheads\\/\"}', '2', '49', '2017-06-12 20:03:34', '2017-06-12 20:04:40', 'd47ee864-e653-405d-b1c5-b5468b182a7c'),
 ('3', 'Miscellaneous', 'miscellaneous', 'Local', '{\"path\":\"\\/Users\\/ads1018\\/Sites\\/mmi\\/public\\/uploads\\/miscellaneous\\/\",\"publicURLs\":\"1\",\"url\":\"http:\\/\\/mmi.ads.dsdev\\/uploads\\/miscellaneous\\/\"}', '3', '205', '2017-06-15 18:31:22', '2017-06-15 18:31:22', '16824e0b-e549-4fdf-88ad-5e096cc24922'),
 ('4', 'Resources', 'resources', 'Local', '{\"path\":\"\\/Users\\/ads1018\\/Sites\\/mmi\\/public\\/uploads\\/resources\\/\",\"publicURLs\":\"1\",\"url\":\"http:\\/\\/mmi.ads.dsdev\\/uploads\\/resources\\/\"}', '4', '280', '2017-06-15 18:58:34', '2017-06-15 18:58:34', 'c64bcc54-4323-48ec-96ac-046dbb8a310b'),
 ('5', 'Client Logos', 'clientLogos', 'Local', '{\"path\":\"\\/Users\\/ads1018\\/Sites\\/mmi\\/public\\/uploads\\/clientLogos\\/\",\"publicURLs\":\"1\",\"url\":\"http:\\/\\/mmi.ads.dsdev\\/uploads\\/clientLogos\\/\"}', '5', '397', '2017-06-15 19:25:13', '2017-06-15 19:25:13', '44d47c72-012f-413f-87db-0032816094f7'),
 ('6', 'Resumes', 'resumes', 'Local', '{\"path\":\"https:\\/\\/www.pvribbon.com\\/\",\"publicURLs\":\"1\",\"url\":\"http:\\/\\/mmi.ads.dsdev\\/uploads\\/resumes\\/\"}', '6', '546', '2017-06-15 20:22:14', '2017-06-15 20:22:14', '4eea7d72-334c-4c45-b9c4-45a3aaa5c8f6');



DROP TABLE IF EXISTS `craft_assettransformindex`;


--
-- Schema for table `craft_assettransformindex`
--
CREATE TABLE `craft_assettransformindex` (
  `id` int(11) NOT NULL AUTO_INCREMENT,
  `fileId` int(11) NOT NULL,
  `filename` varchar(255) COLLATE utf8_unicode_ci DEFAULT NULL,
  `format` varchar(255) COLLATE utf8_unicode_ci DEFAULT NULL,
  `location` varchar(255) COLLATE utf8_unicode_ci NOT NULL,
  `sourceId` int(11) DEFAULT NULL,
  `fileExists` tinyint(1) DEFAULT NULL,
  `inProgress` tinyint(1) DEFAULT NULL,
  `dateIndexed` datetime DEFAULT NULL,
  `dateCreated` datetime NOT NULL,
  `dateUpdated` datetime NOT NULL,
  `uid` char(36) COLLATE utf8_unicode_ci NOT NULL DEFAULT '0',
  PRIMARY KEY (`id`),
  KEY `craft_assettransformindex_sourceId_fileId_location_idx` (`sourceId`,`fileId`,`location`)
) ENGINE=InnoDB DEFAULT CHARSET=utf8 COLLATE=utf8_unicode_ci;

DROP TABLE IF EXISTS `craft_assettransforms`;


--
-- Schema for table `craft_assettransforms`
--
CREATE TABLE `craft_assettransforms` (
  `id` int(11) NOT NULL AUTO_INCREMENT,
  `name` varchar(255) COLLATE utf8_unicode_ci NOT NULL,
  `handle` varchar(255) COLLATE utf8_unicode_ci NOT NULL,
  `mode` enum('stretch','fit','crop') COLLATE utf8_unicode_ci NOT NULL DEFAULT 'crop',
  `position` enum('top-left','top-center','top-right','center-left','center-center','center-right','bottom-left','bottom-center','bottom-right') COLLATE utf8_unicode_ci NOT NULL DEFAULT 'center-center',
  `height` int(10) DEFAULT NULL,
  `width` int(10) DEFAULT NULL,
  `format` varchar(255) COLLATE utf8_unicode_ci DEFAULT NULL,
  `quality` int(10) DEFAULT NULL,
  `dimensionChangeTime` datetime DEFAULT NULL,
  `dateCreated` datetime NOT NULL,
  `dateUpdated` datetime NOT NULL,
  `uid` char(36) COLLATE utf8_unicode_ci NOT NULL DEFAULT '0',
  PRIMARY KEY (`id`),
  UNIQUE KEY `craft_assettransforms_name_unq_idx` (`name`),
  UNIQUE KEY `craft_assettransforms_handle_unq_idx` (`handle`)
) ENGINE=InnoDB DEFAULT CHARSET=utf8 COLLATE=utf8_unicode_ci;

DROP TABLE IF EXISTS `craft_categories`;


--
-- Schema for table `craft_categories`
--
CREATE TABLE `craft_categories` (
  `id` int(11) NOT NULL,
  `groupId` int(11) NOT NULL,
  `dateCreated` datetime NOT NULL,
  `dateUpdated` datetime NOT NULL,
  `uid` char(36) COLLATE utf8_unicode_ci NOT NULL DEFAULT '0',
  PRIMARY KEY (`id`),
  KEY `craft_categories_groupId_fk` (`groupId`)
) ENGINE=InnoDB DEFAULT CHARSET=utf8 COLLATE=utf8_unicode_ci;

--
-- Data for table `craft_categories`
--

INSERT INTO `craft_categories` (`id`, `groupId`, `dateCreated`, `dateUpdated`, `uid`) VALUES
 ('4', '2', '2017-06-09 19:41:56', '2017-06-09 19:41:56', 'cb567f8d-bba2-4902-8399-38bdd129cb1a'),
 ('5', '2', '2017-06-09 19:42:28', '2017-06-09 19:42:28', 'b2b48ac6-017d-41f1-9198-c9ed7a6ac2a7'),
 ('6', '2', '2017-06-09 19:44:01', '2017-06-09 19:44:12', '81b0302b-8f97-4e78-8b8d-5d13846f2333'),
 ('7', '2', '2017-06-09 19:44:22', '2017-06-09 19:44:22', '28a34611-9f85-414e-83ef-17ef641a9d41'),
 ('8', '2', '2017-06-09 19:44:31', '2017-06-09 19:44:31', '3ae8ed08-a76a-4abc-b9a0-4cd67af9e328'),
 ('9', '2', '2017-06-09 19:44:43', '2017-06-09 19:44:43', '47d8cf01-a8d8-4e5b-a447-559fa68e642b'),
 ('10', '2', '2017-06-09 19:44:53', '2017-06-09 19:44:53', '2efb2854-2892-46cc-a199-42881c04dd37'),
 ('11', '2', '2017-06-09 19:45:00', '2017-06-09 19:45:00', '186f0642-2f26-434c-9b7a-7c1d85d7e365'),
 ('12', '2', '2017-06-09 19:45:26', '2017-06-09 19:45:26', '8b99dee9-218c-4edb-bfe7-ff24df751fe4'),
 ('13', '2', '2017-06-09 19:45:41', '2017-06-09 19:46:16', '3f5bbda1-3189-4487-bd43-e317278bd395'),
 ('14', '2', '2017-06-09 19:46:01', '2017-06-09 19:46:01', 'c7286541-ed4b-40fe-b79e-1be0548fd6fe'),
 ('15', '2', '2017-06-09 19:46:38', '2017-06-09 19:46:38', 'f7ef7147-d198-4055-afea-16cb5cf97b3b'),
 ('16', '2', '2017-06-09 19:47:07', '2017-06-09 19:47:17', 'efbb06a0-ac48-4f18-90e3-5fc912bd1ed7'),
 ('17', '2', '2017-06-09 19:47:22', '2017-06-09 19:47:22', '52ec0e5e-eb8c-4c49-a7d6-f10257937df4'),
 ('18', '2', '2017-06-09 19:47:32', '2017-06-09 19:47:40', '9a2e19f5-5aba-41ed-a0db-29a7adb3e41f'),
 ('19', '2', '2017-06-09 19:47:46', '2017-06-09 19:47:46', '58e2c6e0-ce95-4480-994d-90addae4785f'),
 ('20', '1', '2017-06-09 19:48:11', '2017-06-09 19:48:17', '5ff66d1a-b72c-4460-b16a-40f792396570'),
 ('21', '1', '2017-06-09 19:48:22', '2017-06-09 19:48:27', 'f58916e3-e337-45d7-8498-a43a18ecbd9b'),
 ('22', '1', '2017-06-09 19:48:34', '2017-06-09 19:49:14', 'ee063fc3-3259-45bc-a184-a2635b9257f0'),
 ('23', '1', '2017-06-09 19:48:55', '2017-06-09 19:48:55', 'c6a532d7-4963-48d6-860a-9eee73034677'),
 ('24', '1', '2017-06-09 19:49:34', '2017-06-09 19:49:39', '4ee9e7e5-d08e-4e43-b96c-24ac85d523b2'),
 ('25', '1', '2017-06-09 19:49:43', '2017-06-09 19:49:43', '3ece77d4-61de-404a-b774-0e83ab00ba04'),
 ('41', '3', '2017-06-15 16:39:26', '2017-06-15 21:52:40', 'a06f7c87-8b14-4360-bc9c-90852f9b0190'),
 ('42', '3', '2017-06-15 16:39:39', '2017-06-15 16:39:39', 'b548319e-73fd-4211-acf2-cdb418933875'),
 ('52', '4', '2017-06-15 22:20:32', '2017-06-16 01:34:20', '0fbe123c-a3c0-40b5-b223-b2cecc84cce8');



DROP TABLE IF EXISTS `craft_categorygroups`;


--
-- Schema for table `craft_categorygroups`
--
CREATE TABLE `craft_categorygroups` (
  `id` int(11) NOT NULL AUTO_INCREMENT,
  `structureId` int(11) NOT NULL,
  `fieldLayoutId` int(11) DEFAULT NULL,
  `name` varchar(255) COLLATE utf8_unicode_ci NOT NULL,
  `handle` varchar(255) COLLATE utf8_unicode_ci NOT NULL,
  `hasUrls` tinyint(1) unsigned NOT NULL DEFAULT '1',
  `template` varchar(500) COLLATE utf8_unicode_ci DEFAULT NULL,
  `dateCreated` datetime NOT NULL,
  `dateUpdated` datetime NOT NULL,
  `uid` char(36) COLLATE utf8_unicode_ci NOT NULL DEFAULT '0',
  PRIMARY KEY (`id`),
  UNIQUE KEY `craft_categorygroups_name_unq_idx` (`name`),
  UNIQUE KEY `craft_categorygroups_handle_unq_idx` (`handle`),
  KEY `craft_categorygroups_structureId_fk` (`structureId`),
  KEY `craft_categorygroups_fieldLayoutId_fk` (`fieldLayoutId`)
) ENGINE=InnoDB AUTO_INCREMENT=5 DEFAULT CHARSET=utf8 COLLATE=utf8_unicode_ci;

--
-- Data for table `craft_categorygroups`
--

INSERT INTO `craft_categorygroups` (`id`, `structureId`, `fieldLayoutId`, `name`, `handle`, `hasUrls`, `template`, `dateCreated`, `dateUpdated`, `uid`) VALUES
 ('1', '1', '617', 'Types of Markets', 'typesOfMarkets', '1', '', '2017-06-09 18:05:04', '2017-06-15 21:33:07', '3d2b88fe-c92f-40d2-95bf-031016140d4f'),
 ('2', '2', '616', 'Types of Services', 'typesOfServices', '1', '', '2017-06-09 18:05:54', '2017-06-15 21:32:53', '92c015d5-3e45-41e5-8544-7c7d0153cb94'),
 ('3', '5', '614', 'Types of Roles', 'typesOfRoles', '0', NULL, '2017-06-15 16:38:54', '2017-06-15 20:46:35', 'dc2dad0b-66e4-4d62-89e7-9d1a9f76adad'),
 ('4', '6', '626', 'Locations', 'locations', '0', NULL, '2017-06-15 22:00:42', '2017-06-15 22:22:33', 'b4d82e90-87be-4491-abac-f7e52580264e');



DROP TABLE IF EXISTS `craft_categorygroups_i18n`;


--
-- Schema for table `craft_categorygroups_i18n`
--
CREATE TABLE `craft_categorygroups_i18n` (
  `id` int(11) NOT NULL AUTO_INCREMENT,
  `groupId` int(11) NOT NULL,
  `locale` char(12) COLLATE utf8_unicode_ci NOT NULL,
  `urlFormat` text COLLATE utf8_unicode_ci,
  `nestedUrlFormat` text COLLATE utf8_unicode_ci,
  `dateCreated` datetime NOT NULL,
  `dateUpdated` datetime NOT NULL,
  `uid` char(36) COLLATE utf8_unicode_ci NOT NULL DEFAULT '0',
  PRIMARY KEY (`id`),
  UNIQUE KEY `craft_categorygroups_i18n_groupId_locale_unq_idx` (`groupId`,`locale`),
  KEY `craft_categorygroups_i18n_locale_fk` (`locale`)
) ENGINE=InnoDB AUTO_INCREMENT=5 DEFAULT CHARSET=utf8 COLLATE=utf8_unicode_ci;

--
-- Data for table `craft_categorygroups_i18n`
--

INSERT INTO `craft_categorygroups_i18n` (`id`, `groupId`, `locale`, `urlFormat`, `nestedUrlFormat`, `dateCreated`, `dateUpdated`, `uid`) VALUES
 ('1', '1', 'en_us', 'market/{slug}', '{parent.uri}/{slug}', '2017-06-09 18:05:04', '2017-06-09 18:05:04', 'e63c3d65-87be-472f-84ab-5240fb36d6f3'),
 ('2', '2', 'en_us', 'service/{slug}', '{parent.uri}/{slug}', '2017-06-09 18:05:54', '2017-06-09 18:05:54', '26b4f0a8-ecbe-422c-9b01-999b9a3ed08e'),
 ('3', '3', 'en_us', NULL, NULL, '2017-06-15 16:38:54', '2017-06-15 16:38:54', '968ade21-dee3-452a-9791-c54d7899f6fd'),
 ('4', '4', 'en_us', NULL, NULL, '2017-06-15 22:00:42', '2017-06-15 22:18:14', 'a5e50bcc-0353-4c01-a9ab-7ecb3ae6b7da');



DROP TABLE IF EXISTS `craft_content`;


--
-- Schema for table `craft_content`
--
CREATE TABLE `craft_content` (
  `id` int(11) NOT NULL AUTO_INCREMENT,
  `elementId` int(11) NOT NULL,
  `locale` char(12) COLLATE utf8_unicode_ci NOT NULL,
  `title` varchar(255) COLLATE utf8_unicode_ci DEFAULT NULL,
  `field_body` text COLLATE utf8_unicode_ci,
  `field_startDate` datetime DEFAULT NULL,
  `field_about` text COLLATE utf8_unicode_ci,
  `field_expertise` text COLLATE utf8_unicode_ci,
  `field_heading` text COLLATE utf8_unicode_ci,
  `field_state` text COLLATE utf8_unicode_ci,
  `field_city` text COLLATE utf8_unicode_ci,
  `field_address` text COLLATE utf8_unicode_ci,
  `field_address2` text COLLATE utf8_unicode_ci,
  `field_phone` text COLLATE utf8_unicode_ci,
  `field_aboutTheLocation` text COLLATE utf8_unicode_ci,
  `field_locationExcerpt` text COLLATE utf8_unicode_ci,
  `field_zip` text COLLATE utf8_unicode_ci,
  `field_isHeaderquarters` tinyint(1) unsigned NOT NULL DEFAULT '0',
  `field_clientName` text COLLATE utf8_unicode_ci,
  `dateCreated` datetime NOT NULL,
  `dateUpdated` datetime NOT NULL,
  `uid` char(36) COLLATE utf8_unicode_ci NOT NULL DEFAULT '0',
  PRIMARY KEY (`id`),
  UNIQUE KEY `craft_content_elementId_locale_unq_idx` (`elementId`,`locale`),
  KEY `craft_content_title_idx` (`title`),
  KEY `craft_content_locale_fk` (`locale`)
) ENGINE=InnoDB AUTO_INCREMENT=42 DEFAULT CHARSET=utf8 COLLATE=utf8_unicode_ci;

--
-- Data for table `craft_content`
--

INSERT INTO `craft_content` (`id`, `elementId`, `locale`, `title`, `field_body`, `field_startDate`, `field_about`, `field_expertise`, `field_heading`, `field_state`, `field_city`, `field_address`, `field_address2`, `field_phone`, `field_aboutTheLocation`, `field_locationExcerpt`, `field_zip`, `field_isHeaderquarters`, `field_clientName`, `dateCreated`, `dateUpdated`, `uid`) VALUES
 ('1', '1', 'en_us', NULL, NULL, NULL, NULL, NULL, NULL, NULL, NULL, NULL, NULL, NULL, NULL, NULL, NULL, '0', NULL, '2017-06-09 17:32:21', '2017-06-09 17:32:21', '8f8edc73-b17d-4ad2-ab48-5c0f243a06d4'),
 ('3', '3', 'en_us', 'We just installed Craft!', '<p>Craft is the CMS that’s powering Mmi.ads.dsdev. It’s beautiful, powerful, flexible, and easy-to-use, and it’s made by Pixel &amp; Tonic. We can’t wait to dive in and see what it’s capable of!</p><!--pagebreak--><p>This is even more captivating content, which you couldn’t see on the News index page because it was entered after a Page Break, and the News index template only likes to show the content on the first page.</p><p>Craft: a nice alternative to Word, if you’re making a website.</p>', NULL, NULL, NULL, NULL, NULL, NULL, NULL, NULL, NULL, NULL, NULL, NULL, '0', NULL, '2017-06-09 17:32:25', '2017-06-09 17:55:35', '888322b8-352c-441c-b0bb-c5f39b33a1b6'),
 ('4', '4', 'en_us', 'Engineering', NULL, NULL, NULL, NULL, NULL, NULL, NULL, NULL, NULL, NULL, NULL, NULL, NULL, '0', NULL, '2017-06-09 19:41:56', '2017-06-09 19:41:56', '203e965f-412a-4860-84bd-9ee5174b9347'),
 ('5', '5', 'en_us', 'Civil Engineering', NULL, NULL, NULL, NULL, NULL, NULL, NULL, NULL, NULL, NULL, NULL, NULL, NULL, '0', NULL, '2017-06-09 19:42:27', '2017-06-09 19:42:27', 'cf27d55b-b32c-4624-8187-423563794a2e'),
 ('6', '6', 'en_us', 'Transportation Engineering', NULL, NULL, NULL, NULL, NULL, NULL, NULL, NULL, NULL, NULL, NULL, NULL, NULL, '0', NULL, '2017-06-09 19:44:01', '2017-06-09 19:44:12', 'be86a121-9873-4842-998e-6d0c5abd160e'),
 ('7', '7', 'en_us', 'Water Resources', NULL, NULL, NULL, NULL, NULL, NULL, NULL, NULL, NULL, NULL, NULL, NULL, NULL, '0', NULL, '2017-06-09 19:44:22', '2017-06-09 19:44:22', 'c9c6d900-e325-4c9c-8c78-fc548ca08c45'),
 ('8', '8', 'en_us', 'Structural Engineering', NULL, NULL, NULL, NULL, NULL, NULL, NULL, NULL, NULL, NULL, NULL, NULL, NULL, '0', NULL, '2017-06-09 19:44:31', '2017-06-09 19:44:31', 'f2180843-c2e6-473f-800c-386e7f12b15a'),
 ('9', '9', 'en_us', 'Geotechnical Engineering', NULL, NULL, NULL, NULL, NULL, NULL, NULL, NULL, NULL, NULL, NULL, NULL, NULL, '0', NULL, '2017-06-09 19:44:43', '2017-06-09 19:44:43', '0bc336dd-ef76-411a-a842-c60c46897b6a'),
 ('10', '10', 'en_us', 'Water & Wastewater', NULL, NULL, NULL, NULL, NULL, NULL, NULL, NULL, NULL, NULL, NULL, NULL, NULL, '0', NULL, '2017-06-09 19:44:53', '2017-06-09 19:44:53', '45852bb3-6bbe-4a83-8ff9-76e4de6cc3e9'),
 ('11', '11', 'en_us', 'Utility', NULL, NULL, NULL, NULL, NULL, NULL, NULL, NULL, NULL, NULL, NULL, NULL, NULL, '0', NULL, '2017-06-09 19:45:00', '2017-06-09 19:45:00', '5c2f4d90-a22f-4302-820f-138e6492257d'),
 ('12', '12', 'en_us', 'Environmental Science', NULL, NULL, NULL, NULL, NULL, NULL, NULL, NULL, NULL, NULL, NULL, NULL, NULL, '0', NULL, '2017-06-09 19:45:26', '2017-06-09 19:45:26', '1aa247ad-8263-44b2-a711-a96bbe61aea6'),
 ('13', '13', 'en_us', 'Natural Resource Management', NULL, NULL, NULL, NULL, NULL, NULL, NULL, NULL, NULL, NULL, NULL, NULL, NULL, '0', NULL, '2017-06-09 19:45:41', '2017-06-09 19:46:16', 'f7ec11d4-fca6-45c0-b171-ebf51b9737f8'),
 ('14', '14', 'en_us', 'Building Sciences', NULL, NULL, NULL, NULL, NULL, NULL, NULL, NULL, NULL, NULL, NULL, NULL, NULL, '0', NULL, '2017-06-09 19:46:01', '2017-06-09 19:46:01', '3c22be07-68bc-49f7-8e0f-07fec7398600'),
 ('15', '15', 'en_us', 'Remediation', NULL, NULL, NULL, NULL, NULL, NULL, NULL, NULL, NULL, NULL, NULL, NULL, NULL, '0', NULL, '2017-06-09 19:46:38', '2017-06-09 19:46:38', 'aa737dc7-f12c-4d76-8501-aa3646e3e0ab'),
 ('16', '16', 'en_us', 'Landscape Architecture', NULL, NULL, NULL, NULL, NULL, NULL, NULL, NULL, NULL, NULL, NULL, NULL, NULL, '0', NULL, '2017-06-09 19:47:07', '2017-06-09 19:47:17', '82bda845-1169-424e-8ed0-0ca2a701f318'),
 ('17', '17', 'en_us', 'Planning', NULL, NULL, NULL, NULL, NULL, NULL, NULL, NULL, NULL, NULL, NULL, NULL, NULL, '0', NULL, '2017-06-09 19:47:22', '2017-06-09 19:47:22', 'ddec9639-404e-40f4-aeb4-5feaa2322f74'),
 ('18', '18', 'en_us', 'Construction Services', NULL, NULL, NULL, NULL, NULL, NULL, NULL, NULL, NULL, NULL, NULL, NULL, NULL, '0', NULL, '2017-06-09 19:47:32', '2017-06-09 19:47:40', '4eb9435d-3970-4f66-9041-c43b455603c0'),
 ('19', '19', 'en_us', 'Land Surveying', NULL, NULL, NULL, NULL, NULL, NULL, NULL, NULL, NULL, NULL, NULL, NULL, NULL, '0', NULL, '2017-06-09 19:47:46', '2017-06-09 19:47:46', '12de6217-d7f4-4a2e-8ba8-be62048a82fb'),
 ('20', '20', 'en_us', 'Education', NULL, NULL, NULL, NULL, NULL, NULL, NULL, NULL, NULL, NULL, NULL, NULL, NULL, '0', NULL, '2017-06-09 19:48:11', '2017-06-09 19:48:17', 'b2fb8d38-5424-407c-b153-7becf0fb79b0'),
 ('21', '21', 'en_us', 'Development', NULL, NULL, NULL, NULL, NULL, NULL, NULL, NULL, NULL, NULL, NULL, NULL, NULL, '0', NULL, '2017-06-09 19:48:22', '2017-06-09 19:48:27', '3086b30f-9e3d-4e18-b372-91bd4a4f7423'),
 ('22', '22', 'en_us', 'Utilities', NULL, NULL, NULL, NULL, NULL, NULL, NULL, NULL, NULL, NULL, NULL, NULL, NULL, '0', NULL, '2017-06-09 19:48:34', '2017-06-09 19:49:14', '20be3d7b-2fe0-42a3-bfac-a8dd5e70d115'),
 ('23', '23', 'en_us', 'Transportation', NULL, NULL, NULL, NULL, NULL, NULL, NULL, NULL, NULL, NULL, NULL, NULL, NULL, '0', NULL, '2017-06-09 19:48:55', '2017-06-09 19:48:55', '6e1f8527-9a76-4451-ab3d-711fb69885da'),
 ('24', '24', 'en_us', 'Environment', NULL, NULL, NULL, NULL, NULL, NULL, NULL, NULL, NULL, NULL, NULL, NULL, NULL, '0', NULL, '2017-06-09 19:49:34', '2017-06-09 19:49:38', 'cdfa17e3-ceeb-4197-8936-09d3122da35a'),
 ('25', '25', 'en_us', 'Community', NULL, NULL, NULL, NULL, NULL, NULL, NULL, NULL, NULL, NULL, NULL, NULL, NULL, '0', NULL, '2017-06-09 19:49:42', '2017-06-09 19:49:42', 'e11ed56f-3bc2-4879-8920-2bdc5e2b1f81'),
 ('27', '27', 'en_us', 'Home', NULL, NULL, NULL, NULL, NULL, NULL, NULL, NULL, NULL, NULL, NULL, NULL, NULL, '0', NULL, '2017-06-09 20:32:02', '2017-06-09 20:32:02', '2104094f-f6bc-480a-85e7-89f2a2200fb2'),
 ('28', '28', 'en_us', 'Homepage', NULL, NULL, NULL, NULL, NULL, NULL, NULL, NULL, NULL, NULL, NULL, NULL, NULL, '0', NULL, '2017-06-09 20:34:58', '2017-06-14 14:56:28', '317d033a-e858-4644-a424-4cce74e45883'),
 ('29', '29', 'en_us', 'Cbiapage', NULL, NULL, NULL, NULL, NULL, NULL, NULL, NULL, NULL, NULL, NULL, NULL, NULL, '0', NULL, '2017-06-12 20:16:25', '2017-06-12 20:16:25', '8f5f463b-1509-4a58-a4dd-e9750bdd8e60'),
 ('31', '35', 'en_us', 'Joanne Samson', NULL, '1994-09-02 00:00:00', NULL, NULL, NULL, NULL, NULL, NULL, NULL, NULL, NULL, NULL, NULL, '0', NULL, '2017-06-15 15:05:59', '2017-06-15 16:17:13', 'a0fb85b4-af69-420a-8e6f-20cf5f1a6ecd'),
 ('33', '41', 'en_us', 'Board of Directors', NULL, NULL, NULL, NULL, NULL, NULL, NULL, NULL, NULL, NULL, NULL, NULL, NULL, '0', NULL, '2017-06-15 16:39:26', '2017-06-15 21:52:40', '1bd192e3-30a3-4174-bf8e-d5e2c31d76ef'),
 ('34', '42', 'en_us', 'Practice leads', NULL, NULL, NULL, NULL, NULL, NULL, NULL, NULL, NULL, NULL, NULL, NULL, NULL, '0', NULL, '2017-06-15 16:39:39', '2017-06-15 16:39:39', '1bc90a96-325a-4b91-8ac6-596092543300'),
 ('40', '52', 'en_us', 'Connecticut', NULL, NULL, NULL, NULL, NULL, '', 'Cheshire', '99 Realty Drive Cheshire', '', '{\"type\":\"tel\",\"tel\":\"2032711773\",\"customText\":\"(203) 271-1773\"}', '', '', '06410', '0', NULL, '2017-06-15 22:20:32', '2017-06-16 01:34:20', 'b69e3468-7a1d-4fa6-bd4b-0cd76367d867'),
 ('41', '53', 'en_us', 'The Gunnery Athletic Fields Redesign', NULL, NULL, NULL, NULL, NULL, NULL, NULL, NULL, NULL, NULL, NULL, NULL, NULL, '0', NULL, '2017-06-16 01:49:49', '2017-06-16 01:49:49', '5c18d937-c3b1-40b0-a023-a08fb4067175');



DROP TABLE IF EXISTS `craft_deprecationerrors`;


--
-- Schema for table `craft_deprecationerrors`
--
CREATE TABLE `craft_deprecationerrors` (
  `id` int(11) NOT NULL AUTO_INCREMENT,
  `key` varchar(255) COLLATE utf8_unicode_ci NOT NULL,
  `fingerprint` varchar(255) COLLATE utf8_unicode_ci NOT NULL,
  `lastOccurrence` datetime NOT NULL,
  `file` varchar(255) COLLATE utf8_unicode_ci NOT NULL,
  `line` smallint(6) unsigned NOT NULL,
  `class` varchar(255) COLLATE utf8_unicode_ci DEFAULT NULL,
  `method` varchar(255) COLLATE utf8_unicode_ci DEFAULT NULL,
  `template` varchar(255) COLLATE utf8_unicode_ci DEFAULT NULL,
  `templateLine` smallint(6) unsigned DEFAULT NULL,
  `message` varchar(255) COLLATE utf8_unicode_ci DEFAULT NULL,
  `traces` text COLLATE utf8_unicode_ci,
  `dateCreated` datetime NOT NULL,
  `dateUpdated` datetime NOT NULL,
  `uid` char(36) COLLATE utf8_unicode_ci NOT NULL DEFAULT '0',
  PRIMARY KEY (`id`),
  UNIQUE KEY `craft_deprecationerrors_key_fingerprint_unq_idx` (`key`,`fingerprint`)
) ENGINE=InnoDB DEFAULT CHARSET=utf8 COLLATE=utf8_unicode_ci;

DROP TABLE IF EXISTS `craft_elementindexsettings`;


--
-- Schema for table `craft_elementindexsettings`
--
CREATE TABLE `craft_elementindexsettings` (
  `id` int(11) NOT NULL AUTO_INCREMENT,
  `type` varchar(150) COLLATE utf8_unicode_ci NOT NULL,
  `settings` text COLLATE utf8_unicode_ci,
  `dateCreated` datetime NOT NULL,
  `dateUpdated` datetime NOT NULL,
  `uid` char(36) COLLATE utf8_unicode_ci NOT NULL DEFAULT '0',
  PRIMARY KEY (`id`),
  UNIQUE KEY `craft_elementindexsettings_type_unq_idx` (`type`)
) ENGINE=InnoDB AUTO_INCREMENT=4 DEFAULT CHARSET=utf8 COLLATE=utf8_unicode_ci;

--
-- Data for table `craft_elementindexsettings`
--

INSERT INTO `craft_elementindexsettings` (`id`, `type`, `settings`, `dateCreated`, `dateUpdated`, `uid`) VALUES
 ('1', 'Category', '{\"sources\":{\"group:2\":{\"tableAttributes\":{\"1\":\"link\"}},\"group:1\":{\"tableAttributes\":{\"1\":\"link\"}},\"group:3\":{\"tableAttributes\":{\"1\":\"link\"}}}}', '2017-06-15 16:37:59', '2017-06-15 16:39:13', '8cb86173-8c50-4a28-8b26-dd25eafcaeeb');



DROP TABLE IF EXISTS `craft_elements`;


--
-- Schema for table `craft_elements`
--
CREATE TABLE `craft_elements` (
  `id` int(11) NOT NULL AUTO_INCREMENT,
  `type` varchar(150) COLLATE utf8_unicode_ci NOT NULL,
  `enabled` tinyint(1) unsigned NOT NULL DEFAULT '1',
  `archived` tinyint(1) unsigned NOT NULL DEFAULT '0',
  `dateCreated` datetime NOT NULL,
  `dateUpdated` datetime NOT NULL,
  `uid` char(36) COLLATE utf8_unicode_ci NOT NULL DEFAULT '0',
  PRIMARY KEY (`id`),
  KEY `craft_elements_type_idx` (`type`),
  KEY `craft_elements_enabled_idx` (`enabled`),
  KEY `craft_elements_archived_dateCreated_idx` (`archived`,`dateCreated`)
) ENGINE=InnoDB AUTO_INCREMENT=54 DEFAULT CHARSET=utf8 COLLATE=utf8_unicode_ci;

--
-- Data for table `craft_elements`
--

INSERT INTO `craft_elements` (`id`, `type`, `enabled`, `archived`, `dateCreated`, `dateUpdated`, `uid`) VALUES
 ('1', 'User', '1', '0', '2017-06-09 17:32:21', '2017-06-09 17:32:21', 'dcad5cb0-fd9f-4b81-a8ce-db6e7a81edca'),
 ('3', 'Entry', '1', '0', '2017-06-09 17:32:25', '2017-06-09 17:55:35', 'da780abd-0fb6-4413-b39a-78b284a30cc1'),
 ('4', 'Category', '1', '0', '2017-06-09 19:41:56', '2017-06-09 19:41:56', '550badb7-4403-414d-9686-1517de6c4cda'),
 ('5', 'Category', '1', '0', '2017-06-09 19:42:27', '2017-06-09 19:42:27', '26f983d5-b62c-440b-b84a-67a536c829c8'),
 ('6', 'Category', '1', '0', '2017-06-09 19:44:01', '2017-06-09 19:44:12', '7ec28156-5f59-43e0-b477-81cc7b6e5b68'),
 ('7', 'Category', '1', '0', '2017-06-09 19:44:22', '2017-06-09 19:44:22', 'e1a42feb-f898-4c1c-ae3b-2adcd310e4d9'),
 ('8', 'Category', '1', '0', '2017-06-09 19:44:31', '2017-06-09 19:44:31', 'd43868ec-6424-418b-ac40-1d6055902507'),
 ('9', 'Category', '1', '0', '2017-06-09 19:44:43', '2017-06-09 19:44:43', 'fb4951c2-998f-4878-a884-c7e6db2e9e2f'),
 ('10', 'Category', '1', '0', '2017-06-09 19:44:53', '2017-06-09 19:44:53', '39a5cd68-45be-4d96-9fda-3aa0f636dc9f'),
 ('11', 'Category', '1', '0', '2017-06-09 19:45:00', '2017-06-09 19:45:00', '1ee1e60a-7610-4165-9ed5-0c106d010d20'),
 ('12', 'Category', '1', '0', '2017-06-09 19:45:26', '2017-06-09 19:45:26', '5219c564-1369-4c78-a8dc-3c32474300b8'),
 ('13', 'Category', '1', '0', '2017-06-09 19:45:41', '2017-06-09 19:46:16', 'a7488513-f2fe-49ac-ac5f-91436e949a32'),
 ('14', 'Category', '1', '0', '2017-06-09 19:46:01', '2017-06-09 19:46:01', '7d0984e5-df19-497a-b122-1a16cb2477dc'),
 ('15', 'Category', '1', '0', '2017-06-09 19:46:38', '2017-06-09 19:46:38', '51de71af-f82f-4039-96fb-289a8f266790'),
 ('16', 'Category', '1', '0', '2017-06-09 19:47:07', '2017-06-09 19:47:17', 'f6357640-9a0d-43a6-bc2b-d26dfa25ba0e'),
 ('17', 'Category', '1', '0', '2017-06-09 19:47:22', '2017-06-09 19:47:22', '4d9c65f8-99c9-439c-b99e-0fabef48884d'),
 ('18', 'Category', '1', '0', '2017-06-09 19:47:32', '2017-06-09 19:47:40', 'ff44de85-c5c6-4923-b858-56ae907012b2'),
 ('19', 'Category', '1', '0', '2017-06-09 19:47:46', '2017-06-09 19:47:46', '4c258a16-3f39-4b77-8dcc-391bae53dee8'),
 ('20', 'Category', '1', '0', '2017-06-09 19:48:11', '2017-06-09 19:48:17', '136f56c0-8494-44df-bf55-653c197463e7'),
 ('21', 'Category', '1', '0', '2017-06-09 19:48:22', '2017-06-09 19:48:27', '6bcedf37-a9a3-4e63-8639-3220eb415b34'),
 ('22', 'Category', '1', '0', '2017-06-09 19:48:34', '2017-06-09 19:49:14', 'a9d6d314-fc2c-4a10-b936-173901be8758'),
 ('23', 'Category', '1', '0', '2017-06-09 19:48:55', '2017-06-09 19:48:55', '8219a3c6-d558-4e69-9d68-83ee5668949d'),
 ('24', 'Category', '1', '0', '2017-06-09 19:49:34', '2017-06-09 19:49:38', '7c06e541-af7a-44d0-a49a-e1315abfa060'),
 ('25', 'Category', '1', '0', '2017-06-09 19:49:42', '2017-06-09 19:49:42', '25e04356-a1c5-4b88-8810-b9fd98de4582'),
 ('27', 'Navee_Node', '1', '0', '2017-06-09 20:32:02', '2017-06-09 20:32:02', 'b9c18767-4e1b-4dd0-84a7-6bccf8889bec'),
 ('28', 'Entry', '1', '0', '2017-06-09 20:34:58', '2017-06-14 14:56:28', '53cda700-f01d-4f44-a6b0-526f54c9b613'),
 ('29', 'Asset', '1', '0', '2017-06-12 20:16:25', '2017-06-12 20:16:25', 'c5cebcfe-6f73-4942-ae5b-839e96964fff'),
 ('30', 'MatrixBlock', '1', '0', '2017-06-12 20:16:38', '2017-06-14 14:56:28', '9813a6e1-a23a-424c-995d-89cd78b2fcf0'),
 ('31', 'SuperTable_Block', '1', '0', '2017-06-12 20:16:38', '2017-06-14 14:56:28', '0662ab94-22fb-4bb3-97d6-f278fc0bae43'),
 ('32', 'MatrixBlock', '1', '0', '2017-06-12 20:16:38', '2017-06-14 14:56:28', 'f1cb48d4-ca84-43c8-bcf0-7fd29afa4556'),
 ('33', 'SuperTable_Block', '1', '0', '2017-06-12 20:16:38', '2017-06-14 14:56:28', 'f5d7acfb-a629-42b6-bfed-fa1640f438be'),
 ('35', 'Entry', '1', '0', '2017-06-15 15:05:59', '2017-06-15 16:17:13', '8f984bc8-69b2-4af0-8591-5ca05ab3f7e7'),
 ('36', 'MatrixBlock', '1', '0', '2017-06-15 15:05:59', '2017-06-15 16:17:13', '74ff0d3f-28c6-484b-9ac4-6b0185e9da3a'),
 ('37', 'MatrixBlock', '1', '0', '2017-06-15 15:05:59', '2017-06-15 16:17:13', 'fff7b311-7d62-4451-82ed-b8b7f74b37f0'),
 ('38', 'SuperTable_Block', '1', '0', '2017-06-15 16:04:27', '2017-06-15 16:17:13', 'fb9d0c27-725c-43b5-ab41-41b598d8c85b'),
 ('39', 'MatrixBlock', '1', '0', '2017-06-15 16:17:13', '2017-06-15 16:17:13', 'c82e5f27-ab3a-42ec-b0de-c697eee6727a'),
 ('41', 'Category', '1', '0', '2017-06-15 16:39:26', '2017-06-15 21:52:40', '49ad43d7-f398-4ea0-a183-3522b7940741'),
 ('42', 'Category', '1', '0', '2017-06-15 16:39:39', '2017-06-15 16:39:39', 'ee04da97-9356-45d1-947a-ba91ac8b7315'),
 ('52', 'Category', '1', '0', '2017-06-15 22:20:32', '2017-06-16 01:34:20', '1de9f18a-6d05-4cdb-835a-0cc0052f7bbc'),
 ('53', 'Entry', '1', '0', '2017-06-16 01:49:49', '2017-06-16 01:49:49', 'acc2ef87-de03-4649-90ff-2db5863820ac');



DROP TABLE IF EXISTS `craft_elements_i18n`;


--
-- Schema for table `craft_elements_i18n`
--
CREATE TABLE `craft_elements_i18n` (
  `id` int(11) NOT NULL AUTO_INCREMENT,
  `elementId` int(11) NOT NULL,
  `locale` char(12) COLLATE utf8_unicode_ci NOT NULL,
  `slug` varchar(255) COLLATE utf8_unicode_ci DEFAULT NULL,
  `uri` varchar(255) COLLATE utf8_unicode_ci DEFAULT NULL,
  `enabled` tinyint(1) unsigned NOT NULL DEFAULT '1',
  `dateCreated` datetime NOT NULL,
  `dateUpdated` datetime NOT NULL,
  `uid` char(36) COLLATE utf8_unicode_ci NOT NULL DEFAULT '0',
  PRIMARY KEY (`id`),
  UNIQUE KEY `craft_elements_i18n_elementId_locale_unq_idx` (`elementId`,`locale`),
  UNIQUE KEY `craft_elements_i18n_uri_locale_unq_idx` (`uri`,`locale`),
  KEY `craft_elements_i18n_slug_locale_idx` (`slug`,`locale`),
  KEY `craft_elements_i18n_enabled_idx` (`enabled`),
  KEY `craft_elements_i18n_locale_fk` (`locale`)
) ENGINE=InnoDB AUTO_INCREMENT=54 DEFAULT CHARSET=utf8 COLLATE=utf8_unicode_ci;

--
-- Data for table `craft_elements_i18n`
--

INSERT INTO `craft_elements_i18n` (`id`, `elementId`, `locale`, `slug`, `uri`, `enabled`, `dateCreated`, `dateUpdated`, `uid`) VALUES
 ('1', '1', 'en_us', '', NULL, '1', '2017-06-09 17:32:21', '2017-06-09 17:32:21', '0e3a9c4e-45c1-415e-a10d-816614530d69'),
 ('3', '3', 'en_us', 'we-just-installed-craft', 'news/2017/we-just-installed-craft', '1', '2017-06-09 17:32:25', '2017-06-09 17:55:36', '90fea180-f1fb-4894-8443-7b5c63ef01d4'),
 ('4', '4', 'en_us', 'engineering', 'service/engineering', '1', '2017-06-09 19:41:56', '2017-06-09 19:41:56', 'f56f4255-956d-4cce-88ea-8748c1a4d434'),
 ('5', '5', 'en_us', 'civil-engineering', 'service/engineering/civil-engineering', '1', '2017-06-09 19:42:28', '2017-06-09 19:42:28', 'a5d3fdd0-aead-49d3-983a-94e87ab07604'),
 ('6', '6', 'en_us', 'transportation-engineering', 'service/engineering/transportation-engineering', '1', '2017-06-09 19:44:01', '2017-06-09 19:44:12', '36f46cb0-0330-4858-8e1e-6d4911543eff'),
 ('7', '7', 'en_us', 'water-resources', 'service/engineering/water-resources', '1', '2017-06-09 19:44:22', '2017-06-09 19:44:22', 'd01e8bd2-f277-49c8-a07c-59e5dadc7ec8'),
 ('8', '8', 'en_us', 'structural-engineering', 'service/engineering/structural-engineering', '1', '2017-06-09 19:44:31', '2017-06-09 19:44:31', 'aba3d847-cb04-4d6a-b4f0-3bf0a71f996c'),
 ('9', '9', 'en_us', 'geotechnical-engineering', 'service/engineering/geotechnical-engineering', '1', '2017-06-09 19:44:43', '2017-06-09 19:44:43', 'f248d4b7-77fb-48a6-95f4-9fe604a16ae4'),
 ('10', '10', 'en_us', 'water-wastewater', 'service/engineering/water-wastewater', '1', '2017-06-09 19:44:53', '2017-06-09 19:44:53', '3829a002-9547-4ed7-be17-0c08d9e9b3e0'),
 ('11', '11', 'en_us', 'utility', 'service/engineering/utility', '1', '2017-06-09 19:45:00', '2017-06-09 19:45:00', '69165701-f3f7-4ed4-a379-4468362849dc'),
 ('12', '12', 'en_us', 'environmental-science', 'service/environmental-science', '1', '2017-06-09 19:45:26', '2017-06-09 19:45:26', '315abffa-a189-4664-9ff7-542a8e8cfa4f'),
 ('13', '13', 'en_us', 'natural-resource-management', 'service/environmental-science/natural-resource-management', '1', '2017-06-09 19:45:41', '2017-06-09 19:46:25', 'ba450dea-1d36-490d-a356-c8032967dee6'),
 ('14', '14', 'en_us', 'building-sciences', 'service/environmental-science/building-sciences', '1', '2017-06-09 19:46:01', '2017-06-09 19:46:01', '07085b8d-2b2c-49b2-9018-a2a44951c226'),
 ('15', '15', 'en_us', 'remediation', 'service/environmental-science/remediation', '1', '2017-06-09 19:46:38', '2017-06-09 19:46:38', '74bc3173-748e-4b38-94bb-d8319886dbdc'),
 ('16', '16', 'en_us', 'landscape-architecture', 'service/landscape-architecture', '1', '2017-06-09 19:47:07', '2017-06-09 19:47:17', '4b2af400-d55d-4f41-8191-1b7b085bb027'),
 ('17', '17', 'en_us', 'planning', 'service/planning', '1', '2017-06-09 19:47:22', '2017-06-09 19:47:22', '9b974629-3242-4822-ad0b-c7e9f7845900'),
 ('18', '18', 'en_us', 'construction-services', 'service/construction-services', '1', '2017-06-09 19:47:32', '2017-06-09 19:47:40', '6e0f2240-04dd-4d23-8627-ef8ae6b5af4d'),
 ('19', '19', 'en_us', 'land-surveying', 'service/land-surveying', '1', '2017-06-09 19:47:46', '2017-06-09 19:47:46', '8f57531a-72ef-45ad-b5d8-8aac0c60796b'),
 ('20', '20', 'en_us', 'education', 'market/education', '1', '2017-06-09 19:48:11', '2017-06-09 19:48:17', 'ca1a8ea2-d0f5-46b4-a209-cfad33bfbc06'),
 ('21', '21', 'en_us', 'development', 'market/development', '1', '2017-06-09 19:48:22', '2017-06-09 19:48:27', '92dbc9c8-496d-41e8-93f7-ab856398cfd4'),
 ('22', '22', 'en_us', 'utilities', 'market/utilities', '1', '2017-06-09 19:48:34', '2017-06-09 19:49:14', '1cf6894a-ccb1-4004-8c36-59edfd3ed342'),
 ('23', '23', 'en_us', 'transportation', 'market/transportation', '1', '2017-06-09 19:48:55', '2017-06-09 19:48:55', '02174618-c5b7-4f1b-916d-4cc7531dd31e'),
 ('24', '24', 'en_us', 'environment', 'market/environment', '1', '2017-06-09 19:49:34', '2017-06-09 19:49:38', '5ead603e-4c75-4444-a5f1-fe9b5493c936'),
 ('25', '25', 'en_us', 'community', 'market/community', '1', '2017-06-09 19:49:42', '2017-06-09 19:49:43', '4439a086-1498-469d-86c6-6a4e07d32465'),
 ('27', '27', 'en_us', 'home', NULL, '1', '2017-06-09 20:32:02', '2017-06-09 20:32:02', '41a290e3-0327-4bf8-ac1c-52160e7583f5'),
 ('28', '28', 'en_us', '__home__', '__home__', '1', '2017-06-09 20:34:58', '2017-06-14 14:56:28', 'cac33f54-cdb1-4607-8b74-2492e123d903'),
 ('29', '29', 'en_us', 'cbiapage', NULL, '1', '2017-06-12 20:16:25', '2017-06-12 20:16:25', 'a3ef646c-93f9-4974-b637-ffa03d8d967b'),
 ('30', '30', 'en_us', '', NULL, '1', '2017-06-12 20:16:38', '2017-06-14 14:56:28', 'ca9a7905-6a2e-4c9a-8a03-80683b5dd0c1'),
 ('31', '31', 'en_us', '', NULL, '1', '2017-06-12 20:16:38', '2017-06-14 14:56:28', 'eaf184e5-1036-4aed-8431-73d8ea8779b0'),
 ('32', '32', 'en_us', '', NULL, '1', '2017-06-12 20:16:38', '2017-06-14 14:56:28', '7028886d-08d1-47af-a8dc-e05b2116799d'),
 ('33', '33', 'en_us', '', NULL, '1', '2017-06-12 20:16:38', '2017-06-14 14:56:28', '3e69c23c-11e5-4e88-b399-915adb56e88f'),
 ('35', '35', 'en_us', 'joanne-samson', 'team/joanne-samson', '1', '2017-06-15 15:05:59', '2017-06-15 16:17:13', 'ca893ca4-dedd-46eb-ad6a-bf7d70dbdabc'),
 ('36', '36', 'en_us', '', NULL, '1', '2017-06-15 15:05:59', '2017-06-15 16:17:13', '0b083fed-a563-411f-bad0-f5f3850ce5b2'),
 ('37', '37', 'en_us', '', NULL, '1', '2017-06-15 15:05:59', '2017-06-15 16:17:13', 'ab789b11-8a2f-4a6c-9855-2c52cb428bb1'),
 ('38', '38', 'en_us', '', NULL, '1', '2017-06-15 16:04:27', '2017-06-15 16:17:13', 'a02e9d76-c1f2-4bd6-87bf-217b3a8607d3'),
 ('39', '39', 'en_us', '', NULL, '1', '2017-06-15 16:17:13', '2017-06-15 16:17:13', '485f7fe0-17a6-46a3-9170-0e8614eb4620'),
 ('41', '41', 'en_us', 'board-of-directors', NULL, '1', '2017-06-15 16:39:26', '2017-06-15 21:52:40', '4cb65265-20d6-49ca-a115-7c0a833787e1'),
 ('42', '42', 'en_us', 'practice-leads', NULL, '1', '2017-06-15 16:39:39', '2017-06-15 16:39:39', '122ba9bc-8183-4ff6-b934-f21f0b88edd5'),
 ('52', '52', 'en_us', 'connecticut', NULL, '1', '2017-06-15 22:20:32', '2017-06-16 01:34:20', '84cc08ed-eac8-481e-b3d3-5cf8f721e6da'),
 ('53', '53', 'en_us', 'the-gunnery-athletic-fields-redesign', 'work/the-gunnery-athletic-fields-redesign', '1', '2017-06-16 01:49:50', '2017-06-16 01:49:50', 'efc460a4-02b8-447e-8191-caae7e48b948');



DROP TABLE IF EXISTS `craft_emailmessages`;


--
-- Schema for table `craft_emailmessages`
--
CREATE TABLE `craft_emailmessages` (
  `id` int(11) NOT NULL AUTO_INCREMENT,
  `key` char(150) COLLATE utf8_unicode_ci NOT NULL,
  `locale` char(12) COLLATE utf8_unicode_ci NOT NULL,
  `subject` varchar(1000) COLLATE utf8_unicode_ci NOT NULL,
  `body` text COLLATE utf8_unicode_ci NOT NULL,
  `dateCreated` datetime NOT NULL,
  `dateUpdated` datetime NOT NULL,
  `uid` char(36) COLLATE utf8_unicode_ci NOT NULL DEFAULT '0',
  PRIMARY KEY (`id`),
  UNIQUE KEY `craft_emailmessages_key_locale_unq_idx` (`key`,`locale`),
  KEY `craft_emailmessages_locale_fk` (`locale`)
) ENGINE=InnoDB DEFAULT CHARSET=utf8 COLLATE=utf8_unicode_ci;

DROP TABLE IF EXISTS `craft_entries`;


--
-- Schema for table `craft_entries`
--
CREATE TABLE `craft_entries` (
  `id` int(11) NOT NULL,
  `sectionId` int(11) NOT NULL,
  `typeId` int(11) DEFAULT NULL,
  `authorId` int(11) DEFAULT NULL,
  `postDate` datetime DEFAULT NULL,
  `expiryDate` datetime DEFAULT NULL,
  `dateCreated` datetime NOT NULL,
  `dateUpdated` datetime NOT NULL,
  `uid` char(36) COLLATE utf8_unicode_ci NOT NULL DEFAULT '0',
  PRIMARY KEY (`id`),
  KEY `craft_entries_sectionId_idx` (`sectionId`),
  KEY `craft_entries_typeId_idx` (`typeId`),
  KEY `craft_entries_postDate_idx` (`postDate`),
  KEY `craft_entries_expiryDate_idx` (`expiryDate`),
  KEY `craft_entries_authorId_fk` (`authorId`)
) ENGINE=InnoDB DEFAULT CHARSET=utf8 COLLATE=utf8_unicode_ci;

--
-- Data for table `craft_entries`
--

INSERT INTO `craft_entries` (`id`, `sectionId`, `typeId`, `authorId`, `postDate`, `expiryDate`, `dateCreated`, `dateUpdated`, `uid`) VALUES
 ('3', '2', '2', '1', '2017-06-09 17:32:25', NULL, '2017-06-09 17:32:25', '2017-06-09 17:32:25', 'd913a1fd-d85d-4556-9aa6-9aa4534fabe8'),
 ('28', '7', '7', '1', '2017-06-09 20:34:00', NULL, '2017-06-09 20:34:58', '2017-06-14 14:56:28', 'fa934232-b858-4597-ae3b-0462f7bd61a5'),
 ('35', '8', '8', '1', '2017-06-15 15:05:00', NULL, '2017-06-15 15:05:59', '2017-06-15 16:17:13', 'e07bcf2b-5cc2-4a90-b45c-4b0310ef76b4'),
 ('53', '3', '3', '1', '2017-06-16 01:49:48', NULL, '2017-06-16 01:49:51', '2017-06-16 01:49:51', '46da1f26-6d95-44f0-8ae6-cdfe97ff1092');



DROP TABLE IF EXISTS `craft_entrydrafts`;


--
-- Schema for table `craft_entrydrafts`
--
CREATE TABLE `craft_entrydrafts` (
  `id` int(11) NOT NULL AUTO_INCREMENT,
  `entryId` int(11) NOT NULL,
  `sectionId` int(11) NOT NULL,
  `creatorId` int(11) NOT NULL,
  `locale` char(12) COLLATE utf8_unicode_ci NOT NULL,
  `name` varchar(255) COLLATE utf8_unicode_ci NOT NULL,
  `notes` tinytext COLLATE utf8_unicode_ci,
  `data` mediumtext COLLATE utf8_unicode_ci NOT NULL,
  `dateCreated` datetime NOT NULL,
  `dateUpdated` datetime NOT NULL,
  `uid` char(36) COLLATE utf8_unicode_ci NOT NULL DEFAULT '0',
  PRIMARY KEY (`id`),
  KEY `craft_entrydrafts_entryId_locale_idx` (`entryId`,`locale`),
  KEY `craft_entrydrafts_sectionId_fk` (`sectionId`),
  KEY `craft_entrydrafts_creatorId_fk` (`creatorId`),
  KEY `craft_entrydrafts_locale_fk` (`locale`)
) ENGINE=InnoDB DEFAULT CHARSET=utf8 COLLATE=utf8_unicode_ci;

DROP TABLE IF EXISTS `craft_entrytypes`;


--
-- Schema for table `craft_entrytypes`
--
CREATE TABLE `craft_entrytypes` (
  `id` int(11) NOT NULL AUTO_INCREMENT,
  `sectionId` int(11) NOT NULL,
  `fieldLayoutId` int(11) DEFAULT NULL,
  `name` varchar(255) COLLATE utf8_unicode_ci NOT NULL,
  `handle` varchar(255) COLLATE utf8_unicode_ci NOT NULL,
  `hasTitleField` tinyint(1) unsigned NOT NULL DEFAULT '1',
  `titleLabel` varchar(255) COLLATE utf8_unicode_ci DEFAULT 'Title',
  `titleFormat` varchar(255) COLLATE utf8_unicode_ci DEFAULT NULL,
  `sortOrder` smallint(6) unsigned DEFAULT NULL,
  `dateCreated` datetime NOT NULL,
  `dateUpdated` datetime NOT NULL,
  `uid` char(36) COLLATE utf8_unicode_ci NOT NULL DEFAULT '0',
  PRIMARY KEY (`id`),
  UNIQUE KEY `craft_entrytypes_name_sectionId_unq_idx` (`name`,`sectionId`),
  UNIQUE KEY `craft_entrytypes_handle_sectionId_unq_idx` (`handle`,`sectionId`),
  KEY `craft_entrytypes_sectionId_fk` (`sectionId`),
  KEY `craft_entrytypes_fieldLayoutId_fk` (`fieldLayoutId`)
) ENGINE=InnoDB AUTO_INCREMENT=10 DEFAULT CHARSET=utf8 COLLATE=utf8_unicode_ci;

--
-- Data for table `craft_entrytypes`
--

INSERT INTO `craft_entrytypes` (`id`, `sectionId`, `fieldLayoutId`, `name`, `handle`, `hasTitleField`, `titleLabel`, `titleFormat`, `sortOrder`, `dateCreated`, `dateUpdated`, `uid`) VALUES
 ('2', '2', '5', 'News', 'news', '1', 'Title', NULL, '1', '2017-06-09 17:32:25', '2017-06-09 17:32:25', 'c95c1539-e40a-40a4-a6a8-d45ec7aa3925'),
 ('3', '3', '627', 'Work', 'work', '1', 'Title', NULL, '1', '2017-06-09 17:52:37', '2017-06-16 01:51:22', 'd72fcbe9-2000-4bbd-95d2-8e38f6ddb720'),
 ('7', '7', '107', 'Page', 'page', '1', 'Title', NULL, '1', '2017-06-09 20:34:58', '2017-06-14 14:51:10', '080cb984-f0b5-4bd9-a6c7-9d2a262cbfef'),
 ('8', '8', '135', 'Team', 'team', '1', 'Full Name', NULL, '1', '2017-06-15 14:56:59', '2017-06-15 16:34:44', 'f5c64758-9b27-47f7-9fea-b36a0a61bc92');



DROP TABLE IF EXISTS `craft_entryversions`;


--
-- Schema for table `craft_entryversions`
--
CREATE TABLE `craft_entryversions` (
  `id` int(11) NOT NULL AUTO_INCREMENT,
  `entryId` int(11) NOT NULL,
  `sectionId` int(11) NOT NULL,
  `creatorId` int(11) DEFAULT NULL,
  `locale` char(12) COLLATE utf8_unicode_ci NOT NULL,
  `num` smallint(6) unsigned NOT NULL,
  `notes` tinytext COLLATE utf8_unicode_ci,
  `data` mediumtext COLLATE utf8_unicode_ci NOT NULL,
  `dateCreated` datetime NOT NULL,
  `dateUpdated` datetime NOT NULL,
  `uid` char(36) COLLATE utf8_unicode_ci NOT NULL DEFAULT '0',
  PRIMARY KEY (`id`),
  KEY `craft_entryversions_entryId_locale_idx` (`entryId`,`locale`),
  KEY `craft_entryversions_sectionId_fk` (`sectionId`),
  KEY `craft_entryversions_creatorId_fk` (`creatorId`),
  KEY `craft_entryversions_locale_fk` (`locale`)
) ENGINE=InnoDB AUTO_INCREMENT=22 DEFAULT CHARSET=utf8 COLLATE=utf8_unicode_ci;

--
-- Data for table `craft_entryversions`
--

INSERT INTO `craft_entryversions` (`id`, `entryId`, `sectionId`, `creatorId`, `locale`, `num`, `notes`, `data`, `dateCreated`, `dateUpdated`, `uid`) VALUES
 ('3', '3', '2', '1', 'en_us', '1', NULL, '{\"typeId\":\"2\",\"authorId\":\"1\",\"title\":\"We just installed Craft!\",\"slug\":\"we-just-installed-craft\",\"postDate\":1497029545,\"expiryDate\":null,\"enabled\":1,\"parentId\":null,\"fields\":[]}', '2017-06-09 17:32:25', '2017-06-09 17:32:25', '359f7de3-0a1c-4a83-90bc-a34e8e04bb58'),
 ('6', '28', '7', '1', 'en_us', '1', NULL, '{\"typeId\":\"7\",\"authorId\":null,\"title\":\"Page\",\"slug\":\"page\",\"postDate\":1497040498,\"expiryDate\":null,\"enabled\":1,\"parentId\":null,\"fields\":[]}', '2017-06-09 20:34:58', '2017-06-09 20:34:58', '01cc8b74-882d-4290-b687-123b25c04195'),
 ('7', '28', '7', '1', 'en_us', '2', '', '{\"typeId\":null,\"authorId\":\"1\",\"title\":\"Pages\",\"slug\":\"page\",\"postDate\":1497040440,\"expiryDate\":null,\"enabled\":1,\"parentId\":null,\"fields\":{\"3\":{\"new1\":{\"type\":\"masthead\",\"enabled\":\"1\",\"fields\":{\"image\":{\"new1\":{\"type\":\"1\",\"fields\":{\"mobileImage\":\"\",\"desktopImage\":\"\"}}},\"subtitle\":\"\",\"primaryTitle\":\"\"}},\"new2\":{\"type\":\"videogallery\",\"enabled\":\"1\",\"fields\":{\"videoGallery\":{\"new1\":{\"type\":\"3\",\"fields\":{\"video\":[\"29\"],\"caption\":\"\"}}}}}}}}', '2017-06-12 20:16:39', '2017-06-12 20:16:39', 'a67ccbc0-5580-4c7b-8c7d-9c376c6e0b29'),
 ('8', '28', '7', '1', 'en_us', '3', '', '{\"typeId\":\"7\",\"authorId\":\"1\",\"title\":\"Homepage\",\"slug\":\"_home_\",\"postDate\":1497040440,\"expiryDate\":null,\"enabled\":1,\"parentId\":null,\"fields\":{\"3\":{\"30\":{\"type\":\"masthead\",\"enabled\":\"1\",\"fields\":{\"image\":{\"31\":{\"type\":\"1\",\"fields\":{\"mobileImage\":\"\",\"desktopImage\":\"\"}}},\"subtitle\":\"\",\"primaryTitle\":\"\"}},\"32\":{\"type\":\"videogallery\",\"enabled\":\"1\",\"fields\":{\"video\":{\"33\":{\"type\":\"3\",\"fields\":{\"video\":[\"29\"],\"caption\":\"\"}}}}}}}}', '2017-06-14 14:51:28', '2017-06-14 14:51:28', 'c28010bc-3391-4ce0-a678-4b3eb281286d'),
 ('9', '28', '7', '1', 'en_us', '4', '', '{\"typeId\":\"7\",\"authorId\":\"1\",\"title\":\"Homepage\",\"slug\":\"__home__\",\"postDate\":1497040440,\"expiryDate\":null,\"enabled\":1,\"parentId\":null,\"fields\":{\"3\":{\"30\":{\"type\":\"masthead\",\"enabled\":\"1\",\"fields\":{\"image\":{\"31\":{\"type\":\"1\",\"fields\":{\"mobileImage\":\"\",\"desktopImage\":\"\"}}},\"subtitle\":\"\",\"primaryTitle\":\"\"}},\"32\":{\"type\":\"videogallery\",\"enabled\":\"1\",\"fields\":{\"video\":{\"33\":{\"type\":\"3\",\"fields\":{\"video\":[\"29\"],\"caption\":\"\"}}}}}}}}', '2017-06-14 14:54:55', '2017-06-14 14:54:55', 'adf948ad-c88f-4cf1-bb15-0c58889f1962'),
 ('10', '28', '7', '1', 'en_us', '5', '', '{\"typeId\":\"7\",\"authorId\":\"1\",\"title\":\"Homepage\",\"slug\":\"homepage\",\"postDate\":1497040440,\"expiryDate\":null,\"enabled\":1,\"parentId\":null,\"fields\":{\"3\":{\"30\":{\"type\":\"masthead\",\"enabled\":\"1\",\"fields\":{\"image\":{\"31\":{\"type\":\"1\",\"fields\":{\"mobileImage\":\"\",\"desktopImage\":\"\"}}},\"subtitle\":\"\",\"primaryTitle\":\"\"}},\"32\":{\"type\":\"videogallery\",\"enabled\":\"1\",\"fields\":{\"video\":{\"33\":{\"type\":\"3\",\"fields\":{\"video\":[\"29\"],\"caption\":\"\"}}}}}}}}', '2017-06-14 14:56:10', '2017-06-14 14:56:10', '9361c39d-f29e-4f41-b760-7b523c917f66'),
 ('11', '28', '7', '1', 'en_us', '6', '', '{\"typeId\":\"7\",\"authorId\":\"1\",\"title\":\"Homepage\",\"slug\":\"__home__\",\"postDate\":1497040440,\"expiryDate\":null,\"enabled\":1,\"parentId\":null,\"fields\":{\"3\":{\"30\":{\"type\":\"masthead\",\"enabled\":\"1\",\"fields\":{\"image\":{\"31\":{\"type\":\"1\",\"fields\":{\"mobileImage\":\"\",\"desktopImage\":\"\"}}},\"subtitle\":\"\",\"primaryTitle\":\"\"}},\"32\":{\"type\":\"videogallery\",\"enabled\":\"1\",\"fields\":{\"video\":{\"33\":{\"type\":\"3\",\"fields\":{\"video\":[\"29\"],\"caption\":\"\"}}}}}}}}', '2017-06-14 14:56:28', '2017-06-14 14:56:28', '8b29f94f-2420-4928-bb66-4ebf034a5f93'),
 ('12', '35', '8', '1', 'en_us', '1', '', '{\"typeId\":null,\"authorId\":\"1\",\"title\":\"Joanne Samson\",\"slug\":\"joanne-samson\",\"postDate\":1497539159,\"expiryDate\":null,\"enabled\":1,\"parentId\":null,\"fields\":{\"39\":{\"new1\":{\"type\":\"roles\",\"enabled\":\"1\",\"fields\":{\"role\":\"Vice President\"}},\"new2\":{\"type\":\"roles\",\"enabled\":\"1\",\"fields\":{\"role\":\"\"}}},\"42\":\"\",\"41\":{\"date\":\"\"}}}', '2017-06-15 15:05:59', '2017-06-15 15:05:59', '0b17dacf-c428-4807-a93a-2e91fb7e13d8'),
 ('13', '35', '8', '1', 'en_us', '2', '', '{\"typeId\":\"8\",\"authorId\":\"1\",\"title\":\"Joanne Samson\",\"slug\":\"joanne-samson\",\"postDate\":1497539100,\"expiryDate\":null,\"enabled\":1,\"parentId\":null,\"fields\":{\"39\":{\"36\":{\"type\":\"roles\",\"enabled\":\"1\",\"fields\":{\"role\":\"Vice President\"}},\"37\":{\"type\":\"roles\",\"enabled\":\"1\",\"fields\":{\"role\":\"\"}}},\"42\":{\"new1\":{\"type\":\"7\",\"fields\":{\"linkedin\":{\"type\":\"custom\",\"custom\":\"http:\\/\\/twitter.com\",\"target\":\"_blank\"},\"facebook\":{\"type\":\"custom\",\"custom\":\"http:\\/\\/facebook.com\",\"customText\":\"\"},\"twitter\":{\"type\":\"custom\",\"custom\":\"http:\\/\\/linkedin.com\",\"target\":\"_blank\"}}}},\"41\":{\"date\":\"\"}}}', '2017-06-15 16:04:27', '2017-06-15 16:04:27', '214eb3f4-5919-495f-8bd8-148e6c0be768'),
 ('14', '35', '8', '1', 'en_us', '3', '', '{\"typeId\":\"8\",\"authorId\":\"1\",\"title\":\"Joanne Samson\",\"slug\":\"joanne-samson\",\"postDate\":1497539100,\"expiryDate\":null,\"enabled\":1,\"parentId\":null,\"fields\":{\"39\":{\"36\":{\"type\":\"roles\",\"enabled\":\"1\",\"fields\":{\"role\":\"Vice President\"}},\"37\":{\"type\":\"roles\",\"enabled\":\"1\",\"fields\":{\"role\":\"Practice Lead\"}},\"new1\":{\"type\":\"roles\",\"enabled\":\"1\",\"fields\":{\"role\":\"Project Manager\"}}},\"42\":{\"38\":{\"type\":\"7\",\"fields\":{\"linkedin\":{\"type\":\"custom\",\"custom\":\"http:\\/\\/twitter.com\",\"target\":\"_blank\"},\"facebook\":{\"type\":\"custom\",\"custom\":\"http:\\/\\/facebook.com\",\"target\":\"_blank\"},\"twitter\":{\"type\":\"custom\",\"custom\":\"http:\\/\\/linkedin.com\",\"target\":\"_blank\"}}}},\"41\":{\"date\":\"9\\/02\\/1994\"}}}', '2017-06-15 16:17:13', '2017-06-15 16:17:13', 'c2d9dd39-cefb-4846-9c16-149ace922dbb'),
 ('21', '53', '3', '1', 'en_us', '1', '', '{\"typeId\":null,\"authorId\":\"1\",\"title\":\"The Gunnery Athletic Fields Redesign\",\"slug\":\"the-gunnery-athletic-fields-redesign\",\"postDate\":1497577788,\"expiryDate\":null,\"enabled\":1,\"parentId\":null,\"fields\":{\"3\":\"\",\"112\":[\"20\"],\"113\":[\"4\",\"5\",\"16\"]}}', '2017-06-16 01:49:51', '2017-06-16 01:49:51', '9582c4e9-6ade-44d5-a0a7-65eaa6f65da0');



DROP TABLE IF EXISTS `craft_fieldgroups`;


--
-- Schema for table `craft_fieldgroups`
--
CREATE TABLE `craft_fieldgroups` (
  `id` int(11) NOT NULL AUTO_INCREMENT,
  `name` varchar(255) COLLATE utf8_unicode_ci NOT NULL,
  `dateCreated` datetime NOT NULL,
  `dateUpdated` datetime NOT NULL,
  `uid` char(36) COLLATE utf8_unicode_ci NOT NULL DEFAULT '0',
  PRIMARY KEY (`id`),
  UNIQUE KEY `craft_fieldgroups_name_unq_idx` (`name`)
) ENGINE=InnoDB AUTO_INCREMENT=5 DEFAULT CHARSET=utf8 COLLATE=utf8_unicode_ci;

--
-- Data for table `craft_fieldgroups`
--

INSERT INTO `craft_fieldgroups` (`id`, `name`, `dateCreated`, `dateUpdated`, `uid`) VALUES
 ('1', 'Default', '2017-06-09 17:32:24', '2017-06-09 17:32:24', '4ce7cd10-c025-46b3-b63b-9d52353a798c'),
 ('2', 'Location', '2017-06-12 20:53:11', '2017-06-12 20:53:11', 'c077fbee-d5e0-4e85-8abb-956821079590'),
 ('3', 'Person', '2017-06-15 14:57:50', '2017-06-15 14:57:50', '63f7bfb6-702e-4085-8bcc-47bea387a524'),
 ('4', 'Values', '2017-06-15 19:40:17', '2017-06-16 01:53:00', '9bbbc070-e4c2-43ea-9d27-671154a24386');



DROP TABLE IF EXISTS `craft_fieldlayoutfields`;


--
-- Schema for table `craft_fieldlayoutfields`
--
CREATE TABLE `craft_fieldlayoutfields` (
  `id` int(11) NOT NULL AUTO_INCREMENT,
  `layoutId` int(11) NOT NULL,
  `tabId` int(11) NOT NULL,
  `fieldId` int(11) NOT NULL,
  `required` tinyint(1) unsigned NOT NULL DEFAULT '0',
  `sortOrder` smallint(6) unsigned DEFAULT NULL,
  `dateCreated` datetime NOT NULL,
  `dateUpdated` datetime NOT NULL,
  `uid` char(36) COLLATE utf8_unicode_ci NOT NULL DEFAULT '0',
  PRIMARY KEY (`id`),
  UNIQUE KEY `craft_fieldlayoutfields_layoutId_fieldId_unq_idx` (`layoutId`,`fieldId`),
  KEY `craft_fieldlayoutfields_sortOrder_idx` (`sortOrder`),
  KEY `craft_fieldlayoutfields_tabId_fk` (`tabId`),
  KEY `craft_fieldlayoutfields_fieldId_fk` (`fieldId`)
) ENGINE=InnoDB AUTO_INCREMENT=1442 DEFAULT CHARSET=utf8 COLLATE=utf8_unicode_ci;

--
-- Data for table `craft_fieldlayoutfields`
--

INSERT INTO `craft_fieldlayoutfields` (`id`, `layoutId`, `tabId`, `fieldId`, `required`, `sortOrder`, `dateCreated`, `dateUpdated`, `uid`) VALUES
 ('2', '5', '2', '1', '1', '1', '2017-06-09 17:32:25', '2017-06-09 17:32:25', 'cbb3c7e2-361b-4701-89aa-0d2cd39cd42d'),
 ('3', '5', '2', '2', '0', '2', '2017-06-09 17:32:25', '2017-06-09 17:32:25', '5e9cd07a-c931-4b78-a79f-a98f18673e33'),
 ('87', '62', '44', '16', '0', '1', '2017-06-12 20:32:00', '2017-06-12 20:32:00', '686982b8-5340-4b7a-a63c-44b148a0d3a6'),
 ('181', '107', '88', '3', '0', '1', '2017-06-14 14:51:10', '2017-06-14 14:51:10', 'e1972076-5cfc-4963-80a8-94b14cb87f05'),
 ('225', '128', '108', '40', '0', '1', '2017-06-15 14:59:47', '2017-06-15 14:59:47', '856927bd-e8d9-4be0-b63b-d8d85b15ebba'),
 ('226', '129', '109', '43', '0', '1', '2017-06-15 15:03:15', '2017-06-15 15:03:15', '8399c022-e96d-4d77-bcaf-be6de252dfb9'),
 ('227', '129', '109', '44', '0', '2', '2017-06-15 15:03:15', '2017-06-15 15:03:15', 'a4441d1b-25d3-4e0f-99de-ebed5007acd2'),
 ('228', '129', '109', '45', '0', '3', '2017-06-15 15:03:15', '2017-06-15 15:03:15', 'a7b8d4e4-5699-45e8-b066-9865544b48e9'),
 ('247', '134', '114', '46', '0', '1', '2017-06-15 16:16:29', '2017-06-15 16:16:29', '25f21e97-64cd-4579-a01c-4f8e095f35a9'),
 ('248', '134', '114', '47', '0', '2', '2017-06-15 16:16:29', '2017-06-15 16:16:29', 'b66f3adc-c14b-41f2-8e23-494c9f42ba57'),
 ('249', '134', '114', '48', '0', '3', '2017-06-15 16:16:29', '2017-06-15 16:16:29', '1dc5342d-b4fa-4f59-a99a-000e7fe014b8'),
 ('250', '135', '115', '39', '0', '1', '2017-06-15 16:34:44', '2017-06-15 16:34:44', '9201e897-fbfc-4c2b-b219-548ca74306d4'),
 ('251', '135', '115', '42', '0', '2', '2017-06-15 16:34:44', '2017-06-15 16:34:44', 'd66117f2-92e8-4065-8a13-58bfe2f85dd0'),
 ('252', '135', '115', '41', '0', '3', '2017-06-15 16:34:44', '2017-06-15 16:34:44', '389e19d4-9b35-4063-97df-206c8d098d2e'),
 ('253', '135', '115', '49', '0', '4', '2017-06-15 16:34:44', '2017-06-15 16:34:44', 'cd62850c-c949-476c-97b2-48a394dceba0'),
 ('254', '135', '115', '50', '0', '5', '2017-06-15 16:34:44', '2017-06-15 16:34:44', '9a1cd3f9-6d2e-42b0-9f0d-45e575e74695'),
 ('1060', '482', '457', '103', '0', '1', '2017-06-15 19:42:14', '2017-06-15 19:42:14', '1bb4c5c5-0e17-4bad-b946-bee348c2ae5d'),
 ('1061', '482', '457', '104', '0', '2', '2017-06-15 19:42:14', '2017-06-15 19:42:14', '79295421-d22e-40a4-9171-89bd3bdedfbf'),
 ('1062', '482', '457', '105', '0', '3', '2017-06-15 19:42:14', '2017-06-15 19:42:14', 'c6458c98-2444-4a07-9575-2c1567287b18'),
 ('1293', '580', '554', '5', '0', '1', '2017-06-15 20:28:39', '2017-06-15 20:28:39', '8cf46c03-349e-4258-bc0b-2d4b96462eee'),
 ('1294', '580', '554', '6', '0', '2', '2017-06-15 20:28:39', '2017-06-15 20:28:39', 'a399e1b3-000a-459a-b3e6-186f1ecd0d38'),
 ('1295', '581', '555', '4', '0', '1', '2017-06-15 20:28:39', '2017-06-15 20:28:39', '6e4c7d27-34c9-4e18-8e1e-adb3af05e653'),
 ('1296', '581', '555', '8', '0', '2', '2017-06-15 20:28:39', '2017-06-15 20:28:39', 'b7a9eb72-7f03-4ec3-b01a-6a17fcf97982'),
 ('1297', '581', '555', '7', '0', '3', '2017-06-15 20:28:39', '2017-06-15 20:28:39', '98122637-8ab9-465a-99a4-25ab5b1807f0'),
 ('1298', '582', '556', '13', '0', '1', '2017-06-15 20:28:40', '2017-06-15 20:28:40', '4a7e2c84-f01f-46e9-8696-29fc7c12d739'),
 ('1299', '582', '556', '14', '0', '2', '2017-06-15 20:28:40', '2017-06-15 20:28:40', 'b9412fa3-d30c-4299-98b5-122cecea9196'),
 ('1300', '583', '557', '12', '0', '1', '2017-06-15 20:28:40', '2017-06-15 20:28:40', '02ee0fae-f451-4e20-a5dd-5ed485cdb3b5'),
 ('1301', '584', '558', '17', '0', '1', '2017-06-15 20:28:40', '2017-06-15 20:28:40', '1726ac5b-4a69-4f67-8f36-8a662f47c1f5'),
 ('1302', '584', '558', '15', '1', '2', '2017-06-15 20:28:40', '2017-06-15 20:28:40', '348cd320-5158-42e9-936d-1054aeed951c'),
 ('1303', '585', '559', '18', '0', '1', '2017-06-15 20:28:40', '2017-06-15 20:28:40', 'c61b07ae-688a-4a55-9aad-57732805e84e'),
 ('1304', '585', '559', '19', '0', '2', '2017-06-15 20:28:40', '2017-06-15 20:28:40', '70ac0efc-963d-47f7-803f-fe091feaebda'),
 ('1305', '585', '559', '20', '0', '3', '2017-06-15 20:28:40', '2017-06-15 20:28:40', 'a658233a-5f48-4395-8e36-db9c256525ca'),
 ('1306', '586', '560', '29', '0', '1', '2017-06-15 20:28:40', '2017-06-15 20:28:40', 'e33166b0-1605-4dc4-9f3c-34d8d5226b6c'),
 ('1307', '586', '560', '30', '0', '2', '2017-06-15 20:28:40', '2017-06-15 20:28:40', 'c5fecedc-2494-4390-89f0-5bfe5942d14f'),
 ('1308', '586', '560', '31', '0', '3', '2017-06-15 20:28:40', '2017-06-15 20:28:40', '31c96d65-5b50-4715-bee1-7644121e471f'),
 ('1309', '587', '561', '34', '0', '1', '2017-06-15 20:28:40', '2017-06-15 20:28:40', '45e5241d-a668-4e6c-9933-b67f1a401fb4'),
 ('1310', '587', '561', '35', '0', '2', '2017-06-15 20:28:40', '2017-06-15 20:28:40', 'bb1c3c81-b55a-4f43-bef8-4c36596ad139'),
 ('1311', '588', '562', '28', '0', '1', '2017-06-15 20:28:40', '2017-06-15 20:28:40', '5994e6cc-cd23-4b29-9416-5effda9795f0'),
 ('1312', '588', '562', '32', '0', '2', '2017-06-15 20:28:40', '2017-06-15 20:28:40', '2352c95e-fd43-4c4f-bd67-5b25e04f8b88'),
 ('1313', '588', '562', '33', '0', '3', '2017-06-15 20:28:40', '2017-06-15 20:28:40', '68e53edd-6359-42db-b967-9d61015742b7'),
 ('1314', '589', '563', '36', '0', '1', '2017-06-15 20:28:40', '2017-06-15 20:28:40', '27b6aaaf-c504-4e76-9b04-452a0a1f3208'),
 ('1315', '590', '564', '51', '0', '1', '2017-06-15 20:28:40', '2017-06-15 20:28:40', 'd5dd52e2-a1ea-43db-bf30-d200ee1fe908'),
 ('1316', '591', '565', '52', '0', '1', '2017-06-15 20:28:40', '2017-06-15 20:28:40', '8b9fc18c-602f-41e1-84a2-11135e93c0a5'),
 ('1317', '591', '565', '53', '0', '2', '2017-06-15 20:28:40', '2017-06-15 20:28:40', '14662572-a828-4538-8ddd-91fc5b2acc17'),
 ('1318', '592', '566', '57', '0', '1', '2017-06-15 20:28:40', '2017-06-15 20:28:40', '5bea8e5c-57c3-4cdf-b395-905195ddef76'),
 ('1319', '593', '567', '54', '0', '1', '2017-06-15 20:28:40', '2017-06-15 20:28:40', '5e9eb2fd-c930-4b48-b58e-1f6aa99ee218'),
 ('1320', '593', '567', '55', '0', '2', '2017-06-15 20:28:40', '2017-06-15 20:28:40', 'e62848e3-8a6d-43b4-a71f-ca2b7a430112'),
 ('1321', '593', '567', '56', '0', '3', '2017-06-15 20:28:40', '2017-06-15 20:28:40', '86b6c8fc-9991-4e84-99c5-667691c07c10'),
 ('1322', '594', '568', '58', '0', '1', '2017-06-15 20:28:41', '2017-06-15 20:28:41', '19ff1165-ebe1-4753-a195-e2adb3022fb5'),
 ('1323', '594', '568', '59', '0', '2', '2017-06-15 20:28:41', '2017-06-15 20:28:41', '352198a4-ce92-40cb-b488-5eff709e4ff5'),
 ('1324', '595', '569', '71', '0', '1', '2017-06-15 20:28:41', '2017-06-15 20:28:41', '099e5734-06cf-4564-831f-b24ef8343af9'),
 ('1325', '596', '570', '60', '0', '1', '2017-06-15 20:28:41', '2017-06-15 20:28:41', 'bbd1005d-7f13-43ad-a933-0ab8c51ced71'),
 ('1326', '596', '570', '61', '0', '2', '2017-06-15 20:28:41', '2017-06-15 20:28:41', 'bbd5367c-e223-49e7-8cfc-c8d9bc75cb19'),
 ('1327', '596', '570', '62', '0', '3', '2017-06-15 20:28:41', '2017-06-15 20:28:41', '2f726197-2549-4411-8dc7-82c17d1c5f57'),
 ('1328', '596', '570', '70', '0', '4', '2017-06-15 20:28:41', '2017-06-15 20:28:41', '77066dc8-74e1-4108-b2b3-36da7f458433'),
 ('1329', '596', '570', '63', '0', '5', '2017-06-15 20:28:41', '2017-06-15 20:28:41', 'b46201a0-5fbb-411f-a190-ae376382527d'),
 ('1330', '596', '570', '64', '0', '6', '2017-06-15 20:28:41', '2017-06-15 20:28:41', '2149f300-71ce-4bff-952b-646764250d14'),
 ('1331', '597', '571', '73', '0', '1', '2017-06-15 20:28:41', '2017-06-15 20:28:41', 'bb33d3fa-62d8-4255-9e3c-f9cb9a8b32be'),
 ('1332', '598', '572', '65', '0', '1', '2017-06-15 20:28:41', '2017-06-15 20:28:41', 'dfdd361f-8573-426e-bf72-d598115a23ac'),
 ('1333', '598', '572', '66', '0', '2', '2017-06-15 20:28:41', '2017-06-15 20:28:41', '271b87f4-a658-4949-97ba-e7844a112f5a'),
 ('1334', '598', '572', '67', '0', '3', '2017-06-15 20:28:41', '2017-06-15 20:28:41', 'fe61c494-9cbe-4b4e-be56-d8c160af173e'),
 ('1335', '598', '572', '72', '0', '4', '2017-06-15 20:28:41', '2017-06-15 20:28:41', '13292c67-f3aa-41a1-a388-b53c569401f0'),
 ('1336', '598', '572', '68', '0', '5', '2017-06-15 20:28:41', '2017-06-15 20:28:41', 'd59e0272-02f9-4f75-8fcc-ddd973e1c348'),
 ('1337', '598', '572', '69', '0', '6', '2017-06-15 20:28:41', '2017-06-15 20:28:41', 'c274be0d-8af7-4071-947b-a25af0d2b5df'),
 ('1338', '599', '573', '74', '0', '1', '2017-06-15 20:28:41', '2017-06-15 20:28:41', 'd3e9748e-d8f0-4c43-a7d6-166c89548a5d'),
 ('1339', '599', '573', '75', '0', '2', '2017-06-15 20:28:41', '2017-06-15 20:28:41', 'd7eb4a0d-a50a-4f22-b95d-cb86a39823bc'),
 ('1340', '600', '574', '79', '0', '1', '2017-06-15 20:28:41', '2017-06-15 20:28:41', 'd93f7a88-92ef-4a48-bcfa-e8cbabe898ab'),
 ('1341', '600', '574', '80', '0', '2', '2017-06-15 20:28:41', '2017-06-15 20:28:41', '3edb8a27-4229-47b4-9995-e43d0c91af31'),
 ('1342', '600', '574', '81', '0', '3', '2017-06-15 20:28:41', '2017-06-15 20:28:41', 'f33d1d86-5aff-4de0-a3cd-60d7c3f972d3'),
 ('1343', '601', '575', '76', '0', '1', '2017-06-15 20:28:41', '2017-06-15 20:28:41', 'bbe108dc-ca5e-4005-bf00-9e1cc8776e33'),
 ('1344', '601', '575', '77', '0', '2', '2017-06-15 20:28:41', '2017-06-15 20:28:41', '16251d33-cac1-4e00-9605-839554653b7d'),
 ('1345', '601', '575', '78', '0', '3', '2017-06-15 20:28:41', '2017-06-15 20:28:41', 'c23a5074-d213-4216-b49e-62e4f1c07a08'),
 ('1346', '602', '576', '85', '0', '1', '2017-06-15 20:28:42', '2017-06-15 20:28:42', '93dd6ac5-716f-4593-bd1b-ded21c4cd12f'),
 ('1347', '602', '576', '86', '0', '2', '2017-06-15 20:28:42', '2017-06-15 20:28:42', 'b31e33a0-e36f-484b-8931-87523904270d'),
 ('1348', '602', '576', '87', '0', '3', '2017-06-15 20:28:42', '2017-06-15 20:28:42', 'd6294b96-11de-4d92-9d3e-bff5f51b4d39'),
 ('1349', '603', '577', '82', '0', '1', '2017-06-15 20:28:42', '2017-06-15 20:28:42', '874fb80d-ad58-425b-bce9-7667c677215e'),
 ('1350', '603', '577', '83', '0', '2', '2017-06-15 20:28:42', '2017-06-15 20:28:42', '4d643bb3-9d88-4e17-a2cd-efac571fba35'),
 ('1351', '603', '577', '84', '0', '3', '2017-06-15 20:28:42', '2017-06-15 20:28:42', '83689a67-9953-4b21-8eb3-5f357b95bc20'),
 ('1352', '604', '578', '91', '0', '1', '2017-06-15 20:28:42', '2017-06-15 20:28:42', '912115e4-dbd4-4b21-86a0-89cd64a96d36'),
 ('1353', '604', '578', '92', '0', '2', '2017-06-15 20:28:42', '2017-06-15 20:28:42', 'dd4179b4-83eb-4644-880f-2890882fcaa6'),
 ('1354', '604', '578', '93', '0', '3', '2017-06-15 20:28:42', '2017-06-15 20:28:42', '6459aae6-f343-44e3-a204-6e6996cf6f1b'),
 ('1355', '605', '579', '88', '0', '1', '2017-06-15 20:28:42', '2017-06-15 20:28:42', '23c050c1-69be-4b5b-8309-22e1a2f53bad'),
 ('1356', '605', '579', '89', '0', '2', '2017-06-15 20:28:42', '2017-06-15 20:28:42', '2d8b0a65-db65-48d3-b554-893b9859e55e'),
 ('1357', '605', '579', '90', '0', '3', '2017-06-15 20:28:42', '2017-06-15 20:28:42', '11b7ecb9-4538-4255-a0e2-dfbee67fcfa5'),
 ('1358', '606', '580', '97', '0', '1', '2017-06-15 20:28:42', '2017-06-15 20:28:42', 'fca9caa8-cb24-4e96-b721-f0e7ca4252c2'),
 ('1359', '607', '581', '99', '0', '1', '2017-06-15 20:28:42', '2017-06-15 20:28:42', '4d9bb656-4e54-4f95-9db5-bde55100cd0b'),
 ('1360', '607', '581', '100', '0', '2', '2017-06-15 20:28:42', '2017-06-15 20:28:42', 'c9e6c0b4-41ca-4b6b-961b-a755790d80a2'),
 ('1361', '608', '582', '94', '0', '1', '2017-06-15 20:28:42', '2017-06-15 20:28:42', 'fc231aef-cd4e-4830-ae3d-b605268edfb2'),
 ('1362', '608', '582', '95', '0', '2', '2017-06-15 20:28:42', '2017-06-15 20:28:42', 'ecdd253a-1d64-44b2-a330-06dcecb77f4a'),
 ('1363', '608', '582', '96', '0', '3', '2017-06-15 20:28:42', '2017-06-15 20:28:42', 'df902678-dc1f-4539-8a35-74a5d9c7c40d'),
 ('1364', '608', '582', '98', '0', '4', '2017-06-15 20:28:42', '2017-06-15 20:28:42', '288e4a00-1760-472d-b880-7efaf6b4e356'),
 ('1365', '609', '583', '106', '0', '1', '2017-06-15 20:28:42', '2017-06-15 20:28:42', '8b5abd30-a6f7-4a9f-a8b1-a724bd4b547c'),
 ('1366', '610', '584', '110', '0', '1', '2017-06-15 20:28:42', '2017-06-15 20:28:42', '35123cc3-e332-4fa5-8f5a-7b1db24d9bb4'),
 ('1367', '610', '584', '111', '0', '2', '2017-06-15 20:28:42', '2017-06-15 20:28:42', '578ea6d9-a6d3-4be6-b6ba-ecdbcae39210'),
 ('1368', '611', '585', '107', '0', '1', '2017-06-15 20:28:42', '2017-06-15 20:28:42', '49d3c028-8039-492f-a374-f73681c6b2fa'),
 ('1369', '611', '585', '108', '0', '2', '2017-06-15 20:28:42', '2017-06-15 20:28:42', 'c4f10aeb-a29c-4d7a-9bc3-685af52ec734'),
 ('1370', '611', '585', '109', '0', '3', '2017-06-15 20:28:42', '2017-06-15 20:28:42', '641bcca0-4dbf-4a30-8a81-99f2eb30f867'),
 ('1372', '616', '589', '3', '0', '1', '2017-06-15 21:32:53', '2017-06-15 21:32:53', '3317aa64-c9ec-4494-8462-9f77c8d84de2'),
 ('1373', '617', '590', '3', '0', '1', '2017-06-15 21:33:07', '2017-06-15 21:33:07', 'ecfd0ac2-0c45-405f-8618-1929a8048e11'),
 ('1378', '620', '594', '121', '0', '1', '2017-06-15 22:13:15', '2017-06-15 22:13:15', 'c1fb2199-9b56-4222-84e3-d84c00efa554');
INSERT INTO `craft_fieldlayoutfields` (`id`, `layoutId`, `tabId`, `fieldId`, `required`, `sortOrder`, `dateCreated`, `dateUpdated`, `uid`) VALUES
 ('1428', '626', '600', '116', '0', '1', '2017-06-15 22:22:33', '2017-06-15 22:22:33', '43ecd62a-0eb2-465d-ba65-f66177877508'),
 ('1429', '626', '600', '117', '0', '2', '2017-06-15 22:22:33', '2017-06-15 22:22:33', 'd928e7ac-7675-4c81-b5f4-6f7864c20d99'),
 ('1430', '626', '600', '115', '0', '3', '2017-06-15 22:22:33', '2017-06-15 22:22:33', 'a5b73485-a4d3-4034-81aa-1e20be9331cb'),
 ('1431', '626', '600', '114', '0', '4', '2017-06-15 22:22:33', '2017-06-15 22:22:33', '3155e74a-cb1e-4130-9dd9-87a6553586f5'),
 ('1432', '626', '600', '124', '0', '5', '2017-06-15 22:22:33', '2017-06-15 22:22:33', 'c1adf0d5-3498-440d-b4c2-da39ea221005'),
 ('1433', '626', '600', '118', '0', '6', '2017-06-15 22:22:33', '2017-06-15 22:22:33', '0b4b0f85-2073-43df-8215-af6ee26cc80c'),
 ('1434', '626', '600', '113', '0', '7', '2017-06-15 22:22:33', '2017-06-15 22:22:33', '79acd9b8-911c-40e6-9547-9f62efd712eb'),
 ('1435', '626', '600', '123', '0', '8', '2017-06-15 22:22:33', '2017-06-15 22:22:33', '8df771a1-39f1-4d81-a525-da1a9a918960'),
 ('1436', '626', '600', '122', '0', '9', '2017-06-15 22:22:33', '2017-06-15 22:22:33', 'b79c5f8c-b4aa-4ab4-aee3-f30e15b7823d'),
 ('1437', '626', '600', '120', '0', '10', '2017-06-15 22:22:33', '2017-06-15 22:22:33', '4ca7c7dc-0963-4907-97ab-23c2cc112ca5'),
 ('1438', '626', '600', '125', '0', '11', '2017-06-15 22:22:33', '2017-06-15 22:22:33', 'd5d47f7b-e6cd-46c3-9e08-7d8a3d17f423'),
 ('1439', '627', '601', '112', '0', '1', '2017-06-16 01:51:22', '2017-06-16 01:51:22', '6c1ecbe6-0b39-4268-8079-7a4b318d07e4'),
 ('1440', '627', '601', '113', '0', '2', '2017-06-16 01:51:22', '2017-06-16 01:51:22', 'ad56c6a5-ab9b-4834-907d-f75b9b2f928d'),
 ('1441', '627', '602', '3', '0', '1', '2017-06-16 01:51:22', '2017-06-16 01:51:22', 'e1eca9c2-113d-42d6-a099-835a1f76090a');



DROP TABLE IF EXISTS `craft_fieldlayouts`;


--
-- Schema for table `craft_fieldlayouts`
--
CREATE TABLE `craft_fieldlayouts` (
  `id` int(11) NOT NULL AUTO_INCREMENT,
  `type` varchar(150) COLLATE utf8_unicode_ci NOT NULL,
  `dateCreated` datetime NOT NULL,
  `dateUpdated` datetime NOT NULL,
  `uid` char(36) COLLATE utf8_unicode_ci NOT NULL DEFAULT '0',
  PRIMARY KEY (`id`),
  KEY `craft_fieldlayouts_type_idx` (`type`)
) ENGINE=InnoDB AUTO_INCREMENT=628 DEFAULT CHARSET=utf8 COLLATE=utf8_unicode_ci;

--
-- Data for table `craft_fieldlayouts`
--

INSERT INTO `craft_fieldlayouts` (`id`, `type`, `dateCreated`, `dateUpdated`, `uid`) VALUES
 ('1', 'Tag', '2017-06-09 17:32:24', '2017-06-09 17:32:24', '217dfe9a-6d5b-4347-b51f-1799406bf347'),
 ('5', 'Entry', '2017-06-09 17:32:25', '2017-06-09 17:32:25', '17d6608f-09e5-4b7b-9ef7-03a91d3a90c5'),
 ('20', 'Navee_Node', '2017-06-09 20:30:45', '2017-06-09 20:30:45', '4911b1a7-4103-4d0f-96f4-2ec92bd37f09'),
 ('48', 'Asset', '2017-06-12 20:04:24', '2017-06-12 20:04:24', '968078a9-41f5-483f-8745-a6d57a5e6aa6'),
 ('49', 'Asset', '2017-06-12 20:04:40', '2017-06-12 20:04:40', '34aec3e4-619e-4623-9ad8-59c06bf69d10'),
 ('62', 'SuperTable_Block', '2017-06-12 20:32:00', '2017-06-12 20:32:00', '15b86109-6593-41ed-bb5d-c2b7833a5080'),
 ('107', 'Entry', '2017-06-14 14:51:10', '2017-06-14 14:51:10', '72befdef-5731-46d3-bd63-56ab3e78d74e'),
 ('128', 'MatrixBlock', '2017-06-15 14:59:47', '2017-06-15 14:59:47', '9dd4b181-bc65-406e-a3d9-1b7e2391a0a5'),
 ('129', 'MatrixBlock', '2017-06-15 15:03:15', '2017-06-15 15:03:15', 'e18a13f2-8837-4d8a-8eeb-de03f86788a3'),
 ('134', 'SuperTable_Block', '2017-06-15 16:16:29', '2017-06-15 16:16:29', '49872598-27d2-44d8-a883-880815b449b8'),
 ('135', 'Entry', '2017-06-15 16:34:44', '2017-06-15 16:34:44', '4e1b96ed-3e86-4529-a0d8-451fd1938eee'),
 ('205', 'Asset', '2017-06-15 18:31:22', '2017-06-15 18:31:22', '72fcb3a1-c958-4420-8ec7-a0dcb26a9959'),
 ('280', 'Asset', '2017-06-15 18:58:34', '2017-06-15 18:58:34', '822ec396-ac55-4381-9e05-88aa7ca85216'),
 ('397', 'Asset', '2017-06-15 19:25:13', '2017-06-15 19:25:13', 'b3738a97-a2cc-4e6f-ba70-3b10f1e1a5d3'),
 ('482', 'MatrixBlock', '2017-06-15 19:42:14', '2017-06-15 19:42:14', '8160199d-cd3c-4f19-a06c-4ef252ce504e'),
 ('546', 'Asset', '2017-06-15 20:22:13', '2017-06-15 20:22:13', '01d178f0-b44f-4947-9f2f-07830ef07278'),
 ('580', 'SuperTable_Block', '2017-06-15 20:28:39', '2017-06-15 20:28:39', 'a08876a4-c0da-4917-a5de-23a8f9fab6a8'),
 ('581', 'MatrixBlock', '2017-06-15 20:28:39', '2017-06-15 20:28:39', '4cc9d139-9b6b-4281-9d2d-946e9dcbf212'),
 ('582', 'SuperTable_Block', '2017-06-15 20:28:40', '2017-06-15 20:28:40', '0d533e6f-1b21-49fb-aa16-a581d28cad66'),
 ('583', 'MatrixBlock', '2017-06-15 20:28:40', '2017-06-15 20:28:40', '18635d71-2461-46e0-a86b-73a83add7f80'),
 ('584', 'MatrixBlock', '2017-06-15 20:28:40', '2017-06-15 20:28:40', '8300da6f-b0e3-476c-af3a-77fad40853d3'),
 ('585', 'MatrixBlock', '2017-06-15 20:28:40', '2017-06-15 20:28:40', 'dd706909-6d21-4472-95ca-e7edcd921fe9'),
 ('586', 'SuperTable_Block', '2017-06-15 20:28:40', '2017-06-15 20:28:40', 'ca461ca8-dc13-428c-a4ba-0d50f247cd6b'),
 ('587', 'SuperTable_Block', '2017-06-15 20:28:40', '2017-06-15 20:28:40', 'e96f0730-1c5f-4883-b2ab-35c2b8025622'),
 ('588', 'MatrixBlock', '2017-06-15 20:28:40', '2017-06-15 20:28:40', '298c871b-f960-44f0-b3f8-707bf58ebc57'),
 ('589', 'MatrixBlock', '2017-06-15 20:28:40', '2017-06-15 20:28:40', 'beb409da-0414-457b-ab4d-815a16b3c715'),
 ('590', 'MatrixBlock', '2017-06-15 20:28:40', '2017-06-15 20:28:40', '8e05d205-c4b2-4c60-bbc0-dcee7ec99d5c'),
 ('591', 'MatrixBlock', '2017-06-15 20:28:40', '2017-06-15 20:28:40', 'c7a9871f-ad93-491d-83ee-f1f124caa853'),
 ('592', 'SuperTable_Block', '2017-06-15 20:28:40', '2017-06-15 20:28:40', '4efec4d8-ad5d-4678-8e18-1ea612a2b6c9'),
 ('593', 'MatrixBlock', '2017-06-15 20:28:40', '2017-06-15 20:28:40', '652a33df-4392-463b-bec9-4feb2d9844ca'),
 ('594', 'MatrixBlock', '2017-06-15 20:28:40', '2017-06-15 20:28:40', 'cca57d41-e467-4b73-a4b1-a9eed402ff69'),
 ('595', 'SuperTable_Block', '2017-06-15 20:28:41', '2017-06-15 20:28:41', 'c8be4e08-ba6b-411b-a9d4-d5e380886a45'),
 ('596', 'MatrixBlock', '2017-06-15 20:28:41', '2017-06-15 20:28:41', '8f38389e-4d19-493c-baa7-c79527d5d56e'),
 ('597', 'SuperTable_Block', '2017-06-15 20:28:41', '2017-06-15 20:28:41', '16c825d1-0e00-4a3f-aba1-a9ed54aece64'),
 ('598', 'MatrixBlock', '2017-06-15 20:28:41', '2017-06-15 20:28:41', '66225b80-125b-4fd3-9864-ce0cc02403e2'),
 ('599', 'MatrixBlock', '2017-06-15 20:28:41', '2017-06-15 20:28:41', 'e14e5b7d-1eb0-445b-a55e-dae47ab5fd75'),
 ('600', 'SuperTable_Block', '2017-06-15 20:28:41', '2017-06-15 20:28:41', '01acd9cc-776b-44cb-ade4-15a728ba4224'),
 ('601', 'MatrixBlock', '2017-06-15 20:28:41', '2017-06-15 20:28:41', 'c9956071-dd56-43eb-afef-e5658cc2983c'),
 ('602', 'SuperTable_Block', '2017-06-15 20:28:42', '2017-06-15 20:28:42', 'b973b359-789b-4089-a626-fe51f420817c'),
 ('603', 'MatrixBlock', '2017-06-15 20:28:42', '2017-06-15 20:28:42', '6eeccdc0-65f8-450a-8e34-bfe12063adb4'),
 ('604', 'SuperTable_Block', '2017-06-15 20:28:42', '2017-06-15 20:28:42', 'db5f4676-d342-4a66-9280-c082b6055126'),
 ('605', 'MatrixBlock', '2017-06-15 20:28:42', '2017-06-15 20:28:42', '2c4a18a1-991b-4efe-bdd1-d2829f0849ce'),
 ('606', 'SuperTable_Block', '2017-06-15 20:28:42', '2017-06-15 20:28:42', '752c7766-0fc7-4eb5-bcb5-81b7bfddd80b'),
 ('607', 'SuperTable_Block', '2017-06-15 20:28:42', '2017-06-15 20:28:42', '2bf89520-cffa-4960-9527-f80bf01ede83'),
 ('608', 'MatrixBlock', '2017-06-15 20:28:42', '2017-06-15 20:28:42', 'f87bfff0-b1b5-4113-b7c0-cd418308dd0e'),
 ('609', 'MatrixBlock', '2017-06-15 20:28:42', '2017-06-15 20:28:42', 'cfa7c1c9-d631-434e-a3a2-0e2792b64602'),
 ('610', 'SuperTable_Block', '2017-06-15 20:28:42', '2017-06-15 20:28:42', 'ca04957d-162a-482d-b72e-4889829407ff'),
 ('611', 'MatrixBlock', '2017-06-15 20:28:42', '2017-06-15 20:28:42', '1786a460-f2b9-42f0-a895-2b17869ebaad'),
 ('612', 'MatrixBlock', '2017-06-15 20:28:42', '2017-06-15 20:28:42', 'cf56ec18-ebd1-41ca-9f57-e9dcc9e3cc3a'),
 ('613', 'MatrixBlock', '2017-06-15 20:28:42', '2017-06-15 20:28:42', '286482f8-ed0e-44a2-935b-6b8813c31d6f'),
 ('614', 'Category', '2017-06-15 20:46:35', '2017-06-15 20:46:35', '58b49111-a19e-43e9-b8e7-27ef6a45e278'),
 ('616', 'Category', '2017-06-15 21:32:53', '2017-06-15 21:32:53', 'c750005b-8702-4e40-a1b3-853c93ff699d'),
 ('617', 'Category', '2017-06-15 21:33:07', '2017-06-15 21:33:07', 'd2e0bf60-75c0-411e-aa03-48f96cf3a723'),
 ('620', 'SuperTable_Block', '2017-06-15 22:13:15', '2017-06-15 22:13:15', 'e7fd37a8-08ba-407f-8074-8e20f72a82b9'),
 ('626', 'Category', '2017-06-15 22:22:33', '2017-06-15 22:22:33', '19beb956-de87-4101-8531-73d9d8a6d2ad'),
 ('627', 'Entry', '2017-06-16 01:51:22', '2017-06-16 01:51:22', '8afad966-c3ab-4723-8d08-0b17c242f89b');



DROP TABLE IF EXISTS `craft_fieldlayouttabs`;


--
-- Schema for table `craft_fieldlayouttabs`
--
CREATE TABLE `craft_fieldlayouttabs` (
  `id` int(11) NOT NULL AUTO_INCREMENT,
  `layoutId` int(11) NOT NULL,
  `name` varchar(255) COLLATE utf8_unicode_ci NOT NULL,
  `sortOrder` smallint(6) unsigned DEFAULT NULL,
  `dateCreated` datetime NOT NULL,
  `dateUpdated` datetime NOT NULL,
  `uid` char(36) COLLATE utf8_unicode_ci NOT NULL DEFAULT '0',
  PRIMARY KEY (`id`),
  KEY `craft_fieldlayouttabs_sortOrder_idx` (`sortOrder`),
  KEY `craft_fieldlayouttabs_layoutId_fk` (`layoutId`)
) ENGINE=InnoDB AUTO_INCREMENT=603 DEFAULT CHARSET=utf8 COLLATE=utf8_unicode_ci;

--
-- Data for table `craft_fieldlayouttabs`
--

INSERT INTO `craft_fieldlayouttabs` (`id`, `layoutId`, `name`, `sortOrder`, `dateCreated`, `dateUpdated`, `uid`) VALUES
 ('2', '5', 'Content', '1', '2017-06-09 17:32:25', '2017-06-09 17:32:25', 'd3824465-d120-4861-bde1-32fae867df69'),
 ('44', '62', 'Content', '1', '2017-06-12 20:32:00', '2017-06-12 20:32:00', '12970dc7-48ef-48c2-8fe1-743c471810e9'),
 ('88', '107', 'Page Layout', '1', '2017-06-14 14:51:10', '2017-06-14 14:51:10', '5f71925f-d53d-46aa-83ad-a08bfa8115b2'),
 ('108', '128', 'Content', '1', '2017-06-15 14:59:47', '2017-06-15 14:59:47', 'ac398d48-949a-4b17-b349-69c83373fa54'),
 ('109', '129', 'Content', '1', '2017-06-15 15:03:15', '2017-06-15 15:03:15', '8432380a-8c14-4e06-bdda-5b4bef3c3ee2'),
 ('114', '134', 'Content', '1', '2017-06-15 16:16:29', '2017-06-15 16:16:29', 'b9033ab9-bb7b-4e0f-90e1-2dd5ef9cd072'),
 ('115', '135', 'Person', '1', '2017-06-15 16:34:44', '2017-06-15 16:34:44', '4e706c5c-53cb-4a7d-a499-12b61e213827'),
 ('457', '482', 'Content', '1', '2017-06-15 19:42:14', '2017-06-15 19:42:14', 'f4eb041b-6c39-4d08-b96a-41c3b85469f5'),
 ('554', '580', 'Content', '1', '2017-06-15 20:28:39', '2017-06-15 20:28:39', '8583bb6b-d128-44f4-9e39-177dca5f9c9e'),
 ('555', '581', 'Content', '1', '2017-06-15 20:28:39', '2017-06-15 20:28:39', 'f671faa8-358a-41ce-9141-b8f16d7e861b'),
 ('556', '582', 'Content', '1', '2017-06-15 20:28:40', '2017-06-15 20:28:40', '54abe481-0f6d-4f7b-b882-9857bf7b5677'),
 ('557', '583', 'Content', '1', '2017-06-15 20:28:40', '2017-06-15 20:28:40', '274fc331-1766-410b-8bbe-2e763a706d3e'),
 ('558', '584', 'Content', '1', '2017-06-15 20:28:40', '2017-06-15 20:28:40', '3bf633ea-7d4a-4afd-a02c-61596bd938a4'),
 ('559', '585', 'Content', '1', '2017-06-15 20:28:40', '2017-06-15 20:28:40', 'be5aa79d-6226-4d87-8d86-02d0e55b54c0'),
 ('560', '586', 'Content', '1', '2017-06-15 20:28:40', '2017-06-15 20:28:40', 'fdb6230e-6f77-4bf5-803a-4d11f1ec2070'),
 ('561', '587', 'Content', '1', '2017-06-15 20:28:40', '2017-06-15 20:28:40', '2d38ddfa-ae06-4f58-8088-c961ce87cb3b'),
 ('562', '588', 'Content', '1', '2017-06-15 20:28:40', '2017-06-15 20:28:40', '202da7bc-e319-498c-a475-53e2c6b65252'),
 ('563', '589', 'Content', '1', '2017-06-15 20:28:40', '2017-06-15 20:28:40', '16abde14-228b-4b26-842a-e2faba0cbfc7'),
 ('564', '590', 'Content', '1', '2017-06-15 20:28:40', '2017-06-15 20:28:40', 'd0e9dc28-9461-4005-b989-8b83061d892e'),
 ('565', '591', 'Content', '1', '2017-06-15 20:28:40', '2017-06-15 20:28:40', '6366a8ae-c943-4c02-a43e-14faea39a78b'),
 ('566', '592', 'Content', '1', '2017-06-15 20:28:40', '2017-06-15 20:28:40', 'faa5e5cc-ef00-4585-8b50-10b93069dcd5'),
 ('567', '593', 'Content', '1', '2017-06-15 20:28:40', '2017-06-15 20:28:40', '3d38fe87-c89d-458a-b21b-6ef9a8e764ec'),
 ('568', '594', 'Content', '1', '2017-06-15 20:28:41', '2017-06-15 20:28:41', '905b18c0-cf94-4792-867e-281d19aaf757'),
 ('569', '595', 'Content', '1', '2017-06-15 20:28:41', '2017-06-15 20:28:41', '2066a62b-40f8-4a65-918e-f57e62497ff1'),
 ('570', '596', 'Content', '1', '2017-06-15 20:28:41', '2017-06-15 20:28:41', 'cefc713f-4320-4423-8fa7-4dc0d6ddc842'),
 ('571', '597', 'Content', '1', '2017-06-15 20:28:41', '2017-06-15 20:28:41', '10520b74-0973-49cf-bad8-195b8be729ff'),
 ('572', '598', 'Content', '1', '2017-06-15 20:28:41', '2017-06-15 20:28:41', '201b08b2-2bf2-44ee-85b5-d29878b442dd'),
 ('573', '599', 'Content', '1', '2017-06-15 20:28:41', '2017-06-15 20:28:41', '8c7fc6cf-ad56-45b8-93d7-13625d93b0ff'),
 ('574', '600', 'Content', '1', '2017-06-15 20:28:41', '2017-06-15 20:28:41', '3fb207ba-c526-4cf3-b055-3cb00174d63c'),
 ('575', '601', 'Content', '1', '2017-06-15 20:28:41', '2017-06-15 20:28:41', '38ace5fc-545a-4fc7-b31b-8da3de274557'),
 ('576', '602', 'Content', '1', '2017-06-15 20:28:42', '2017-06-15 20:28:42', '7723cc17-c105-4e56-bdba-8b1cb361b944'),
 ('577', '603', 'Content', '1', '2017-06-15 20:28:42', '2017-06-15 20:28:42', 'ec780654-f685-4671-b7e8-8e0c9e53d2e6'),
 ('578', '604', 'Content', '1', '2017-06-15 20:28:42', '2017-06-15 20:28:42', 'dafb62f1-4d11-492b-af29-be7ded1bb30b'),
 ('579', '605', 'Content', '1', '2017-06-15 20:28:42', '2017-06-15 20:28:42', '949de8c3-1815-468e-967c-95827c3ecfe2'),
 ('580', '606', 'Content', '1', '2017-06-15 20:28:42', '2017-06-15 20:28:42', '219f5de5-7dff-4e15-8a66-9c61a5f0bcc0'),
 ('581', '607', 'Content', '1', '2017-06-15 20:28:42', '2017-06-15 20:28:42', '9dc1f85a-a8d9-422b-8cc1-c94630c0a99b'),
 ('582', '608', 'Content', '1', '2017-06-15 20:28:42', '2017-06-15 20:28:42', '090a6ff0-56e4-4ba3-bbbe-d15f2e243c73'),
 ('583', '609', 'Content', '1', '2017-06-15 20:28:42', '2017-06-15 20:28:42', '79867679-ffc2-4ed0-bd27-fd3c15248a8b'),
 ('584', '610', 'Content', '1', '2017-06-15 20:28:42', '2017-06-15 20:28:42', 'c695fccb-fb25-4150-8b0e-ee109a023145'),
 ('585', '611', 'Content', '1', '2017-06-15 20:28:42', '2017-06-15 20:28:42', '6aece452-9401-4f6c-9613-c6f65a37d67b'),
 ('586', '612', 'Content', '1', '2017-06-15 20:28:42', '2017-06-15 20:28:42', '08a8db5a-8570-4b5b-96cc-b631283eb1e6'),
 ('587', '613', 'Content', '1', '2017-06-15 20:28:42', '2017-06-15 20:28:42', '0a8b26d6-176e-40c7-bf59-6aff5a5720c7'),
 ('589', '616', 'Service', '1', '2017-06-15 21:32:53', '2017-06-15 21:32:53', 'e971dab1-ac3e-498b-b406-b5f89b0d1d48'),
 ('590', '617', 'Market', '1', '2017-06-15 21:33:07', '2017-06-15 21:33:07', '167d185e-1d62-43cb-a4c8-62ee23474144'),
 ('594', '620', 'Content', '1', '2017-06-15 22:13:15', '2017-06-15 22:13:15', '12511181-acb3-476b-a96c-2849058c7aee'),
 ('600', '626', 'Location', '1', '2017-06-15 22:22:33', '2017-06-15 22:22:33', 'bd984a2c-8e95-4697-b432-0d84f0e15586'),
 ('601', '627', 'Work', '1', '2017-06-16 01:51:22', '2017-06-16 01:51:22', 'b2c615d1-6bc7-4840-a373-17666d3fc5b9'),
 ('602', '627', 'Page Builder', '2', '2017-06-16 01:51:22', '2017-06-16 01:51:22', 'b4c3f766-751c-483c-901d-ec7aab0cc3aa');



DROP TABLE IF EXISTS `craft_fields`;


--
-- Schema for table `craft_fields`
--
CREATE TABLE `craft_fields` (
  `id` int(11) NOT NULL AUTO_INCREMENT,
  `groupId` int(11) DEFAULT NULL,
  `name` varchar(255) COLLATE utf8_unicode_ci NOT NULL,
  `handle` varchar(58) COLLATE utf8_unicode_ci NOT NULL,
  `context` varchar(255) COLLATE utf8_unicode_ci NOT NULL DEFAULT 'global',
  `instructions` text COLLATE utf8_unicode_ci,
  `translatable` tinyint(1) unsigned NOT NULL DEFAULT '0',
  `type` varchar(150) COLLATE utf8_unicode_ci NOT NULL,
  `settings` text COLLATE utf8_unicode_ci,
  `dateCreated` datetime NOT NULL,
  `dateUpdated` datetime NOT NULL,
  `uid` char(36) COLLATE utf8_unicode_ci NOT NULL DEFAULT '0',
  PRIMARY KEY (`id`),
  UNIQUE KEY `craft_fields_handle_context_unq_idx` (`handle`,`context`),
  KEY `craft_fields_context_idx` (`context`),
  KEY `craft_fields_groupId_fk` (`groupId`)
) ENGINE=InnoDB AUTO_INCREMENT=127 DEFAULT CHARSET=utf8 COLLATE=utf8_unicode_ci;

--
-- Data for table `craft_fields`
--

INSERT INTO `craft_fields` (`id`, `groupId`, `name`, `handle`, `context`, `instructions`, `translatable`, `type`, `settings`, `dateCreated`, `dateUpdated`, `uid`) VALUES
 ('1', '1', 'Body', 'body', 'global', NULL, '1', 'RichText', '{\"configFile\":\"Standard.json\",\"columnType\":\"text\"}', '2017-06-09 17:32:24', '2017-06-09 17:32:24', '2dffd240-f196-4810-9e4e-01a6805ea9a2'),
 ('2', '1', 'Tags', 'tags', 'global', NULL, '0', 'Tags', '{\"source\":\"taggroup:1\"}', '2017-06-09 17:32:25', '2017-06-09 17:32:25', '286cb263-8214-4d8e-b700-88a7e183a950'),
 ('3', '1', 'Components', 'components', 'global', '', '0', 'Matrix', '{\"maxBlocks\":null}', '2017-06-09 19:00:19', '2017-06-15 20:28:39', 'f6b0c9b0-5d48-4459-8887-fe4d183a9534'),
 ('4', NULL, 'Image', 'image', 'matrixBlockType:1', '', '0', 'SuperTable', '{\"columns\":{\"5\":{\"width\":\"\"},\"6\":{\"width\":\"\"}},\"fieldLayout\":\"table\",\"staticField\":\"1\",\"selectionLabel\":\"Add a row\",\"maxRows\":null,\"minRows\":null}', '2017-06-09 19:00:20', '2017-06-15 20:28:39', '4e19d133-f72f-4bd9-b045-2258e043d707'),
 ('5', NULL, 'Mobile Image', 'mobileImage', 'superTableBlockType:1', '', '0', 'Assets', '{\"useSingleFolder\":\"\",\"sources\":\"*\",\"defaultUploadLocationSource\":\"1\",\"defaultUploadLocationSubpath\":\"\",\"singleUploadLocationSource\":\"1\",\"singleUploadLocationSubpath\":\"\",\"restrictFiles\":\"1\",\"allowedKinds\":[\"image\"],\"limit\":\"\",\"viewMode\":\"list\",\"selectionLabel\":\"\"}', '2017-06-09 19:00:20', '2017-06-15 20:28:39', 'a2009320-f94b-480d-85b8-274404450e61'),
 ('6', NULL, 'Desktop Image', 'desktopImage', 'superTableBlockType:1', '', '0', 'Assets', '{\"useSingleFolder\":\"\",\"sources\":\"*\",\"defaultUploadLocationSource\":\"1\",\"defaultUploadLocationSubpath\":\"\",\"singleUploadLocationSource\":\"1\",\"singleUploadLocationSubpath\":\"\",\"restrictFiles\":\"1\",\"allowedKinds\":[\"image\"],\"limit\":\"\",\"viewMode\":\"list\",\"selectionLabel\":\"\"}', '2017-06-09 19:00:20', '2017-06-15 20:28:39', '7c6aa10a-e9c9-40d3-816b-1378abb8d6b3'),
 ('7', NULL, 'Primary Title', 'primaryTitle', 'matrixBlockType:1', '', '0', 'PlainText', '{\"placeholder\":\"\",\"maxLength\":\"\",\"multiline\":\"\",\"initialRows\":\"4\"}', '2017-06-09 19:00:20', '2017-06-15 20:28:39', 'f7805c67-7c09-4d0d-a676-4c30be96edb0'),
 ('8', NULL, 'Subtitle', 'subtitle', 'matrixBlockType:1', '', '0', 'PlainText', '{\"placeholder\":\"\",\"maxLength\":\"\",\"multiline\":\"\",\"initialRows\":\"4\"}', '2017-06-09 19:05:49', '2017-06-15 20:28:39', '77c12fab-08dd-4e59-8beb-06fe6801e9e8'),
 ('9', '1', 'Page', 'page', 'global', '', '0', 'Entries', '{\"sources\":[\"section:4\",\"section:2\",\"section:5\",\"singles\",\"section:3\"],\"limit\":\"1\",\"selectionLabel\":\"\"}', '2017-06-09 20:19:21', '2017-06-09 20:19:21', '2a85dad7-d5e4-4ede-ae6c-1cb405e90a2c'),
 ('12', NULL, 'Video', 'video', 'matrixBlockType:2', '', '0', 'SuperTable', '{\"columns\":{\"13\":{\"width\":\"\"},\"14\":{\"width\":\"\"}},\"fieldLayout\":\"table\",\"staticField\":null,\"selectionLabel\":\"Add a row\",\"maxRows\":null,\"minRows\":null}', '2017-06-12 19:02:25', '2017-06-15 20:28:39', '731684b5-658e-41f9-b5e2-1e8fc2135ab2'),
 ('13', NULL, 'Video', 'video', 'superTableBlockType:3', '', '0', 'Assets', '{\"useSingleFolder\":\"1\",\"sources\":\"*\",\"defaultUploadLocationSource\":\"1\",\"defaultUploadLocationSubpath\":\"\",\"singleUploadLocationSource\":\"1\",\"singleUploadLocationSubpath\":\"\",\"restrictFiles\":\"\",\"limit\":\"1\",\"viewMode\":\"list\",\"selectionLabel\":\"\"}', '2017-06-12 19:03:17', '2017-06-15 20:28:39', '31125a57-9b9b-4f89-9028-77273f871bb8'),
 ('14', NULL, 'Caption', 'caption', 'superTableBlockType:3', '', '0', 'PlainText', '{\"placeholder\":\"\",\"maxLength\":\"\",\"multiline\":\"\",\"initialRows\":\"4\"}', '2017-06-12 19:03:17', '2017-06-15 20:28:40', 'ae984a63-20c5-470d-95c0-c57c1bed38a6'),
 ('15', NULL, 'Work', 'work', 'matrixBlockType:3', 'A max of three work entries is allowed. If none are selected the component will default to the three most recent articles.', '0', 'Entries', '{\"sources\":[\"section:3\"],\"limit\":\"3\",\"selectionLabel\":\"\"}', '2017-06-12 20:32:00', '2017-06-15 20:28:40', '3d5b97e4-bed3-4bb3-8342-9b30cc537e14'),
 ('16', NULL, 'Project', 'project', 'superTableBlockType:4', '', '0', 'Entries', '{\"sources\":[\"section:3\"],\"limit\":\"\",\"selectionLabel\":\"\"}', '2017-06-12 20:32:00', '2017-06-12 20:32:00', '808e7885-5861-43bc-96b6-9b514eac8120'),
 ('17', NULL, 'Heading', 'heading', 'matrixBlockType:3', '', '0', 'PlainText', '{\"placeholder\":\"\",\"maxLength\":\"\",\"multiline\":\"\",\"initialRows\":\"4\"}', '2017-06-12 20:39:56', '2017-06-15 20:28:40', 'e12e157e-7ed4-408f-864f-0811917d1629'),
 ('18', NULL, 'Heading', 'heading', 'matrixBlockType:4', '', '0', 'PlainText', '{\"placeholder\":\"\",\"maxLength\":\"\",\"multiline\":\"\",\"initialRows\":\"4\"}', '2017-06-12 20:43:11', '2017-06-15 20:28:40', '468b7dec-4755-49f1-bb13-90f891782a80'),
 ('19', NULL, 'News', 'news', 'matrixBlockType:4', 'A max of three news entries is allowed. If none are selected the component will default to the three most recent articles.', '0', 'Entries', '{\"sources\":[\"section:2\"],\"limit\":\"3\",\"selectionLabel\":\"\"}', '2017-06-12 20:43:11', '2017-06-15 20:28:40', '430e8322-32e9-4632-9265-8b6be6b33106'),
 ('20', NULL, 'Call To Action', 'callToAction', 'matrixBlockType:4', '', '0', 'FruitLinkIt', '{\"types\":[\"custom\",\"entry\",\"category\"],\"defaultText\":\"\",\"allowCustomText\":\"\",\"allowTarget\":\"\",\"entrySources\":\"*\",\"entrySelectionLabel\":\"Select an entry\",\"assetSources\":\"*\",\"assetSelectionLabel\":\"Select an asset\",\"categorySources\":\"*\",\"categorySelectionLabel\":\"Select a category\"}', '2017-06-12 20:44:01', '2017-06-15 20:28:40', '96debe4d-c442-4edf-a59a-26586868b122'),
 ('28', NULL, 'Internship Card', 'internshipCard', 'matrixBlockType:6', '', '0', 'SuperTable', '{\"columns\":{\"29\":{\"width\":\"\"},\"30\":{\"width\":\"\"},\"31\":{\"width\":\"\"}},\"fieldLayout\":\"table\",\"staticField\":\"1\",\"selectionLabel\":\"Add a row\",\"maxRows\":null,\"minRows\":null}', '2017-06-14 15:25:43', '2017-06-15 20:28:40', '844ebbca-5000-4b19-885f-4ed5fe445b67'),
 ('29', NULL, 'Title', 'cardTitle', 'superTableBlockType:5', '', '0', 'PlainText', '{\"placeholder\":\"\",\"maxLength\":\"\",\"multiline\":\"\",\"initialRows\":\"4\"}', '2017-06-14 15:25:44', '2017-06-15 20:28:40', '7bfa0bf3-e4ee-48fb-aaa8-a8010e886b65'),
 ('30', NULL, 'Description', 'description', 'superTableBlockType:5', '', '0', 'PlainText', '{\"placeholder\":\"\",\"maxLength\":\"\",\"multiline\":\"\",\"initialRows\":\"4\"}', '2017-06-14 15:25:44', '2017-06-15 20:28:40', '4048634f-7c05-4562-8aea-487304f69ea6'),
 ('31', NULL, 'Call To Action', 'callToAction', 'superTableBlockType:5', '', '0', 'FruitLinkIt', '{\"types\":[\"custom\",\"entry\"],\"defaultText\":\"Contact Us\",\"allowCustomText\":\"1\",\"allowTarget\":\"\",\"entrySources\":\"*\",\"entrySelectionLabel\":\"Select an entry\",\"assetSources\":\"*\",\"assetSelectionLabel\":\"Select an asset\",\"categorySources\":\"*\",\"categorySelectionLabel\":\"Select a category\"}', '2017-06-14 15:25:44', '2017-06-15 20:28:40', '1bad2124-f196-464b-8970-f9a54c96ed0c'),
 ('32', NULL, 'Load More Text', 'loadMoreText', 'matrixBlockType:6', 'Defaults to \"Load More\"', '0', 'PlainText', '{\"placeholder\":\"\",\"maxLength\":\"\",\"multiline\":\"\",\"initialRows\":\"4\"}', '2017-06-14 15:25:44', '2017-06-15 20:28:40', '3668625c-947a-492b-8cc6-72383de14c72'),
 ('33', NULL, 'Footer', 'footer', 'matrixBlockType:6', 'This space is reserved for a call to action if the user can\'t find what they\'re looking for.', '0', 'SuperTable', '{\"columns\":{\"34\":{\"width\":\"\"},\"35\":{\"width\":\"\"}},\"fieldLayout\":\"table\",\"staticField\":null,\"selectionLabel\":\"Add a row\",\"maxRows\":null,\"minRows\":null}', '2017-06-14 15:25:44', '2017-06-15 20:28:40', 'de5af87a-9af0-42f3-844b-04399870a76c'),
 ('34', NULL, 'Heading', 'heading', 'superTableBlockType:6', '', '0', 'PlainText', '{\"placeholder\":\"\",\"maxLength\":\"\",\"multiline\":\"\",\"initialRows\":\"4\"}', '2017-06-14 15:25:45', '2017-06-15 20:28:40', '06384a53-8b98-423d-89ea-a567951f7104'),
 ('35', NULL, 'Call To Action', 'callToAction', 'superTableBlockType:6', '', '0', 'FruitLinkIt', '{\"types\":[\"custom\",\"entry\"],\"defaultText\":\"Let\'s chat anyway\",\"allowCustomText\":\"1\",\"allowTarget\":\"1\",\"entrySources\":\"*\",\"entrySelectionLabel\":\"Select an entry\",\"assetSources\":\"*\",\"assetSelectionLabel\":\"Select an asset\",\"categorySources\":\"*\",\"categorySelectionLabel\":\"Select a category\"}', '2017-06-14 15:25:45', '2017-06-15 20:28:40', '6d021348-087e-439d-ade9-db3b48e9b7da'),
 ('36', NULL, 'Heading', 'heading', 'matrixBlockType:7', '', '0', 'PlainText', '{\"placeholder\":\"\",\"maxLength\":\"\",\"multiline\":\"\",\"initialRows\":\"4\"}', '2017-06-14 18:51:00', '2017-06-15 20:28:40', 'de145202-8569-4411-b119-0c5157243ff0'),
 ('39', '3', 'Role(s)', 'roles', 'global', '', '0', 'Matrix', '{\"maxBlocks\":null}', '2017-06-15 14:59:47', '2017-06-15 14:59:47', '3aeb733f-02eb-4246-8f9e-fdb88bb894e9'),
 ('40', NULL, 'Role', 'role', 'matrixBlockType:8', '', '0', 'PlainText', '{\"placeholder\":\"\",\"maxLength\":\"\",\"multiline\":\"\",\"initialRows\":\"4\"}', '2017-06-15 14:59:47', '2017-06-15 14:59:47', '914783cd-b58f-45cd-b293-d5704ac6d453'),
 ('41', '3', 'Start Date', 'startDate', 'global', '', '0', 'Date', '{\"minuteIncrement\":\"30\",\"showDate\":1,\"showTime\":0}', '2017-06-15 15:00:18', '2017-06-15 15:00:18', '74c1c2b4-b045-4400-a534-2869e49d32c5'),
 ('42', '3', 'Social Links', 'socialLinks', 'global', '', '0', 'SuperTable', '{\"columns\":{\"46\":{\"width\":\"\"},\"47\":{\"width\":\"\"},\"48\":{\"width\":\"\"}},\"fieldLayout\":\"table\",\"staticField\":\"1\",\"selectionLabel\":\"Add a row\",\"maxRows\":\"3\",\"minRows\":null}', '2017-06-15 15:03:15', '2017-06-15 16:16:29', '79cbc03b-e865-4276-a132-4afa40a66037'),
 ('43', NULL, 'LinkedIn', 'linkedin', 'matrixBlockType:9', '', '0', 'FruitLinkIt', '{\"types\":[\"custom\"],\"defaultText\":\"\",\"allowCustomText\":\"\",\"allowTarget\":\"1\",\"entrySources\":\"*\",\"entrySelectionLabel\":\"Select an entry\",\"assetSources\":\"*\",\"assetSelectionLabel\":\"Select an asset\",\"categorySources\":\"*\",\"categorySelectionLabel\":\"Select a category\"}', '2017-06-15 15:03:15', '2017-06-15 15:03:15', '25fffde2-9647-4e8e-82d6-bcb2b64845b7'),
 ('44', NULL, 'Facebook', 'facebook', 'matrixBlockType:9', '', '0', 'FruitLinkIt', '{\"types\":[\"custom\"],\"defaultText\":\"\",\"allowCustomText\":\"\",\"allowTarget\":\"1\",\"entrySources\":\"*\",\"entrySelectionLabel\":\"Select an entry\",\"assetSources\":\"*\",\"assetSelectionLabel\":\"Select an asset\",\"categorySources\":\"*\",\"categorySelectionLabel\":\"Select a category\"}', '2017-06-15 15:03:15', '2017-06-15 15:03:15', '7572c8c4-647f-4aab-9e7e-b85846298f57'),
 ('45', NULL, 'Twitter', 'twitter', 'matrixBlockType:9', '', '0', 'FruitLinkIt', '{\"types\":[\"custom\"],\"defaultText\":\"\",\"allowCustomText\":\"\",\"allowTarget\":\"1\",\"entrySources\":\"*\",\"entrySelectionLabel\":\"Select an entry\",\"assetSources\":\"*\",\"assetSelectionLabel\":\"Select an asset\",\"categorySources\":\"*\",\"categorySelectionLabel\":\"Select a category\"}', '2017-06-15 15:03:15', '2017-06-15 15:03:15', '0770836f-9aa7-4370-82ba-d9b5d5ba3b80'),
 ('46', NULL, 'LinkedIn', 'linkedin', 'superTableBlockType:7', '', '0', 'FruitLinkIt', '{\"types\":[\"custom\"],\"defaultText\":\"\",\"allowCustomText\":\"\",\"allowTarget\":\"1\",\"entrySources\":\"*\",\"entrySelectionLabel\":\"Select an entry\",\"assetSources\":\"*\",\"assetSelectionLabel\":\"Select an asset\",\"categorySources\":\"*\",\"categorySelectionLabel\":\"Select a category\"}', '2017-06-15 15:08:34', '2017-06-15 16:16:29', '7ec7dad9-98e3-4bdb-997b-57da81472ad7'),
 ('47', NULL, 'Facebook', 'facebook', 'superTableBlockType:7', '', '0', 'FruitLinkIt', '{\"types\":[\"custom\"],\"defaultText\":\"\",\"allowCustomText\":\"\",\"allowTarget\":\"1\",\"entrySources\":\"*\",\"entrySelectionLabel\":\"Select an entry\",\"assetSources\":\"*\",\"assetSelectionLabel\":\"Select an asset\",\"categorySources\":\"*\",\"categorySelectionLabel\":\"Select a category\"}', '2017-06-15 15:08:34', '2017-06-15 16:16:29', 'a6099c40-3129-48a4-b780-c7f2acaf1962'),
 ('48', NULL, 'Twitter', 'twitter', 'superTableBlockType:7', '', '0', 'FruitLinkIt', '{\"types\":[\"custom\"],\"defaultText\":\"\",\"allowCustomText\":\"\",\"allowTarget\":\"1\",\"entrySources\":\"*\",\"entrySelectionLabel\":\"Select an entry\",\"assetSources\":\"*\",\"assetSelectionLabel\":\"Select an asset\",\"categorySources\":\"*\",\"categorySelectionLabel\":\"Select a category\"}', '2017-06-15 15:08:34', '2017-06-15 16:16:29', '0336f0bd-4d90-412c-8d57-06fd1094469c'),
 ('49', '3', 'About', 'about', 'global', '', '0', 'RichText', '{\"configFile\":\"\",\"availableAssetSources\":\"*\",\"availableTransforms\":\"*\",\"cleanupHtml\":\"1\",\"purifyHtml\":\"1\",\"purifierConfig\":\"\",\"columnType\":\"text\"}', '2017-06-15 16:32:32', '2017-06-15 16:32:32', '9b5ec77e-7fa4-42ef-b12a-c8772002ae97'),
 ('50', '3', 'Expertise', 'expertise', 'global', '', '0', 'RichText', '{\"configFile\":\"\",\"availableAssetSources\":\"*\",\"availableTransforms\":\"*\",\"cleanupHtml\":\"1\",\"purifyHtml\":\"1\",\"purifierConfig\":\"\",\"columnType\":\"text\"}', '2017-06-15 16:33:21', '2017-06-15 16:33:21', '96f8d011-dc5c-47e6-bc9f-c2014c4aea21'),
 ('51', NULL, 'Heading', 'heading', 'matrixBlockType:10', '', '0', 'PlainText', '{\"placeholder\":\"\",\"maxLength\":\"\",\"multiline\":\"\",\"initialRows\":\"4\"}', '2017-06-15 16:53:38', '2017-06-15 20:28:40', '0904cf69-f4d1-4d4b-828b-d04982cb4bad'),
 ('52', NULL, 'Heading', 'heading', 'matrixBlockType:11', '', '0', 'PlainText', '{\"placeholder\":\"\",\"maxLength\":\"\",\"multiline\":\"\",\"initialRows\":\"4\"}', '2017-06-15 17:16:37', '2017-06-15 20:28:40', 'cf931875-b7a3-4d5b-90ea-6722c5ba581b'),
 ('53', NULL, 'People', 'people', 'matrixBlockType:11', 'This is a good component to use to show the people involved in a project.', '0', 'Entries', '{\"sources\":[\"section:8\"],\"limit\":\"\",\"selectionLabel\":\"\"}', '2017-06-15 17:16:37', '2017-06-15 20:28:40', 'fadfcf1d-6334-4f87-bfe7-c77fb524e502'),
 ('54', NULL, 'Heading', 'heading', 'matrixBlockType:12', '', '0', 'PlainText', '{\"placeholder\":\"\",\"maxLength\":\"\",\"multiline\":\"\",\"initialRows\":\"4\"}', '2017-06-15 18:19:42', '2017-06-15 20:28:40', '143b7a11-8ea6-4399-8f26-78753e716ade'),
 ('55', NULL, 'Body', 'body', 'matrixBlockType:12', '', '0', 'RichText', '{\"configFile\":\"\",\"availableAssetSources\":\"*\",\"availableTransforms\":\"*\",\"cleanupHtml\":\"1\",\"purifyHtml\":\"1\",\"purifierConfig\":\"\",\"columnType\":\"text\"}', '2017-06-15 18:19:42', '2017-06-15 20:28:40', '32a7d694-1c3e-42f1-a94d-b7eed7620362'),
 ('56', NULL, 'List', 'list', 'matrixBlockType:12', '', '0', 'SuperTable', '{\"columns\":{\"57\":{\"width\":\"\"}},\"fieldLayout\":\"table\",\"staticField\":null,\"selectionLabel\":\"Add a row\",\"maxRows\":null,\"minRows\":null}', '2017-06-15 18:19:42', '2017-06-15 20:28:40', '47d6a7bf-29d4-4fcd-9a07-a771b07853fe'),
 ('57', NULL, 'List Item', 'listItem', 'superTableBlockType:8', '', '0', 'PlainText', '{\"placeholder\":\"\",\"maxLength\":\"\",\"multiline\":\"\",\"initialRows\":\"4\"}', '2017-06-15 18:19:42', '2017-06-15 20:28:40', '294fa2a6-295d-4cf8-b458-f814cfc27da7'),
 ('58', NULL, 'Heading', 'heading', 'matrixBlockType:13', '', '0', 'PlainText', '{\"placeholder\":\"\",\"maxLength\":\"\",\"multiline\":\"\",\"initialRows\":\"4\"}', '2017-06-15 18:23:23', '2017-06-15 20:28:40', '2ae5ab8c-57b6-4bcc-b343-93eca7b7b437'),
 ('59', NULL, 'Body', 'body', 'matrixBlockType:13', '', '0', 'RichText', '{\"configFile\":\"\",\"availableAssetSources\":\"*\",\"availableTransforms\":\"*\",\"cleanupHtml\":\"1\",\"purifyHtml\":\"1\",\"purifierConfig\":\"\",\"columnType\":\"text\"}', '2017-06-15 18:23:23', '2017-06-15 20:28:40', 'd08a2af8-1bcd-42bb-bfe5-bdc90bf1cd0e'),
 ('60', NULL, 'Orientation', 'orientation', 'matrixBlockType:14', '', '0', 'PositionSelect', '{\"options\":[\"left\",\"right\"]}', '2017-06-15 18:27:59', '2017-06-15 20:28:41', '6fa4f29b-532f-4c74-b46c-3a56799d6527'),
 ('61', NULL, 'Heading', 'heading', 'matrixBlockType:14', '', '0', 'PlainText', '{\"placeholder\":\"\",\"maxLength\":\"\",\"multiline\":\"\",\"initialRows\":\"4\"}', '2017-06-15 18:27:59', '2017-06-15 20:28:41', '90265836-2d47-4e39-ae76-14f7c22771f8'),
 ('62', NULL, 'Body', 'body', 'matrixBlockType:14', '', '0', 'PlainText', '{\"placeholder\":\"\",\"maxLength\":\"\",\"multiline\":\"\",\"initialRows\":\"4\"}', '2017-06-15 18:27:59', '2017-06-15 20:28:41', '768791ef-3fe3-404d-9a39-8936693398e2'),
 ('63', NULL, 'Call To Action', 'callToAction', 'matrixBlockType:14', '', '0', 'FruitLinkIt', '{\"types\":[\"custom\",\"entry\"],\"defaultText\":\"\",\"allowCustomText\":\"\",\"allowTarget\":\"1\",\"entrySources\":\"*\",\"entrySelectionLabel\":\"Select an entry\",\"assetSources\":\"*\",\"assetSelectionLabel\":\"Select an asset\",\"categorySources\":\"*\",\"categorySelectionLabel\":\"Select a category\"}', '2017-06-15 18:27:59', '2017-06-15 20:28:41', '7b8c37de-ddde-4892-bcb8-81e0f3bf0a54'),
 ('64', NULL, 'Image', 'image', 'matrixBlockType:14', '', '0', 'Assets', '{\"useSingleFolder\":\"1\",\"sources\":\"*\",\"defaultUploadLocationSource\":\"1\",\"defaultUploadLocationSubpath\":\"\",\"singleUploadLocationSource\":\"3\",\"singleUploadLocationSubpath\":\"\",\"restrictFiles\":\"1\",\"allowedKinds\":[\"image\"],\"limit\":\"1\",\"viewMode\":\"list\",\"selectionLabel\":\"\"}', '2017-06-15 18:27:59', '2017-06-15 20:28:41', 'b3757dc0-8a75-40b4-a0eb-63232e9c04be'),
 ('65', NULL, 'Orientation', 'orientation', 'matrixBlockType:15', '', '0', 'PositionSelect', '{\"options\":[\"left\",\"right\"]}', '2017-06-15 18:39:05', '2017-06-15 20:28:41', 'dbafc568-6f7f-4410-b782-c75ef05c3285'),
 ('66', NULL, 'Heading', 'heading', 'matrixBlockType:15', '', '0', 'PlainText', '{\"placeholder\":\"\",\"maxLength\":\"\",\"multiline\":\"\",\"initialRows\":\"4\"}', '2017-06-15 18:39:05', '2017-06-15 20:28:41', '7083608b-01c2-4530-a13f-1871c746a018'),
 ('67', NULL, 'Body', 'body', 'matrixBlockType:15', '', '0', 'RichText', '{\"configFile\":\"\",\"availableAssetSources\":\"*\",\"availableTransforms\":\"*\",\"cleanupHtml\":\"1\",\"purifyHtml\":\"1\",\"purifierConfig\":\"\",\"columnType\":\"text\"}', '2017-06-15 18:39:05', '2017-06-15 20:28:41', 'c4fb72d8-35a3-48af-8c2d-1b240ac877e5'),
 ('68', NULL, 'Call To Action', 'callToAction', 'matrixBlockType:15', '', '0', 'FruitLinkIt', '{\"types\":[\"custom\",\"entry\"],\"defaultText\":\"\",\"allowCustomText\":\"\",\"allowTarget\":\"\",\"entrySources\":\"*\",\"entrySelectionLabel\":\"Select an entry\",\"assetSources\":\"*\",\"assetSelectionLabel\":\"Select an asset\",\"categorySources\":\"*\",\"categorySelectionLabel\":\"Select a category\"}', '2017-06-15 18:39:06', '2017-06-15 20:28:41', '03efb521-93e0-4911-a027-57e65444cfb6'),
 ('69', NULL, 'Image', 'image', 'matrixBlockType:15', '', '0', 'Assets', '{\"useSingleFolder\":\"1\",\"sources\":[\"folder:3\"],\"defaultUploadLocationSource\":\"3\",\"defaultUploadLocationSubpath\":\"\\/uploads\\/miscellaneous\",\"singleUploadLocationSource\":\"3\",\"singleUploadLocationSubpath\":\"\",\"restrictFiles\":\"1\",\"allowedKinds\":[\"image\"],\"limit\":\"\",\"viewMode\":\"list\",\"selectionLabel\":\"\"}', '2017-06-15 18:39:06', '2017-06-15 20:28:41', '4f118cd4-30f9-4052-a614-6efc7ecb5f7f'),
 ('70', NULL, 'List', 'list', 'matrixBlockType:14', '', '0', 'SuperTable', '{\"columns\":{\"71\":{\"width\":\"\"}},\"fieldLayout\":\"table\",\"staticField\":null,\"selectionLabel\":\"Add a row\",\"maxRows\":null,\"minRows\":null}', '2017-06-15 18:40:19', '2017-06-15 20:28:41', '6da78874-7cc0-4c04-9501-3a54a89db87b'),
 ('71', NULL, 'Item', 'item', 'superTableBlockType:9', '', '0', 'PlainText', '{\"placeholder\":\"\",\"maxLength\":\"\",\"multiline\":\"\",\"initialRows\":\"4\"}', '2017-06-15 18:40:19', '2017-06-15 20:28:41', '1f919f91-a19b-4324-83ae-4a2ffbb4b7c6'),
 ('72', NULL, 'List', 'list', 'matrixBlockType:15', '', '0', 'SuperTable', '{\"columns\":{\"73\":{\"width\":\"\"}},\"fieldLayout\":\"table\",\"staticField\":null,\"selectionLabel\":\"Add a row\",\"maxRows\":null,\"minRows\":null}', '2017-06-15 18:40:58', '2017-06-15 20:28:41', '79755d8a-1a13-4f93-bc85-4a7a67cf33c5'),
 ('73', NULL, 'Item', 'item', 'superTableBlockType:10', '', '0', 'PlainText', '{\"placeholder\":\"\",\"maxLength\":\"\",\"multiline\":\"\",\"initialRows\":\"4\"}', '2017-06-15 18:40:58', '2017-06-15 20:28:41', 'f1f848a8-3be9-4ca9-a267-c3f8694ac4e5'),
 ('74', NULL, 'Quote', 'quote', 'matrixBlockType:16', '', '0', 'PlainText', '{\"placeholder\":\"\",\"maxLength\":\"\",\"multiline\":\"\",\"initialRows\":\"4\"}', '2017-06-15 18:41:55', '2017-06-15 20:28:41', 'd4ca91d4-d657-4b9a-b66e-ba0b3c57ef3b'),
 ('75', NULL, 'Author', 'author', 'matrixBlockType:16', '', '0', 'PlainText', '{\"placeholder\":\"\",\"maxLength\":\"\",\"multiline\":\"\",\"initialRows\":\"4\"}', '2017-06-15 18:41:55', '2017-06-15 20:28:41', 'fa4446d7-6678-49c5-b226-a0b65432990d'),
 ('76', NULL, 'Heading', 'heading', 'matrixBlockType:17', '', '0', 'PlainText', '{\"placeholder\":\"\",\"maxLength\":\"\",\"multiline\":\"\",\"initialRows\":\"4\"}', '2017-06-15 19:02:36', '2017-06-15 20:28:41', '0ee35d2c-1eb8-4df5-972f-a7bde6b6afd5'),
 ('77', NULL, 'Body', 'body', 'matrixBlockType:17', '', '0', 'PlainText', '{\"placeholder\":\"\",\"maxLength\":\"\",\"multiline\":\"\",\"initialRows\":\"4\"}', '2017-06-15 19:02:36', '2017-06-15 20:28:41', '40a577fc-0d8f-4912-a46b-fb588b806b5e'),
 ('78', NULL, 'Resources', 'resources', 'matrixBlockType:17', '', '0', 'SuperTable', '{\"columns\":{\"79\":{\"width\":\"\"},\"80\":{\"width\":\"\"},\"81\":{\"width\":\"\"}},\"fieldLayout\":\"table\",\"staticField\":null,\"selectionLabel\":\"Add a row\",\"maxRows\":null,\"minRows\":null}', '2017-06-15 19:02:36', '2017-06-15 20:28:41', '219aa4db-7214-4af3-b9fb-28e8094da465'),
 ('79', NULL, 'Resource', 'resource', 'superTableBlockType:11', '', '0', 'FruitLinkIt', '{\"types\":[\"custom\",\"entry\",\"asset\"],\"defaultText\":\"\",\"allowCustomText\":\"\",\"allowTarget\":\"\",\"entrySources\":\"*\",\"entrySelectionLabel\":\"Select an entry\",\"assetSources\":[\"folder:4\"],\"assetSelectionLabel\":\"Select an asset\",\"categorySources\":\"*\",\"categorySelectionLabel\":\"Select a category\"}', '2017-06-15 19:02:37', '2017-06-15 20:28:41', 'e46287e8-756e-441b-8372-2c122ee3d0c9'),
 ('80', NULL, 'Type', 'type', 'superTableBlockType:11', '', '0', 'MultiSelect', '{\"options\":[{\"label\":\"Whitepaper\",\"value\":\"whitepaper\",\"default\":\"\"},{\"label\":\"Brochure\",\"value\":\"brochure\",\"default\":\"\"},{\"label\":\"Publication\",\"value\":\"publication\",\"default\":\"\"}]}', '2017-06-15 19:08:43', '2017-06-15 20:28:41', 'cd42bf33-eafb-4e30-a8da-f12426be62a8'),
 ('81', NULL, 'Featured', 'featured', 'superTableBlockType:11', '', '0', 'Lightswitch', '{\"default\":\"\"}', '2017-06-15 19:09:33', '2017-06-15 20:28:41', '56c5b484-35ca-4425-ab00-6e74d314ba83'),
 ('82', NULL, 'Heading', 'heading', 'matrixBlockType:18', '', '0', 'PlainText', '{\"placeholder\":\"\",\"maxLength\":\"\",\"multiline\":\"\",\"initialRows\":\"4\"}', '2017-06-15 19:20:51', '2017-06-15 20:28:41', 'fba03f48-f177-415a-9c92-503e80f5e863'),
 ('83', NULL, 'Body', 'body', 'matrixBlockType:18', '', '0', 'PlainText', '{\"placeholder\":\"\",\"maxLength\":\"\",\"multiline\":\"\",\"initialRows\":\"4\"}', '2017-06-15 19:20:51', '2017-06-15 20:28:41', '74b9b217-5cd0-4980-a6a8-c96006e58659'),
 ('84', NULL, 'Highlights', 'highlights', 'matrixBlockType:18', '', '0', 'SuperTable', '{\"columns\":{\"85\":{\"width\":\"\"},\"86\":{\"width\":\"\"},\"87\":{\"width\":\"\"}},\"fieldLayout\":\"table\",\"staticField\":null,\"selectionLabel\":\"Add a row\",\"maxRows\":null,\"minRows\":null}', '2017-06-15 19:20:51', '2017-06-15 20:28:41', '5c8ac47d-ab18-4e38-bd58-2f254bc5359a'),
 ('85', NULL, 'Title', 'highlightTitle', 'superTableBlockType:12', '', '0', 'PlainText', '{\"placeholder\":\"\",\"maxLength\":\"\",\"multiline\":\"\",\"initialRows\":\"4\"}', '2017-06-15 19:20:51', '2017-06-15 20:28:41', 'dc1de076-1b2b-4d77-a18e-e2c2f113bd4d'),
 ('86', NULL, 'Image', 'image', 'superTableBlockType:12', '', '0', 'PlainText', '{\"placeholder\":\"\",\"maxLength\":\"\",\"multiline\":\"\",\"initialRows\":\"4\"}', '2017-06-15 19:20:51', '2017-06-15 20:28:41', 'ff89de4b-62fc-4a56-8a4f-49c12bbb5ab7'),
 ('87', NULL, 'Image Orientation', 'orientation', 'superTableBlockType:12', 'If you included an image, do you want it left aligned or right?', '0', 'PositionSelect', '{\"options\":[\"left\",\"right\"]}', '2017-06-15 19:20:51', '2017-06-15 20:28:42', 'e6d53b00-87ff-49c6-9852-eda8aefc15d0'),
 ('88', NULL, 'Heading', 'heading', 'matrixBlockType:19', '', '0', 'PlainText', '{\"placeholder\":\"\",\"maxLength\":\"\",\"multiline\":\"\",\"initialRows\":\"4\"}', '2017-06-15 19:24:13', '2017-06-15 20:28:42', 'a2b8f794-5949-491c-8cb0-34eacf5324e4'),
 ('89', NULL, 'Body', 'body', 'matrixBlockType:19', '', '0', 'PlainText', '{\"placeholder\":\"\",\"maxLength\":\"\",\"multiline\":\"\",\"initialRows\":\"4\"}', '2017-06-15 19:24:13', '2017-06-15 20:28:42', '5f5df57a-f352-4d9b-832b-906e2e4b952a'),
 ('90', NULL, 'Clients', 'clients', 'matrixBlockType:19', '', '0', 'SuperTable', '{\"columns\":{\"91\":{\"width\":\"\"},\"92\":{\"width\":\"\"},\"93\":{\"width\":\"\"}},\"fieldLayout\":\"table\",\"staticField\":null,\"selectionLabel\":\"Add a row\",\"maxRows\":null,\"minRows\":null}', '2017-06-15 19:24:13', '2017-06-15 20:28:42', 'a1525531-b866-46d1-8977-a12977ed3b55'),
 ('91', NULL, 'Client / Project Name', 'clientName', 'superTableBlockType:13', '', '0', 'PlainText', '{\"placeholder\":\"\",\"maxLength\":\"\",\"multiline\":\"\",\"initialRows\":\"4\"}', '2017-06-15 19:24:14', '2017-06-15 20:28:42', 'd03e43e8-45ff-4cb1-a524-2f51421c260f'),
 ('92', NULL, 'Client Location', 'clientLocation', 'superTableBlockType:13', '', '0', 'PlainText', '{\"placeholder\":\"\",\"maxLength\":\"\",\"multiline\":\"\",\"initialRows\":\"4\"}', '2017-06-15 19:24:14', '2017-06-15 20:28:42', 'dacf183b-0be9-4878-9cc7-bb7090ad609d'),
 ('93', NULL, 'Image', 'image', 'superTableBlockType:13', '', '0', 'Assets', '{\"useSingleFolder\":\"1\",\"sources\":[\"folder:5\"],\"defaultUploadLocationSource\":\"1\",\"defaultUploadLocationSubpath\":\"\",\"singleUploadLocationSource\":\"5\",\"singleUploadLocationSubpath\":\"\",\"restrictFiles\":\"\",\"limit\":\"1\",\"viewMode\":\"list\",\"selectionLabel\":\"\"}', '2017-06-15 19:24:14', '2017-06-15 20:28:42', 'a3f8e424-c9ea-492a-8f7c-ff40e48be889'),
 ('94', NULL, 'Heading', 'heading', 'matrixBlockType:20', '', '0', 'PlainText', '{\"placeholder\":\"\",\"maxLength\":\"\",\"multiline\":\"\",\"initialRows\":\"4\"}', '2017-06-15 19:33:37', '2017-06-15 20:28:42', '2a914e0f-2525-4f71-aeb4-9049557a4838'),
 ('95', NULL, 'Body', 'body', 'matrixBlockType:20', '', '0', 'PlainText', '{\"placeholder\":\"\",\"maxLength\":\"\",\"multiline\":\"\",\"initialRows\":\"4\"}', '2017-06-15 19:33:37', '2017-06-15 20:28:42', 'c8e63ed0-7454-4af7-8b22-bdb9438c24b9'),
 ('96', NULL, 'Bullet List', 'bulletList', 'matrixBlockType:20', '', '0', 'SuperTable', '{\"columns\":{\"97\":{\"width\":\"\"}},\"fieldLayout\":\"table\",\"staticField\":null,\"selectionLabel\":\"Add a row\",\"maxRows\":null,\"minRows\":null}', '2017-06-15 19:33:37', '2017-06-15 20:28:42', 'b3a425c1-c2fd-4f60-8722-6884a7d355af'),
 ('97', NULL, 'Item', 'item', 'superTableBlockType:14', '', '0', 'PlainText', '{\"placeholder\":\"\",\"maxLength\":\"\",\"multiline\":\"\",\"initialRows\":\"4\"}', '2017-06-15 19:33:38', '2017-06-15 20:28:42', 'f1ab0901-5851-4cb7-912e-810f9fedb627'),
 ('98', NULL, 'Logo List', 'logoList', 'matrixBlockType:20', '', '0', 'SuperTable', '{\"columns\":{\"99\":{\"width\":\"\"},\"100\":{\"width\":\"\"}},\"fieldLayout\":\"table\",\"staticField\":null,\"selectionLabel\":\"Add a row\",\"maxRows\":null,\"minRows\":null}', '2017-06-15 19:33:38', '2017-06-15 20:28:42', '5865ddfc-eec0-47d3-9cf1-7e6faf545d2d'),
 ('99', NULL, 'Logo Name', 'logoName', 'superTableBlockType:15', '', '0', 'PlainText', '{\"placeholder\":\"\",\"maxLength\":\"\",\"multiline\":\"\",\"initialRows\":\"4\"}', '2017-06-15 19:33:38', '2017-06-15 20:28:42', '801d51dd-d441-41ad-8982-d0981973a88b'),
 ('100', NULL, 'Image', 'image', 'superTableBlockType:15', '', '0', 'Assets', '{\"useSingleFolder\":\"1\",\"sources\":\"*\",\"defaultUploadLocationSource\":\"1\",\"defaultUploadLocationSubpath\":\"\",\"singleUploadLocationSource\":\"5\",\"singleUploadLocationSubpath\":\"\",\"restrictFiles\":\"1\",\"allowedKinds\":[\"image\"],\"limit\":\"1\",\"viewMode\":\"list\",\"selectionLabel\":\"\"}', '2017-06-15 19:33:38', '2017-06-15 20:28:42', '860b2893-6a1c-4e60-89da-e28645340371'),
 ('101', '1', 'Heading', 'heading', 'global', '', '0', 'PlainText', '{\"placeholder\":\"\",\"maxLength\":\"\",\"multiline\":\"\",\"initialRows\":\"4\"}', '2017-06-15 19:36:09', '2017-06-15 19:36:09', 'c03cafc3-741d-4cfe-8741-4ea125ff5bb1'),
 ('102', '4', 'Value', 'value', 'global', '', '0', 'Matrix', '{\"maxBlocks\":null}', '2017-06-15 19:42:13', '2017-06-15 19:42:13', '3502350d-f0d0-4876-8e26-53522e7517d8'),
 ('103', NULL, 'Value', 'value', 'matrixBlockType:21', '', '0', 'PlainText', '{\"placeholder\":\"\",\"maxLength\":\"\",\"multiline\":\"\",\"initialRows\":\"4\"}', '2017-06-15 19:42:13', '2017-06-15 19:42:13', 'cbfbcce1-1893-4968-a401-7a8742b32776'),
 ('104', NULL, 'Heading', 'heading', 'matrixBlockType:21', '', '0', 'PlainText', '{\"placeholder\":\"\",\"maxLength\":\"\",\"multiline\":\"\",\"initialRows\":\"4\"}', '2017-06-15 19:42:13', '2017-06-15 19:42:13', '2525c622-c206-4197-9eac-4c84f3e0630e'),
 ('105', NULL, 'Body', 'body', 'matrixBlockType:21', '', '0', 'RichText', '{\"configFile\":\"\",\"availableAssetSources\":\"*\",\"availableTransforms\":\"*\",\"cleanupHtml\":\"1\",\"purifyHtml\":\"1\",\"purifierConfig\":\"\",\"columnType\":\"text\"}', '2017-06-15 19:42:14', '2017-06-15 19:42:14', '371cf826-5ceb-4137-8114-98587f0e5b5f'),
 ('106', NULL, 'Heading', 'heading', 'matrixBlockType:22', '', '0', 'PlainText', '{\"placeholder\":\"Our Values\",\"maxLength\":\"\",\"multiline\":\"\",\"initialRows\":\"4\"}', '2017-06-15 19:49:55', '2017-06-15 20:28:42', '49fb5f86-09ca-42c3-baa1-78b94193ac73'),
 ('107', NULL, 'Heading', 'heading', 'matrixBlockType:23', '', '0', 'PlainText', '{\"placeholder\":\"\",\"maxLength\":\"\",\"multiline\":\"\",\"initialRows\":\"4\"}', '2017-06-15 19:57:44', '2017-06-15 20:28:42', '4c7ed9f1-d06a-44a2-88ed-319e9328ea80'),
 ('108', NULL, 'Background Image', 'backgroundImage', 'matrixBlockType:23', '', '0', 'Assets', '{\"useSingleFolder\":\"1\",\"sources\":\"*\",\"defaultUploadLocationSource\":\"1\",\"defaultUploadLocationSubpath\":\"\",\"singleUploadLocationSource\":\"3\",\"singleUploadLocationSubpath\":\"\",\"restrictFiles\":\"\",\"limit\":\"\",\"viewMode\":\"list\",\"selectionLabel\":\"\"}', '2017-06-15 19:57:44', '2017-06-15 20:28:42', '89cfea7c-d2ca-4c9a-baf5-8fac1f7cb633'),
 ('109', NULL, 'Benefit', 'benefit', 'matrixBlockType:23', '', '0', 'SuperTable', '{\"columns\":{\"110\":{\"width\":\"\"},\"111\":{\"width\":\"\"}},\"fieldLayout\":\"table\",\"staticField\":null,\"selectionLabel\":null,\"maxRows\":null,\"minRows\":null}', '2017-06-15 19:57:44', '2017-06-15 20:28:42', 'c1f6ae09-9297-4987-a932-e79fea9e2a60'),
 ('110', NULL, 'Benefit Name', 'benefitName', 'superTableBlockType:16', 'ie \"Health & Wellness\"', '0', 'PlainText', '{\"placeholder\":\"\",\"maxLength\":\"\",\"multiline\":\"\",\"initialRows\":\"4\"}', '2017-06-15 19:57:44', '2017-06-15 20:28:42', '4f234a10-8439-45e4-addb-3975169d6029'),
 ('111', NULL, 'Body', 'body', 'superTableBlockType:16', '', '0', 'RichText', '{\"configFile\":\"\",\"availableAssetSources\":\"*\",\"availableTransforms\":\"*\"}', '2017-06-15 19:57:44', '2017-06-15 20:28:42', 'd4b7c4f5-b3b1-405d-8033-c8b822afa963');
INSERT INTO `craft_fields` (`id`, `groupId`, `name`, `handle`, `context`, `instructions`, `translatable`, `type`, `settings`, `dateCreated`, `dateUpdated`, `uid`) VALUES
 ('112', '1', 'Markets', 'markets', 'global', '', '0', 'Categories', '{\"source\":\"group:1\",\"limit\":\"\",\"selectionLabel\":\"\"}', '2017-06-15 21:33:55', '2017-06-15 21:35:35', '1005503f-7afb-4dfe-b17d-0564e9ca0d40'),
 ('113', '1', 'Services', 'services', 'global', '', '0', 'Categories', '{\"source\":\"group:2\",\"limit\":\"\",\"selectionLabel\":\"\"}', '2017-06-15 21:36:14', '2017-06-15 21:36:14', '029c2a2f-72b5-45f4-94c9-213cd2980926'),
 ('114', '2', 'State', 'state', 'global', '', '0', 'PlainText', '{\"placeholder\":\"\",\"maxLength\":\"\",\"multiline\":\"\",\"initialRows\":\"4\"}', '2017-06-15 22:03:53', '2017-06-15 22:03:53', '6f54484d-2ae2-4d74-ab08-eef89baadce8'),
 ('115', '2', 'City', 'city', 'global', '', '0', 'PlainText', '{\"placeholder\":\"\",\"maxLength\":\"\",\"multiline\":\"\",\"initialRows\":\"4\"}', '2017-06-15 22:06:04', '2017-06-15 22:06:04', 'd0e1f928-90a8-42a5-a707-e84379909ef5'),
 ('116', '2', 'Address', 'address', 'global', '', '0', 'PlainText', '{\"placeholder\":\"\",\"maxLength\":\"\",\"multiline\":\"\",\"initialRows\":\"4\"}', '2017-06-15 22:07:17', '2017-06-15 22:07:17', 'fcb72835-1a45-4fca-9fa4-63f5f2e1284a'),
 ('117', '2', 'Address 2', 'address2', 'global', '(Suite / Apt / Unit)', '0', 'PlainText', '{\"placeholder\":\"\",\"maxLength\":\"\",\"multiline\":\"\",\"initialRows\":\"4\"}', '2017-06-15 22:07:45', '2017-06-15 22:07:45', 'f91c2db9-2d56-4f0a-8e5b-45423302a4d3'),
 ('118', '2', 'Phone', 'phone', 'global', '', '0', 'FruitLinkIt', '{\"types\":[\"tel\"],\"defaultText\":\"\",\"allowCustomText\":\"1\",\"allowTarget\":\"\",\"entrySources\":\"*\",\"entrySelectionLabel\":\"Select an entry\",\"assetSources\":\"*\",\"assetSelectionLabel\":\"Select an asset\",\"categorySources\":\"*\",\"categorySelectionLabel\":\"Select a category\"}', '2017-06-15 22:09:09', '2017-06-16 01:32:14', 'c512008e-c0ab-45b2-a4f2-e2daa2ed520f'),
 ('120', '2', 'Community Involvement', 'communityInvolvement', 'global', '', '0', 'SuperTable', '{\"columns\":{\"new1\":{\"width\":\"\"}},\"fieldLayout\":\"table\",\"staticField\":null,\"selectionLabel\":\"Add a row\",\"maxRows\":null,\"minRows\":null}', '2017-06-15 22:13:15', '2017-06-15 22:13:15', '8c509a7c-d6fd-455f-b449-2cf091ea62e1'),
 ('121', NULL, 'Community Involvement', 'communityInvolvement', 'superTableBlockType:17', '', '0', 'PlainText', '{\"placeholder\":\"\",\"maxLength\":\"\",\"multiline\":\"\",\"initialRows\":\"4\"}', '2017-06-15 22:13:15', '2017-06-15 22:13:15', '9042522a-1eef-46e5-8363-0e12f7547256'),
 ('122', '2', 'About the Location', 'aboutTheLocation', 'global', '', '0', 'RichText', '{\"configFile\":\"\",\"availableAssetSources\":\"*\",\"availableTransforms\":\"*\",\"cleanupHtml\":\"1\",\"purifyHtml\":\"1\",\"purifierConfig\":\"\",\"columnType\":\"text\"}', '2017-06-15 22:13:59', '2017-06-15 22:13:59', '24a3002b-93ea-4089-92b4-f94e217428de'),
 ('123', '2', 'Excerpt', 'locationExcerpt', 'global', '', '0', 'RichText', '{\"configFile\":\"\",\"availableAssetSources\":\"*\",\"availableTransforms\":\"*\",\"cleanupHtml\":\"1\",\"purifyHtml\":\"1\",\"purifierConfig\":\"\",\"columnType\":\"text\"}', '2017-06-15 22:14:29', '2017-06-15 22:14:29', '1306417f-e67b-4e8a-99ab-968949679d6a'),
 ('124', '2', 'Zip', 'zip', 'global', '', '0', 'PlainText', '{\"placeholder\":\"\",\"maxLength\":\"\",\"multiline\":\"\",\"initialRows\":\"4\"}', '2017-06-15 22:16:42', '2017-06-15 22:16:42', '746a939e-6e62-4448-ab33-3d5e256498a0'),
 ('125', '2', 'Is Headerquarters', 'isHeaderquarters', 'global', '', '0', 'Lightswitch', '{\"default\":\"\"}', '2017-06-15 22:21:57', '2017-06-15 22:21:57', '32f31cdf-b874-42ac-8472-a78ea13b333b'),
 ('126', '1', 'Client Name', 'clientName', 'global', '', '0', 'PlainText', '{\"placeholder\":\"\",\"maxLength\":\"\",\"multiline\":\"\",\"initialRows\":\"4\"}', '2017-06-16 01:53:49', '2017-06-16 01:53:49', '4a879e9a-5b25-4811-912d-04549c7818fe');



DROP TABLE IF EXISTS `craft_freeform_crm_fields`;


--
-- Schema for table `craft_freeform_crm_fields`
--
CREATE TABLE `craft_freeform_crm_fields` (
  `id` int(11) NOT NULL AUTO_INCREMENT,
  `integrationId` int(11) NOT NULL,
  `handle` varchar(255) COLLATE utf8_unicode_ci NOT NULL,
  `label` varchar(255) COLLATE utf8_unicode_ci NOT NULL,
  `type` enum('string','numeric','boolean','array') COLLATE utf8_unicode_ci NOT NULL DEFAULT 'string',
  `required` int(1) unsigned NOT NULL DEFAULT '0',
  `dateCreated` datetime NOT NULL,
  `dateUpdated` datetime NOT NULL,
  `uid` char(36) COLLATE utf8_unicode_ci NOT NULL DEFAULT '0',
  PRIMARY KEY (`id`),
  UNIQUE KEY `craft_freeform_crm_fields_integrationId_handle_unq_idx` (`integrationId`,`handle`)
) ENGINE=InnoDB DEFAULT CHARSET=utf8 COLLATE=utf8_unicode_ci;

DROP TABLE IF EXISTS `craft_freeform_fields`;


--
-- Schema for table `craft_freeform_fields`
--
CREATE TABLE `craft_freeform_fields` (
  `id` int(11) NOT NULL AUTO_INCREMENT,
  `notificationId` int(11) DEFAULT NULL,
  `assetSourceId` int(11) DEFAULT NULL,
  `type` enum('text','textarea','email','hidden','select','checkbox','checkbox_group','radio_group','file','dynamic_recipients') COLLATE utf8_unicode_ci DEFAULT NULL,
  `handle` varchar(255) COLLATE utf8_unicode_ci NOT NULL,
  `label` varchar(255) COLLATE utf8_unicode_ci NOT NULL,
  `required` tinyint(1) unsigned NOT NULL DEFAULT '0',
  `value` varchar(255) COLLATE utf8_unicode_ci DEFAULT NULL,
  `placeholder` varchar(255) COLLATE utf8_unicode_ci DEFAULT NULL,
  `instructions` text COLLATE utf8_unicode_ci,
  `values` text COLLATE utf8_unicode_ci,
  `options` text COLLATE utf8_unicode_ci,
  `checked` tinyint(1) unsigned DEFAULT '0',
  `rows` int(10) DEFAULT NULL,
  `fileKinds` text COLLATE utf8_unicode_ci,
  `maxFileSizeKB` int(10) DEFAULT NULL,
  `dateCreated` datetime NOT NULL,
  `dateUpdated` datetime NOT NULL,
  `uid` char(36) COLLATE utf8_unicode_ci NOT NULL DEFAULT '0',
  PRIMARY KEY (`id`),
  UNIQUE KEY `craft_freeform_fields_handle_unq_idx` (`handle`),
  KEY `craft_freeform_fields_notificationId_fk` (`notificationId`),
  KEY `craft_freeform_fields_assetSourceId_fk` (`assetSourceId`)
) ENGINE=InnoDB AUTO_INCREMENT=16 DEFAULT CHARSET=utf8 COLLATE=utf8_unicode_ci;

--
-- Data for table `craft_freeform_fields`
--

INSERT INTO `craft_freeform_fields` (`id`, `notificationId`, `assetSourceId`, `type`, `handle`, `label`, `required`, `value`, `placeholder`, `instructions`, `values`, `options`, `checked`, `rows`, `fileKinds`, `maxFileSizeKB`, `dateCreated`, `dateUpdated`, `uid`) VALUES
 ('1', NULL, NULL, 'text', 'firstName', 'First Name', '0', NULL, NULL, NULL, NULL, NULL, '0', NULL, NULL, NULL, '2017-06-09 17:35:43', '2017-06-09 17:35:43', 'e8c730ec-5b42-42d2-8887-62dfe17f29a9'),
 ('2', NULL, NULL, 'text', 'lastName', 'Last Name', '0', NULL, NULL, NULL, NULL, NULL, '0', NULL, NULL, NULL, '2017-06-09 17:35:44', '2017-06-09 17:35:44', '1e8d9e09-c982-4f44-814d-226d1dd8667d'),
 ('3', NULL, NULL, 'email', 'email', 'Email', '0', NULL, NULL, NULL, NULL, NULL, '0', NULL, NULL, NULL, '2017-06-09 17:35:44', '2017-06-09 17:35:44', '3361ec6e-394e-483b-874e-b2ba7037d182'),
 ('4', NULL, NULL, 'text', 'website', 'Website', '0', NULL, NULL, NULL, NULL, NULL, '0', NULL, NULL, NULL, '2017-06-09 17:35:44', '2017-06-09 17:35:44', '2340aa75-fb3a-45ba-bd28-101a50a92237'),
 ('5', NULL, NULL, 'text', 'cellPhone', 'Cell Phone', '0', NULL, NULL, NULL, NULL, NULL, '0', NULL, NULL, NULL, '2017-06-09 17:35:44', '2017-06-09 17:35:44', 'ba80cdcd-6388-4090-96aa-4a5ff78683cc'),
 ('6', NULL, NULL, 'text', 'homePhone', 'Home Phone', '0', NULL, NULL, NULL, NULL, NULL, '0', NULL, NULL, NULL, '2017-06-09 17:35:44', '2017-06-09 17:35:44', '84d44cc4-3b21-4ed3-a13f-ef6f6ed76248'),
 ('7', NULL, NULL, 'text', 'companyName', 'Company Name', '0', NULL, NULL, NULL, NULL, NULL, '0', NULL, NULL, NULL, '2017-06-09 17:35:44', '2017-06-09 17:35:44', '1edceb56-2da2-4f79-bc39-8aa0063006e2'),
 ('8', NULL, NULL, 'textarea', 'address', 'Address', '0', NULL, NULL, NULL, NULL, NULL, '0', '2', NULL, NULL, '2017-06-09 17:35:44', '2017-06-09 17:35:44', '0db1f0c9-eab0-410c-b803-a88439c5a9c2'),
 ('9', NULL, NULL, 'text', 'city', 'City', '0', NULL, NULL, NULL, NULL, NULL, '0', NULL, NULL, NULL, '2017-06-09 17:35:44', '2017-06-09 17:35:44', 'a9a07804-fc48-44e9-bd67-418b49e5ec90'),
 ('10', NULL, NULL, 'select', 'state', 'State', '0', NULL, NULL, NULL, NULL, '[{\"value\":\"\",\"label\":\"Select a State\"},{\"value\":\"AL\",\"label\":\"Alabama\"},{\"value\":\"AK\",\"label\":\"Alaska\"},{\"value\":\"AZ\",\"label\":\"Arizona\"},{\"value\":\"AR\",\"label\":\"Arkansas\"},{\"value\":\"CA\",\"label\":\"California\"},{\"value\":\"CO\",\"label\":\"Colorado\"},{\"value\":\"CT\",\"label\":\"Connecticut\"},{\"value\":\"DE\",\"label\":\"Delaware\"},{\"value\":\"DC\",\"label\":\"District of Columbia\"},{\"value\":\"FL\",\"label\":\"Florida\"},{\"value\":\"GA\",\"label\":\"Georgia\"},{\"value\":\"HI\",\"label\":\"Hawaii\"},{\"value\":\"ID\",\"label\":\"Idaho\"},{\"value\":\"IL\",\"label\":\"Illinois\"},{\"value\":\"IN\",\"label\":\"Indiana\"},{\"value\":\"IA\",\"label\":\"Iowa\"},{\"value\":\"KS\",\"label\":\"Kansas\"},{\"value\":\"KY\",\"label\":\"Kentucky\"},{\"value\":\"LA\",\"label\":\"Louisiana\"},{\"value\":\"ME\",\"label\":\"Maine\"},{\"value\":\"MD\",\"label\":\"Maryland\"},{\"value\":\"MA\",\"label\":\"Massachusetts\"},{\"value\":\"MI\",\"label\":\"Michigan\"},{\"value\":\"MN\",\"label\":\"Minnesota\"},{\"value\":\"MS\",\"label\":\"Mississippi\"},{\"value\":\"MO\",\"label\":\"Missouri\"},{\"value\":\"MT\",\"label\":\"Montana\"},{\"value\":\"NE\",\"label\":\"Nebraska\"},{\"value\":\"NV\",\"label\":\"Nevada\"},{\"value\":\"NH\",\"label\":\"New Hampshire\"},{\"value\":\"NJ\",\"label\":\"New Jersey\"},{\"value\":\"NM\",\"label\":\"New Mexico\"},{\"value\":\"NY\",\"label\":\"New York\"},{\"value\":\"NC\",\"label\":\"North Carolina\"},{\"value\":\"ND\",\"label\":\"North Dakota\"},{\"value\":\"OH\",\"label\":\"Ohio\"},{\"value\":\"OK\",\"label\":\"Oklahoma\"},{\"value\":\"OR\",\"label\":\"Oregon\"},{\"value\":\"PA\",\"label\":\"Pennsylvania\"},{\"value\":\"RI\",\"label\":\"Rhode Island\"},{\"value\":\"SC\",\"label\":\"South Carolina\"},{\"value\":\"SD\",\"label\":\"South Dakota\"},{\"value\":\"TN\",\"label\":\"Tennessee\"},{\"value\":\"TX\",\"label\":\"Texas\"},{\"value\":\"UT\",\"label\":\"Utah\"},{\"value\":\"VT\",\"label\":\"Vermont\"},{\"value\":\"VA\",\"label\":\"Virginia\"},{\"value\":\"WA\",\"label\":\"Washington\"},{\"value\":\"WV\",\"label\":\"West Virginia\"},{\"value\":\"WI\",\"label\":\"Wisconsin\"},{\"value\":\"WY\",\"label\":\"Wyoming\"}]', '0', NULL, NULL, NULL, '2017-06-09 17:35:44', '2017-06-09 17:35:44', '74535d18-b513-4dd2-b731-c7bd9bfcee4f'),
 ('11', NULL, NULL, 'text', 'zipCode', 'Zip Code', '0', NULL, NULL, NULL, NULL, NULL, '0', NULL, NULL, NULL, '2017-06-09 17:35:44', '2017-06-09 17:35:44', '4a3bab68-0c54-462d-a6f0-e1c5f1a78304'),
 ('12', NULL, NULL, 'textarea', 'message', 'Message', '0', NULL, NULL, NULL, NULL, NULL, '0', '5', NULL, NULL, '2017-06-09 17:35:44', '2017-06-09 17:35:44', '58a35f01-709e-4f84-b163-2472eac4b043'),
 ('13', NULL, NULL, 'select', 'InquiryType', 'Inquiry Type', '0', NULL, NULL, NULL, NULL, NULL, '0', NULL, NULL, NULL, '2017-06-15 20:10:06', '2017-06-15 20:10:06', '5b9a3491-79a1-4acf-9e60-013e1b7baf0a'),
 ('14', NULL, NULL, 'text', 'FullName', 'Full Name', '0', NULL, NULL, NULL, NULL, NULL, '0', NULL, NULL, NULL, '2017-06-15 20:13:11', '2017-06-15 20:13:11', 'db85f388-6d02-4297-95fa-213a17fbb21b'),
 ('15', NULL, NULL, 'file', 'resume', 'Upload Your Resume', '0', NULL, NULL, NULL, NULL, NULL, '0', NULL, NULL, NULL, '2017-06-15 20:18:52', '2017-06-15 20:18:52', '86aa88c5-fdfd-42f2-8a7b-66ce49363223');



DROP TABLE IF EXISTS `craft_freeform_forms`;


--
-- Schema for table `craft_freeform_forms`
--
CREATE TABLE `craft_freeform_forms` (
  `id` int(11) NOT NULL AUTO_INCREMENT,
  `name` varchar(255) COLLATE utf8_unicode_ci NOT NULL,
  `handle` varchar(255) COLLATE utf8_unicode_ci NOT NULL,
  `spamBlockCount` int(10) DEFAULT '0',
  `submissionTitleFormat` varchar(255) COLLATE utf8_unicode_ci NOT NULL,
  `description` text COLLATE utf8_unicode_ci,
  `layoutJson` text COLLATE utf8_unicode_ci NOT NULL,
  `returnUrl` varchar(255) COLLATE utf8_unicode_ci DEFAULT NULL,
  `defaultStatus` int(10) NOT NULL,
  `color` varchar(255) COLLATE utf8_unicode_ci DEFAULT NULL,
  `dateCreated` datetime NOT NULL,
  `dateUpdated` datetime NOT NULL,
  `uid` char(36) COLLATE utf8_unicode_ci NOT NULL DEFAULT '0',
  PRIMARY KEY (`id`),
  UNIQUE KEY `craft_freeform_forms_handle_unq_idx` (`handle`)
) ENGINE=InnoDB AUTO_INCREMENT=2 DEFAULT CHARSET=utf8 COLLATE=utf8_unicode_ci;

--
-- Data for table `craft_freeform_forms`
--

INSERT INTO `craft_freeform_forms` (`id`, `name`, `handle`, `spamBlockCount`, `submissionTitleFormat`, `description`, `layoutJson`, `returnUrl`, `defaultStatus`, `color`, `dateCreated`, `dateUpdated`, `uid`) VALUES
 ('1', 'Contact Us', 'contactUs', '0', '{{ dateCreated|date(\"Y-m-d H:i:s\") }}', '', '{\"composer\":{\"layout\":[[{\"id\":\"P2rkn8LV8\",\"columns\":[\"NLOZrP0nX\"]},{\"id\":\"72y7GQwgz\",\"columns\":[\"mgEePYZor\"]},{\"id\":\"JD1jMk1Lq\",\"columns\":[\"d1EeG8Z68\",\"KNn41Q4x3\",\"Bb10jE4K3\"]},{\"id\":\"oBPLnjyM2\",\"columns\":[\"QBOZ7q06y\"]}]],\"properties\":{\"page0\":{\"type\":\"page\",\"label\":\"Contact Us\"},\"form\":{\"type\":\"form\",\"name\":\"Contact Us\",\"handle\":\"contactUs\",\"color\":\"#2b734e\",\"submissionTitleFormat\":\"{{ dateCreated|date(\\\"Y-m-d H:i:s\\\") }}\",\"description\":\"\",\"formTemplate\":\"flexbox.html\",\"returnUrl\":\"\\/\",\"storeData\":true,\"defaultStatus\":2},\"integration\":{\"type\":\"integration\",\"integrationId\":0,\"mapping\":[]},\"admin_notifications\":{\"type\":\"admin_notifications\",\"notificationId\":0,\"recipients\":\"\"},\"NLOZrP0nX\":{\"hash\":\"NLOZrP0nX\",\"id\":13,\"type\":\"select\",\"handle\":\"inquiryType\",\"label\":\"Inquiry Type\",\"required\":false,\"instructions\":\"\",\"showCustomValues\":true,\"value\":\"General Inquiry\",\"options\":[{\"label\":\"Job Opportunities\",\"value\":\"Job Opportunities\"},{\"label\":\"General Inquiry\",\"value\":\"General Inquiry\"}],\"values\":[]},\"mgEePYZor\":{\"hash\":\"mgEePYZor\",\"id\":14,\"type\":\"text\",\"handle\":\"fullName\",\"label\":\"Full Name\",\"required\":false,\"instructions\":\"\",\"value\":\"\",\"placeholder\":\"\"},\"d1EeG8Z68\":{\"hash\":\"d1EeG8Z68\",\"id\":3,\"type\":\"email\",\"handle\":\"email\",\"label\":\"Email\",\"required\":false,\"instructions\":\"\",\"notificationId\":0,\"values\":[],\"placeholder\":\"\"},\"KNn41Q4x3\":{\"hash\":\"KNn41Q4x3\",\"id\":7,\"type\":\"text\",\"handle\":\"organization\",\"label\":\"Organization\",\"required\":false,\"instructions\":\"\",\"value\":\"\",\"placeholder\":\"\"},\"QBOZ7q06y\":{\"hash\":\"QBOZ7q06y\",\"id\":12,\"type\":\"textarea\",\"handle\":\"message\",\"label\":\"Message\",\"required\":false,\"instructions\":\"\",\"value\":\"\",\"placeholder\":\"\",\"rows\":5},\"Bb10jE4K3\":{\"hash\":\"Bb10jE4K3\",\"id\":15,\"type\":\"file\",\"handle\":\"resume\",\"label\":\"Upload Your Resume\",\"required\":false,\"instructions\":\"\",\"assetSourceId\":0,\"maxFileSizeKB\":2048,\"fileKinds\":[\"image\",\"pdf\"]}}},\"context\":{\"page\":0,\"hash\":\"form\"}}', '/', '2', '#2b734e', '2017-06-15 20:19:31', '2017-06-15 20:22:58', '0ccfd796-7e6c-41d7-a20e-83855defb3d3');



DROP TABLE IF EXISTS `craft_freeform_integrations`;


--
-- Schema for table `craft_freeform_integrations`
--
CREATE TABLE `craft_freeform_integrations` (
  `id` int(11) NOT NULL AUTO_INCREMENT,
  `name` varchar(255) COLLATE utf8_unicode_ci NOT NULL,
  `handle` varchar(255) COLLATE utf8_unicode_ci NOT NULL,
  `type` enum('mailing_list','crm') COLLATE utf8_unicode_ci NOT NULL,
  `class` varchar(255) COLLATE utf8_unicode_ci NOT NULL,
  `accessToken` varchar(255) COLLATE utf8_unicode_ci DEFAULT NULL,
  `settings` text COLLATE utf8_unicode_ci,
  `forceUpdate` tinyint(1) unsigned NOT NULL DEFAULT '0',
  `lastUpdate` datetime DEFAULT NULL,
  `dateCreated` datetime NOT NULL,
  `dateUpdated` datetime NOT NULL,
  `uid` char(36) COLLATE utf8_unicode_ci NOT NULL DEFAULT '0',
  PRIMARY KEY (`id`),
  UNIQUE KEY `craft_freeform_integrations_class_handle_unq_idx` (`class`,`handle`),
  UNIQUE KEY `craft_freeform_integrations_handle_unq_idx` (`handle`)
) ENGINE=InnoDB DEFAULT CHARSET=utf8 COLLATE=utf8_unicode_ci;

DROP TABLE IF EXISTS `craft_freeform_mailing_list_fields`;


--
-- Schema for table `craft_freeform_mailing_list_fields`
--
CREATE TABLE `craft_freeform_mailing_list_fields` (
  `id` int(11) NOT NULL AUTO_INCREMENT,
  `mailingListId` int(11) NOT NULL,
  `handle` varchar(255) COLLATE utf8_unicode_ci NOT NULL,
  `label` varchar(255) COLLATE utf8_unicode_ci NOT NULL,
  `type` enum('string','numeric','boolean','array') COLLATE utf8_unicode_ci NOT NULL DEFAULT 'string',
  `required` int(1) unsigned NOT NULL DEFAULT '0',
  `dateCreated` datetime NOT NULL,
  `dateUpdated` datetime NOT NULL,
  `uid` char(36) COLLATE utf8_unicode_ci NOT NULL DEFAULT '0',
  PRIMARY KEY (`id`),
  UNIQUE KEY `craft_freeform_mailing_list_fields_mailingListId_handle_unq_idx` (`mailingListId`,`handle`)
) ENGINE=InnoDB DEFAULT CHARSET=utf8 COLLATE=utf8_unicode_ci;

DROP TABLE IF EXISTS `craft_freeform_mailing_lists`;


--
-- Schema for table `craft_freeform_mailing_lists`
--
CREATE TABLE `craft_freeform_mailing_lists` (
  `id` int(11) NOT NULL AUTO_INCREMENT,
  `integrationId` int(11) NOT NULL,
  `resourceId` varchar(255) COLLATE utf8_unicode_ci NOT NULL,
  `name` varchar(255) COLLATE utf8_unicode_ci NOT NULL,
  `memberCount` int(11) DEFAULT NULL,
  `dateCreated` datetime NOT NULL,
  `dateUpdated` datetime NOT NULL,
  `uid` char(36) COLLATE utf8_unicode_ci NOT NULL DEFAULT '0',
  PRIMARY KEY (`id`),
  UNIQUE KEY `craft_freeform_mailing_lists_integrationId_resourceId_unq_idx` (`integrationId`,`resourceId`)
) ENGINE=InnoDB DEFAULT CHARSET=utf8 COLLATE=utf8_unicode_ci;

DROP TABLE IF EXISTS `craft_freeform_notifications`;


--
-- Schema for table `craft_freeform_notifications`
--
CREATE TABLE `craft_freeform_notifications` (
  `id` int(11) NOT NULL AUTO_INCREMENT,
  `name` varchar(255) COLLATE utf8_unicode_ci DEFAULT NULL,
  `handle` varchar(255) COLLATE utf8_unicode_ci NOT NULL,
  `description` text COLLATE utf8_unicode_ci,
  `fromName` varchar(255) COLLATE utf8_unicode_ci DEFAULT NULL,
  `fromEmail` varchar(255) COLLATE utf8_unicode_ci DEFAULT NULL,
  `replyToEmail` varchar(255) COLLATE utf8_unicode_ci DEFAULT NULL,
  `includeAttachments` tinyint(1) unsigned NOT NULL DEFAULT '0',
  `subject` varchar(255) COLLATE utf8_unicode_ci DEFAULT NULL,
  `bodyHtml` text COLLATE utf8_unicode_ci,
  `bodyText` text COLLATE utf8_unicode_ci,
  `sortOrder` int(10) DEFAULT NULL,
  `dateCreated` datetime NOT NULL,
  `dateUpdated` datetime NOT NULL,
  `uid` char(36) COLLATE utf8_unicode_ci NOT NULL DEFAULT '0',
  PRIMARY KEY (`id`),
  UNIQUE KEY `craft_freeform_notifications_handle_unq_idx` (`handle`)
) ENGINE=InnoDB DEFAULT CHARSET=utf8 COLLATE=utf8_unicode_ci;

DROP TABLE IF EXISTS `craft_freeform_statuses`;


--
-- Schema for table `craft_freeform_statuses`
--
CREATE TABLE `craft_freeform_statuses` (
  `id` int(11) NOT NULL AUTO_INCREMENT,
  `name` varchar(255) COLLATE utf8_unicode_ci NOT NULL,
  `handle` varchar(255) COLLATE utf8_unicode_ci NOT NULL,
  `color` enum('green','blue','yellow','orange','red','pink','purple','turquoise','light','grey','black') COLLATE utf8_unicode_ci NOT NULL DEFAULT 'grey',
  `isDefault` tinyint(1) unsigned NOT NULL DEFAULT '0',
  `sortOrder` int(10) DEFAULT NULL,
  `dateCreated` datetime NOT NULL,
  `dateUpdated` datetime NOT NULL,
  `uid` char(36) COLLATE utf8_unicode_ci NOT NULL DEFAULT '0',
  PRIMARY KEY (`id`),
  UNIQUE KEY `craft_freeform_statuses_name_unq_idx` (`name`),
  UNIQUE KEY `craft_freeform_statuses_handle_unq_idx` (`handle`)
) ENGINE=InnoDB AUTO_INCREMENT=4 DEFAULT CHARSET=utf8 COLLATE=utf8_unicode_ci;

--
-- Data for table `craft_freeform_statuses`
--

INSERT INTO `craft_freeform_statuses` (`id`, `name`, `handle`, `color`, `isDefault`, `sortOrder`, `dateCreated`, `dateUpdated`, `uid`) VALUES
 ('1', 'Pending', 'pending', 'light', '0', '1', '2017-06-09 17:35:44', '2017-06-09 17:35:44', '43ae335e-df99-4a37-96c3-dfcd858e5003'),
 ('2', 'Open', 'open', 'green', '1', '2', '2017-06-09 17:35:44', '2017-06-09 17:35:44', '095502c2-306e-4b7f-b41c-5445af5ce17d'),
 ('3', 'Closed', 'closed', 'grey', '0', '3', '2017-06-09 17:35:44', '2017-06-09 17:35:44', 'bb398419-eecf-44da-a0b4-0cc36d0f6e07');



DROP TABLE IF EXISTS `craft_freeform_submissions`;


--
-- Schema for table `craft_freeform_submissions`
--
CREATE TABLE `craft_freeform_submissions` (
  `id` int(11) NOT NULL,
  `statusId` int(11) DEFAULT NULL,
  `formId` int(11) NOT NULL,
  `field_1` varchar(100) COLLATE utf8_unicode_ci DEFAULT NULL,
  `field_2` varchar(100) COLLATE utf8_unicode_ci DEFAULT NULL,
  `field_3` text COLLATE utf8_unicode_ci,
  `field_4` varchar(100) COLLATE utf8_unicode_ci DEFAULT NULL,
  `field_5` varchar(100) COLLATE utf8_unicode_ci DEFAULT NULL,
  `field_6` varchar(100) COLLATE utf8_unicode_ci DEFAULT NULL,
  `field_7` varchar(100) COLLATE utf8_unicode_ci DEFAULT NULL,
  `field_8` text COLLATE utf8_unicode_ci,
  `field_9` varchar(100) COLLATE utf8_unicode_ci DEFAULT NULL,
  `field_10` varchar(100) COLLATE utf8_unicode_ci DEFAULT NULL,
  `field_11` varchar(100) COLLATE utf8_unicode_ci DEFAULT NULL,
  `field_12` text COLLATE utf8_unicode_ci,
  `field_13` varchar(100) COLLATE utf8_unicode_ci DEFAULT NULL,
  `field_14` varchar(100) COLLATE utf8_unicode_ci DEFAULT NULL,
  `field_15` varchar(100) COLLATE utf8_unicode_ci DEFAULT NULL,
  `dateCreated` datetime NOT NULL,
  `dateUpdated` datetime NOT NULL,
  `uid` char(36) COLLATE utf8_unicode_ci NOT NULL DEFAULT '0',
  PRIMARY KEY (`id`),
  KEY `craft_freeform_submissions_statusId_fk` (`statusId`),
  KEY `craft_freeform_submissions_formId_fk` (`formId`)
) ENGINE=InnoDB DEFAULT CHARSET=utf8 COLLATE=utf8_unicode_ci;

DROP TABLE IF EXISTS `craft_freeform_unfinalized_files`;


--
-- Schema for table `craft_freeform_unfinalized_files`
--
CREATE TABLE `craft_freeform_unfinalized_files` (
  `id` int(11) NOT NULL AUTO_INCREMENT,
  `assetId` int(11) NOT NULL,
  `dateCreated` datetime NOT NULL,
  `dateUpdated` datetime NOT NULL,
  `uid` char(36) COLLATE utf8_unicode_ci NOT NULL DEFAULT '0',
  PRIMARY KEY (`id`),
  KEY `craft_freeform_unfinalized_files_assetId_fk` (`assetId`)
) ENGINE=InnoDB DEFAULT CHARSET=utf8 COLLATE=utf8_unicode_ci;

DROP TABLE IF EXISTS `craft_globalsets`;


--
-- Schema for table `craft_globalsets`
--
CREATE TABLE `craft_globalsets` (
  `id` int(11) NOT NULL,
  `name` varchar(255) COLLATE utf8_unicode_ci NOT NULL,
  `handle` varchar(255) COLLATE utf8_unicode_ci NOT NULL,
  `fieldLayoutId` int(10) DEFAULT NULL,
  `dateCreated` datetime NOT NULL,
  `dateUpdated` datetime NOT NULL,
  `uid` char(36) COLLATE utf8_unicode_ci NOT NULL DEFAULT '0',
  PRIMARY KEY (`id`),
  UNIQUE KEY `craft_globalsets_name_unq_idx` (`name`),
  UNIQUE KEY `craft_globalsets_handle_unq_idx` (`handle`),
  KEY `craft_globalsets_fieldLayoutId_fk` (`fieldLayoutId`)
) ENGINE=InnoDB DEFAULT CHARSET=utf8 COLLATE=utf8_unicode_ci;

DROP TABLE IF EXISTS `craft_info`;


--
-- Schema for table `craft_info`
--
CREATE TABLE `craft_info` (
  `id` int(11) NOT NULL AUTO_INCREMENT,
  `version` varchar(50) COLLATE utf8_unicode_ci NOT NULL,
  `schemaVersion` varchar(15) COLLATE utf8_unicode_ci NOT NULL,
  `edition` tinyint(1) unsigned NOT NULL DEFAULT '0',
  `siteName` varchar(100) COLLATE utf8_unicode_ci NOT NULL,
  `siteUrl` varchar(255) COLLATE utf8_unicode_ci NOT NULL,
  `timezone` varchar(30) COLLATE utf8_unicode_ci DEFAULT NULL,
  `on` tinyint(1) unsigned NOT NULL DEFAULT '0',
  `maintenance` tinyint(1) unsigned NOT NULL DEFAULT '0',
  `dateCreated` datetime NOT NULL,
  `dateUpdated` datetime NOT NULL,
  `uid` char(36) COLLATE utf8_unicode_ci NOT NULL DEFAULT '0',
  PRIMARY KEY (`id`)
) ENGINE=InnoDB AUTO_INCREMENT=2 DEFAULT CHARSET=utf8 COLLATE=utf8_unicode_ci;

--
-- Data for table `craft_info`
--

INSERT INTO `craft_info` (`id`, `version`, `schemaVersion`, `edition`, `siteName`, `siteUrl`, `timezone`, `on`, `maintenance`, `dateCreated`, `dateUpdated`, `uid`) VALUES
 ('1', '2.6.2983', '2.6.9', '0', 'Milone & MacBroom', 'http://mmi.ads.dsdev', 'UTC', '1', '0', '2017-06-09 17:32:18', '2017-06-12 20:07:37', '708ecbe9-2680-41aa-8bdc-89a755f39d01');



DROP TABLE IF EXISTS `craft_locales`;


--
-- Schema for table `craft_locales`
--
CREATE TABLE `craft_locales` (
  `locale` char(12) COLLATE utf8_unicode_ci NOT NULL,
  `sortOrder` smallint(6) unsigned DEFAULT NULL,
  `dateCreated` datetime NOT NULL,
  `dateUpdated` datetime NOT NULL,
  `uid` char(36) COLLATE utf8_unicode_ci NOT NULL DEFAULT '0',
  PRIMARY KEY (`locale`),
  KEY `craft_locales_sortOrder_idx` (`sortOrder`)
) ENGINE=InnoDB DEFAULT CHARSET=utf8 COLLATE=utf8_unicode_ci;

--
-- Data for table `craft_locales`
--

INSERT INTO `craft_locales` (`locale`, `sortOrder`, `dateCreated`, `dateUpdated`, `uid`) VALUES
 ('en_us', '1', '2017-06-09 17:32:19', '2017-06-09 17:32:19', '858e9885-d9c1-4cbb-aa68-15717328a35b');



DROP TABLE IF EXISTS `craft_matrixblocks`;


--
-- Schema for table `craft_matrixblocks`
--
CREATE TABLE `craft_matrixblocks` (
  `id` int(11) NOT NULL,
  `ownerId` int(11) NOT NULL,
  `fieldId` int(11) NOT NULL,
  `typeId` int(11) DEFAULT NULL,
  `sortOrder` smallint(6) unsigned DEFAULT NULL,
  `ownerLocale` char(12) COLLATE utf8_unicode_ci DEFAULT NULL,
  `dateCreated` datetime NOT NULL,
  `dateUpdated` datetime NOT NULL,
  `uid` char(36) COLLATE utf8_unicode_ci NOT NULL DEFAULT '0',
  PRIMARY KEY (`id`),
  KEY `craft_matrixblocks_ownerId_idx` (`ownerId`),
  KEY `craft_matrixblocks_fieldId_idx` (`fieldId`),
  KEY `craft_matrixblocks_typeId_idx` (`typeId`),
  KEY `craft_matrixblocks_sortOrder_idx` (`sortOrder`),
  KEY `craft_matrixblocks_ownerLocale_fk` (`ownerLocale`)
) ENGINE=InnoDB DEFAULT CHARSET=utf8 COLLATE=utf8_unicode_ci;

--
-- Data for table `craft_matrixblocks`
--

INSERT INTO `craft_matrixblocks` (`id`, `ownerId`, `fieldId`, `typeId`, `sortOrder`, `ownerLocale`, `dateCreated`, `dateUpdated`, `uid`) VALUES
 ('30', '28', '3', '1', '1', NULL, '2017-06-12 20:16:38', '2017-06-14 14:56:28', '42b1ffee-aed6-4f83-9525-4e5833a6d0c7'),
 ('32', '28', '3', '2', '2', NULL, '2017-06-12 20:16:38', '2017-06-14 14:56:28', '40cab23b-7e0c-4ad1-86ed-39509785eb0d'),
 ('36', '35', '39', '8', '1', NULL, '2017-06-15 15:05:59', '2017-06-15 16:17:13', '0c531225-34d4-4432-8f63-c3afa9215d32'),
 ('37', '35', '39', '8', '2', NULL, '2017-06-15 15:05:59', '2017-06-15 16:17:13', '7e16630a-2567-47f1-9b44-236ca3259d6c'),
 ('39', '35', '39', '8', '3', NULL, '2017-06-15 16:17:13', '2017-06-15 16:17:13', '8f57bba2-c128-41ba-bda1-efd636921aff');



DROP TABLE IF EXISTS `craft_matrixblocktypes`;


--
-- Schema for table `craft_matrixblocktypes`
--
CREATE TABLE `craft_matrixblocktypes` (
  `id` int(11) NOT NULL AUTO_INCREMENT,
  `fieldId` int(11) NOT NULL,
  `fieldLayoutId` int(11) DEFAULT NULL,
  `name` varchar(255) COLLATE utf8_unicode_ci NOT NULL,
  `handle` varchar(255) COLLATE utf8_unicode_ci NOT NULL,
  `sortOrder` smallint(6) unsigned DEFAULT NULL,
  `dateCreated` datetime NOT NULL,
  `dateUpdated` datetime NOT NULL,
  `uid` char(36) COLLATE utf8_unicode_ci NOT NULL DEFAULT '0',
  PRIMARY KEY (`id`),
  UNIQUE KEY `craft_matrixblocktypes_name_fieldId_unq_idx` (`name`,`fieldId`),
  UNIQUE KEY `craft_matrixblocktypes_handle_fieldId_unq_idx` (`handle`,`fieldId`),
  KEY `craft_matrixblocktypes_fieldId_fk` (`fieldId`),
  KEY `craft_matrixblocktypes_fieldLayoutId_fk` (`fieldLayoutId`)
) ENGINE=InnoDB AUTO_INCREMENT=26 DEFAULT CHARSET=utf8 COLLATE=utf8_unicode_ci;

--
-- Data for table `craft_matrixblocktypes`
--

INSERT INTO `craft_matrixblocktypes` (`id`, `fieldId`, `fieldLayoutId`, `name`, `handle`, `sortOrder`, `dateCreated`, `dateUpdated`, `uid`) VALUES
 ('1', '3', '581', 'Masthead', 'masthead', '1', '2017-06-09 19:00:20', '2017-06-15 20:28:39', 'b9337a26-e0de-4266-886c-3eada0f1b738'),
 ('2', '3', '583', 'Video Gallery', 'videogallery', '2', '2017-06-12 19:02:25', '2017-06-15 20:28:40', '80871abb-7b7e-4c93-87e7-2177faf6f8ec'),
 ('3', '3', '584', 'Related Work', 'relatedWork', '3', '2017-06-12 20:32:00', '2017-06-15 20:28:40', 'a99f1e43-b6d2-471d-996c-92223dc3e3bd'),
 ('4', '3', '585', 'Related News', 'relatedNews', '4', '2017-06-12 20:43:11', '2017-06-15 20:28:40', '189b5572-4c84-42c9-9937-ddb4a9e1d880'),
 ('6', '3', '588', 'Openings', 'openings', '5', '2017-06-14 15:25:43', '2017-06-15 20:28:40', 'ff291c08-452a-4e90-bba1-2ec9818e8781'),
 ('7', '3', '589', 'Instagram Feed', 'instagramFeed', '6', '2017-06-14 18:50:59', '2017-06-15 20:28:40', 'ea82624c-0826-4429-9a8a-68e204611f5c'),
 ('8', '39', '128', 'Role(s)', 'roles', '1', '2017-06-15 14:59:47', '2017-06-15 14:59:47', '37f79f61-372c-437a-b201-701ce7873c99'),
 ('9', '42', '129', 'Social Links', 'socialLinks', '1', '2017-06-15 15:03:15', '2017-06-15 15:03:15', '54e95d3a-7436-4138-b714-8514e0975de4'),
 ('10', '3', '590', 'PeopleGallery', 'peoplegallery', '7', '2017-06-15 16:53:38', '2017-06-15 20:28:40', '4dbd0009-f162-437c-8815-e14a066b7e4b'),
 ('11', '3', '591', 'People', 'people', '8', '2017-06-15 17:16:37', '2017-06-15 20:28:40', '7bb5cbee-1975-40fa-a20c-5bd4812ea2b4'),
 ('12', '3', '593', 'List Panel', 'listPanel', '9', '2017-06-15 18:19:42', '2017-06-15 20:28:40', 'f595e3b0-9cda-42e6-896b-7c14e7e7a73b'),
 ('13', '3', '594', 'Text Panel', 'textPanel', '10', '2017-06-15 18:23:23', '2017-06-15 20:28:41', '0f08797a-5f72-4a7f-a7c1-a6e1d5629bd3'),
 ('14', '3', '596', 'Image Text Panel', 'imageTextPanel', '11', '2017-06-15 18:27:59', '2017-06-15 20:28:41', 'f8a97e7c-f20c-4f57-a6a9-04ab86000bad'),
 ('15', '3', '598', 'Large Image Text Panel', 'largeImageTextPanel', '12', '2017-06-15 18:39:05', '2017-06-15 20:28:41', '1cada867-e96d-4d55-8043-c0f47bf67482'),
 ('16', '3', '599', 'Pull Quote', 'pullQuote', '13', '2017-06-15 18:41:55', '2017-06-15 20:28:41', 'ba077560-ef62-4f2b-9863-343874efce47'),
 ('17', '3', '601', 'Resources', 'resources', '14', '2017-06-15 19:02:36', '2017-06-15 20:28:41', '6e794bb1-b5c0-48cf-ad26-5b02f46ef101'),
 ('18', '3', '603', 'Highlights', 'highlights', '15', '2017-06-15 19:20:51', '2017-06-15 20:28:42', '5a948f68-ad86-48d3-a212-cc1d03ec1158'),
 ('19', '3', '605', 'Featured Clients', 'featuredClients', '16', '2017-06-15 19:24:13', '2017-06-15 20:28:42', '8c37bd37-56b0-463d-8ed9-0d2d7c30fce6'),
 ('20', '3', '608', 'Logo Panel', 'logoPanel', '17', '2017-06-15 19:33:37', '2017-06-15 20:28:42', '6a5bdf63-88bd-41c8-a620-183aaf70fb80'),
 ('21', '102', '482', 'Value', 'value', '1', '2017-06-15 19:42:13', '2017-06-15 19:42:14', '40a43e59-afa0-4ce5-8ffd-96202e9923e6'),
 ('22', '3', '609', 'Values Panel', 'valuesPanel', '18', '2017-06-15 19:49:55', '2017-06-15 20:28:42', '60536e63-92a8-4f1b-85d4-3d2e5ed69e53'),
 ('23', '3', '611', 'Content Selector Panel', 'contentSelectorPanel', '19', '2017-06-15 19:57:44', '2017-06-15 20:28:42', '743751ab-d285-471b-8cf9-b278fd8415be'),
 ('24', '3', '612', 'Call To Action Panel', 'callToActionPanel', '20', '2017-06-15 20:27:01', '2017-06-15 20:28:42', 'bb65c364-2646-4009-a60e-784391a7aea8'),
 ('25', '3', '613', 'Locations Panel', 'locationsPanel', '21', '2017-06-15 20:28:42', '2017-06-15 20:28:42', 'b8723841-bad0-4938-8957-185e63de3b6d');



DROP TABLE IF EXISTS `craft_matrixcontent_components`;


--
-- Schema for table `craft_matrixcontent_components`
--
CREATE TABLE `craft_matrixcontent_components` (
  `id` int(11) NOT NULL AUTO_INCREMENT,
  `elementId` int(11) NOT NULL,
  `locale` char(12) COLLATE utf8_unicode_ci NOT NULL,
  `field_masthead_primaryTitle` text COLLATE utf8_unicode_ci,
  `field_masthead_subtitle` text COLLATE utf8_unicode_ci,
  `field_relatedWork_heading` text COLLATE utf8_unicode_ci,
  `field_relatedNews_heading` text COLLATE utf8_unicode_ci,
  `field_relatedNews_callToAction` text COLLATE utf8_unicode_ci,
  `field_openings_loadMoreText` text COLLATE utf8_unicode_ci,
  `field_instagramFeed_heading` text COLLATE utf8_unicode_ci,
  `field_peoplegallery_heading` text COLLATE utf8_unicode_ci,
  `field_people_heading` text COLLATE utf8_unicode_ci,
  `field_listPanel_heading` text COLLATE utf8_unicode_ci,
  `field_listPanel_body` text COLLATE utf8_unicode_ci,
  `field_textPanel_heading` text COLLATE utf8_unicode_ci,
  `field_textPanel_body` text COLLATE utf8_unicode_ci,
  `field_imageTextPanel_orientation` varchar(255) COLLATE utf8_unicode_ci DEFAULT NULL,
  `field_imageTextPanel_heading` text COLLATE utf8_unicode_ci,
  `field_imageTextPanel_body` text COLLATE utf8_unicode_ci,
  `field_imageTextPanel_callToAction` text COLLATE utf8_unicode_ci,
  `field_largeImageTextPanel_orientation` varchar(255) COLLATE utf8_unicode_ci DEFAULT NULL,
  `field_largeImageTextPanel_heading` text COLLATE utf8_unicode_ci,
  `field_largeImageTextPanel_body` text COLLATE utf8_unicode_ci,
  `field_largeImageTextPanel_callToAction` text COLLATE utf8_unicode_ci,
  `field_pullQuote_quote` text COLLATE utf8_unicode_ci,
  `field_pullQuote_author` text COLLATE utf8_unicode_ci,
  `field_resources_heading` text COLLATE utf8_unicode_ci,
  `field_resources_body` text COLLATE utf8_unicode_ci,
  `field_highlights_heading` text COLLATE utf8_unicode_ci,
  `field_highlights_body` text COLLATE utf8_unicode_ci,
  `field_featuredClients_heading` text COLLATE utf8_unicode_ci,
  `field_featuredClients_body` text COLLATE utf8_unicode_ci,
  `field_logoPanel_heading` text COLLATE utf8_unicode_ci,
  `field_logoPanel_body` text COLLATE utf8_unicode_ci,
  `field_valuesPanel_heading` text COLLATE utf8_unicode_ci,
  `field_contentSelectorPanel_heading` text COLLATE utf8_unicode_ci,
  `dateCreated` datetime NOT NULL,
  `dateUpdated` datetime NOT NULL,
  `uid` char(36) COLLATE utf8_unicode_ci NOT NULL DEFAULT '0',
  PRIMARY KEY (`id`),
  UNIQUE KEY `craft_matrixcontent_components_elementId_locale_unq_idx` (`elementId`,`locale`),
  KEY `craft_matrixcontent_components_locale_idx` (`locale`)
) ENGINE=InnoDB AUTO_INCREMENT=3 DEFAULT CHARSET=utf8 COLLATE=utf8_unicode_ci;

--
-- Data for table `craft_matrixcontent_components`
--

INSERT INTO `craft_matrixcontent_components` (`id`, `elementId`, `locale`, `field_masthead_primaryTitle`, `field_masthead_subtitle`, `field_relatedWork_heading`, `field_relatedNews_heading`, `field_relatedNews_callToAction`, `field_openings_loadMoreText`, `field_instagramFeed_heading`, `field_peoplegallery_heading`, `field_people_heading`, `field_listPanel_heading`, `field_listPanel_body`, `field_textPanel_heading`, `field_textPanel_body`, `field_imageTextPanel_orientation`, `field_imageTextPanel_heading`, `field_imageTextPanel_body`, `field_imageTextPanel_callToAction`, `field_largeImageTextPanel_orientation`, `field_largeImageTextPanel_heading`, `field_largeImageTextPanel_body`, `field_largeImageTextPanel_callToAction`, `field_pullQuote_quote`, `field_pullQuote_author`, `field_resources_heading`, `field_resources_body`, `field_highlights_heading`, `field_highlights_body`, `field_featuredClients_heading`, `field_featuredClients_body`, `field_logoPanel_heading`, `field_logoPanel_body`, `field_valuesPanel_heading`, `field_contentSelectorPanel_heading`, `dateCreated`, `dateUpdated`, `uid`) VALUES
 ('1', '30', 'en_us', '', '', NULL, NULL, NULL, NULL, NULL, NULL, NULL, NULL, NULL, NULL, NULL, NULL, NULL, NULL, NULL, NULL, NULL, NULL, NULL, NULL, NULL, NULL, NULL, NULL, NULL, NULL, NULL, NULL, NULL, NULL, NULL, '2017-06-12 20:16:38', '2017-06-14 14:56:28', '01af4219-3f70-4724-ba4a-92fe7e05e0a1'),
 ('2', '32', 'en_us', NULL, NULL, NULL, NULL, NULL, NULL, NULL, NULL, NULL, NULL, NULL, NULL, NULL, NULL, NULL, NULL, NULL, NULL, NULL, NULL, NULL, NULL, NULL, NULL, NULL, NULL, NULL, NULL, NULL, NULL, NULL, NULL, NULL, '2017-06-12 20:16:38', '2017-06-14 14:56:28', 'e3f3b1ad-4dca-4c4e-8393-bfd8ad7e1620');



DROP TABLE IF EXISTS `craft_matrixcontent_roles`;


--
-- Schema for table `craft_matrixcontent_roles`
--
CREATE TABLE `craft_matrixcontent_roles` (
  `id` int(11) NOT NULL AUTO_INCREMENT,
  `elementId` int(11) NOT NULL,
  `locale` char(12) COLLATE utf8_unicode_ci NOT NULL,
  `field_roles_role` text COLLATE utf8_unicode_ci,
  `dateCreated` datetime NOT NULL,
  `dateUpdated` datetime NOT NULL,
  `uid` char(36) COLLATE utf8_unicode_ci NOT NULL DEFAULT '0',
  PRIMARY KEY (`id`),
  UNIQUE KEY `craft_matrixcontent_roles_elementId_locale_unq_idx` (`elementId`,`locale`),
  KEY `craft_matrixcontent_roles_locale_fk` (`locale`)
) ENGINE=InnoDB AUTO_INCREMENT=4 DEFAULT CHARSET=utf8 COLLATE=utf8_unicode_ci;

--
-- Data for table `craft_matrixcontent_roles`
--

INSERT INTO `craft_matrixcontent_roles` (`id`, `elementId`, `locale`, `field_roles_role`, `dateCreated`, `dateUpdated`, `uid`) VALUES
 ('1', '36', 'en_us', 'Vice President', '2017-06-15 15:05:59', '2017-06-15 16:17:13', 'fc0fac7b-f74f-4e79-80b5-abfc11226b31'),
 ('2', '37', 'en_us', 'Practice Lead', '2017-06-15 15:05:59', '2017-06-15 16:17:13', '0d880af7-1dce-4179-8556-b76ac78951b8'),
 ('3', '39', 'en_us', 'Project Manager', '2017-06-15 16:17:13', '2017-06-15 16:17:13', '5933280e-4328-48df-8821-102bc9e9a76a');



DROP TABLE IF EXISTS `craft_matrixcontent_sociallinks`;


--
-- Schema for table `craft_matrixcontent_sociallinks`
--
CREATE TABLE `craft_matrixcontent_sociallinks` (
  `id` int(11) NOT NULL AUTO_INCREMENT,
  `elementId` int(11) NOT NULL,
  `locale` char(12) COLLATE utf8_unicode_ci NOT NULL,
  `field_socialLinks_linkedin` text COLLATE utf8_unicode_ci,
  `field_socialLinks_facebook` text COLLATE utf8_unicode_ci,
  `field_socialLinks_twitter` text COLLATE utf8_unicode_ci,
  `dateCreated` datetime NOT NULL,
  `dateUpdated` datetime NOT NULL,
  `uid` char(36) COLLATE utf8_unicode_ci NOT NULL DEFAULT '0',
  PRIMARY KEY (`id`),
  UNIQUE KEY `craft_matrixcontent_sociallinks_elementId_locale_unq_idx` (`elementId`,`locale`),
  KEY `craft_matrixcontent_sociallinks_locale_fk` (`locale`)
) ENGINE=InnoDB DEFAULT CHARSET=utf8 COLLATE=utf8_unicode_ci;

DROP TABLE IF EXISTS `craft_matrixcontent_value`;


--
-- Schema for table `craft_matrixcontent_value`
--
CREATE TABLE `craft_matrixcontent_value` (
  `id` int(11) NOT NULL AUTO_INCREMENT,
  `elementId` int(11) NOT NULL,
  `locale` char(12) COLLATE utf8_unicode_ci NOT NULL,
  `field_value_value` text COLLATE utf8_unicode_ci,
  `field_value_heading` text COLLATE utf8_unicode_ci,
  `field_value_body` text COLLATE utf8_unicode_ci,
  `dateCreated` datetime NOT NULL,
  `dateUpdated` datetime NOT NULL,
  `uid` char(36) COLLATE utf8_unicode_ci NOT NULL DEFAULT '0',
  PRIMARY KEY (`id`),
  UNIQUE KEY `craft_matrixcontent_value_elementId_locale_unq_idx` (`elementId`,`locale`),
  KEY `craft_matrixcontent_value_locale_fk` (`locale`)
) ENGINE=InnoDB AUTO_INCREMENT=5 DEFAULT CHARSET=utf8 COLLATE=utf8_unicode_ci;

DROP TABLE IF EXISTS `craft_migrations`;


--
-- Schema for table `craft_migrations`
--
CREATE TABLE `craft_migrations` (
  `id` int(11) NOT NULL AUTO_INCREMENT,
  `pluginId` int(11) DEFAULT NULL,
  `version` varchar(255) COLLATE utf8_unicode_ci NOT NULL,
  `applyTime` datetime NOT NULL,
  `dateCreated` datetime NOT NULL,
  `dateUpdated` datetime NOT NULL,
  `uid` char(36) COLLATE utf8_unicode_ci NOT NULL DEFAULT '0',
  PRIMARY KEY (`id`),
  UNIQUE KEY `craft_migrations_version_unq_idx` (`version`),
  KEY `craft_migrations_pluginId_fk` (`pluginId`)
) ENGINE=InnoDB AUTO_INCREMENT=73 DEFAULT CHARSET=utf8 COLLATE=utf8_unicode_ci;

--
-- Data for table `craft_migrations`
--

INSERT INTO `craft_migrations` (`id`, `pluginId`, `version`, `applyTime`, `dateCreated`, `dateUpdated`, `uid`) VALUES
 ('1', NULL, 'm000000_000000_base', '2017-06-09 17:32:18', '2017-06-09 17:32:18', '2017-06-09 17:32:18', 'bb86d782-2bb2-4e7c-9c8f-3e3f76a43769'),
 ('2', NULL, 'm140730_000001_add_filename_and_format_to_transformindex', '2017-06-09 17:32:18', '2017-06-09 17:32:18', '2017-06-09 17:32:18', '7ffd8e01-bec3-4b38-afd1-530257bb1933'),
 ('3', NULL, 'm140815_000001_add_format_to_transforms', '2017-06-09 17:32:18', '2017-06-09 17:32:18', '2017-06-09 17:32:18', '70cdb2ba-9eb8-4581-b57f-59cb2ac6763c'),
 ('4', NULL, 'm140822_000001_allow_more_than_128_items_per_field', '2017-06-09 17:32:18', '2017-06-09 17:32:18', '2017-06-09 17:32:18', '3c48bb76-3ad5-430d-8b06-10349260cdf3'),
 ('5', NULL, 'm140829_000001_single_title_formats', '2017-06-09 17:32:18', '2017-06-09 17:32:18', '2017-06-09 17:32:18', 'cd765b62-e8bb-4c31-a379-3f2be9d72b39'),
 ('6', NULL, 'm140831_000001_extended_cache_keys', '2017-06-09 17:32:18', '2017-06-09 17:32:18', '2017-06-09 17:32:18', '79374939-2e89-4eda-8063-01edac54beca'),
 ('7', NULL, 'm140922_000001_delete_orphaned_matrix_blocks', '2017-06-09 17:32:18', '2017-06-09 17:32:18', '2017-06-09 17:32:18', '62468aed-ab8b-4b90-8f98-05f8227bac0e'),
 ('8', NULL, 'm141008_000001_elements_index_tune', '2017-06-09 17:32:18', '2017-06-09 17:32:18', '2017-06-09 17:32:18', '3c0c0b96-6dab-4055-b01e-9bbfd8c162c2'),
 ('9', NULL, 'm141009_000001_assets_source_handle', '2017-06-09 17:32:18', '2017-06-09 17:32:18', '2017-06-09 17:32:18', '22b0aab7-1ff3-4917-91df-fe73dedb94f7'),
 ('10', NULL, 'm141024_000001_field_layout_tabs', '2017-06-09 17:32:18', '2017-06-09 17:32:18', '2017-06-09 17:32:18', '157eeef8-d3d4-4f98-ab7d-4352ca66e745'),
 ('11', NULL, 'm141030_000000_plugin_schema_versions', '2017-06-09 17:32:18', '2017-06-09 17:32:18', '2017-06-09 17:32:18', '5d69a5e5-e4aa-491f-a683-78b254a6ca0d'),
 ('12', NULL, 'm141030_000001_drop_structure_move_permission', '2017-06-09 17:32:18', '2017-06-09 17:32:18', '2017-06-09 17:32:18', '96df28dc-7e3a-4bef-b7ab-bd612aa24d35'),
 ('13', NULL, 'm141103_000001_tag_titles', '2017-06-09 17:32:18', '2017-06-09 17:32:18', '2017-06-09 17:32:18', 'b48493f8-f955-42de-9008-9b0df756978c'),
 ('14', NULL, 'm141109_000001_user_status_shuffle', '2017-06-09 17:32:18', '2017-06-09 17:32:18', '2017-06-09 17:32:18', '65a47229-9dac-45e6-979b-6d842aea6038'),
 ('15', NULL, 'm141126_000001_user_week_start_day', '2017-06-09 17:32:18', '2017-06-09 17:32:18', '2017-06-09 17:32:18', '4cb78fcd-312e-4e0d-99b6-141353714845'),
 ('16', NULL, 'm150210_000001_adjust_user_photo_size', '2017-06-09 17:32:18', '2017-06-09 17:32:18', '2017-06-09 17:32:18', 'f4381fe4-8a98-4a1f-80cc-b0098fb4e36e'),
 ('17', NULL, 'm150724_000001_adjust_quality_settings', '2017-06-09 17:32:18', '2017-06-09 17:32:19', '2017-06-09 17:32:19', '8021b16f-cc85-4ce4-a42b-af5043c1cc1d'),
 ('18', NULL, 'm150827_000000_element_index_settings', '2017-06-09 17:32:18', '2017-06-09 17:32:19', '2017-06-09 17:32:19', 'c5851f93-9ec8-4f77-8048-f807329682d2'),
 ('19', NULL, 'm150918_000001_add_colspan_to_widgets', '2017-06-09 17:32:18', '2017-06-09 17:32:19', '2017-06-09 17:32:19', '2d426672-033e-4534-8546-23fb2bca7b55'),
 ('20', NULL, 'm151007_000000_clear_asset_caches', '2017-06-09 17:32:18', '2017-06-09 17:32:19', '2017-06-09 17:32:19', '33373f16-1589-4d70-a664-a43acd410f34'),
 ('21', NULL, 'm151109_000000_text_url_formats', '2017-06-09 17:32:18', '2017-06-09 17:32:19', '2017-06-09 17:32:19', '7e5629e6-ad5a-4d9d-b15d-d8da49c7918d'),
 ('22', NULL, 'm151110_000000_move_logo', '2017-06-09 17:32:18', '2017-06-09 17:32:19', '2017-06-09 17:32:19', '59bb37b5-d0f4-43be-b990-0ae7b4c5e9e5'),
 ('23', NULL, 'm151117_000000_adjust_image_widthheight', '2017-06-09 17:32:18', '2017-06-09 17:32:19', '2017-06-09 17:32:19', 'c56d8d08-e896-48cf-bec4-d405280e5420'),
 ('24', NULL, 'm151127_000000_clear_license_key_status', '2017-06-09 17:32:18', '2017-06-09 17:32:19', '2017-06-09 17:32:19', '165c7f5a-ff29-44c0-aa16-51f8aa80a036'),
 ('25', NULL, 'm151127_000000_plugin_license_keys', '2017-06-09 17:32:18', '2017-06-09 17:32:19', '2017-06-09 17:32:19', '7455f971-0cc2-4737-9337-f0228884ea34'),
 ('26', NULL, 'm151130_000000_update_pt_widget_feeds', '2017-06-09 17:32:18', '2017-06-09 17:32:19', '2017-06-09 17:32:19', 'ca38f8e6-c8ae-4a79-aef1-6e660c42d02d'),
 ('27', NULL, 'm160114_000000_asset_sources_public_url_default_true', '2017-06-09 17:32:18', '2017-06-09 17:32:19', '2017-06-09 17:32:19', '628be249-abb3-43a9-a1e7-b57b105e2f21'),
 ('28', NULL, 'm160223_000000_sortorder_to_smallint', '2017-06-09 17:32:18', '2017-06-09 17:32:19', '2017-06-09 17:32:19', 'b165c2ee-8288-4141-a129-e1373251c51b'),
 ('29', NULL, 'm160229_000000_set_default_entry_statuses', '2017-06-09 17:32:18', '2017-06-09 17:32:19', '2017-06-09 17:32:19', 'dd195855-2ddf-4ffb-a641-621ebc17d3c0'),
 ('30', NULL, 'm160304_000000_client_permissions', '2017-06-09 17:32:18', '2017-06-09 17:32:19', '2017-06-09 17:32:19', 'fb32d35f-e60c-4e98-9336-8802b0202307'),
 ('31', NULL, 'm160322_000000_asset_filesize', '2017-06-09 17:32:18', '2017-06-09 17:32:19', '2017-06-09 17:32:19', '715808d7-d4e8-4cee-8980-8ce2989a559c'),
 ('32', NULL, 'm160503_000000_orphaned_fieldlayouts', '2017-06-09 17:32:18', '2017-06-09 17:32:19', '2017-06-09 17:32:19', '03b4ae5b-5181-4671-b721-bff4c13e289e'),
 ('33', NULL, 'm160510_000000_tasksettings', '2017-06-09 17:32:18', '2017-06-09 17:32:19', '2017-06-09 17:32:19', 'df3debf1-411d-45c1-b3d6-7e62af74d26a'),
 ('34', NULL, 'm160829_000000_pending_user_content_cleanup', '2017-06-09 17:32:18', '2017-06-09 17:32:19', '2017-06-09 17:32:19', '67213591-3348-48ef-babe-5fb399815437'),
 ('35', NULL, 'm160830_000000_asset_index_uri_increase', '2017-06-09 17:32:18', '2017-06-09 17:32:19', '2017-06-09 17:32:19', '04b5492b-0da7-483d-8b43-c55d3aa5e6e2'),
 ('36', NULL, 'm160919_000000_usergroup_handle_title_unique', '2017-06-09 17:32:18', '2017-06-09 17:32:19', '2017-06-09 17:32:19', 'cf55a0ab-701c-4f79-ad6c-1e98c1273f2b'),
 ('37', NULL, 'm161108_000000_new_version_format', '2017-06-09 17:32:18', '2017-06-09 17:32:19', '2017-06-09 17:32:19', '5d5819c1-9eec-4613-ae47-bd189b3ad4fb'),
 ('38', NULL, 'm161109_000000_index_shuffle', '2017-06-09 17:32:18', '2017-06-09 17:32:19', '2017-06-09 17:32:19', 'f67717cf-c436-4df1-b65f-fe1b4ec275d0'),
 ('39', '1', 'm150901_144609_superTable_fixForContentTables', '2017-06-09 17:35:15', '2017-06-09 17:35:15', '2017-06-09 17:35:15', 'ae0f4e3b-f984-4fca-9ddb-cb8a5b0b2d3b'),
 ('40', '2', 'm151225_000000_seomatic_addHumansField', '2017-06-09 17:35:20', '2017-06-09 17:35:20', '2017-06-09 17:35:20', '473b7dd3-11a3-40b7-a6d7-44faae760233'),
 ('41', '2', 'm151226_000000_seomatic_addTwitterFacebookFields', '2017-06-09 17:35:20', '2017-06-09 17:35:20', '2017-06-09 17:35:20', '9eed508d-cc88-43e8-8850-bed49f83dd55'),
 ('42', '2', 'm160101_000000_seomatic_addRobotsFields', '2017-06-09 17:35:20', '2017-06-09 17:35:20', '2017-06-09 17:35:20', '2e48bb14-2792-4e30-bbd7-c5c380887e61'),
 ('43', '2', 'm160111_000000_seomatic_addTitleFields', '2017-06-09 17:35:20', '2017-06-09 17:35:20', '2017-06-09 17:35:20', 'f9958d31-6f2c-4b5a-8ed1-7080baa33559'),
 ('44', '2', 'm160122_000000_seomatic_addTypeFields', '2017-06-09 17:35:20', '2017-06-09 17:35:20', '2017-06-09 17:35:20', '4c4ce0d7-cd87-46ec-be52-e06bb7282d6d'),
 ('45', '2', 'm160123_000000_seomatic_addOpeningHours', '2017-06-09 17:35:20', '2017-06-09 17:35:20', '2017-06-09 17:35:20', '85255a8e-8cc8-49c7-8394-953ebefa4d6c'),
 ('46', '2', 'm160202_000000_seomatic_addSocialHandles', '2017-06-09 17:35:20', '2017-06-09 17:35:20', '2017-06-09 17:35:20', '3cccecc3-e073-4394-9723-4fd4747eb29f'),
 ('47', '2', 'm160204_000000_seomatic_addGoogleAnalytics', '2017-06-09 17:35:20', '2017-06-09 17:35:20', '2017-06-09 17:35:20', '81a4a934-ff91-4b70-8e9b-a8ec1085c599'),
 ('48', '2', 'm160205_000000_seomatic_addResturantMenu', '2017-06-09 17:35:20', '2017-06-09 17:35:20', '2017-06-09 17:35:20', '959b2dff-deac-4634-845d-d489af9915f5'),
 ('49', '2', 'm160206_000000_seomatic_addGoogleAnalyticsPlugins', '2017-06-09 17:35:20', '2017-06-09 17:35:20', '2017-06-09 17:35:20', 'a025fac0-7f02-43dc-af36-a18e9c9a81c5'),
 ('50', '2', 'm160206_000000_seomatic_addGoogleAnalyticsSendPageView', '2017-06-09 17:35:20', '2017-06-09 17:35:20', '2017-06-09 17:35:20', 'f1a64d29-5290-4088-b5a3-17b22d4c9c23'),
 ('51', '2', 'm160209_000000_seomatic_alterDescriptionsColumns', '2017-06-09 17:35:20', '2017-06-09 17:35:20', '2017-06-09 17:35:20', '5d05544f-8752-4889-b404-c1ebe4da7b72'),
 ('52', '2', 'm160209_000001_seomatic_addRobotsTxt', '2017-06-09 17:35:20', '2017-06-09 17:35:20', '2017-06-09 17:35:20', '34398a4e-7c93-4172-ad91-e4483e79f4bd'),
 ('53', '2', 'm160227_000000_seomatic_addFacebookAppId', '2017-06-09 17:35:20', '2017-06-09 17:35:20', '2017-06-09 17:35:20', '4b47effe-69a4-4045-9239-bc29a4fce0d1'),
 ('54', '2', 'm160416_000000_seomatic_addContactPoints', '2017-06-09 17:35:20', '2017-06-09 17:35:20', '2017-06-09 17:35:20', '3271863d-76bf-401e-a54c-b9b45712f377'),
 ('55', '2', 'm160509_000000_seomatic_addSiteLinksBing', '2017-06-09 17:35:20', '2017-06-09 17:35:20', '2017-06-09 17:35:20', '46d3f9be-38f5-4612-b36a-43658feeb4e4'),
 ('56', '2', 'm160707_000000_seomatic_addGoogleTagManager', '2017-06-09 17:35:20', '2017-06-09 17:35:20', '2017-06-09 17:35:20', 'ea2f27b8-4407-415f-bb41-0b39800f7aa5'),
 ('57', '2', 'm160715_000000_seomatic_addSeoImageTransforms', '2017-06-09 17:35:20', '2017-06-09 17:35:20', '2017-06-09 17:35:20', 'c1bd9d55-c8f6-4692-bd16-502a47150185'),
 ('58', '2', 'm160723_000000_seomatic_addSeoMainEntityOfPage', '2017-06-09 17:35:20', '2017-06-09 17:35:20', '2017-06-09 17:35:20', '3646e6a0-ab1a-41f4-8f9e-50e86604817d'),
 ('59', '2', 'm160724_000000_seomatic_addSeoMainEntityCategory', '2017-06-09 17:35:20', '2017-06-09 17:35:20', '2017-06-09 17:35:20', 'fb7df0f4-8939-4916-b5f7-b9fad6cdb5da'),
 ('60', '2', 'm160811_000000_seomatic_addVimeo', '2017-06-09 17:35:20', '2017-06-09 17:35:20', '2017-06-09 17:35:20', '8fdec446-670d-41a0-a808-88a42ee7c1b8'),
 ('61', '2', 'm160904_000000_seomatic_addTwitterFacebookImages', '2017-06-09 17:35:20', '2017-06-09 17:35:20', '2017-06-09 17:35:20', 'de4339bc-5c7e-47e6-a847-0801998a7cdc'),
 ('62', '2', 'm161220_000000_seomatic_addPriceRange', '2017-06-09 17:35:20', '2017-06-09 17:35:20', '2017-06-09 17:35:20', 'abbcb6b6-2208-4567-b177-794714c6bd57'),
 ('63', '2', 'm170212_000000_seomatic_addGoogleAnalyticsAnonymizeIp', '2017-06-09 17:35:20', '2017-06-09 17:35:20', '2017-06-09 17:35:20', 'b066ba49-a001-4979-9dfc-fbb66ab42e78'),
 ('64', '2', 'm170212_000000_seomatic_addWikipedia', '2017-06-09 17:35:20', '2017-06-09 17:35:20', '2017-06-09 17:35:20', '8a0f4ed6-fcad-42ab-9033-2aa76e712765'),
 ('65', '4', 'm161121_101534_freeform_AddCheckedAttributeToFieldModel', '2017-06-09 17:35:42', '2017-06-09 17:35:42', '2017-06-09 17:35:42', '9e6cd9ec-b05d-43e1-a578-1bf990105faa'),
 ('66', '4', 'm161129_134744_freeform_ChangingFieldDatabaseTypes', '2017-06-09 17:35:42', '2017-06-09 17:35:42', '2017-06-09 17:35:42', '5404f062-a7a6-415b-b56a-c3c419625a4d'),
 ('67', '4', 'm170127_083920_freeform_MakeFieldCheckedNullable', '2017-06-09 17:35:42', '2017-06-09 17:35:42', '2017-06-09 17:35:42', 'ce4b2442-f780-4a5e-b48b-0be49a45b276'),
 ('68', '4', 'm170127_095031_freeform_AddArrayTypeToIntegrationFields', '2017-06-09 17:35:42', '2017-06-09 17:35:42', '2017-06-09 17:35:42', '758c17e1-732b-47ef-b755-d1f3897c5484'),
 ('69', '4', 'm170207_111312_freeform_AddColorToForms', '2017-06-09 17:35:42', '2017-06-09 17:35:42', '2017-06-09 17:35:42', 'aa82168a-e5b8-4f00-a26f-fc7df45aa47a'),
 ('70', '5', 'm160922_150924_navee_AddRegexField', '2017-06-09 20:29:37', '2017-06-09 20:29:37', '2017-06-09 20:29:37', 'ae02cf62-89e0-47d6-a751-6a122d60fb0a'),
 ('71', '6', 'm160208_010101_FruitLinkIt_UpdateExistingLinkItFields', '2017-06-12 20:45:15', '2017-06-12 20:45:15', '2017-06-12 20:45:15', 'c3a24783-3fc3-4eac-bec4-cfbdeb322196'),
 ('72', '8', 'm160307_180819_picPuller_dataBaseCreation', '2017-06-15 14:27:34', '2017-06-15 14:27:34', '2017-06-15 14:27:34', '8eb1bf1c-b373-41d9-bc66-934f2a1500ce');



DROP TABLE IF EXISTS `craft_navee_navigations`;


--
-- Schema for table `craft_navee_navigations`
--
CREATE TABLE `craft_navee_navigations` (
  `id` int(11) NOT NULL AUTO_INCREMENT,
  `creatorId` int(11) DEFAULT NULL,
  `name` varchar(255) COLLATE utf8_unicode_ci NOT NULL,
  `handle` varchar(255) COLLATE utf8_unicode_ci NOT NULL,
  `maxLevels` int(10) DEFAULT NULL,
  `fieldLayoutId` int(10) DEFAULT NULL,
  `structureId` int(10) DEFAULT NULL,
  `dateCreated` datetime NOT NULL,
  `dateUpdated` datetime NOT NULL,
  `uid` char(36) COLLATE utf8_unicode_ci NOT NULL DEFAULT '0',
  PRIMARY KEY (`id`),
  UNIQUE KEY `craft_navee_navigations_name_unq_idx` (`name`),
  UNIQUE KEY `craft_navee_navigations_handle_unq_idx` (`handle`),
  KEY `craft_navee_navigations_fieldLayoutId_fk` (`fieldLayoutId`),
  KEY `craft_navee_navigations_creatorId_fk` (`creatorId`)
) ENGINE=InnoDB AUTO_INCREMENT=2 DEFAULT CHARSET=utf8 COLLATE=utf8_unicode_ci;

--
-- Data for table `craft_navee_navigations`
--

INSERT INTO `craft_navee_navigations` (`id`, `creatorId`, `name`, `handle`, `maxLevels`, `fieldLayoutId`, `structureId`, `dateCreated`, `dateUpdated`, `uid`) VALUES
 ('1', '1', 'Primary Navigation', 'primaryNavigation', NULL, '20', '4', '2017-06-09 20:30:45', '2017-06-09 20:30:45', '25eab53d-ed48-4d6c-a89e-4ab28562288a');



DROP TABLE IF EXISTS `craft_navee_nodes`;


--
-- Schema for table `craft_navee_nodes`
--
CREATE TABLE `craft_navee_nodes` (
  `id` int(11) NOT NULL,
  `navigationId` int(11) NOT NULL,
  `linkType` enum('entryId','assetId','categoryId','customUri','none') COLLATE utf8_unicode_ci DEFAULT NULL,
  `entryId` int(10) DEFAULT NULL,
  `assetId` int(10) DEFAULT NULL,
  `categoryId` int(10) DEFAULT NULL,
  `customUri` varchar(255) COLLATE utf8_unicode_ci DEFAULT NULL,
  `class` varchar(255) COLLATE utf8_unicode_ci DEFAULT NULL,
  `idAttr` varchar(255) COLLATE utf8_unicode_ci DEFAULT NULL,
  `rel` varchar(255) COLLATE utf8_unicode_ci DEFAULT NULL,
  `name` varchar(255) COLLATE utf8_unicode_ci DEFAULT NULL,
  `titleAttr` varchar(255) COLLATE utf8_unicode_ci DEFAULT NULL,
  `accessKey` varchar(255) COLLATE utf8_unicode_ci DEFAULT NULL,
  `target` varchar(255) COLLATE utf8_unicode_ci DEFAULT NULL,
  `includeInNavigation` tinyint(1) unsigned NOT NULL DEFAULT '0',
  `passive` tinyint(1) unsigned NOT NULL DEFAULT '0',
  `userGroups` text COLLATE utf8_unicode_ci,
  `regex` varchar(255) COLLATE utf8_unicode_ci DEFAULT NULL,
  `dateCreated` datetime NOT NULL,
  `dateUpdated` datetime NOT NULL,
  `uid` char(36) COLLATE utf8_unicode_ci NOT NULL DEFAULT '0',
  PRIMARY KEY (`id`),
  KEY `craft_navee_nodes_navigationId_fk` (`navigationId`)
) ENGINE=InnoDB DEFAULT CHARSET=utf8 COLLATE=utf8_unicode_ci;

--
-- Data for table `craft_navee_nodes`
--

INSERT INTO `craft_navee_nodes` (`id`, `navigationId`, `linkType`, `entryId`, `assetId`, `categoryId`, `customUri`, `class`, `idAttr`, `rel`, `name`, `titleAttr`, `accessKey`, `target`, `includeInNavigation`, `passive`, `userGroups`, `regex`, `dateCreated`, `dateUpdated`, `uid`) VALUES
 ('27', '1', 'entryId', '2', NULL, NULL, '', '', '', '', '', '', '', '', '1', '0', '[]', '', '2017-06-09 20:32:02', '2017-06-09 20:32:02', '60c7b8be-07fe-458e-8a4b-a9014687eeab');



DROP TABLE IF EXISTS `craft_picpuller_authorizations`;


--
-- Schema for table `craft_picpuller_authorizations`
--
CREATE TABLE `craft_picpuller_authorizations` (
  `id` int(11) NOT NULL AUTO_INCREMENT,
  `user_id` varchar(255) COLLATE utf8_unicode_ci NOT NULL,
  `instagram_id` varchar(255) COLLATE utf8_unicode_ci NOT NULL,
  `oauth` varchar(255) COLLATE utf8_unicode_ci NOT NULL,
  `dateCreated` datetime NOT NULL,
  `dateUpdated` datetime NOT NULL,
  `uid` char(36) COLLATE utf8_unicode_ci NOT NULL DEFAULT '0',
  PRIMARY KEY (`id`)
) ENGINE=InnoDB AUTO_INCREMENT=2 DEFAULT CHARSET=utf8 COLLATE=utf8_unicode_ci;

--
-- Data for table `craft_picpuller_authorizations`
--

INSERT INTO `craft_picpuller_authorizations` (`id`, `user_id`, `instagram_id`, `oauth`, `dateCreated`, `dateUpdated`, `uid`) VALUES
 ('1', '1', '2959445', '2959445.13fd619.5caa558f1b5e435a838a4f6a4c2906fe', '2017-06-15 14:31:26', '2017-06-15 14:31:26', '4e84372f-ae92-4db6-bfcb-4353aecf567d');



DROP TABLE IF EXISTS `craft_plugins`;


--
-- Schema for table `craft_plugins`
--
CREATE TABLE `craft_plugins` (
  `id` int(11) NOT NULL AUTO_INCREMENT,
  `class` varchar(150) COLLATE utf8_unicode_ci NOT NULL,
  `version` varchar(15) COLLATE utf8_unicode_ci NOT NULL,
  `schemaVersion` varchar(15) COLLATE utf8_unicode_ci DEFAULT NULL,
  `licenseKey` char(24) COLLATE utf8_unicode_ci DEFAULT NULL,
  `licenseKeyStatus` enum('valid','invalid','mismatched','unknown') COLLATE utf8_unicode_ci NOT NULL DEFAULT 'unknown',
  `enabled` tinyint(1) unsigned NOT NULL DEFAULT '0',
  `settings` text COLLATE utf8_unicode_ci,
  `installDate` datetime NOT NULL,
  `dateCreated` datetime NOT NULL,
  `dateUpdated` datetime NOT NULL,
  `uid` char(36) COLLATE utf8_unicode_ci NOT NULL DEFAULT '0',
  PRIMARY KEY (`id`)
) ENGINE=InnoDB AUTO_INCREMENT=9 DEFAULT CHARSET=utf8 COLLATE=utf8_unicode_ci;

--
-- Data for table `craft_plugins`
--

INSERT INTO `craft_plugins` (`id`, `class`, `version`, `schemaVersion`, `licenseKey`, `licenseKeyStatus`, `enabled`, `settings`, `installDate`, `dateCreated`, `dateUpdated`, `uid`) VALUES
 ('1', 'SuperTable', '1.0.4', '1.0.0', NULL, 'unknown', '1', NULL, '2017-06-09 17:35:15', '2017-06-09 17:35:15', '2017-06-15 14:54:11', 'bb9e441d-7865-48f3-90d9-d22711672bf2'),
 ('2', 'Seomatic', '1.1.47', '1.1.25', NULL, 'unknown', '1', NULL, '2017-06-09 17:35:20', '2017-06-09 17:35:20', '2017-06-15 14:54:11', 'bd05fa08-d301-4612-ad34-853fc004fa8f'),
 ('3', 'CacheBuster', '1.2.2', NULL, NULL, 'unknown', '1', NULL, '2017-06-09 17:35:38', '2017-06-09 17:35:38', '2017-06-15 14:54:11', '3dfe6a4c-849a-4898-8066-ca04160db0ec'),
 ('4', 'Freeform', '1.5.1', '1.0.5', NULL, 'unknown', '1', '{\"formTemplateDirectory\":null,\"emailTemplateDirectory\":null,\"emailTemplateStorage\":\"db\",\"license\":null,\"spamProtectionEnabled\":true,\"defaultView\":\"forms\",\"fieldDisplayOrder\":\"name\",\"showTutorial\":false}', '2017-06-09 17:35:42', '2017-06-09 17:35:42', '2017-06-15 20:09:29', '3b8f971a-c762-4565-9980-e763e1999fed'),
 ('5', 'Navee', '1.3.0', NULL, NULL, 'unknown', '1', NULL, '2017-06-09 20:29:37', '2017-06-09 20:29:37', '2017-06-15 14:54:11', '43618da2-b5bc-4dff-b999-4c4d23ecf773'),
 ('6', 'FruitLinkIt', '2.3.4', '2.3.0', NULL, 'unknown', '1', NULL, '2017-06-12 20:45:15', '2017-06-12 20:45:15', '2017-06-15 14:54:11', '522fbe77-f6a3-435e-ab5b-0b876cdf3ec0'),
 ('8', 'PicPuller', '2.3.2', '2.1.0', NULL, 'unknown', '1', '{\"shortname\":\"Instagram Social Feed\",\"shareoauth\":false,\"sharedoauthuser\":1}', '2017-06-15 14:27:34', '2017-06-15 14:27:34', '2017-06-15 14:54:11', '56c993bb-af19-4f81-bfdf-7553ac7dbf39');



DROP TABLE IF EXISTS `craft_rackspaceaccess`;


--
-- Schema for table `craft_rackspaceaccess`
--
CREATE TABLE `craft_rackspaceaccess` (
  `id` int(11) NOT NULL AUTO_INCREMENT,
  `connectionKey` varchar(255) COLLATE utf8_unicode_ci NOT NULL,
  `token` varchar(255) COLLATE utf8_unicode_ci NOT NULL,
  `storageUrl` varchar(255) COLLATE utf8_unicode_ci NOT NULL,
  `cdnUrl` varchar(255) COLLATE utf8_unicode_ci NOT NULL,
  `dateCreated` datetime NOT NULL,
  `dateUpdated` datetime NOT NULL,
  `uid` char(36) COLLATE utf8_unicode_ci NOT NULL DEFAULT '0',
  PRIMARY KEY (`id`),
  UNIQUE KEY `craft_rackspaceaccess_connectionKey_unq_idx` (`connectionKey`)
) ENGINE=InnoDB DEFAULT CHARSET=utf8 COLLATE=utf8_unicode_ci;

DROP TABLE IF EXISTS `craft_relations`;


--
-- Schema for table `craft_relations`
--
CREATE TABLE `craft_relations` (
  `id` int(11) NOT NULL AUTO_INCREMENT,
  `fieldId` int(11) NOT NULL,
  `sourceId` int(11) NOT NULL,
  `sourceLocale` char(12) COLLATE utf8_unicode_ci DEFAULT NULL,
  `targetId` int(11) NOT NULL,
  `sortOrder` smallint(6) DEFAULT NULL,
  `dateCreated` datetime NOT NULL,
  `dateUpdated` datetime NOT NULL,
  `uid` char(36) COLLATE utf8_unicode_ci NOT NULL DEFAULT '0',
  PRIMARY KEY (`id`),
  UNIQUE KEY `craft_relations_fieldId_sourceId_sourceLocale_targetId_unq_idx` (`fieldId`,`sourceId`,`sourceLocale`,`targetId`),
  KEY `craft_relations_sourceId_fk` (`sourceId`),
  KEY `craft_relations_sourceLocale_fk` (`sourceLocale`),
  KEY `craft_relations_targetId_fk` (`targetId`)
) ENGINE=InnoDB AUTO_INCREMENT=16 DEFAULT CHARSET=utf8 COLLATE=utf8_unicode_ci;

--
-- Data for table `craft_relations`
--

INSERT INTO `craft_relations` (`id`, `fieldId`, `sourceId`, `sourceLocale`, `targetId`, `sortOrder`, `dateCreated`, `dateUpdated`, `uid`) VALUES
 ('7', '13', '33', NULL, '29', '1', '2017-06-14 14:56:28', '2017-06-14 14:56:28', '7dcb09de-2007-4653-b8cf-a48dfd9be2c9'),
 ('10', '113', '52', NULL, '16', '1', '2017-06-16 01:34:20', '2017-06-16 01:34:20', 'bad2c76c-be71-4ac8-95db-74f951b1806d'),
 ('11', '113', '52', NULL, '17', '2', '2017-06-16 01:34:20', '2017-06-16 01:34:20', '090f7f4a-4dba-4571-93f8-455af2267a82'),
 ('12', '112', '53', NULL, '20', '1', '2017-06-16 01:49:50', '2017-06-16 01:49:50', '230196fb-4f6a-438a-ac0a-400134c115b5'),
 ('13', '113', '53', NULL, '4', '1', '2017-06-16 01:49:50', '2017-06-16 01:49:50', '1c8fd3eb-ace5-4ccc-ac3d-fb4fbe02f839'),
 ('14', '113', '53', NULL, '5', '2', '2017-06-16 01:49:50', '2017-06-16 01:49:50', '2bc45608-6573-4ed6-a372-43668b59dc7d'),
 ('15', '113', '53', NULL, '16', '3', '2017-06-16 01:49:50', '2017-06-16 01:49:50', '0ec29b73-2bf1-4cf8-8341-1f0cfc2b1bc4');



DROP TABLE IF EXISTS `craft_routes`;


--
-- Schema for table `craft_routes`
--
CREATE TABLE `craft_routes` (
  `id` int(11) NOT NULL AUTO_INCREMENT,
  `locale` char(12) COLLATE utf8_unicode_ci DEFAULT NULL,
  `urlParts` varchar(255) COLLATE utf8_unicode_ci NOT NULL,
  `urlPattern` varchar(255) COLLATE utf8_unicode_ci NOT NULL,
  `template` varchar(255) COLLATE utf8_unicode_ci NOT NULL,
  `sortOrder` smallint(6) unsigned DEFAULT NULL,
  `dateCreated` datetime NOT NULL,
  `dateUpdated` datetime NOT NULL,
  `uid` char(36) COLLATE utf8_unicode_ci NOT NULL DEFAULT '0',
  PRIMARY KEY (`id`),
  UNIQUE KEY `craft_routes_urlPattern_unq_idx` (`urlPattern`),
  KEY `craft_routes_locale_idx` (`locale`)
) ENGINE=InnoDB DEFAULT CHARSET=utf8 COLLATE=utf8_unicode_ci;

DROP TABLE IF EXISTS `craft_searchindex`;


--
-- Schema for table `craft_searchindex`
--
CREATE TABLE `craft_searchindex` (
  `elementId` int(11) NOT NULL,
  `attribute` varchar(25) COLLATE utf8_unicode_ci NOT NULL,
  `fieldId` int(11) NOT NULL,
  `locale` char(12) COLLATE utf8_unicode_ci NOT NULL,
  `keywords` text COLLATE utf8_unicode_ci NOT NULL,
  PRIMARY KEY (`elementId`,`attribute`,`fieldId`,`locale`),
  FULLTEXT KEY `craft_searchindex_keywords_idx` (`keywords`)
) ENGINE=MyISAM DEFAULT CHARSET=utf8 COLLATE=utf8_unicode_ci;

--
-- Data for table `craft_searchindex`
--

INSERT INTO `craft_searchindex` (`elementId`, `attribute`, `fieldId`, `locale`, `keywords`) VALUES
 ('1', 'username', '0', 'en_us', ' admin '),
 ('1', 'firstname', '0', 'en_us', ''),
 ('1', 'lastname', '0', 'en_us', ''),
 ('1', 'fullname', '0', 'en_us', ''),
 ('1', 'email', '0', 'en_us', ' adam soffer digitalsurgeons com '),
 ('1', 'slug', '0', 'en_us', ''),
 ('35', 'field', '42', 'en_us', ' custom http facebook com _blank custom http twitter com _blank custom http linkedin com _blank '),
 ('35', 'field', '41', 'en_us', ' 1994 09 02 '),
 ('35', 'slug', '0', 'en_us', ' joanne samson '),
 ('35', 'title', '0', 'en_us', ' joanne samson '),
 ('36', 'field', '40', 'en_us', ' vice president '),
 ('36', 'slug', '0', 'en_us', ''),
 ('37', 'field', '40', 'en_us', ' practice lead '),
 ('37', 'slug', '0', 'en_us', ''),
 ('35', 'field', '39', 'en_us', ' vice president practice lead project manager '),
 ('3', 'field', '1', 'en_us', ' craft is the cms that s powering mmi ads dsdev it s beautiful powerful flexible and easy to use and it s made by pixel tonic we can t wait to dive in and see what it s capable of this is even more captivating content which you couldn t see on the news index page because it was entered after a page break and the news index template only likes to show the content on the first page craft a nice alternative to word if you re making a website '),
 ('3', 'field', '2', 'en_us', ''),
 ('3', 'slug', '0', 'en_us', ' we just installed craft '),
 ('3', 'title', '0', 'en_us', ' we just installed craft '),
 ('4', 'slug', '0', 'en_us', ' engineering '),
 ('4', 'title', '0', 'en_us', ' engineering '),
 ('5', 'slug', '0', 'en_us', ' civil engineering '),
 ('5', 'title', '0', 'en_us', ' civil engineering '),
 ('6', 'slug', '0', 'en_us', ' transportation engineering '),
 ('6', 'title', '0', 'en_us', ' transportation engineering '),
 ('7', 'slug', '0', 'en_us', ' water resources '),
 ('7', 'title', '0', 'en_us', ' water resources '),
 ('8', 'slug', '0', 'en_us', ' structural engineering '),
 ('8', 'title', '0', 'en_us', ' structural engineering '),
 ('9', 'slug', '0', 'en_us', ' geotechnical engineering '),
 ('9', 'title', '0', 'en_us', ' geotechnical engineering '),
 ('10', 'slug', '0', 'en_us', ' water wastewater '),
 ('10', 'title', '0', 'en_us', ' water wastewater '),
 ('11', 'slug', '0', 'en_us', ' utility '),
 ('11', 'title', '0', 'en_us', ' utility '),
 ('12', 'slug', '0', 'en_us', ' environmental science '),
 ('12', 'title', '0', 'en_us', ' environmental science '),
 ('13', 'slug', '0', 'en_us', ' natural resource management '),
 ('13', 'title', '0', 'en_us', ' natural resource management '),
 ('14', 'slug', '0', 'en_us', ' building sciences '),
 ('14', 'title', '0', 'en_us', ' building sciences '),
 ('15', 'slug', '0', 'en_us', ' remediation '),
 ('15', 'title', '0', 'en_us', ' remediation '),
 ('16', 'slug', '0', 'en_us', ' landscape architecture '),
 ('16', 'title', '0', 'en_us', ' landscape architecture '),
 ('17', 'slug', '0', 'en_us', ' planning '),
 ('17', 'title', '0', 'en_us', ' planning '),
 ('18', 'slug', '0', 'en_us', ' construction services '),
 ('18', 'title', '0', 'en_us', ' construction services '),
 ('19', 'slug', '0', 'en_us', ' land surveying '),
 ('19', 'title', '0', 'en_us', ' land surveying '),
 ('20', 'slug', '0', 'en_us', ' education '),
 ('20', 'title', '0', 'en_us', ' education '),
 ('21', 'slug', '0', 'en_us', ' development '),
 ('21', 'title', '0', 'en_us', ' development '),
 ('22', 'slug', '0', 'en_us', ' utilities '),
 ('22', 'title', '0', 'en_us', ' utilities '),
 ('23', 'slug', '0', 'en_us', ' transportation '),
 ('23', 'title', '0', 'en_us', ' transportation '),
 ('24', 'slug', '0', 'en_us', ' environment '),
 ('24', 'title', '0', 'en_us', ' environment '),
 ('25', 'slug', '0', 'en_us', ' community '),
 ('25', 'title', '0', 'en_us', ' community '),
 ('28', 'slug', '0', 'en_us', ' __home__ '),
 ('27', 'title', '0', 'en_us', ' home '),
 ('27', 'slug', '0', 'en_us', ' home '),
 ('28', 'title', '0', 'en_us', ' homepage '),
 ('29', 'filename', '0', 'en_us', ' cbiapage png '),
 ('29', 'extension', '0', 'en_us', ' png '),
 ('29', 'kind', '0', 'en_us', ' image '),
 ('29', 'slug', '0', 'en_us', ' cbiapage '),
 ('29', 'title', '0', 'en_us', ' cbiapage '),
 ('28', 'field', '3', 'en_us', ' cbiapage '),
 ('30', 'field', '4', 'en_us', ''),
 ('30', 'field', '8', 'en_us', ''),
 ('30', 'field', '7', 'en_us', ''),
 ('30', 'slug', '0', 'en_us', ''),
 ('31', 'field', '5', 'en_us', ''),
 ('31', 'field', '6', 'en_us', ''),
 ('31', 'slug', '0', 'en_us', ''),
 ('32', 'field', '12', 'en_us', ' cbiapage '),
 ('32', 'slug', '0', 'en_us', ''),
 ('33', 'field', '13', 'en_us', ' cbiapage '),
 ('33', 'field', '14', 'en_us', ''),
 ('33', 'slug', '0', 'en_us', ''),
 ('38', 'field', '46', 'en_us', ' custom http twitter com _blank '),
 ('38', 'field', '47', 'en_us', ' custom http facebook com _blank '),
 ('38', 'field', '48', 'en_us', ' custom http linkedin com _blank '),
 ('38', 'slug', '0', 'en_us', ''),
 ('39', 'field', '40', 'en_us', ' project manager '),
 ('39', 'slug', '0', 'en_us', ''),
 ('41', 'slug', '0', 'en_us', ' board of directors '),
 ('41', 'title', '0', 'en_us', ' board of directors '),
 ('42', 'slug', '0', 'en_us', ' practice leads '),
 ('42', 'title', '0', 'en_us', ' practice leads '),
 ('52', 'field', '116', 'en_us', ' 99 realty drive cheshire '),
 ('52', 'field', '117', 'en_us', ''),
 ('52', 'field', '115', 'en_us', ' cheshire '),
 ('52', 'field', '114', 'en_us', ''),
 ('52', 'field', '124', 'en_us', ' 06410 ');
INSERT INTO `craft_searchindex` (`elementId`, `attribute`, `fieldId`, `locale`, `keywords`) VALUES
 ('52', 'field', '118', 'en_us', ' tel 2032711773 203 271 1773 '),
 ('52', 'field', '123', 'en_us', ''),
 ('52', 'field', '122', 'en_us', ''),
 ('52', 'field', '119', 'en_us', ''),
 ('52', 'field', '120', 'en_us', ''),
 ('52', 'slug', '0', 'en_us', ' connecticut '),
 ('52', 'title', '0', 'en_us', ' connecticut '),
 ('52', 'field', '113', 'en_us', ' landscape architecture planning '),
 ('52', 'field', '125', 'en_us', ' 0 '),
 ('53', 'field', '3', 'en_us', ''),
 ('53', 'field', '112', 'en_us', ' education '),
 ('53', 'field', '113', 'en_us', ' engineering civil engineering landscape architecture '),
 ('53', 'slug', '0', 'en_us', ' the gunnery athletic fields redesign '),
 ('53', 'title', '0', 'en_us', ' the gunnery athletic fields redesign ');



DROP TABLE IF EXISTS `craft_sections`;


--
-- Schema for table `craft_sections`
--
CREATE TABLE `craft_sections` (
  `id` int(11) NOT NULL AUTO_INCREMENT,
  `structureId` int(11) DEFAULT NULL,
  `name` varchar(255) COLLATE utf8_unicode_ci NOT NULL,
  `handle` varchar(255) COLLATE utf8_unicode_ci NOT NULL,
  `type` enum('single','channel','structure') COLLATE utf8_unicode_ci NOT NULL DEFAULT 'channel',
  `hasUrls` tinyint(1) unsigned NOT NULL DEFAULT '1',
  `template` varchar(500) COLLATE utf8_unicode_ci DEFAULT NULL,
  `enableVersioning` tinyint(1) unsigned NOT NULL DEFAULT '0',
  `dateCreated` datetime NOT NULL,
  `dateUpdated` datetime NOT NULL,
  `uid` char(36) COLLATE utf8_unicode_ci NOT NULL DEFAULT '0',
  PRIMARY KEY (`id`),
  UNIQUE KEY `craft_sections_name_unq_idx` (`name`),
  UNIQUE KEY `craft_sections_handle_unq_idx` (`handle`),
  KEY `craft_sections_structureId_fk` (`structureId`)
) ENGINE=InnoDB AUTO_INCREMENT=10 DEFAULT CHARSET=utf8 COLLATE=utf8_unicode_ci;

--
-- Data for table `craft_sections`
--

INSERT INTO `craft_sections` (`id`, `structureId`, `name`, `handle`, `type`, `hasUrls`, `template`, `enableVersioning`, `dateCreated`, `dateUpdated`, `uid`) VALUES
 ('2', NULL, 'News', 'news', 'channel', '1', 'news/_entry', '1', '2017-06-09 17:32:25', '2017-06-09 17:55:35', '9ea24c96-cf8f-4a1b-b32b-78317fb66db9'),
 ('3', NULL, 'Work', 'work', 'channel', '1', 'work/_entry', '1', '2017-06-09 17:52:37', '2017-06-09 17:52:37', '06a8e8ec-4ef8-491f-ac07-7695495a452e'),
 ('7', NULL, 'Pages', 'page', 'channel', '1', 'page', '1', '2017-06-09 20:34:58', '2017-06-09 21:05:29', '90a56e98-15b8-4d40-bec1-e30a85a7507e'),
 ('8', NULL, 'Team', 'team', 'channel', '1', 'team/_entry', '1', '2017-06-15 14:56:59', '2017-06-15 14:56:59', '9180d08f-d4e7-42b3-9d84-2d495bb06329');



DROP TABLE IF EXISTS `craft_sections_i18n`;


--
-- Schema for table `craft_sections_i18n`
--
CREATE TABLE `craft_sections_i18n` (
  `id` int(11) NOT NULL AUTO_INCREMENT,
  `sectionId` int(11) NOT NULL,
  `locale` char(12) COLLATE utf8_unicode_ci NOT NULL,
  `enabledByDefault` tinyint(1) unsigned NOT NULL DEFAULT '1',
  `urlFormat` text COLLATE utf8_unicode_ci,
  `nestedUrlFormat` text COLLATE utf8_unicode_ci,
  `dateCreated` datetime NOT NULL,
  `dateUpdated` datetime NOT NULL,
  `uid` char(36) COLLATE utf8_unicode_ci NOT NULL DEFAULT '0',
  PRIMARY KEY (`id`),
  UNIQUE KEY `craft_sections_i18n_sectionId_locale_unq_idx` (`sectionId`,`locale`),
  KEY `craft_sections_i18n_locale_fk` (`locale`)
) ENGINE=InnoDB AUTO_INCREMENT=10 DEFAULT CHARSET=utf8 COLLATE=utf8_unicode_ci;

--
-- Data for table `craft_sections_i18n`
--

INSERT INTO `craft_sections_i18n` (`id`, `sectionId`, `locale`, `enabledByDefault`, `urlFormat`, `nestedUrlFormat`, `dateCreated`, `dateUpdated`, `uid`) VALUES
 ('2', '2', 'en_us', '1', 'news/{postDate.year}/{slug}', NULL, '2017-06-09 17:32:25', '2017-06-09 17:32:25', '4bde2e76-11e1-4218-ab67-2d072ace3a1e'),
 ('3', '3', 'en_us', '1', 'work/{slug}', NULL, '2017-06-09 17:52:37', '2017-06-09 17:52:37', '18c9c20f-1401-4541-9a42-77c866f35aa4'),
 ('7', '7', 'en_us', '1', '{slug}', NULL, '2017-06-09 20:34:58', '2017-06-09 20:34:58', '14238e7f-355d-4f9f-8a7a-dfc1b8de4298'),
 ('8', '8', 'en_us', '1', 'team/{slug}', NULL, '2017-06-15 14:56:59', '2017-06-15 14:56:59', '258f810f-9e9f-4081-8ed6-40e819de0404');



DROP TABLE IF EXISTS `craft_seomatic_meta`;


--
-- Schema for table `craft_seomatic_meta`
--
CREATE TABLE `craft_seomatic_meta` (
  `id` int(11) NOT NULL,
  `seoImageId` int(11) DEFAULT NULL,
  `seoTwitterImageId` int(11) DEFAULT NULL,
  `seoFacebookImageId` int(11) DEFAULT NULL,
  `locale` varchar(255) COLLATE utf8_unicode_ci DEFAULT 'en_us',
  `elementId` int(10) DEFAULT '0',
  `metaType` enum('default','template') COLLATE utf8_unicode_ci DEFAULT 'template',
  `metaPath` varchar(255) COLLATE utf8_unicode_ci DEFAULT '',
  `seoMainEntityCategory` varchar(255) COLLATE utf8_unicode_ci DEFAULT '',
  `seoMainEntityOfPage` varchar(255) COLLATE utf8_unicode_ci DEFAULT '',
  `seoTitle` varchar(255) COLLATE utf8_unicode_ci DEFAULT '',
  `seoDescription` varchar(255) COLLATE utf8_unicode_ci DEFAULT '',
  `seoKeywords` varchar(255) COLLATE utf8_unicode_ci DEFAULT '',
  `seoImageTransform` varchar(255) COLLATE utf8_unicode_ci DEFAULT '',
  `seoFacebookImageTransform` varchar(255) COLLATE utf8_unicode_ci DEFAULT '',
  `seoTwitterImageTransform` varchar(255) COLLATE utf8_unicode_ci DEFAULT '',
  `twitterCardType` varchar(255) COLLATE utf8_unicode_ci DEFAULT 'summary',
  `openGraphType` varchar(255) COLLATE utf8_unicode_ci DEFAULT 'website',
  `robots` varchar(255) COLLATE utf8_unicode_ci DEFAULT '',
  `dateCreated` datetime NOT NULL,
  `dateUpdated` datetime NOT NULL,
  `uid` char(36) COLLATE utf8_unicode_ci NOT NULL DEFAULT '0',
  PRIMARY KEY (`id`),
  KEY `craft_seomatic_meta_seoImageId_fk` (`seoImageId`),
  KEY `craft_seomatic_meta_seoTwitterImageId_fk` (`seoTwitterImageId`),
  KEY `craft_seomatic_meta_seoFacebookImageId_fk` (`seoFacebookImageId`)
) ENGINE=InnoDB DEFAULT CHARSET=utf8 COLLATE=utf8_unicode_ci;

DROP TABLE IF EXISTS `craft_seomatic_settings`;


--
-- Schema for table `craft_seomatic_settings`
--
CREATE TABLE `craft_seomatic_settings` (
  `id` int(11) NOT NULL AUTO_INCREMENT,
  `siteSeoImageId` int(11) DEFAULT NULL,
  `siteSeoTwitterImageId` int(11) DEFAULT NULL,
  `siteSeoFacebookImageId` int(11) DEFAULT NULL,
  `genericOwnerImageId` int(11) DEFAULT NULL,
  `genericCreatorImageId` int(11) DEFAULT NULL,
  `locale` varchar(255) COLLATE utf8_unicode_ci DEFAULT '',
  `siteSeoName` varchar(255) COLLATE utf8_unicode_ci DEFAULT '',
  `siteSeoTitle` varchar(255) COLLATE utf8_unicode_ci DEFAULT '',
  `siteSeoTitleSeparator` varchar(10) COLLATE utf8_unicode_ci DEFAULT '|',
  `siteSeoTitlePlacement` enum('before','after','none') COLLATE utf8_unicode_ci DEFAULT 'after',
  `siteSeoDescription` varchar(255) COLLATE utf8_unicode_ci DEFAULT '',
  `siteSeoKeywords` varchar(255) COLLATE utf8_unicode_ci DEFAULT '',
  `siteSeoImageTransform` varchar(100) COLLATE utf8_unicode_ci DEFAULT '',
  `siteSeoFacebookImageTransform` varchar(100) COLLATE utf8_unicode_ci DEFAULT '',
  `siteSeoTwitterImageTransform` varchar(100) COLLATE utf8_unicode_ci DEFAULT '',
  `siteTwitterCardType` varchar(50) COLLATE utf8_unicode_ci DEFAULT '',
  `siteOpenGraphType` varchar(50) COLLATE utf8_unicode_ci DEFAULT '',
  `siteRobots` varchar(50) COLLATE utf8_unicode_ci DEFAULT '',
  `siteRobotsTxt` text COLLATE utf8_unicode_ci,
  `siteLinksSearchTargets` text COLLATE utf8_unicode_ci,
  `siteLinksQueryInput` varchar(50) COLLATE utf8_unicode_ci DEFAULT '',
  `googleSiteVerification` varchar(100) COLLATE utf8_unicode_ci DEFAULT '',
  `bingSiteVerification` varchar(100) COLLATE utf8_unicode_ci DEFAULT '',
  `googleAnalyticsUID` varchar(50) COLLATE utf8_unicode_ci DEFAULT '',
  `googleTagManagerID` varchar(50) COLLATE utf8_unicode_ci DEFAULT '',
  `googleAnalyticsSendPageview` tinyint(1) unsigned NOT NULL DEFAULT '1',
  `googleAnalyticsAdvertising` tinyint(1) unsigned NOT NULL DEFAULT '0',
  `googleAnalyticsEcommerce` tinyint(1) unsigned NOT NULL DEFAULT '0',
  `googleAnalyticsEEcommerce` tinyint(1) unsigned NOT NULL DEFAULT '0',
  `googleAnalyticsLinkAttribution` tinyint(1) unsigned NOT NULL DEFAULT '0',
  `googleAnalyticsLinker` tinyint(1) unsigned NOT NULL DEFAULT '0',
  `googleAnalyticsAnonymizeIp` tinyint(1) unsigned NOT NULL DEFAULT '0',
  `siteOwnerType` varchar(50) COLLATE utf8_unicode_ci DEFAULT '',
  `siteOwnerSubType` varchar(50) COLLATE utf8_unicode_ci DEFAULT '',
  `siteOwnerSpecificType` varchar(50) COLLATE utf8_unicode_ci DEFAULT '',
  `genericOwnerName` varchar(255) COLLATE utf8_unicode_ci DEFAULT '',
  `genericOwnerAlternateName` varchar(255) COLLATE utf8_unicode_ci DEFAULT '',
  `genericOwnerDescription` varchar(1024) COLLATE utf8_unicode_ci DEFAULT '',
  `genericOwnerUrl` varchar(255) COLLATE utf8_unicode_ci DEFAULT '',
  `genericOwnerTelephone` varchar(255) COLLATE utf8_unicode_ci DEFAULT '',
  `genericOwnerEmail` varchar(255) COLLATE utf8_unicode_ci DEFAULT '',
  `genericOwnerStreetAddress` varchar(255) COLLATE utf8_unicode_ci DEFAULT '',
  `genericOwnerAddressLocality` varchar(255) COLLATE utf8_unicode_ci DEFAULT '',
  `genericOwnerAddressRegion` varchar(255) COLLATE utf8_unicode_ci DEFAULT '',
  `genericOwnerPostalCode` varchar(255) COLLATE utf8_unicode_ci DEFAULT '',
  `genericOwnerAddressCountry` varchar(255) COLLATE utf8_unicode_ci DEFAULT '',
  `genericOwnerGeoLatitude` varchar(255) COLLATE utf8_unicode_ci DEFAULT '',
  `genericOwnerGeoLongitude` varchar(255) COLLATE utf8_unicode_ci DEFAULT '',
  `organizationOwnerDuns` varchar(255) COLLATE utf8_unicode_ci DEFAULT '',
  `organizationOwnerFounder` varchar(255) COLLATE utf8_unicode_ci DEFAULT '',
  `organizationOwnerFoundingDate` varchar(255) COLLATE utf8_unicode_ci DEFAULT '',
  `organizationOwnerFoundingLocation` varchar(255) COLLATE utf8_unicode_ci DEFAULT '',
  `organizationOwnerContactPoints` text COLLATE utf8_unicode_ci,
  `localBusinessPriceRange` varchar(10) COLLATE utf8_unicode_ci DEFAULT '$$$',
  `localBusinessOwnerOpeningHours` text COLLATE utf8_unicode_ci,
  `corporationOwnerTickerSymbol` varchar(255) COLLATE utf8_unicode_ci DEFAULT '',
  `restaurantOwnerServesCuisine` varchar(255) COLLATE utf8_unicode_ci DEFAULT '',
  `restaurantOwnerMenuUrl` varchar(255) COLLATE utf8_unicode_ci DEFAULT '',
  `restaurantOwnerReservationsUrl` varchar(255) COLLATE utf8_unicode_ci DEFAULT '',
  `personOwnerGender` varchar(255) COLLATE utf8_unicode_ci DEFAULT '',
  `personOwnerBirthPlace` varchar(255) COLLATE utf8_unicode_ci DEFAULT '',
  `twitterHandle` varchar(50) COLLATE utf8_unicode_ci DEFAULT '',
  `facebookHandle` varchar(50) COLLATE utf8_unicode_ci DEFAULT '',
  `facebookProfileId` varchar(50) COLLATE utf8_unicode_ci DEFAULT '',
  `facebookAppId` varchar(50) COLLATE utf8_unicode_ci DEFAULT '',
  `linkedInHandle` varchar(50) COLLATE utf8_unicode_ci DEFAULT '',
  `googlePlusHandle` varchar(50) COLLATE utf8_unicode_ci DEFAULT '',
  `youtubeHandle` varchar(50) COLLATE utf8_unicode_ci DEFAULT '',
  `youtubeChannelHandle` varchar(50) COLLATE utf8_unicode_ci DEFAULT '',
  `instagramHandle` varchar(50) COLLATE utf8_unicode_ci DEFAULT '',
  `pinterestHandle` varchar(50) COLLATE utf8_unicode_ci DEFAULT '',
  `githubHandle` varchar(50) COLLATE utf8_unicode_ci DEFAULT '',
  `vimeoHandle` varchar(50) COLLATE utf8_unicode_ci DEFAULT '',
  `wikipediaUrl` varchar(100) COLLATE utf8_unicode_ci DEFAULT '',
  `siteCreatorType` varchar(255) COLLATE utf8_unicode_ci DEFAULT '',
  `siteCreatorSubType` varchar(255) COLLATE utf8_unicode_ci DEFAULT '',
  `siteCreatorSpecificType` varchar(255) COLLATE utf8_unicode_ci DEFAULT '',
  `genericCreatorName` varchar(255) COLLATE utf8_unicode_ci DEFAULT '',
  `genericCreatorAlternateName` varchar(255) COLLATE utf8_unicode_ci DEFAULT '',
  `genericCreatorDescription` varchar(1024) COLLATE utf8_unicode_ci DEFAULT '',
  `genericCreatorUrl` varchar(255) COLLATE utf8_unicode_ci DEFAULT '',
  `genericCreatorTelephone` varchar(255) COLLATE utf8_unicode_ci DEFAULT '',
  `genericCreatorEmail` varchar(255) COLLATE utf8_unicode_ci DEFAULT '',
  `genericCreatorStreetAddress` varchar(255) COLLATE utf8_unicode_ci DEFAULT '',
  `genericCreatorAddressLocality` varchar(255) COLLATE utf8_unicode_ci DEFAULT '',
  `genericCreatorAddressRegion` varchar(255) COLLATE utf8_unicode_ci DEFAULT '',
  `genericCreatorPostalCode` varchar(255) COLLATE utf8_unicode_ci DEFAULT '',
  `genericCreatorAddressCountry` varchar(255) COLLATE utf8_unicode_ci DEFAULT '',
  `genericCreatorGeoLatitude` varchar(255) COLLATE utf8_unicode_ci DEFAULT '',
  `genericCreatorGeoLongitude` varchar(255) COLLATE utf8_unicode_ci DEFAULT '',
  `organizationCreatorDuns` varchar(255) COLLATE utf8_unicode_ci DEFAULT '',
  `organizationCreatorFounder` varchar(255) COLLATE utf8_unicode_ci DEFAULT '',
  `organizationCreatorFoundingDate` varchar(255) COLLATE utf8_unicode_ci DEFAULT '',
  `organizationCreatorFoundingLocation` varchar(255) COLLATE utf8_unicode_ci DEFAULT '',
  `organizationCreatorContactPoints` text COLLATE utf8_unicode_ci,
  `localBusinessCreatorOpeningHours` text COLLATE utf8_unicode_ci,
  `corporationCreatorTickerSymbol` varchar(255) COLLATE utf8_unicode_ci DEFAULT '',
  `restaurantCreatorServesCuisine` varchar(255) COLLATE utf8_unicode_ci DEFAULT '',
  `restaurantCreatorMenuUrl` varchar(255) COLLATE utf8_unicode_ci DEFAULT '',
  `restaurantCreatorReservationsUrl` varchar(255) COLLATE utf8_unicode_ci DEFAULT '',
  `personCreatorGender` varchar(255) COLLATE utf8_unicode_ci DEFAULT '',
  `personCreatorBirthPlace` varchar(255) COLLATE utf8_unicode_ci DEFAULT '',
  `genericCreatorHumansTxt` text COLLATE utf8_unicode_ci,
  `dateCreated` datetime NOT NULL,
  `dateUpdated` datetime NOT NULL,
  `uid` char(36) COLLATE utf8_unicode_ci NOT NULL DEFAULT '0',
  PRIMARY KEY (`id`),
  KEY `craft_seomatic_settings_siteSeoImageId_fk` (`siteSeoImageId`),
  KEY `craft_seomatic_settings_siteSeoTwitterImageId_fk` (`siteSeoTwitterImageId`),
  KEY `craft_seomatic_settings_siteSeoFacebookImageId_fk` (`siteSeoFacebookImageId`),
  KEY `craft_seomatic_settings_genericOwnerImageId_fk` (`genericOwnerImageId`),
  KEY `craft_seomatic_settings_genericCreatorImageId_fk` (`genericCreatorImageId`)
) ENGINE=InnoDB AUTO_INCREMENT=2 DEFAULT CHARSET=utf8 COLLATE=utf8_unicode_ci;

--
-- Data for table `craft_seomatic_settings`
--

INSERT INTO `craft_seomatic_settings` (`id`, `siteSeoImageId`, `siteSeoTwitterImageId`, `siteSeoFacebookImageId`, `genericOwnerImageId`, `genericCreatorImageId`, `locale`, `siteSeoName`, `siteSeoTitle`, `siteSeoTitleSeparator`, `siteSeoTitlePlacement`, `siteSeoDescription`, `siteSeoKeywords`, `siteSeoImageTransform`, `siteSeoFacebookImageTransform`, `siteSeoTwitterImageTransform`, `siteTwitterCardType`, `siteOpenGraphType`, `siteRobots`, `siteRobotsTxt`, `siteLinksSearchTargets`, `siteLinksQueryInput`, `googleSiteVerification`, `bingSiteVerification`, `googleAnalyticsUID`, `googleTagManagerID`, `googleAnalyticsSendPageview`, `googleAnalyticsAdvertising`, `googleAnalyticsEcommerce`, `googleAnalyticsEEcommerce`, `googleAnalyticsLinkAttribution`, `googleAnalyticsLinker`, `googleAnalyticsAnonymizeIp`, `siteOwnerType`, `siteOwnerSubType`, `siteOwnerSpecificType`, `genericOwnerName`, `genericOwnerAlternateName`, `genericOwnerDescription`, `genericOwnerUrl`, `genericOwnerTelephone`, `genericOwnerEmail`, `genericOwnerStreetAddress`, `genericOwnerAddressLocality`, `genericOwnerAddressRegion`, `genericOwnerPostalCode`, `genericOwnerAddressCountry`, `genericOwnerGeoLatitude`, `genericOwnerGeoLongitude`, `organizationOwnerDuns`, `organizationOwnerFounder`, `organizationOwnerFoundingDate`, `organizationOwnerFoundingLocation`, `organizationOwnerContactPoints`, `localBusinessPriceRange`, `localBusinessOwnerOpeningHours`, `corporationOwnerTickerSymbol`, `restaurantOwnerServesCuisine`, `restaurantOwnerMenuUrl`, `restaurantOwnerReservationsUrl`, `personOwnerGender`, `personOwnerBirthPlace`, `twitterHandle`, `facebookHandle`, `facebookProfileId`, `facebookAppId`, `linkedInHandle`, `googlePlusHandle`, `youtubeHandle`, `youtubeChannelHandle`, `instagramHandle`, `pinterestHandle`, `githubHandle`, `vimeoHandle`, `wikipediaUrl`, `siteCreatorType`, `siteCreatorSubType`, `siteCreatorSpecificType`, `genericCreatorName`, `genericCreatorAlternateName`, `genericCreatorDescription`, `genericCreatorUrl`, `genericCreatorTelephone`, `genericCreatorEmail`, `genericCreatorStreetAddress`, `genericCreatorAddressLocality`, `genericCreatorAddressRegion`, `genericCreatorPostalCode`, `genericCreatorAddressCountry`, `genericCreatorGeoLatitude`, `genericCreatorGeoLongitude`, `organizationCreatorDuns`, `organizationCreatorFounder`, `organizationCreatorFoundingDate`, `organizationCreatorFoundingLocation`, `organizationCreatorContactPoints`, `localBusinessCreatorOpeningHours`, `corporationCreatorTickerSymbol`, `restaurantCreatorServesCuisine`, `restaurantCreatorMenuUrl`, `restaurantCreatorReservationsUrl`, `personCreatorGender`, `personCreatorBirthPlace`, `genericCreatorHumansTxt`, `dateCreated`, `dateUpdated`, `uid`) VALUES
 ('1', NULL, NULL, NULL, NULL, NULL, 'en_us', 'Milone & MacBroom', 'This is the default global title of the site pages.', '|', 'after', 'This is the default global natural language description of the content on the site pages.', 'default,global,comma-separated,keywords', '', '', '', 'summary', 'website', '', '# robots.txt for {{ siteUrl }}\n\nSitemap: {{ siteUrl |trim(\'/\') }}/sitemap.xml\n\n# Don\'t allow web crawlers to index Craft\n\nUser-agent: *\nDisallow: /craft/\n', '', '', '', '', '', '', '1', '0', '0', '0', '0', '0', '0', 'Organization', 'Corporation', '', 'Milone & MacBroom', '', '', 'http://mmi.ads.dsdev/', '', '', '', '', '', '', '', '', '', '', '', '', '', '', '$$$', '', '', '', '', '', '', '', '', '', '', '', '', '', '', '', '', '', '', '', '', 'Organization', 'Corporation', '', '', '', '', '', '', '', '', '', '', '', '', '', '', '', '', '', '', '', '', '', '', '', '', '', '', '/* TEAM */\n\n{% if seomaticCreator.name is defined and seomaticCreator.name %}\nCreator: {{ seomaticCreator.name }}\n{% endif %}\n{% if seomaticCreator.url is defined and seomaticCreator.url %}\nURL: {{ seomaticCreator.url }}\n{% endif %}\n{% if seomaticCreator.description is defined and seomaticCreator.description %}\nDescription: {{ seomaticCreator.description }}\n{% endif %}\n\n/* THANKS */\n\nPixel & Tonic - https://pixelandtonic.com\n\n/* SITE */\n\nStandards: HTML5, CSS3\nComponents: Craft CMS, Yii, PHP, Javascript, SEOmatic', '2017-06-09 17:35:25', '2017-06-09 17:35:25', '67b03fb6-719c-4815-812e-e0caadc498f1');



DROP TABLE IF EXISTS `craft_sessions`;


--
-- Schema for table `craft_sessions`
--
CREATE TABLE `craft_sessions` (
  `id` int(11) NOT NULL AUTO_INCREMENT,
  `userId` int(11) NOT NULL,
  `token` char(100) COLLATE utf8_unicode_ci NOT NULL,
  `dateCreated` datetime NOT NULL,
  `dateUpdated` datetime NOT NULL,
  `uid` char(36) COLLATE utf8_unicode_ci NOT NULL DEFAULT '0',
  PRIMARY KEY (`id`),
  KEY `craft_sessions_uid_idx` (`uid`),
  KEY `craft_sessions_token_idx` (`token`),
  KEY `craft_sessions_dateUpdated_idx` (`dateUpdated`),
  KEY `craft_sessions_userId_fk` (`userId`)
) ENGINE=InnoDB AUTO_INCREMENT=3 DEFAULT CHARSET=utf8 COLLATE=utf8_unicode_ci;

DROP TABLE IF EXISTS `craft_shunnedmessages`;


--
-- Schema for table `craft_shunnedmessages`
--
CREATE TABLE `craft_shunnedmessages` (
  `id` int(11) NOT NULL AUTO_INCREMENT,
  `userId` int(11) NOT NULL,
  `message` varchar(255) COLLATE utf8_unicode_ci NOT NULL,
  `expiryDate` datetime DEFAULT NULL,
  `dateCreated` datetime NOT NULL,
  `dateUpdated` datetime NOT NULL,
  `uid` char(36) COLLATE utf8_unicode_ci NOT NULL DEFAULT '0',
  PRIMARY KEY (`id`),
  UNIQUE KEY `craft_shunnedmessages_userId_message_unq_idx` (`userId`,`message`)
) ENGINE=InnoDB DEFAULT CHARSET=utf8 COLLATE=utf8_unicode_ci;

DROP TABLE IF EXISTS `craft_structureelements`;


--
-- Schema for table `craft_structureelements`
--
CREATE TABLE `craft_structureelements` (
  `id` int(11) NOT NULL AUTO_INCREMENT,
  `structureId` int(11) NOT NULL,
  `elementId` int(11) DEFAULT NULL,
  `root` int(11) unsigned DEFAULT NULL,
  `lft` int(11) unsigned NOT NULL,
  `rgt` int(11) unsigned NOT NULL,
  `level` smallint(6) unsigned NOT NULL,
  `dateCreated` datetime NOT NULL,
  `dateUpdated` datetime NOT NULL,
  `uid` char(36) COLLATE utf8_unicode_ci NOT NULL DEFAULT '0',
  PRIMARY KEY (`id`),
  UNIQUE KEY `craft_structureelements_structureId_elementId_unq_idx` (`structureId`,`elementId`),
  KEY `craft_structureelements_root_idx` (`root`),
  KEY `craft_structureelements_lft_idx` (`lft`),
  KEY `craft_structureelements_rgt_idx` (`rgt`),
  KEY `craft_structureelements_level_idx` (`level`),
  KEY `craft_structureelements_elementId_fk` (`elementId`)
) ENGINE=InnoDB AUTO_INCREMENT=35 DEFAULT CHARSET=utf8 COLLATE=utf8_unicode_ci;

--
-- Data for table `craft_structureelements`
--

INSERT INTO `craft_structureelements` (`id`, `structureId`, `elementId`, `root`, `lft`, `rgt`, `level`, `dateCreated`, `dateUpdated`, `uid`) VALUES
 ('1', '2', NULL, '1', '1', '34', '0', '2017-06-09 19:41:56', '2017-06-09 19:41:56', '4f7ad8de-4deb-494d-8d50-8ab02992ff53'),
 ('2', '2', '4', '1', '2', '17', '1', '2017-06-09 19:41:56', '2017-06-09 19:41:56', '24b73d3d-2a70-4a63-8dda-1d43faf73f85'),
 ('3', '2', '5', '1', '3', '4', '2', '2017-06-09 19:42:28', '2017-06-09 19:42:28', '5e9079bc-24f3-463f-ad33-194f6819e040'),
 ('4', '2', '6', '1', '5', '6', '2', '2017-06-09 19:44:01', '2017-06-09 19:44:01', 'd532479a-e829-45e9-8a89-6356dc82db8f'),
 ('5', '2', '7', '1', '7', '8', '2', '2017-06-09 19:44:22', '2017-06-09 19:44:22', 'd1c25a80-479e-4aee-8260-60ff71c6a123'),
 ('6', '2', '8', '1', '9', '10', '2', '2017-06-09 19:44:31', '2017-06-09 19:44:31', '9a2d40cb-64db-4e38-9e71-0e83b19d2b06'),
 ('7', '2', '9', '1', '11', '12', '2', '2017-06-09 19:44:43', '2017-06-09 19:44:43', 'ab94888f-206a-4192-9480-eddc468343d0'),
 ('8', '2', '10', '1', '13', '14', '2', '2017-06-09 19:44:53', '2017-06-09 19:44:53', 'f5c6a48f-192c-4c4c-8d7a-3be8dfab5089'),
 ('9', '2', '11', '1', '15', '16', '2', '2017-06-09 19:45:00', '2017-06-09 19:45:00', '4f8743eb-c41d-4a73-b213-c72a02625b83'),
 ('10', '2', '12', '1', '18', '25', '1', '2017-06-09 19:45:26', '2017-06-09 19:45:26', '5720d007-f34b-435b-83ea-a452344557a7'),
 ('11', '2', '13', '1', '19', '20', '2', '2017-06-09 19:45:41', '2017-06-09 19:45:41', '3ef57c66-1c66-4bfc-b92d-c67a681be1a9'),
 ('12', '2', '14', '1', '21', '22', '2', '2017-06-09 19:46:01', '2017-06-09 19:46:01', 'e41c9a2d-1be1-4381-a1e9-950f2b81c0eb'),
 ('13', '2', '15', '1', '23', '24', '2', '2017-06-09 19:46:38', '2017-06-09 19:46:38', 'e8beb52b-3ebb-4af9-ae54-056d7bc53281'),
 ('14', '2', '16', '1', '26', '27', '1', '2017-06-09 19:47:07', '2017-06-09 19:47:07', 'ecfb3a10-159c-4177-9ce0-cd280f004d0a'),
 ('15', '2', '17', '1', '28', '29', '1', '2017-06-09 19:47:22', '2017-06-09 19:47:22', 'b27ea76b-7ed2-43bb-93b4-17a6be1cfea7'),
 ('16', '2', '18', '1', '30', '31', '1', '2017-06-09 19:47:32', '2017-06-09 19:47:32', 'f575f81f-cb69-4400-9dea-ca698d2b4ab8'),
 ('17', '2', '19', '1', '32', '33', '1', '2017-06-09 19:47:46', '2017-06-09 19:47:46', 'addcecf4-176c-4a1f-8dff-7c4295f14604'),
 ('18', '1', NULL, '18', '1', '14', '0', '2017-06-09 19:48:11', '2017-06-09 19:48:11', '6ef55089-ee95-4340-8ab3-6ca5c77bf03e'),
 ('19', '1', '20', '18', '2', '3', '1', '2017-06-09 19:48:11', '2017-06-09 19:48:11', 'eabf6ad1-7f20-49aa-b89b-adf8b48e6056'),
 ('20', '1', '21', '18', '4', '5', '1', '2017-06-09 19:48:22', '2017-06-09 19:48:22', 'f2d5001e-e8cb-4d46-a689-4f43387c1508'),
 ('21', '1', '22', '18', '6', '7', '1', '2017-06-09 19:48:34', '2017-06-09 19:48:34', '3988737f-3254-44c5-8449-9b1fd1cbae95'),
 ('22', '1', '23', '18', '8', '9', '1', '2017-06-09 19:48:55', '2017-06-09 19:48:55', 'e767dba5-282a-46d4-9eb3-43337ee78248'),
 ('23', '1', '24', '18', '10', '11', '1', '2017-06-09 19:49:34', '2017-06-09 19:49:34', '5502f007-1b72-4dd4-91f3-be786be9a217'),
 ('24', '1', '25', '18', '12', '13', '1', '2017-06-09 19:49:43', '2017-06-09 19:49:43', 'a48f3cb6-b683-412a-9988-9d2380357c85'),
 ('27', '4', NULL, '27', '1', '4', '0', '2017-06-09 20:32:02', '2017-06-09 20:32:02', 'dc651e77-8e50-48d7-8e47-9d86ae9c91dc'),
 ('28', '4', '27', '27', '2', '3', '1', '2017-06-09 20:32:02', '2017-06-09 20:32:02', '44697eec-dc27-4569-ac18-d81c298b07d6'),
 ('30', '5', NULL, '30', '1', '6', '0', '2017-06-15 16:39:26', '2017-06-15 16:39:26', '3c67bd63-6754-45c6-b839-3a961112b558'),
 ('31', '5', '41', '30', '2', '3', '1', '2017-06-15 16:39:26', '2017-06-15 16:39:26', '85416eb5-8339-4605-9a1e-13d6ee29f714'),
 ('32', '5', '42', '30', '4', '5', '1', '2017-06-15 16:39:39', '2017-06-15 16:39:39', '4b3038aa-2c2a-4924-8eaa-821402007637'),
 ('33', '6', NULL, '33', '1', '4', '0', '2017-06-15 22:20:32', '2017-06-15 22:20:32', '311cd536-4e35-4fbb-9c2d-47bd10dc431f'),
 ('34', '6', '52', '33', '2', '3', '1', '2017-06-15 22:20:32', '2017-06-15 22:20:32', 'd05b0d14-9596-490c-947c-8abe80ad38a9');



DROP TABLE IF EXISTS `craft_structures`;


--
-- Schema for table `craft_structures`
--
CREATE TABLE `craft_structures` (
  `id` int(11) NOT NULL AUTO_INCREMENT,
  `maxLevels` smallint(6) unsigned DEFAULT NULL,
  `dateCreated` datetime NOT NULL,
  `dateUpdated` datetime NOT NULL,
  `uid` char(36) COLLATE utf8_unicode_ci NOT NULL DEFAULT '0',
  PRIMARY KEY (`id`)
) ENGINE=InnoDB AUTO_INCREMENT=7 DEFAULT CHARSET=utf8 COLLATE=utf8_unicode_ci;

--
-- Data for table `craft_structures`
--

INSERT INTO `craft_structures` (`id`, `maxLevels`, `dateCreated`, `dateUpdated`, `uid`) VALUES
 ('1', NULL, '2017-06-09 18:05:04', '2017-06-15 21:33:07', 'd77d6d24-adcd-4adc-af7b-5d94eea8e1c1'),
 ('2', NULL, '2017-06-09 18:05:54', '2017-06-15 21:32:53', '63a6cdfc-56bc-4b58-9772-d28ad9cd8fe5'),
 ('4', NULL, '2017-06-09 20:30:45', '2017-06-09 20:30:45', '5fbff6b3-1013-47c5-838a-f1d7a5d1478b'),
 ('5', NULL, '2017-06-15 16:38:54', '2017-06-15 20:46:35', 'a844831f-5adc-4cba-8480-f9a4866169c7'),
 ('6', '1', '2017-06-15 22:00:42', '2017-06-15 22:22:33', '9d77f487-7352-4f00-928a-151f201f0252');



DROP TABLE IF EXISTS `craft_supertableblocks`;


--
-- Schema for table `craft_supertableblocks`
--
CREATE TABLE `craft_supertableblocks` (
  `id` int(11) NOT NULL,
  `ownerId` int(11) NOT NULL,
  `fieldId` int(11) NOT NULL,
  `typeId` int(11) DEFAULT NULL,
  `sortOrder` smallint(6) unsigned DEFAULT NULL,
  `ownerLocale` char(12) COLLATE utf8_unicode_ci DEFAULT NULL,
  `dateCreated` datetime NOT NULL,
  `dateUpdated` datetime NOT NULL,
  `uid` char(36) COLLATE utf8_unicode_ci NOT NULL DEFAULT '0',
  PRIMARY KEY (`id`),
  KEY `craft_supertableblocks_ownerId_idx` (`ownerId`),
  KEY `craft_supertableblocks_fieldId_idx` (`fieldId`),
  KEY `craft_supertableblocks_typeId_idx` (`typeId`),
  KEY `craft_supertableblocks_sortOrder_idx` (`sortOrder`),
  KEY `craft_supertableblocks_ownerLocale_fk` (`ownerLocale`)
) ENGINE=InnoDB DEFAULT CHARSET=utf8 COLLATE=utf8_unicode_ci;

--
-- Data for table `craft_supertableblocks`
--

INSERT INTO `craft_supertableblocks` (`id`, `ownerId`, `fieldId`, `typeId`, `sortOrder`, `ownerLocale`, `dateCreated`, `dateUpdated`, `uid`) VALUES
 ('31', '30', '4', '1', '1', NULL, '2017-06-12 20:16:38', '2017-06-14 14:56:28', 'ecdd533c-7975-4cc5-ab8d-dfa8b6e029d9'),
 ('33', '32', '12', '3', '1', NULL, '2017-06-12 20:16:38', '2017-06-14 14:56:28', 'd30425d8-35c4-4f87-a236-76cdfd943d76'),
 ('38', '35', '42', '7', '1', NULL, '2017-06-15 16:04:27', '2017-06-15 16:17:13', '322aed0e-a1cd-4817-afa1-f9536b5ad057');



DROP TABLE IF EXISTS `craft_supertableblocktypes`;


--
-- Schema for table `craft_supertableblocktypes`
--
CREATE TABLE `craft_supertableblocktypes` (
  `id` int(11) NOT NULL AUTO_INCREMENT,
  `fieldId` int(11) NOT NULL,
  `fieldLayoutId` int(11) DEFAULT NULL,
  `dateCreated` datetime NOT NULL,
  `dateUpdated` datetime NOT NULL,
  `uid` char(36) COLLATE utf8_unicode_ci NOT NULL DEFAULT '0',
  PRIMARY KEY (`id`),
  KEY `craft_supertableblocktypes_fieldId_fk` (`fieldId`),
  KEY `craft_supertableblocktypes_fieldLayoutId_fk` (`fieldLayoutId`)
) ENGINE=InnoDB AUTO_INCREMENT=18 DEFAULT CHARSET=utf8 COLLATE=utf8_unicode_ci;

--
-- Data for table `craft_supertableblocktypes`
--

INSERT INTO `craft_supertableblocktypes` (`id`, `fieldId`, `fieldLayoutId`, `dateCreated`, `dateUpdated`, `uid`) VALUES
 ('1', '4', '580', '2017-06-09 19:00:20', '2017-06-15 20:28:39', 'f54ed218-3446-435a-a87d-70dde2e2d21e'),
 ('3', '12', '582', '2017-06-12 19:03:17', '2017-06-15 20:28:40', '387655b6-e5ef-47fa-975f-678c076a2b49'),
 ('4', '15', '62', '2017-06-12 20:32:00', '2017-06-12 20:32:00', 'aa2d8302-4ac4-40c6-b33c-51244eb73fd3'),
 ('5', '28', '586', '2017-06-14 15:25:44', '2017-06-15 20:28:40', 'c19f13e0-67c1-4610-9043-fbc8cabb78bf'),
 ('6', '33', '587', '2017-06-14 15:25:45', '2017-06-15 20:28:40', 'faaf6443-0b46-4133-9470-33add6b59e43'),
 ('7', '42', '134', '2017-06-15 15:08:34', '2017-06-15 16:16:29', 'cb81b594-d50c-4044-ae67-9c60ac000c63'),
 ('8', '56', '592', '2017-06-15 18:19:42', '2017-06-15 20:28:40', '867f882a-9596-4cbd-86b4-d12b67d739e7'),
 ('9', '70', '595', '2017-06-15 18:40:19', '2017-06-15 20:28:41', 'ffec5e1d-e9a9-4323-8412-ed34c370160e'),
 ('10', '72', '597', '2017-06-15 18:40:58', '2017-06-15 20:28:41', 'f69192de-515e-426b-ac1f-409574b7603f'),
 ('11', '78', '600', '2017-06-15 19:02:36', '2017-06-15 20:28:41', '014c7ecc-8aed-40f3-8a57-5e07af12cc75'),
 ('12', '84', '602', '2017-06-15 19:20:51', '2017-06-15 20:28:42', '2fa329aa-8e8c-416c-aa81-655717e8ede9'),
 ('13', '90', '604', '2017-06-15 19:24:14', '2017-06-15 20:28:42', '8924a1f3-1e4d-4ea8-8200-100d9cc59768'),
 ('14', '96', '606', '2017-06-15 19:33:38', '2017-06-15 20:28:42', '9d00ba6c-0655-4631-be3d-521d072d344f'),
 ('15', '98', '607', '2017-06-15 19:33:38', '2017-06-15 20:28:42', 'cb06b729-c8d5-476f-a194-f090dabd80d0'),
 ('16', '109', '610', '2017-06-15 19:57:44', '2017-06-15 20:28:42', '5b8929fb-884e-400c-ae43-48fda54ff81a'),
 ('17', '120', '620', '2017-06-15 22:13:15', '2017-06-15 22:13:15', '8e608dcd-e26e-4957-ab24-7a494756d196');



DROP TABLE IF EXISTS `craft_supertablecontent_12_list`;


--
-- Schema for table `craft_supertablecontent_12_list`
--
CREATE TABLE `craft_supertablecontent_12_list` (
  `id` int(11) NOT NULL AUTO_INCREMENT,
  `elementId` int(11) NOT NULL,
  `locale` char(12) COLLATE utf8_unicode_ci NOT NULL,
  `field_listItem` text COLLATE utf8_unicode_ci,
  `dateCreated` datetime NOT NULL,
  `dateUpdated` datetime NOT NULL,
  `uid` char(36) COLLATE utf8_unicode_ci NOT NULL DEFAULT '0',
  PRIMARY KEY (`id`),
  UNIQUE KEY `craft_supertablecontent_12_list_elementId_locale_unq_idx` (`elementId`,`locale`),
  KEY `craft_supertablecontent_12_list_locale_fk` (`locale`)
) ENGINE=InnoDB DEFAULT CHARSET=utf8 COLLATE=utf8_unicode_ci;

DROP TABLE IF EXISTS `craft_supertablecontent_14_list`;


--
-- Schema for table `craft_supertablecontent_14_list`
--
CREATE TABLE `craft_supertablecontent_14_list` (
  `id` int(11) NOT NULL AUTO_INCREMENT,
  `elementId` int(11) NOT NULL,
  `locale` char(12) COLLATE utf8_unicode_ci NOT NULL,
  `field_item` text COLLATE utf8_unicode_ci,
  `dateCreated` datetime NOT NULL,
  `dateUpdated` datetime NOT NULL,
  `uid` char(36) COLLATE utf8_unicode_ci NOT NULL DEFAULT '0',
  PRIMARY KEY (`id`),
  UNIQUE KEY `craft_supertablecontent_14_list_elementId_locale_unq_idx` (`elementId`,`locale`),
  KEY `craft_supertablecontent_14_list_locale_fk` (`locale`)
) ENGINE=InnoDB DEFAULT CHARSET=utf8 COLLATE=utf8_unicode_ci;

DROP TABLE IF EXISTS `craft_supertablecontent_15_list`;


--
-- Schema for table `craft_supertablecontent_15_list`
--
CREATE TABLE `craft_supertablecontent_15_list` (
  `id` int(11) NOT NULL AUTO_INCREMENT,
  `elementId` int(11) NOT NULL,
  `locale` char(12) COLLATE utf8_unicode_ci NOT NULL,
  `field_item` text COLLATE utf8_unicode_ci,
  `dateCreated` datetime NOT NULL,
  `dateUpdated` datetime NOT NULL,
  `uid` char(36) COLLATE utf8_unicode_ci NOT NULL DEFAULT '0',
  PRIMARY KEY (`id`),
  UNIQUE KEY `craft_supertablecontent_15_list_elementId_locale_unq_idx` (`elementId`,`locale`),
  KEY `craft_supertablecontent_15_list_locale_fk` (`locale`)
) ENGINE=InnoDB DEFAULT CHARSET=utf8 COLLATE=utf8_unicode_ci;

DROP TABLE IF EXISTS `craft_supertablecontent_17_resources`;


--
-- Schema for table `craft_supertablecontent_17_resources`
--
CREATE TABLE `craft_supertablecontent_17_resources` (
  `id` int(11) NOT NULL AUTO_INCREMENT,
  `elementId` int(11) NOT NULL,
  `locale` char(12) COLLATE utf8_unicode_ci NOT NULL,
  `field_resource` text COLLATE utf8_unicode_ci,
  `field_type` varchar(255) COLLATE utf8_unicode_ci DEFAULT NULL,
  `field_featured` tinyint(1) unsigned NOT NULL DEFAULT '0',
  `dateCreated` datetime NOT NULL,
  `dateUpdated` datetime NOT NULL,
  `uid` char(36) COLLATE utf8_unicode_ci NOT NULL DEFAULT '0',
  PRIMARY KEY (`id`),
  UNIQUE KEY `craft_supertablecontent_17_resources_elementId_locale_unq_idx` (`elementId`,`locale`),
  KEY `craft_supertablecontent_17_resources_locale_fk` (`locale`)
) ENGINE=InnoDB DEFAULT CHARSET=utf8 COLLATE=utf8_unicode_ci;

DROP TABLE IF EXISTS `craft_supertablecontent_18_highlights`;


--
-- Schema for table `craft_supertablecontent_18_highlights`
--
CREATE TABLE `craft_supertablecontent_18_highlights` (
  `id` int(11) NOT NULL AUTO_INCREMENT,
  `elementId` int(11) NOT NULL,
  `locale` char(12) COLLATE utf8_unicode_ci NOT NULL,
  `field_highlightTitle` text COLLATE utf8_unicode_ci,
  `field_image` text COLLATE utf8_unicode_ci,
  `field_orientation` varchar(255) COLLATE utf8_unicode_ci DEFAULT NULL,
  `dateCreated` datetime NOT NULL,
  `dateUpdated` datetime NOT NULL,
  `uid` char(36) COLLATE utf8_unicode_ci NOT NULL DEFAULT '0',
  PRIMARY KEY (`id`),
  UNIQUE KEY `craft_supertablecontent_18_highlights_elementId_locale_unq_idx` (`elementId`,`locale`),
  KEY `craft_supertablecontent_18_highlights_locale_fk` (`locale`)
) ENGINE=InnoDB DEFAULT CHARSET=utf8 COLLATE=utf8_unicode_ci;

DROP TABLE IF EXISTS `craft_supertablecontent_19_clients`;


--
-- Schema for table `craft_supertablecontent_19_clients`
--
CREATE TABLE `craft_supertablecontent_19_clients` (
  `id` int(11) NOT NULL AUTO_INCREMENT,
  `elementId` int(11) NOT NULL,
  `locale` char(12) COLLATE utf8_unicode_ci NOT NULL,
  `field_clientName` text COLLATE utf8_unicode_ci,
  `field_clientLocation` text COLLATE utf8_unicode_ci,
  `dateCreated` datetime NOT NULL,
  `dateUpdated` datetime NOT NULL,
  `uid` char(36) COLLATE utf8_unicode_ci NOT NULL DEFAULT '0',
  PRIMARY KEY (`id`),
  UNIQUE KEY `craft_supertablecontent_19_clients_elementId_locale_unq_idx` (`elementId`,`locale`),
  KEY `craft_supertablecontent_19_clients_locale_fk` (`locale`)
) ENGINE=InnoDB DEFAULT CHARSET=utf8 COLLATE=utf8_unicode_ci;

DROP TABLE IF EXISTS `craft_supertablecontent_1_image`;


--
-- Schema for table `craft_supertablecontent_1_image`
--
CREATE TABLE `craft_supertablecontent_1_image` (
  `id` int(11) NOT NULL AUTO_INCREMENT,
  `elementId` int(11) NOT NULL,
  `locale` char(12) COLLATE utf8_unicode_ci NOT NULL,
  `dateCreated` datetime NOT NULL,
  `dateUpdated` datetime NOT NULL,
  `uid` char(36) COLLATE utf8_unicode_ci NOT NULL DEFAULT '0',
  PRIMARY KEY (`id`),
  UNIQUE KEY `craft_supertablecontent_1_image_elementId_locale_unq_idx` (`elementId`,`locale`),
  KEY `craft_supertablecontent_1_image_locale_fk` (`locale`)
) ENGINE=InnoDB AUTO_INCREMENT=2 DEFAULT CHARSET=utf8 COLLATE=utf8_unicode_ci;

--
-- Data for table `craft_supertablecontent_1_image`
--

INSERT INTO `craft_supertablecontent_1_image` (`id`, `elementId`, `locale`, `dateCreated`, `dateUpdated`, `uid`) VALUES
 ('1', '31', 'en_us', '2017-06-12 20:16:38', '2017-06-14 14:56:28', 'c3ab6a42-7076-4184-b653-12ab6acad1a8');



DROP TABLE IF EXISTS `craft_supertablecontent_20_bulletlist`;


--
-- Schema for table `craft_supertablecontent_20_bulletlist`
--
CREATE TABLE `craft_supertablecontent_20_bulletlist` (
  `id` int(11) NOT NULL AUTO_INCREMENT,
  `elementId` int(11) NOT NULL,
  `locale` char(12) COLLATE utf8_unicode_ci NOT NULL,
  `field_item` text COLLATE utf8_unicode_ci,
  `dateCreated` datetime NOT NULL,
  `dateUpdated` datetime NOT NULL,
  `uid` char(36) COLLATE utf8_unicode_ci NOT NULL DEFAULT '0',
  PRIMARY KEY (`id`),
  UNIQUE KEY `craft_supertablecontent_20_bulletlist_elementId_locale_unq_idx` (`elementId`,`locale`),
  KEY `craft_supertablecontent_20_bulletlist_locale_fk` (`locale`)
) ENGINE=InnoDB DEFAULT CHARSET=utf8 COLLATE=utf8_unicode_ci;

DROP TABLE IF EXISTS `craft_supertablecontent_20_logolist`;


--
-- Schema for table `craft_supertablecontent_20_logolist`
--
CREATE TABLE `craft_supertablecontent_20_logolist` (
  `id` int(11) NOT NULL AUTO_INCREMENT,
  `elementId` int(11) NOT NULL,
  `locale` char(12) COLLATE utf8_unicode_ci NOT NULL,
  `field_logoName` text COLLATE utf8_unicode_ci,
  `dateCreated` datetime NOT NULL,
  `dateUpdated` datetime NOT NULL,
  `uid` char(36) COLLATE utf8_unicode_ci NOT NULL DEFAULT '0',
  PRIMARY KEY (`id`),
  UNIQUE KEY `craft_supertablecontent_20_logolist_elementId_locale_unq_idx` (`elementId`,`locale`),
  KEY `craft_supertablecontent_20_logolist_locale_fk` (`locale`)
) ENGINE=InnoDB DEFAULT CHARSET=utf8 COLLATE=utf8_unicode_ci;

DROP TABLE IF EXISTS `craft_supertablecontent_23_benefit`;


--
-- Schema for table `craft_supertablecontent_23_benefit`
--
CREATE TABLE `craft_supertablecontent_23_benefit` (
  `id` int(11) NOT NULL AUTO_INCREMENT,
  `elementId` int(11) NOT NULL,
  `locale` char(12) COLLATE utf8_unicode_ci NOT NULL,
  `field_benefitName` text COLLATE utf8_unicode_ci,
  `field_body` text COLLATE utf8_unicode_ci,
  `dateCreated` datetime NOT NULL,
  `dateUpdated` datetime NOT NULL,
  `uid` char(36) COLLATE utf8_unicode_ci NOT NULL DEFAULT '0',
  PRIMARY KEY (`id`),
  UNIQUE KEY `craft_supertablecontent_23_benefit_elementId_locale_unq_idx` (`elementId`,`locale`),
  KEY `craft_supertablecontent_23_benefit_locale_fk` (`locale`)
) ENGINE=InnoDB DEFAULT CHARSET=utf8 COLLATE=utf8_unicode_ci;

DROP TABLE IF EXISTS `craft_supertablecontent_2_video`;


--
-- Schema for table `craft_supertablecontent_2_video`
--
CREATE TABLE `craft_supertablecontent_2_video` (
  `id` int(11) NOT NULL AUTO_INCREMENT,
  `elementId` int(11) NOT NULL,
  `locale` char(12) COLLATE utf8_unicode_ci NOT NULL,
  `field_caption` text COLLATE utf8_unicode_ci,
  `dateCreated` datetime NOT NULL,
  `dateUpdated` datetime NOT NULL,
  `uid` char(36) COLLATE utf8_unicode_ci NOT NULL DEFAULT '0',
  PRIMARY KEY (`id`),
  UNIQUE KEY `craft_supertablecontent_2_video_elementId_locale_unq_idx` (`elementId`,`locale`),
  KEY `craft_supertablecontent_2_video_locale_idx` (`locale`)
) ENGINE=InnoDB AUTO_INCREMENT=2 DEFAULT CHARSET=utf8 COLLATE=utf8_unicode_ci;

--
-- Data for table `craft_supertablecontent_2_video`
--

INSERT INTO `craft_supertablecontent_2_video` (`id`, `elementId`, `locale`, `field_caption`, `dateCreated`, `dateUpdated`, `uid`) VALUES
 ('1', '33', 'en_us', '', '2017-06-12 20:16:38', '2017-06-14 14:56:28', '670f1ee2-7122-4f1e-afeb-151aebf85961');



DROP TABLE IF EXISTS `craft_supertablecontent_3_projectcard`;


--
-- Schema for table `craft_supertablecontent_3_projectcard`
--
CREATE TABLE `craft_supertablecontent_3_projectcard` (
  `id` int(11) NOT NULL AUTO_INCREMENT,
  `elementId` int(11) NOT NULL,
  `locale` char(12) COLLATE utf8_unicode_ci NOT NULL,
  `dateCreated` datetime NOT NULL,
  `dateUpdated` datetime NOT NULL,
  `uid` char(36) COLLATE utf8_unicode_ci NOT NULL DEFAULT '0',
  PRIMARY KEY (`id`),
  UNIQUE KEY `craft_supertablecontent_3_projectcard_elementId_locale_unq_idx` (`elementId`,`locale`),
  KEY `craft_supertablecontent_3_projectcard_locale_fk` (`locale`)
) ENGINE=InnoDB DEFAULT CHARSET=utf8 COLLATE=utf8_unicode_ci;

DROP TABLE IF EXISTS `craft_supertablecontent_6_footer`;


--
-- Schema for table `craft_supertablecontent_6_footer`
--
CREATE TABLE `craft_supertablecontent_6_footer` (
  `id` int(11) NOT NULL AUTO_INCREMENT,
  `elementId` int(11) NOT NULL,
  `locale` char(12) COLLATE utf8_unicode_ci NOT NULL,
  `field_heading` text COLLATE utf8_unicode_ci,
  `field_callToAction` text COLLATE utf8_unicode_ci,
  `dateCreated` datetime NOT NULL,
  `dateUpdated` datetime NOT NULL,
  `uid` char(36) COLLATE utf8_unicode_ci NOT NULL DEFAULT '0',
  PRIMARY KEY (`id`),
  UNIQUE KEY `craft_supertablecontent_6_footer_elementId_locale_unq_idx` (`elementId`,`locale`),
  KEY `craft_supertablecontent_6_footer_locale_fk` (`locale`)
) ENGINE=InnoDB DEFAULT CHARSET=utf8 COLLATE=utf8_unicode_ci;

DROP TABLE IF EXISTS `craft_supertablecontent_6_internshipcard`;


--
-- Schema for table `craft_supertablecontent_6_internshipcard`
--
CREATE TABLE `craft_supertablecontent_6_internshipcard` (
  `id` int(11) NOT NULL AUTO_INCREMENT,
  `elementId` int(11) NOT NULL,
  `locale` char(12) COLLATE utf8_unicode_ci NOT NULL,
  `field_cardTitle` text COLLATE utf8_unicode_ci,
  `field_description` text COLLATE utf8_unicode_ci,
  `field_callToAction` text COLLATE utf8_unicode_ci,
  `dateCreated` datetime NOT NULL,
  `dateUpdated` datetime NOT NULL,
  `uid` char(36) COLLATE utf8_unicode_ci NOT NULL DEFAULT '0',
  PRIMARY KEY (`id`),
  UNIQUE KEY `craft_supertablecontent_6_internshipcard_elementId_locale_unq_id` (`elementId`,`locale`),
  KEY `craft_supertablecontent_6_internshipcard_locale_fk` (`locale`)
) ENGINE=InnoDB DEFAULT CHARSET=utf8 COLLATE=utf8_unicode_ci;

DROP TABLE IF EXISTS `craft_supertablecontent_communityinvolvement`;


--
-- Schema for table `craft_supertablecontent_communityinvolvement`
--
CREATE TABLE `craft_supertablecontent_communityinvolvement` (
  `id` int(11) NOT NULL AUTO_INCREMENT,
  `elementId` int(11) NOT NULL,
  `locale` char(12) COLLATE utf8_unicode_ci NOT NULL,
  `field_communityInvolvement` text COLLATE utf8_unicode_ci,
  `dateCreated` datetime NOT NULL,
  `dateUpdated` datetime NOT NULL,
  `uid` char(36) COLLATE utf8_unicode_ci NOT NULL DEFAULT '0',
  PRIMARY KEY (`id`),
  UNIQUE KEY `craft_supertableconten_communityinvolveme_elementI_locale_unq_id` (`elementId`,`locale`),
  KEY `craft_supertablecontent_communityinvolvement_locale_fk` (`locale`)
) ENGINE=InnoDB DEFAULT CHARSET=utf8 COLLATE=utf8_unicode_ci;

DROP TABLE IF EXISTS `craft_supertablecontent_sociallinks`;


--
-- Schema for table `craft_supertablecontent_sociallinks`
--
CREATE TABLE `craft_supertablecontent_sociallinks` (
  `id` int(11) NOT NULL AUTO_INCREMENT,
  `elementId` int(11) NOT NULL,
  `locale` char(12) COLLATE utf8_unicode_ci NOT NULL,
  `field_linkedin` text COLLATE utf8_unicode_ci,
  `field_facebook` text COLLATE utf8_unicode_ci,
  `field_twitter` text COLLATE utf8_unicode_ci,
  `dateCreated` datetime NOT NULL,
  `dateUpdated` datetime NOT NULL,
  `uid` char(36) COLLATE utf8_unicode_ci NOT NULL DEFAULT '0',
  PRIMARY KEY (`id`),
  UNIQUE KEY `craft_supertablecontent_sociallinks_elementId_locale_unq_idx` (`elementId`,`locale`),
  KEY `craft_supertablecontent_sociallinks_locale_fk` (`locale`)
) ENGINE=InnoDB AUTO_INCREMENT=2 DEFAULT CHARSET=utf8 COLLATE=utf8_unicode_ci;

--
-- Data for table `craft_supertablecontent_sociallinks`
--

INSERT INTO `craft_supertablecontent_sociallinks` (`id`, `elementId`, `locale`, `field_linkedin`, `field_facebook`, `field_twitter`, `dateCreated`, `dateUpdated`, `uid`) VALUES
 ('1', '38', 'en_us', '{\"type\":\"custom\",\"custom\":\"http:\\/\\/twitter.com\",\"target\":\"_blank\"}', '{\"type\":\"custom\",\"custom\":\"http:\\/\\/facebook.com\",\"target\":\"_blank\"}', '{\"type\":\"custom\",\"custom\":\"http:\\/\\/linkedin.com\",\"target\":\"_blank\"}', '2017-06-15 16:04:27', '2017-06-15 16:17:13', 'd1e3b8ef-9ad0-45b1-a6f6-6b9b047cf4e0');



DROP TABLE IF EXISTS `craft_systemsettings`;


--
-- Schema for table `craft_systemsettings`
--
CREATE TABLE `craft_systemsettings` (
  `id` int(11) NOT NULL AUTO_INCREMENT,
  `category` varchar(15) COLLATE utf8_unicode_ci NOT NULL,
  `settings` text COLLATE utf8_unicode_ci,
  `dateCreated` datetime NOT NULL,
  `dateUpdated` datetime NOT NULL,
  `uid` char(36) COLLATE utf8_unicode_ci NOT NULL DEFAULT '0',
  PRIMARY KEY (`id`),
  UNIQUE KEY `craft_systemsettings_category_unq_idx` (`category`)
) ENGINE=InnoDB AUTO_INCREMENT=2 DEFAULT CHARSET=utf8 COLLATE=utf8_unicode_ci;

--
-- Data for table `craft_systemsettings`
--

INSERT INTO `craft_systemsettings` (`id`, `category`, `settings`, `dateCreated`, `dateUpdated`, `uid`) VALUES
 ('1', 'email', '{\"protocol\":\"php\",\"emailAddress\":\"adam.soffer@digitalsurgeons.com\",\"senderName\":\"Milone & MacBroom\"}', '2017-06-09 17:32:24', '2017-06-09 17:32:24', 'b163c16f-8a91-4c7d-98a2-1c80dec34e8d');



DROP TABLE IF EXISTS `craft_taggroups`;


--
-- Schema for table `craft_taggroups`
--
CREATE TABLE `craft_taggroups` (
  `id` int(11) NOT NULL AUTO_INCREMENT,
  `name` varchar(255) COLLATE utf8_unicode_ci NOT NULL,
  `handle` varchar(255) COLLATE utf8_unicode_ci NOT NULL,
  `fieldLayoutId` int(10) DEFAULT NULL,
  `dateCreated` datetime NOT NULL,
  `dateUpdated` datetime NOT NULL,
  `uid` char(36) COLLATE utf8_unicode_ci NOT NULL DEFAULT '0',
  PRIMARY KEY (`id`),
  UNIQUE KEY `craft_taggroups_name_unq_idx` (`name`),
  UNIQUE KEY `craft_taggroups_handle_unq_idx` (`handle`),
  KEY `craft_taggroups_fieldLayoutId_fk` (`fieldLayoutId`)
) ENGINE=InnoDB AUTO_INCREMENT=2 DEFAULT CHARSET=utf8 COLLATE=utf8_unicode_ci;

--
-- Data for table `craft_taggroups`
--

INSERT INTO `craft_taggroups` (`id`, `name`, `handle`, `fieldLayoutId`, `dateCreated`, `dateUpdated`, `uid`) VALUES
 ('1', 'Default', 'default', '1', '2017-06-09 17:32:24', '2017-06-09 17:32:24', 'f100b6ec-0637-4f3c-9a0a-c0317064ab7c');



DROP TABLE IF EXISTS `craft_tags`;


--
-- Schema for table `craft_tags`
--
CREATE TABLE `craft_tags` (
  `id` int(11) NOT NULL,
  `groupId` int(11) NOT NULL,
  `dateCreated` datetime NOT NULL,
  `dateUpdated` datetime NOT NULL,
  `uid` char(36) COLLATE utf8_unicode_ci NOT NULL DEFAULT '0',
  PRIMARY KEY (`id`),
  KEY `craft_tags_groupId_fk` (`groupId`)
) ENGINE=InnoDB DEFAULT CHARSET=utf8 COLLATE=utf8_unicode_ci;

DROP TABLE IF EXISTS `craft_tasks`;


--
-- Schema for table `craft_tasks`
--
CREATE TABLE `craft_tasks` (
  `id` int(11) NOT NULL AUTO_INCREMENT,
  `root` int(11) unsigned DEFAULT NULL,
  `lft` int(11) unsigned NOT NULL,
  `rgt` int(11) unsigned NOT NULL,
  `level` smallint(6) unsigned NOT NULL,
  `currentStep` int(11) unsigned DEFAULT NULL,
  `totalSteps` int(11) unsigned DEFAULT NULL,
  `status` enum('pending','error','running') COLLATE utf8_unicode_ci DEFAULT NULL,
  `type` varchar(150) COLLATE utf8_unicode_ci NOT NULL,
  `description` varchar(255) COLLATE utf8_unicode_ci DEFAULT NULL,
  `settings` mediumtext COLLATE utf8_unicode_ci,
  `dateCreated` datetime NOT NULL,
  `dateUpdated` datetime NOT NULL,
  `uid` char(36) COLLATE utf8_unicode_ci NOT NULL DEFAULT '0',
  PRIMARY KEY (`id`),
  KEY `craft_tasks_root_idx` (`root`),
  KEY `craft_tasks_lft_idx` (`lft`),
  KEY `craft_tasks_rgt_idx` (`rgt`),
  KEY `craft_tasks_level_idx` (`level`)
) ENGINE=InnoDB AUTO_INCREMENT=133 DEFAULT CHARSET=utf8 COLLATE=utf8_unicode_ci;

DROP TABLE IF EXISTS `craft_templatecachecriteria`;


--
-- Schema for table `craft_templatecachecriteria`
--
CREATE TABLE `craft_templatecachecriteria` (
  `id` int(11) NOT NULL AUTO_INCREMENT,
  `cacheId` int(11) NOT NULL,
  `type` varchar(150) COLLATE utf8_unicode_ci NOT NULL,
  `criteria` text COLLATE utf8_unicode_ci NOT NULL,
  PRIMARY KEY (`id`),
  KEY `craft_templatecachecriteria_cacheId_fk` (`cacheId`),
  KEY `craft_templatecachecriteria_type_idx` (`type`)
) ENGINE=InnoDB DEFAULT CHARSET=utf8 COLLATE=utf8_unicode_ci;

DROP TABLE IF EXISTS `craft_templatecacheelements`;


--
-- Schema for table `craft_templatecacheelements`
--
CREATE TABLE `craft_templatecacheelements` (
  `cacheId` int(11) NOT NULL,
  `elementId` int(11) NOT NULL,
  KEY `craft_templatecacheelements_cacheId_fk` (`cacheId`),
  KEY `craft_templatecacheelements_elementId_fk` (`elementId`)
) ENGINE=InnoDB DEFAULT CHARSET=utf8 COLLATE=utf8_unicode_ci;

DROP TABLE IF EXISTS `craft_templatecaches`;


--
-- Schema for table `craft_templatecaches`
--
CREATE TABLE `craft_templatecaches` (
  `id` int(11) NOT NULL AUTO_INCREMENT,
  `cacheKey` varchar(255) COLLATE utf8_unicode_ci NOT NULL,
  `locale` char(12) COLLATE utf8_unicode_ci NOT NULL,
  `path` varchar(255) COLLATE utf8_unicode_ci DEFAULT NULL,
  `expiryDate` datetime NOT NULL,
  `body` mediumtext COLLATE utf8_unicode_ci NOT NULL,
  PRIMARY KEY (`id`),
  KEY `craft_templatecaches_expiryDate_cacheKey_locale_path_idx` (`expiryDate`,`cacheKey`,`locale`,`path`),
  KEY `craft_templatecaches_locale_fk` (`locale`)
) ENGINE=InnoDB DEFAULT CHARSET=utf8 COLLATE=utf8_unicode_ci;

DROP TABLE IF EXISTS `craft_tokens`;


--
-- Schema for table `craft_tokens`
--
CREATE TABLE `craft_tokens` (
  `id` int(11) NOT NULL AUTO_INCREMENT,
  `token` char(32) COLLATE utf8_unicode_ci NOT NULL,
  `route` text COLLATE utf8_unicode_ci,
  `usageLimit` tinyint(3) unsigned DEFAULT NULL,
  `usageCount` tinyint(3) unsigned DEFAULT NULL,
  `expiryDate` datetime NOT NULL,
  `dateCreated` datetime NOT NULL,
  `dateUpdated` datetime NOT NULL,
  `uid` char(36) COLLATE utf8_unicode_ci NOT NULL DEFAULT '0',
  PRIMARY KEY (`id`),
  UNIQUE KEY `craft_tokens_token_unq_idx` (`token`),
  KEY `craft_tokens_expiryDate_idx` (`expiryDate`)
) ENGINE=InnoDB DEFAULT CHARSET=utf8 COLLATE=utf8_unicode_ci;

DROP TABLE IF EXISTS `craft_usergroups`;


--
-- Schema for table `craft_usergroups`
--
CREATE TABLE `craft_usergroups` (
  `id` int(11) NOT NULL AUTO_INCREMENT,
  `name` varchar(255) COLLATE utf8_unicode_ci NOT NULL,
  `handle` varchar(255) COLLATE utf8_unicode_ci NOT NULL,
  `dateCreated` datetime NOT NULL,
  `dateUpdated` datetime NOT NULL,
  `uid` char(36) COLLATE utf8_unicode_ci NOT NULL DEFAULT '0',
  PRIMARY KEY (`id`),
  UNIQUE KEY `craft_usergroups_name_unq_idx` (`name`),
  UNIQUE KEY `craft_usergroups_handle_unq_idx` (`handle`)
) ENGINE=InnoDB DEFAULT CHARSET=utf8 COLLATE=utf8_unicode_ci;

DROP TABLE IF EXISTS `craft_usergroups_users`;


--
-- Schema for table `craft_usergroups_users`
--
CREATE TABLE `craft_usergroups_users` (
  `id` int(11) NOT NULL AUTO_INCREMENT,
  `groupId` int(11) NOT NULL,
  `userId` int(11) NOT NULL,
  `dateCreated` datetime NOT NULL,
  `dateUpdated` datetime NOT NULL,
  `uid` char(36) COLLATE utf8_unicode_ci NOT NULL DEFAULT '0',
  PRIMARY KEY (`id`),
  UNIQUE KEY `craft_usergroups_users_groupId_userId_unq_idx` (`groupId`,`userId`),
  KEY `craft_usergroups_users_userId_fk` (`userId`)
) ENGINE=InnoDB DEFAULT CHARSET=utf8 COLLATE=utf8_unicode_ci;

DROP TABLE IF EXISTS `craft_userpermissions`;


--
-- Schema for table `craft_userpermissions`
--
CREATE TABLE `craft_userpermissions` (
  `id` int(11) NOT NULL AUTO_INCREMENT,
  `name` varchar(255) COLLATE utf8_unicode_ci NOT NULL,
  `dateCreated` datetime NOT NULL,
  `dateUpdated` datetime NOT NULL,
  `uid` char(36) COLLATE utf8_unicode_ci NOT NULL DEFAULT '0',
  PRIMARY KEY (`id`),
  UNIQUE KEY `craft_userpermissions_name_unq_idx` (`name`)
) ENGINE=InnoDB DEFAULT CHARSET=utf8 COLLATE=utf8_unicode_ci;

DROP TABLE IF EXISTS `craft_userpermissions_usergroups`;


--
-- Schema for table `craft_userpermissions_usergroups`
--
CREATE TABLE `craft_userpermissions_usergroups` (
  `id` int(11) NOT NULL AUTO_INCREMENT,
  `permissionId` int(11) NOT NULL,
  `groupId` int(11) NOT NULL,
  `dateCreated` datetime NOT NULL,
  `dateUpdated` datetime NOT NULL,
  `uid` char(36) COLLATE utf8_unicode_ci NOT NULL DEFAULT '0',
  PRIMARY KEY (`id`),
  UNIQUE KEY `craft_userpermissions_usergroups_permissionId_groupId_unq_idx` (`permissionId`,`groupId`),
  KEY `craft_userpermissions_usergroups_groupId_fk` (`groupId`)
) ENGINE=InnoDB DEFAULT CHARSET=utf8 COLLATE=utf8_unicode_ci;

DROP TABLE IF EXISTS `craft_userpermissions_users`;


--
-- Schema for table `craft_userpermissions_users`
--
CREATE TABLE `craft_userpermissions_users` (
  `id` int(11) NOT NULL AUTO_INCREMENT,
  `permissionId` int(11) NOT NULL,
  `userId` int(11) NOT NULL,
  `dateCreated` datetime NOT NULL,
  `dateUpdated` datetime NOT NULL,
  `uid` char(36) COLLATE utf8_unicode_ci NOT NULL DEFAULT '0',
  PRIMARY KEY (`id`),
  UNIQUE KEY `craft_userpermissions_users_permissionId_userId_unq_idx` (`permissionId`,`userId`),
  KEY `craft_userpermissions_users_userId_fk` (`userId`)
) ENGINE=InnoDB DEFAULT CHARSET=utf8 COLLATE=utf8_unicode_ci;

DROP TABLE IF EXISTS `craft_users`;


--
-- Schema for table `craft_users`
--
CREATE TABLE `craft_users` (
  `id` int(11) NOT NULL,
  `username` varchar(100) COLLATE utf8_unicode_ci NOT NULL,
  `photo` varchar(100) COLLATE utf8_unicode_ci DEFAULT NULL,
  `firstName` varchar(100) COLLATE utf8_unicode_ci DEFAULT NULL,
  `lastName` varchar(100) COLLATE utf8_unicode_ci DEFAULT NULL,
  `email` varchar(255) COLLATE utf8_unicode_ci NOT NULL,
  `password` char(255) COLLATE utf8_unicode_ci DEFAULT NULL,
  `preferredLocale` char(12) COLLATE utf8_unicode_ci DEFAULT NULL,
  `weekStartDay` tinyint(1) unsigned NOT NULL DEFAULT '0',
  `admin` tinyint(1) unsigned NOT NULL DEFAULT '0',
  `client` tinyint(1) unsigned NOT NULL DEFAULT '0',
  `locked` tinyint(1) unsigned NOT NULL DEFAULT '0',
  `suspended` tinyint(1) unsigned NOT NULL DEFAULT '0',
  `pending` tinyint(1) unsigned NOT NULL DEFAULT '0',
  `archived` tinyint(1) unsigned NOT NULL DEFAULT '0',
  `lastLoginDate` datetime DEFAULT NULL,
  `lastLoginAttemptIPAddress` varchar(45) COLLATE utf8_unicode_ci DEFAULT NULL,
  `invalidLoginWindowStart` datetime DEFAULT NULL,
  `invalidLoginCount` tinyint(4) unsigned DEFAULT NULL,
  `lastInvalidLoginDate` datetime DEFAULT NULL,
  `lockoutDate` datetime DEFAULT NULL,
  `verificationCode` char(100) COLLATE utf8_unicode_ci DEFAULT NULL,
  `verificationCodeIssuedDate` datetime DEFAULT NULL,
  `unverifiedEmail` varchar(255) COLLATE utf8_unicode_ci DEFAULT NULL,
  `passwordResetRequired` tinyint(1) unsigned NOT NULL DEFAULT '0',
  `lastPasswordChangeDate` datetime DEFAULT NULL,
  `dateCreated` datetime NOT NULL,
  `dateUpdated` datetime NOT NULL,
  `uid` char(36) COLLATE utf8_unicode_ci NOT NULL DEFAULT '0',
  PRIMARY KEY (`id`),
  UNIQUE KEY `craft_users_username_unq_idx` (`username`),
  UNIQUE KEY `craft_users_email_unq_idx` (`email`),
  KEY `craft_users_verificationCode_idx` (`verificationCode`),
  KEY `craft_users_uid_idx` (`uid`),
  KEY `craft_users_preferredLocale_fk` (`preferredLocale`)
) ENGINE=InnoDB DEFAULT CHARSET=utf8 COLLATE=utf8_unicode_ci;

--
-- Data for table `craft_users`
--

INSERT INTO `craft_users` (`id`, `username`, `photo`, `firstName`, `lastName`, `email`, `password`, `preferredLocale`, `weekStartDay`, `admin`, `client`, `locked`, `suspended`, `pending`, `archived`, `lastLoginDate`, `lastLoginAttemptIPAddress`, `invalidLoginWindowStart`, `invalidLoginCount`, `lastInvalidLoginDate`, `lockoutDate`, `verificationCode`, `verificationCodeIssuedDate`, `unverifiedEmail`, `passwordResetRequired`, `lastPasswordChangeDate`, `dateCreated`, `dateUpdated`, `uid`) VALUES
 ('1', 'admin', NULL, NULL, NULL, 'adam.soffer@digitalsurgeons.com', '$2y$13$cLnOhTWmkIlkJ4UuBwQtj.UZ4pMaQqVtrJBfAzCTEnfSUcI4sVbwe', NULL, '0', '1', '0', '0', '0', '0', '0', '2017-06-12 18:42:48', '::1', NULL, NULL, NULL, NULL, NULL, NULL, NULL, '0', '2017-06-09 17:32:21', '2017-06-09 17:32:22', '2017-06-12 18:42:48', '22c3d7d7-2a31-4b83-8d1f-ac1df8efa8a9');



DROP TABLE IF EXISTS `craft_widgets`;


--
-- Schema for table `craft_widgets`
--
CREATE TABLE `craft_widgets` (
  `id` int(11) NOT NULL AUTO_INCREMENT,
  `userId` int(11) NOT NULL,
  `type` varchar(150) COLLATE utf8_unicode_ci NOT NULL,
  `sortOrder` smallint(6) unsigned DEFAULT NULL,
  `colspan` tinyint(4) unsigned DEFAULT NULL,
  `settings` text COLLATE utf8_unicode_ci,
  `enabled` tinyint(1) unsigned NOT NULL DEFAULT '1',
  `dateCreated` datetime NOT NULL,
  `dateUpdated` datetime NOT NULL,
  `uid` char(36) COLLATE utf8_unicode_ci NOT NULL DEFAULT '0',
  PRIMARY KEY (`id`),
  KEY `craft_widgets_userId_fk` (`userId`)
) ENGINE=InnoDB AUTO_INCREMENT=5 DEFAULT CHARSET=utf8 COLLATE=utf8_unicode_ci;

--
-- Data for table `craft_widgets`
--

INSERT INTO `craft_widgets` (`id`, `userId`, `type`, `sortOrder`, `colspan`, `settings`, `enabled`, `dateCreated`, `dateUpdated`, `uid`) VALUES
 ('1', '1', 'RecentEntries', '1', NULL, NULL, '1', '2017-06-09 17:32:32', '2017-06-09 17:32:32', '8b0a3f84-5450-4821-b47e-2d3c61c03da7'),
 ('2', '1', 'GetHelp', '2', NULL, NULL, '1', '2017-06-09 17:32:32', '2017-06-09 17:32:32', 'cfca1b08-f5f8-4ce6-9803-a28bbfec90ad'),
 ('3', '1', 'Updates', '3', NULL, NULL, '1', '2017-06-09 17:32:32', '2017-06-09 17:32:32', '7756979f-72a1-43bf-a5ab-76dc89752333'),
 ('4', '1', 'Feed', '4', NULL, '{\"url\":\"https:\\/\\/craftcms.com\\/news.rss\",\"title\":\"Craft News\"}', '1', '2017-06-09 17:32:32', '2017-06-09 17:32:32', '65980cf8-b911-454f-beb4-187229ffadb3');


--
-- Constraints for tables
--


--
-- Constraints for table `craft_assetfiles`
--
ALTER TABLE `craft_assetfiles`
	ADD CONSTRAINT `craft_assetfiles_folderId_fk` FOREIGN KEY (`folderId`) REFERENCES `craft_assetfolders` (`id`) ON DELETE CASCADE,
	ADD CONSTRAINT `craft_assetfiles_id_fk` FOREIGN KEY (`id`) REFERENCES `craft_elements` (`id`) ON DELETE CASCADE,
	ADD CONSTRAINT `craft_assetfiles_sourceId_fk` FOREIGN KEY (`sourceId`) REFERENCES `craft_assetsources` (`id`) ON DELETE CASCADE;

--
-- Constraints for table `craft_assetfolders`
--
ALTER TABLE `craft_assetfolders`
	ADD CONSTRAINT `craft_assetfolders_parentId_fk` FOREIGN KEY (`parentId`) REFERENCES `craft_assetfolders` (`id`) ON DELETE CASCADE,
	ADD CONSTRAINT `craft_assetfolders_sourceId_fk` FOREIGN KEY (`sourceId`) REFERENCES `craft_assetsources` (`id`) ON DELETE CASCADE;

--
-- Constraints for table `craft_assetindexdata`
--
ALTER TABLE `craft_assetindexdata`
	ADD CONSTRAINT `craft_assetindexdata_sourceId_fk` FOREIGN KEY (`sourceId`) REFERENCES `craft_assetsources` (`id`) ON DELETE CASCADE;

--
-- Constraints for table `craft_assetsources`
--
ALTER TABLE `craft_assetsources`
	ADD CONSTRAINT `craft_assetsources_fieldLayoutId_fk` FOREIGN KEY (`fieldLayoutId`) REFERENCES `craft_fieldlayouts` (`id`) ON DELETE SET NULL;

--
-- Constraints for table `craft_categories`
--
ALTER TABLE `craft_categories`
	ADD CONSTRAINT `craft_categories_groupId_fk` FOREIGN KEY (`groupId`) REFERENCES `craft_categorygroups` (`id`) ON DELETE CASCADE,
	ADD CONSTRAINT `craft_categories_id_fk` FOREIGN KEY (`id`) REFERENCES `craft_elements` (`id`) ON DELETE CASCADE;

--
-- Constraints for table `craft_categorygroups`
--
ALTER TABLE `craft_categorygroups`
	ADD CONSTRAINT `craft_categorygroups_fieldLayoutId_fk` FOREIGN KEY (`fieldLayoutId`) REFERENCES `craft_fieldlayouts` (`id`) ON DELETE SET NULL,
	ADD CONSTRAINT `craft_categorygroups_structureId_fk` FOREIGN KEY (`structureId`) REFERENCES `craft_structures` (`id`) ON DELETE CASCADE;

--
-- Constraints for table `craft_categorygroups_i18n`
--
ALTER TABLE `craft_categorygroups_i18n`
	ADD CONSTRAINT `craft_categorygroups_i18n_groupId_fk` FOREIGN KEY (`groupId`) REFERENCES `craft_categorygroups` (`id`) ON DELETE CASCADE,
	ADD CONSTRAINT `craft_categorygroups_i18n_locale_fk` FOREIGN KEY (`locale`) REFERENCES `craft_locales` (`locale`) ON DELETE CASCADE ON UPDATE CASCADE;

--
-- Constraints for table `craft_content`
--
ALTER TABLE `craft_content`
	ADD CONSTRAINT `craft_content_elementId_fk` FOREIGN KEY (`elementId`) REFERENCES `craft_elements` (`id`) ON DELETE CASCADE,
	ADD CONSTRAINT `craft_content_locale_fk` FOREIGN KEY (`locale`) REFERENCES `craft_locales` (`locale`) ON DELETE CASCADE ON UPDATE CASCADE;

--
-- Constraints for table `craft_elements_i18n`
--
ALTER TABLE `craft_elements_i18n`
	ADD CONSTRAINT `craft_elements_i18n_elementId_fk` FOREIGN KEY (`elementId`) REFERENCES `craft_elements` (`id`) ON DELETE CASCADE,
	ADD CONSTRAINT `craft_elements_i18n_locale_fk` FOREIGN KEY (`locale`) REFERENCES `craft_locales` (`locale`) ON DELETE CASCADE ON UPDATE CASCADE;

--
-- Constraints for table `craft_emailmessages`
--
ALTER TABLE `craft_emailmessages`
	ADD CONSTRAINT `craft_emailmessages_locale_fk` FOREIGN KEY (`locale`) REFERENCES `craft_locales` (`locale`) ON DELETE CASCADE ON UPDATE CASCADE;

--
-- Constraints for table `craft_entries`
--
ALTER TABLE `craft_entries`
	ADD CONSTRAINT `craft_entries_authorId_fk` FOREIGN KEY (`authorId`) REFERENCES `craft_users` (`id`) ON DELETE CASCADE,
	ADD CONSTRAINT `craft_entries_id_fk` FOREIGN KEY (`id`) REFERENCES `craft_elements` (`id`) ON DELETE CASCADE,
	ADD CONSTRAINT `craft_entries_sectionId_fk` FOREIGN KEY (`sectionId`) REFERENCES `craft_sections` (`id`) ON DELETE CASCADE,
	ADD CONSTRAINT `craft_entries_typeId_fk` FOREIGN KEY (`typeId`) REFERENCES `craft_entrytypes` (`id`) ON DELETE CASCADE;

--
-- Constraints for table `craft_entrydrafts`
--
ALTER TABLE `craft_entrydrafts`
	ADD CONSTRAINT `craft_entrydrafts_creatorId_fk` FOREIGN KEY (`creatorId`) REFERENCES `craft_users` (`id`) ON DELETE CASCADE,
	ADD CONSTRAINT `craft_entrydrafts_entryId_fk` FOREIGN KEY (`entryId`) REFERENCES `craft_entries` (`id`) ON DELETE CASCADE,
	ADD CONSTRAINT `craft_entrydrafts_locale_fk` FOREIGN KEY (`locale`) REFERENCES `craft_locales` (`locale`) ON DELETE CASCADE ON UPDATE CASCADE,
	ADD CONSTRAINT `craft_entrydrafts_sectionId_fk` FOREIGN KEY (`sectionId`) REFERENCES `craft_sections` (`id`) ON DELETE CASCADE;

--
-- Constraints for table `craft_entrytypes`
--
ALTER TABLE `craft_entrytypes`
	ADD CONSTRAINT `craft_entrytypes_fieldLayoutId_fk` FOREIGN KEY (`fieldLayoutId`) REFERENCES `craft_fieldlayouts` (`id`) ON DELETE SET NULL,
	ADD CONSTRAINT `craft_entrytypes_sectionId_fk` FOREIGN KEY (`sectionId`) REFERENCES `craft_sections` (`id`) ON DELETE CASCADE;

--
-- Constraints for table `craft_entryversions`
--
ALTER TABLE `craft_entryversions`
	ADD CONSTRAINT `craft_entryversions_creatorId_fk` FOREIGN KEY (`creatorId`) REFERENCES `craft_users` (`id`) ON DELETE SET NULL,
	ADD CONSTRAINT `craft_entryversions_entryId_fk` FOREIGN KEY (`entryId`) REFERENCES `craft_entries` (`id`) ON DELETE CASCADE,
	ADD CONSTRAINT `craft_entryversions_locale_fk` FOREIGN KEY (`locale`) REFERENCES `craft_locales` (`locale`) ON DELETE CASCADE ON UPDATE CASCADE,
	ADD CONSTRAINT `craft_entryversions_sectionId_fk` FOREIGN KEY (`sectionId`) REFERENCES `craft_sections` (`id`) ON DELETE CASCADE;

--
-- Constraints for table `craft_fieldlayoutfields`
--
ALTER TABLE `craft_fieldlayoutfields`
	ADD CONSTRAINT `craft_fieldlayoutfields_fieldId_fk` FOREIGN KEY (`fieldId`) REFERENCES `craft_fields` (`id`) ON DELETE CASCADE,
	ADD CONSTRAINT `craft_fieldlayoutfields_layoutId_fk` FOREIGN KEY (`layoutId`) REFERENCES `craft_fieldlayouts` (`id`) ON DELETE CASCADE,
	ADD CONSTRAINT `craft_fieldlayoutfields_tabId_fk` FOREIGN KEY (`tabId`) REFERENCES `craft_fieldlayouttabs` (`id`) ON DELETE CASCADE;

--
-- Constraints for table `craft_fieldlayouttabs`
--
ALTER TABLE `craft_fieldlayouttabs`
	ADD CONSTRAINT `craft_fieldlayouttabs_layoutId_fk` FOREIGN KEY (`layoutId`) REFERENCES `craft_fieldlayouts` (`id`) ON DELETE CASCADE;

--
-- Constraints for table `craft_fields`
--
ALTER TABLE `craft_fields`
	ADD CONSTRAINT `craft_fields_groupId_fk` FOREIGN KEY (`groupId`) REFERENCES `craft_fieldgroups` (`id`) ON DELETE CASCADE;

--
-- Constraints for table `craft_freeform_crm_fields`
--
ALTER TABLE `craft_freeform_crm_fields`
	ADD CONSTRAINT `craft_freeform_crm_fields_integrationId_fk` FOREIGN KEY (`integrationId`) REFERENCES `craft_freeform_integrations` (`id`) ON DELETE CASCADE;

--
-- Constraints for table `craft_freeform_fields`
--
ALTER TABLE `craft_freeform_fields`
	ADD CONSTRAINT `craft_freeform_fields_assetSourceId_fk` FOREIGN KEY (`assetSourceId`) REFERENCES `craft_assetsources` (`id`) ON DELETE SET NULL,
	ADD CONSTRAINT `craft_freeform_fields_notificationId_fk` FOREIGN KEY (`notificationId`) REFERENCES `craft_freeform_notifications` (`id`) ON DELETE SET NULL;

--
-- Constraints for table `craft_freeform_mailing_list_fields`
--
ALTER TABLE `craft_freeform_mailing_list_fields`
	ADD CONSTRAINT `craft_freeform_mailing_list_fields_mailingListId_fk` FOREIGN KEY (`mailingListId`) REFERENCES `craft_freeform_mailing_lists` (`id`) ON DELETE CASCADE;

--
-- Constraints for table `craft_freeform_mailing_lists`
--
ALTER TABLE `craft_freeform_mailing_lists`
	ADD CONSTRAINT `craft_freeform_mailing_lists_integrationId_fk` FOREIGN KEY (`integrationId`) REFERENCES `craft_freeform_integrations` (`id`) ON DELETE CASCADE;

--
-- Constraints for table `craft_freeform_submissions`
--
ALTER TABLE `craft_freeform_submissions`
	ADD CONSTRAINT `craft_freeform_submissions_formId_fk` FOREIGN KEY (`formId`) REFERENCES `craft_freeform_forms` (`id`) ON DELETE CASCADE,
	ADD CONSTRAINT `craft_freeform_submissions_id_fk` FOREIGN KEY (`id`) REFERENCES `craft_elements` (`id`) ON DELETE CASCADE,
	ADD CONSTRAINT `craft_freeform_submissions_statusId_fk` FOREIGN KEY (`statusId`) REFERENCES `craft_freeform_statuses` (`id`) ON DELETE SET NULL;

--
-- Constraints for table `craft_freeform_unfinalized_files`
--
ALTER TABLE `craft_freeform_unfinalized_files`
	ADD CONSTRAINT `craft_freeform_unfinalized_files_assetId_fk` FOREIGN KEY (`assetId`) REFERENCES `craft_assetfiles` (`id`) ON DELETE CASCADE;

--
-- Constraints for table `craft_globalsets`
--
ALTER TABLE `craft_globalsets`
	ADD CONSTRAINT `craft_globalsets_fieldLayoutId_fk` FOREIGN KEY (`fieldLayoutId`) REFERENCES `craft_fieldlayouts` (`id`) ON DELETE SET NULL,
	ADD CONSTRAINT `craft_globalsets_id_fk` FOREIGN KEY (`id`) REFERENCES `craft_elements` (`id`) ON DELETE CASCADE;

--
-- Constraints for table `craft_matrixblocks`
--
ALTER TABLE `craft_matrixblocks`
	ADD CONSTRAINT `craft_matrixblocks_fieldId_fk` FOREIGN KEY (`fieldId`) REFERENCES `craft_fields` (`id`) ON DELETE CASCADE,
	ADD CONSTRAINT `craft_matrixblocks_id_fk` FOREIGN KEY (`id`) REFERENCES `craft_elements` (`id`) ON DELETE CASCADE,
	ADD CONSTRAINT `craft_matrixblocks_ownerId_fk` FOREIGN KEY (`ownerId`) REFERENCES `craft_elements` (`id`) ON DELETE CASCADE,
	ADD CONSTRAINT `craft_matrixblocks_ownerLocale_fk` FOREIGN KEY (`ownerLocale`) REFERENCES `craft_locales` (`locale`) ON DELETE CASCADE ON UPDATE CASCADE,
	ADD CONSTRAINT `craft_matrixblocks_typeId_fk` FOREIGN KEY (`typeId`) REFERENCES `craft_matrixblocktypes` (`id`) ON DELETE CASCADE;

--
-- Constraints for table `craft_matrixblocktypes`
--
ALTER TABLE `craft_matrixblocktypes`
	ADD CONSTRAINT `craft_matrixblocktypes_fieldId_fk` FOREIGN KEY (`fieldId`) REFERENCES `craft_fields` (`id`) ON DELETE CASCADE,
	ADD CONSTRAINT `craft_matrixblocktypes_fieldLayoutId_fk` FOREIGN KEY (`fieldLayoutId`) REFERENCES `craft_fieldlayouts` (`id`) ON DELETE SET NULL;

--
-- Constraints for table `craft_matrixcontent_components`
--
ALTER TABLE `craft_matrixcontent_components`
	ADD CONSTRAINT `craft_matrixcontent_components_elementId_fk` FOREIGN KEY (`elementId`) REFERENCES `craft_elements` (`id`) ON DELETE CASCADE,
	ADD CONSTRAINT `craft_matrixcontent_components_locale_fk` FOREIGN KEY (`locale`) REFERENCES `craft_locales` (`locale`) ON DELETE CASCADE ON UPDATE CASCADE;

--
-- Constraints for table `craft_matrixcontent_roles`
--
ALTER TABLE `craft_matrixcontent_roles`
	ADD CONSTRAINT `craft_matrixcontent_roles_elementId_fk` FOREIGN KEY (`elementId`) REFERENCES `craft_elements` (`id`) ON DELETE CASCADE,
	ADD CONSTRAINT `craft_matrixcontent_roles_locale_fk` FOREIGN KEY (`locale`) REFERENCES `craft_locales` (`locale`) ON DELETE CASCADE ON UPDATE CASCADE;

--
-- Constraints for table `craft_matrixcontent_sociallinks`
--
ALTER TABLE `craft_matrixcontent_sociallinks`
	ADD CONSTRAINT `craft_matrixcontent_sociallinks_elementId_fk` FOREIGN KEY (`elementId`) REFERENCES `craft_elements` (`id`) ON DELETE CASCADE,
	ADD CONSTRAINT `craft_matrixcontent_sociallinks_locale_fk` FOREIGN KEY (`locale`) REFERENCES `craft_locales` (`locale`) ON DELETE CASCADE ON UPDATE CASCADE;

--
-- Constraints for table `craft_matrixcontent_value`
--
ALTER TABLE `craft_matrixcontent_value`
	ADD CONSTRAINT `craft_matrixcontent_value_elementId_fk` FOREIGN KEY (`elementId`) REFERENCES `craft_elements` (`id`) ON DELETE CASCADE,
	ADD CONSTRAINT `craft_matrixcontent_value_locale_fk` FOREIGN KEY (`locale`) REFERENCES `craft_locales` (`locale`) ON DELETE CASCADE ON UPDATE CASCADE;

--
-- Constraints for table `craft_migrations`
--
ALTER TABLE `craft_migrations`
	ADD CONSTRAINT `craft_migrations_pluginId_fk` FOREIGN KEY (`pluginId`) REFERENCES `craft_plugins` (`id`) ON DELETE CASCADE;

--
-- Constraints for table `craft_navee_navigations`
--
ALTER TABLE `craft_navee_navigations`
	ADD CONSTRAINT `craft_navee_navigations_creatorId_fk` FOREIGN KEY (`creatorId`) REFERENCES `craft_users` (`id`) ON DELETE SET NULL,
	ADD CONSTRAINT `craft_navee_navigations_fieldLayoutId_fk` FOREIGN KEY (`fieldLayoutId`) REFERENCES `craft_fieldlayouts` (`id`) ON DELETE SET NULL;

--
-- Constraints for table `craft_navee_nodes`
--
ALTER TABLE `craft_navee_nodes`
	ADD CONSTRAINT `craft_navee_nodes_id_fk` FOREIGN KEY (`id`) REFERENCES `craft_elements` (`id`) ON DELETE CASCADE,
	ADD CONSTRAINT `craft_navee_nodes_navigationId_fk` FOREIGN KEY (`navigationId`) REFERENCES `craft_navee_navigations` (`id`) ON DELETE CASCADE;

--
-- Constraints for table `craft_relations`
--
ALTER TABLE `craft_relations`
	ADD CONSTRAINT `craft_relations_fieldId_fk` FOREIGN KEY (`fieldId`) REFERENCES `craft_fields` (`id`) ON DELETE CASCADE,
	ADD CONSTRAINT `craft_relations_sourceId_fk` FOREIGN KEY (`sourceId`) REFERENCES `craft_elements` (`id`) ON DELETE CASCADE,
	ADD CONSTRAINT `craft_relations_sourceLocale_fk` FOREIGN KEY (`sourceLocale`) REFERENCES `craft_locales` (`locale`) ON DELETE CASCADE ON UPDATE CASCADE,
	ADD CONSTRAINT `craft_relations_targetId_fk` FOREIGN KEY (`targetId`) REFERENCES `craft_elements` (`id`) ON DELETE CASCADE;

--
-- Constraints for table `craft_routes`
--
ALTER TABLE `craft_routes`
	ADD CONSTRAINT `craft_routes_locale_fk` FOREIGN KEY (`locale`) REFERENCES `craft_locales` (`locale`) ON DELETE CASCADE ON UPDATE CASCADE;

--
-- Constraints for table `craft_sections`
--
ALTER TABLE `craft_sections`
	ADD CONSTRAINT `craft_sections_structureId_fk` FOREIGN KEY (`structureId`) REFERENCES `craft_structures` (`id`) ON DELETE SET NULL;

--
-- Constraints for table `craft_sections_i18n`
--
ALTER TABLE `craft_sections_i18n`
	ADD CONSTRAINT `craft_sections_i18n_locale_fk` FOREIGN KEY (`locale`) REFERENCES `craft_locales` (`locale`) ON DELETE CASCADE ON UPDATE CASCADE,
	ADD CONSTRAINT `craft_sections_i18n_sectionId_fk` FOREIGN KEY (`sectionId`) REFERENCES `craft_sections` (`id`) ON DELETE CASCADE;

--
-- Constraints for table `craft_seomatic_meta`
--
ALTER TABLE `craft_seomatic_meta`
	ADD CONSTRAINT `craft_seomatic_meta_id_fk` FOREIGN KEY (`id`) REFERENCES `craft_elements` (`id`) ON DELETE CASCADE,
	ADD CONSTRAINT `craft_seomatic_meta_seoFacebookImageId_fk` FOREIGN KEY (`seoFacebookImageId`) REFERENCES `craft_assetfiles` (`id`) ON DELETE SET NULL,
	ADD CONSTRAINT `craft_seomatic_meta_seoImageId_fk` FOREIGN KEY (`seoImageId`) REFERENCES `craft_assetfiles` (`id`) ON DELETE SET NULL,
	ADD CONSTRAINT `craft_seomatic_meta_seoTwitterImageId_fk` FOREIGN KEY (`seoTwitterImageId`) REFERENCES `craft_assetfiles` (`id`) ON DELETE SET NULL;

--
-- Constraints for table `craft_seomatic_settings`
--
ALTER TABLE `craft_seomatic_settings`
	ADD CONSTRAINT `craft_seomatic_settings_genericCreatorImageId_fk` FOREIGN KEY (`genericCreatorImageId`) REFERENCES `craft_assetfiles` (`id`) ON DELETE SET NULL,
	ADD CONSTRAINT `craft_seomatic_settings_genericOwnerImageId_fk` FOREIGN KEY (`genericOwnerImageId`) REFERENCES `craft_assetfiles` (`id`) ON DELETE SET NULL,
	ADD CONSTRAINT `craft_seomatic_settings_siteSeoFacebookImageId_fk` FOREIGN KEY (`siteSeoFacebookImageId`) REFERENCES `craft_assetfiles` (`id`) ON DELETE SET NULL,
	ADD CONSTRAINT `craft_seomatic_settings_siteSeoImageId_fk` FOREIGN KEY (`siteSeoImageId`) REFERENCES `craft_assetfiles` (`id`) ON DELETE SET NULL,
	ADD CONSTRAINT `craft_seomatic_settings_siteSeoTwitterImageId_fk` FOREIGN KEY (`siteSeoTwitterImageId`) REFERENCES `craft_assetfiles` (`id`) ON DELETE SET NULL;

--
-- Constraints for table `craft_sessions`
--
ALTER TABLE `craft_sessions`
	ADD CONSTRAINT `craft_sessions_userId_fk` FOREIGN KEY (`userId`) REFERENCES `craft_users` (`id`) ON DELETE CASCADE;

--
-- Constraints for table `craft_shunnedmessages`
--
ALTER TABLE `craft_shunnedmessages`
	ADD CONSTRAINT `craft_shunnedmessages_userId_fk` FOREIGN KEY (`userId`) REFERENCES `craft_users` (`id`) ON DELETE CASCADE;

--
-- Constraints for table `craft_structureelements`
--
ALTER TABLE `craft_structureelements`
	ADD CONSTRAINT `craft_structureelements_elementId_fk` FOREIGN KEY (`elementId`) REFERENCES `craft_elements` (`id`) ON DELETE CASCADE,
	ADD CONSTRAINT `craft_structureelements_structureId_fk` FOREIGN KEY (`structureId`) REFERENCES `craft_structures` (`id`) ON DELETE CASCADE;

--
-- Constraints for table `craft_supertableblocks`
--
ALTER TABLE `craft_supertableblocks`
	ADD CONSTRAINT `craft_supertableblocks_fieldId_fk` FOREIGN KEY (`fieldId`) REFERENCES `craft_fields` (`id`) ON DELETE CASCADE,
	ADD CONSTRAINT `craft_supertableblocks_id_fk` FOREIGN KEY (`id`) REFERENCES `craft_elements` (`id`) ON DELETE CASCADE,
	ADD CONSTRAINT `craft_supertableblocks_ownerId_fk` FOREIGN KEY (`ownerId`) REFERENCES `craft_elements` (`id`) ON DELETE CASCADE,
	ADD CONSTRAINT `craft_supertableblocks_ownerLocale_fk` FOREIGN KEY (`ownerLocale`) REFERENCES `craft_locales` (`locale`) ON DELETE CASCADE ON UPDATE CASCADE,
	ADD CONSTRAINT `craft_supertableblocks_typeId_fk` FOREIGN KEY (`typeId`) REFERENCES `craft_supertableblocktypes` (`id`) ON DELETE CASCADE;

--
-- Constraints for table `craft_supertableblocktypes`
--
ALTER TABLE `craft_supertableblocktypes`
	ADD CONSTRAINT `craft_supertableblocktypes_fieldId_fk` FOREIGN KEY (`fieldId`) REFERENCES `craft_fields` (`id`) ON DELETE CASCADE,
	ADD CONSTRAINT `craft_supertableblocktypes_fieldLayoutId_fk` FOREIGN KEY (`fieldLayoutId`) REFERENCES `craft_fieldlayouts` (`id`) ON DELETE SET NULL;

--
-- Constraints for table `craft_supertablecontent_12_list`
--
ALTER TABLE `craft_supertablecontent_12_list`
	ADD CONSTRAINT `craft_supertablecontent_12_list_elementId_fk` FOREIGN KEY (`elementId`) REFERENCES `craft_elements` (`id`) ON DELETE CASCADE,
	ADD CONSTRAINT `craft_supertablecontent_12_list_locale_fk` FOREIGN KEY (`locale`) REFERENCES `craft_locales` (`locale`) ON DELETE CASCADE ON UPDATE CASCADE;

--
-- Constraints for table `craft_supertablecontent_14_list`
--
ALTER TABLE `craft_supertablecontent_14_list`
	ADD CONSTRAINT `craft_supertablecontent_14_list_elementId_fk` FOREIGN KEY (`elementId`) REFERENCES `craft_elements` (`id`) ON DELETE CASCADE,
	ADD CONSTRAINT `craft_supertablecontent_14_list_locale_fk` FOREIGN KEY (`locale`) REFERENCES `craft_locales` (`locale`) ON DELETE CASCADE ON UPDATE CASCADE;

--
-- Constraints for table `craft_supertablecontent_15_list`
--
ALTER TABLE `craft_supertablecontent_15_list`
	ADD CONSTRAINT `craft_supertablecontent_15_list_elementId_fk` FOREIGN KEY (`elementId`) REFERENCES `craft_elements` (`id`) ON DELETE CASCADE,
	ADD CONSTRAINT `craft_supertablecontent_15_list_locale_fk` FOREIGN KEY (`locale`) REFERENCES `craft_locales` (`locale`) ON DELETE CASCADE ON UPDATE CASCADE;

--
-- Constraints for table `craft_supertablecontent_17_resources`
--
ALTER TABLE `craft_supertablecontent_17_resources`
	ADD CONSTRAINT `craft_supertablecontent_17_resources_elementId_fk` FOREIGN KEY (`elementId`) REFERENCES `craft_elements` (`id`) ON DELETE CASCADE,
	ADD CONSTRAINT `craft_supertablecontent_17_resources_locale_fk` FOREIGN KEY (`locale`) REFERENCES `craft_locales` (`locale`) ON DELETE CASCADE ON UPDATE CASCADE;

--
-- Constraints for table `craft_supertablecontent_18_highlights`
--
ALTER TABLE `craft_supertablecontent_18_highlights`
	ADD CONSTRAINT `craft_supertablecontent_18_highlights_elementId_fk` FOREIGN KEY (`elementId`) REFERENCES `craft_elements` (`id`) ON DELETE CASCADE,
	ADD CONSTRAINT `craft_supertablecontent_18_highlights_locale_fk` FOREIGN KEY (`locale`) REFERENCES `craft_locales` (`locale`) ON DELETE CASCADE ON UPDATE CASCADE;

--
-- Constraints for table `craft_supertablecontent_19_clients`
--
ALTER TABLE `craft_supertablecontent_19_clients`
	ADD CONSTRAINT `craft_supertablecontent_19_clients_elementId_fk` FOREIGN KEY (`elementId`) REFERENCES `craft_elements` (`id`) ON DELETE CASCADE,
	ADD CONSTRAINT `craft_supertablecontent_19_clients_locale_fk` FOREIGN KEY (`locale`) REFERENCES `craft_locales` (`locale`) ON DELETE CASCADE ON UPDATE CASCADE;

--
-- Constraints for table `craft_supertablecontent_1_image`
--
ALTER TABLE `craft_supertablecontent_1_image`
	ADD CONSTRAINT `craft_supertablecontent_1_image_elementId_fk` FOREIGN KEY (`elementId`) REFERENCES `craft_elements` (`id`) ON DELETE CASCADE,
	ADD CONSTRAINT `craft_supertablecontent_1_image_locale_fk` FOREIGN KEY (`locale`) REFERENCES `craft_locales` (`locale`) ON DELETE CASCADE ON UPDATE CASCADE;

--
-- Constraints for table `craft_supertablecontent_20_bulletlist`
--
ALTER TABLE `craft_supertablecontent_20_bulletlist`
	ADD CONSTRAINT `craft_supertablecontent_20_bulletlist_elementId_fk` FOREIGN KEY (`elementId`) REFERENCES `craft_elements` (`id`) ON DELETE CASCADE,
	ADD CONSTRAINT `craft_supertablecontent_20_bulletlist_locale_fk` FOREIGN KEY (`locale`) REFERENCES `craft_locales` (`locale`) ON DELETE CASCADE ON UPDATE CASCADE;

--
-- Constraints for table `craft_supertablecontent_20_logolist`
--
ALTER TABLE `craft_supertablecontent_20_logolist`
	ADD CONSTRAINT `craft_supertablecontent_20_logolist_elementId_fk` FOREIGN KEY (`elementId`) REFERENCES `craft_elements` (`id`) ON DELETE CASCADE,
	ADD CONSTRAINT `craft_supertablecontent_20_logolist_locale_fk` FOREIGN KEY (`locale`) REFERENCES `craft_locales` (`locale`) ON DELETE CASCADE ON UPDATE CASCADE;

--
-- Constraints for table `craft_supertablecontent_23_benefit`
--
ALTER TABLE `craft_supertablecontent_23_benefit`
	ADD CONSTRAINT `craft_supertablecontent_23_benefit_elementId_fk` FOREIGN KEY (`elementId`) REFERENCES `craft_elements` (`id`) ON DELETE CASCADE,
	ADD CONSTRAINT `craft_supertablecontent_23_benefit_locale_fk` FOREIGN KEY (`locale`) REFERENCES `craft_locales` (`locale`) ON DELETE CASCADE ON UPDATE CASCADE;

--
-- Constraints for table `craft_supertablecontent_2_video`
--
ALTER TABLE `craft_supertablecontent_2_video`
	ADD CONSTRAINT `craft_supertablecontent_2_video_elementId_fk` FOREIGN KEY (`elementId`) REFERENCES `craft_elements` (`id`) ON DELETE CASCADE,
	ADD CONSTRAINT `craft_supertablecontent_2_video_locale_fk` FOREIGN KEY (`locale`) REFERENCES `craft_locales` (`locale`) ON DELETE CASCADE ON UPDATE CASCADE;

--
-- Constraints for table `craft_supertablecontent_3_projectcard`
--
ALTER TABLE `craft_supertablecontent_3_projectcard`
	ADD CONSTRAINT `craft_supertablecontent_3_projectcard_elementId_fk` FOREIGN KEY (`elementId`) REFERENCES `craft_elements` (`id`) ON DELETE CASCADE,
	ADD CONSTRAINT `craft_supertablecontent_3_projectcard_locale_fk` FOREIGN KEY (`locale`) REFERENCES `craft_locales` (`locale`) ON DELETE CASCADE ON UPDATE CASCADE;

--
-- Constraints for table `craft_supertablecontent_6_footer`
--
ALTER TABLE `craft_supertablecontent_6_footer`
	ADD CONSTRAINT `craft_supertablecontent_6_footer_elementId_fk` FOREIGN KEY (`elementId`) REFERENCES `craft_elements` (`id`) ON DELETE CASCADE,
	ADD CONSTRAINT `craft_supertablecontent_6_footer_locale_fk` FOREIGN KEY (`locale`) REFERENCES `craft_locales` (`locale`) ON DELETE CASCADE ON UPDATE CASCADE;

--
-- Constraints for table `craft_supertablecontent_6_internshipcard`
--
ALTER TABLE `craft_supertablecontent_6_internshipcard`
	ADD CONSTRAINT `craft_supertablecontent_6_internshipcard_elementId_fk` FOREIGN KEY (`elementId`) REFERENCES `craft_elements` (`id`) ON DELETE CASCADE,
	ADD CONSTRAINT `craft_supertablecontent_6_internshipcard_locale_fk` FOREIGN KEY (`locale`) REFERENCES `craft_locales` (`locale`) ON DELETE CASCADE ON UPDATE CASCADE;

--
-- Constraints for table `craft_supertablecontent_communityinvolvement`
--
ALTER TABLE `craft_supertablecontent_communityinvolvement`
	ADD CONSTRAINT `craft_supertablecontent_communityinvolvement_elementId_fk` FOREIGN KEY (`elementId`) REFERENCES `craft_elements` (`id`) ON DELETE CASCADE,
	ADD CONSTRAINT `craft_supertablecontent_communityinvolvement_locale_fk` FOREIGN KEY (`locale`) REFERENCES `craft_locales` (`locale`) ON DELETE CASCADE ON UPDATE CASCADE;

--
-- Constraints for table `craft_supertablecontent_sociallinks`
--
ALTER TABLE `craft_supertablecontent_sociallinks`
	ADD CONSTRAINT `craft_supertablecontent_sociallinks_elementId_fk` FOREIGN KEY (`elementId`) REFERENCES `craft_elements` (`id`) ON DELETE CASCADE,
	ADD CONSTRAINT `craft_supertablecontent_sociallinks_locale_fk` FOREIGN KEY (`locale`) REFERENCES `craft_locales` (`locale`) ON DELETE CASCADE ON UPDATE CASCADE;

--
-- Constraints for table `craft_taggroups`
--
ALTER TABLE `craft_taggroups`
	ADD CONSTRAINT `craft_taggroups_fieldLayoutId_fk` FOREIGN KEY (`fieldLayoutId`) REFERENCES `craft_fieldlayouts` (`id`) ON DELETE SET NULL;

--
-- Constraints for table `craft_tags`
--
ALTER TABLE `craft_tags`
	ADD CONSTRAINT `craft_tags_groupId_fk` FOREIGN KEY (`groupId`) REFERENCES `craft_taggroups` (`id`) ON DELETE CASCADE,
	ADD CONSTRAINT `craft_tags_id_fk` FOREIGN KEY (`id`) REFERENCES `craft_elements` (`id`) ON DELETE CASCADE;

--
-- Constraints for table `craft_templatecachecriteria`
--
ALTER TABLE `craft_templatecachecriteria`
	ADD CONSTRAINT `craft_templatecachecriteria_cacheId_fk` FOREIGN KEY (`cacheId`) REFERENCES `craft_templatecaches` (`id`) ON DELETE CASCADE;

--
-- Constraints for table `craft_templatecacheelements`
--
ALTER TABLE `craft_templatecacheelements`
	ADD CONSTRAINT `craft_templatecacheelements_cacheId_fk` FOREIGN KEY (`cacheId`) REFERENCES `craft_templatecaches` (`id`) ON DELETE CASCADE,
	ADD CONSTRAINT `craft_templatecacheelements_elementId_fk` FOREIGN KEY (`elementId`) REFERENCES `craft_elements` (`id`) ON DELETE CASCADE;

--
-- Constraints for table `craft_templatecaches`
--
ALTER TABLE `craft_templatecaches`
	ADD CONSTRAINT `craft_templatecaches_locale_fk` FOREIGN KEY (`locale`) REFERENCES `craft_locales` (`locale`) ON DELETE CASCADE ON UPDATE CASCADE;

--
-- Constraints for table `craft_usergroups_users`
--
ALTER TABLE `craft_usergroups_users`
	ADD CONSTRAINT `craft_usergroups_users_groupId_fk` FOREIGN KEY (`groupId`) REFERENCES `craft_usergroups` (`id`) ON DELETE CASCADE,
	ADD CONSTRAINT `craft_usergroups_users_userId_fk` FOREIGN KEY (`userId`) REFERENCES `craft_users` (`id`) ON DELETE CASCADE;

--
-- Constraints for table `craft_userpermissions_usergroups`
--
ALTER TABLE `craft_userpermissions_usergroups`
	ADD CONSTRAINT `craft_userpermissions_usergroups_groupId_fk` FOREIGN KEY (`groupId`) REFERENCES `craft_usergroups` (`id`) ON DELETE CASCADE,
	ADD CONSTRAINT `craft_userpermissions_usergroups_permissionId_fk` FOREIGN KEY (`permissionId`) REFERENCES `craft_userpermissions` (`id`) ON DELETE CASCADE;

--
-- Constraints for table `craft_userpermissions_users`
--
ALTER TABLE `craft_userpermissions_users`
	ADD CONSTRAINT `craft_userpermissions_users_permissionId_fk` FOREIGN KEY (`permissionId`) REFERENCES `craft_userpermissions` (`id`) ON DELETE CASCADE,
	ADD CONSTRAINT `craft_userpermissions_users_userId_fk` FOREIGN KEY (`userId`) REFERENCES `craft_users` (`id`) ON DELETE CASCADE;

--
-- Constraints for table `craft_users`
--
ALTER TABLE `craft_users`
	ADD CONSTRAINT `craft_users_id_fk` FOREIGN KEY (`id`) REFERENCES `craft_elements` (`id`) ON DELETE CASCADE,
	ADD CONSTRAINT `craft_users_preferredLocale_fk` FOREIGN KEY (`preferredLocale`) REFERENCES `craft_locales` (`locale`) ON DELETE SET NULL ON UPDATE CASCADE;

--
-- Constraints for table `craft_widgets`
--
ALTER TABLE `craft_widgets`
	ADD CONSTRAINT `craft_widgets_userId_fk` FOREIGN KEY (`userId`) REFERENCES `craft_users` (`id`) ON DELETE CASCADE;

SET FOREIGN_KEY_CHECKS = 1;
