-- Generated by Craft v2.6.2983 on Jul 10, 2017, 6:18:29 PM.

--
-- Disable foreign key checks and autocommit.
--

SET FOREIGN_KEY_CHECKS = 0;
SET SQL_MODE = "NO_AUTO_VALUE_ON_ZERO";
SET AUTOCOMMIT = 0;
SET NAMES utf8;


DROP TABLE IF EXISTS `craft_assetfiles`;


--
-- Schema for table `craft_assetfiles`
--
CREATE TABLE `craft_assetfiles` (
  `id` int(11) NOT NULL,
  `sourceId` int(11) DEFAULT NULL,
  `folderId` int(11) NOT NULL,
  `filename` varchar(255) COLLATE utf8_unicode_ci NOT NULL,
  `kind` varchar(50) COLLATE utf8_unicode_ci NOT NULL DEFAULT 'unknown',
  `width` int(11) unsigned DEFAULT NULL,
  `height` int(11) unsigned DEFAULT NULL,
  `size` bigint(20) unsigned DEFAULT NULL,
  `dateModified` datetime DEFAULT NULL,
  `dateCreated` datetime NOT NULL,
  `dateUpdated` datetime NOT NULL,
  `uid` char(36) COLLATE utf8_unicode_ci NOT NULL DEFAULT '0',
  PRIMARY KEY (`id`),
  UNIQUE KEY `craft_assetfiles_filename_folderId_unq_idx` (`filename`,`folderId`),
  KEY `craft_assetfiles_sourceId_fk` (`sourceId`),
  KEY `craft_assetfiles_folderId_fk` (`folderId`)
) ENGINE=InnoDB DEFAULT CHARSET=utf8 COLLATE=utf8_unicode_ci;

--
-- Data for table `craft_assetfiles`
--

INSERT INTO `craft_assetfiles` (`id`, `sourceId`, `folderId`, `filename`, `kind`, `width`, `height`, `size`, `dateModified`, `dateCreated`, `dateUpdated`, `uid`) VALUES
 ('29', '1', '1', 'cbiapage.png', 'image', '1142', '3960', '710677', '2017-06-12 20:16:24', '2017-06-12 20:16:25', '2017-06-12 20:16:25', 'a2dc8998-8f56-442b-8ecd-3265c41f7145'),
 ('90', '2', '2', 'masthead-home-desktop.jpg', 'image', '1440', '800', '1411179', '2017-06-27 21:08:42', '2017-06-27 21:08:55', '2017-06-27 21:08:55', 'e259ea1b-7365-402b-8c45-0bb5ac06de43'),
 ('91', '2', '2', 'masthead-home.jpg', 'image', '375', '667', '266138', '2017-06-27 21:08:42', '2017-06-27 21:08:56', '2017-06-27 21:08:56', '69886e74-a3d9-4603-97fb-86f729770147'),
 ('92', '2', '2', 'masthead-work-desktop.jpg', 'image', '1440', '522', '1066317', '2017-06-27 21:08:43', '2017-06-27 21:08:56', '2017-06-27 21:08:56', '9f2ad7fb-8716-4ca5-8d91-3690fd0b5ec5');



DROP TABLE IF EXISTS `craft_assetfolders`;


--
-- Schema for table `craft_assetfolders`
--
CREATE TABLE `craft_assetfolders` (
  `id` int(11) NOT NULL AUTO_INCREMENT,
  `parentId` int(11) DEFAULT NULL,
  `sourceId` int(11) DEFAULT NULL,
  `name` varchar(255) COLLATE utf8_unicode_ci NOT NULL,
  `path` varchar(255) COLLATE utf8_unicode_ci DEFAULT NULL,
  `dateCreated` datetime NOT NULL,
  `dateUpdated` datetime NOT NULL,
  `uid` char(36) COLLATE utf8_unicode_ci NOT NULL DEFAULT '0',
  PRIMARY KEY (`id`),
  UNIQUE KEY `craft_assetfolders_name_parentId_sourceId_unq_idx` (`name`,`parentId`,`sourceId`),
  KEY `craft_assetfolders_parentId_fk` (`parentId`),
  KEY `craft_assetfolders_sourceId_fk` (`sourceId`)
) ENGINE=InnoDB AUTO_INCREMENT=8 DEFAULT CHARSET=utf8 COLLATE=utf8_unicode_ci;

--
-- Data for table `craft_assetfolders`
--

INSERT INTO `craft_assetfolders` (`id`, `parentId`, `sourceId`, `name`, `path`, `dateCreated`, `dateUpdated`, `uid`) VALUES
 ('1', NULL, '1', 'Gallery', '', '2017-06-12 20:00:29', '2017-06-27 14:21:18', '7ea37e55-3820-4f1f-b831-1fd06f0d8d62'),
 ('2', NULL, '2', 'Mastheads', '', '2017-06-12 20:03:34', '2017-06-12 20:03:34', 'e90f19ea-7242-4522-9d50-ed204ff03551'),
 ('3', NULL, '3', 'Miscellaneous', '', '2017-06-15 18:31:22', '2017-06-15 18:31:22', '1da129e6-568a-42f5-9177-ddb278d3f65f'),
 ('4', NULL, '4', 'Resources', '', '2017-06-15 18:58:34', '2017-06-15 18:58:34', '402c32cd-27cc-4ed2-97a3-c03ba70f0f3f'),
 ('5', NULL, '5', 'Client Logos', '', '2017-06-15 19:25:13', '2017-06-15 19:25:13', 'fc16d2a2-9921-4d35-9cf6-5d39ccba9a8b'),
 ('6', NULL, '6', 'Resumes', '', '2017-06-15 20:22:14', '2017-06-15 20:22:14', 'cca1db4c-eca1-458b-b9a8-5e043cf7ca17'),
 ('7', NULL, '7', 'News', '', '2017-06-20 14:47:26', '2017-06-20 14:47:26', '10bb03e0-e322-4de3-83bd-f2a493a03d1d');



DROP TABLE IF EXISTS `craft_assetindexdata`;


--
-- Schema for table `craft_assetindexdata`
--
CREATE TABLE `craft_assetindexdata` (
  `id` int(11) NOT NULL AUTO_INCREMENT,
  `sessionId` varchar(36) COLLATE utf8_unicode_ci NOT NULL DEFAULT '',
  `sourceId` int(10) NOT NULL,
  `offset` int(10) NOT NULL,
  `uri` varchar(255) COLLATE utf8_unicode_ci DEFAULT NULL,
  `size` varchar(255) COLLATE utf8_unicode_ci DEFAULT NULL,
  `recordId` int(10) DEFAULT NULL,
  `dateCreated` datetime NOT NULL,
  `dateUpdated` datetime NOT NULL,
  `uid` char(36) COLLATE utf8_unicode_ci NOT NULL DEFAULT '0',
  PRIMARY KEY (`id`),
  UNIQUE KEY `craft_assetindexdata_sessionId_sourceId_offset_unq_idx` (`sessionId`,`sourceId`,`offset`),
  KEY `craft_assetindexdata_sourceId_fk` (`sourceId`)
) ENGINE=InnoDB DEFAULT CHARSET=utf8 COLLATE=utf8_unicode_ci;

DROP TABLE IF EXISTS `craft_assetsources`;


--
-- Schema for table `craft_assetsources`
--
CREATE TABLE `craft_assetsources` (
  `id` int(11) NOT NULL AUTO_INCREMENT,
  `name` varchar(255) COLLATE utf8_unicode_ci NOT NULL,
  `handle` varchar(255) COLLATE utf8_unicode_ci NOT NULL,
  `type` varchar(150) COLLATE utf8_unicode_ci NOT NULL,
  `settings` text COLLATE utf8_unicode_ci,
  `sortOrder` smallint(6) unsigned DEFAULT NULL,
  `fieldLayoutId` int(10) DEFAULT NULL,
  `dateCreated` datetime NOT NULL,
  `dateUpdated` datetime NOT NULL,
  `uid` char(36) COLLATE utf8_unicode_ci NOT NULL DEFAULT '0',
  PRIMARY KEY (`id`),
  UNIQUE KEY `craft_assetsources_name_unq_idx` (`name`),
  UNIQUE KEY `craft_assetsources_handle_unq_idx` (`handle`),
  KEY `craft_assetsources_fieldLayoutId_fk` (`fieldLayoutId`)
) ENGINE=InnoDB AUTO_INCREMENT=8 DEFAULT CHARSET=utf8 COLLATE=utf8_unicode_ci;

--
-- Data for table `craft_assetsources`
--

INSERT INTO `craft_assetsources` (`id`, `name`, `handle`, `type`, `settings`, `sortOrder`, `fieldLayoutId`, `dateCreated`, `dateUpdated`, `uid`) VALUES
 ('1', 'Gallery', 'gallery', 'Local', '{\"path\":\"{basePath}uploads\\/gallery\\/\",\"publicURLs\":\"1\",\"url\":\"{baseUrl}uploads\\/gallery\\/\"}', '1', '843', '2017-06-12 20:00:29', '2017-06-27 14:21:18', '6467022a-82f5-456f-be8e-6856566be579'),
 ('2', 'Mastheads', 'mastheads', 'Local', '{\"path\":\"{basePath}uploads\\/mastheads\\/\",\"publicURLs\":\"1\",\"url\":\"{baseUrl}uploads\\/mastheads\\/\"}', '2', '725', '2017-06-12 20:03:34', '2017-06-26 18:48:39', 'd47ee864-e653-405d-b1c5-b5468b182a7c'),
 ('3', 'Miscellaneous', 'miscellaneous', 'Local', '{\"path\":\"{basePath}uploads\\/mastheads\\/\",\"publicURLs\":\"1\",\"url\":\"{baseUrl}uploads\\/miscellaneous\\/\"}', '3', '728', '2017-06-15 18:31:22', '2017-06-26 18:50:22', '16824e0b-e549-4fdf-88ad-5e096cc24922'),
 ('4', 'Resources', 'resources', 'Local', '{\"path\":\"{basePath}uploads\\/resources\\/\",\"publicURLs\":\"1\",\"url\":\"{baseUrl}uploads\\/resources\\/\"}', '4', '729', '2017-06-15 18:58:34', '2017-06-26 18:50:31', 'c64bcc54-4323-48ec-96ac-046dbb8a310b'),
 ('5', 'Client Logos', 'clientLogos', 'Local', '{\"path\":\"{basePath}uploads\\/clientLogos\\/\",\"publicURLs\":\"1\",\"url\":\"{baseUrl}uploads\\/clientLogos\\/\"}', '5', '713', '2017-06-15 19:25:13', '2017-06-23 19:41:18', '44d47c72-012f-413f-87db-0032816094f7'),
 ('6', 'Resumes', 'resumes', 'Local', '{\"path\":\"{basePath}uploads\\/resumes\\/\",\"publicURLs\":\"1\",\"url\":\"{baseUrl}uploads\\/resumes\\/\"}', '6', '730', '2017-06-15 20:22:14', '2017-06-26 18:50:46', '4eea7d72-334c-4c45-b9c4-45a3aaa5c8f6'),
 ('7', 'News', 'news', 'Local', '{\"path\":\"{basePath}uploads\\/news\\/\",\"publicURLs\":\"1\",\"url\":\"{baseUrl}uploads\\/resumes\\/\"}', '7', '731', '2017-06-20 14:47:26', '2017-06-26 18:50:54', '35e84a96-a049-4de2-b90f-c1d4c038013c');



DROP TABLE IF EXISTS `craft_assettransformindex`;


--
-- Schema for table `craft_assettransformindex`
--
CREATE TABLE `craft_assettransformindex` (
  `id` int(11) NOT NULL AUTO_INCREMENT,
  `fileId` int(11) NOT NULL,
  `filename` varchar(255) COLLATE utf8_unicode_ci DEFAULT NULL,
  `format` varchar(255) COLLATE utf8_unicode_ci DEFAULT NULL,
  `location` varchar(255) COLLATE utf8_unicode_ci NOT NULL,
  `sourceId` int(11) DEFAULT NULL,
  `fileExists` tinyint(1) DEFAULT NULL,
  `inProgress` tinyint(1) DEFAULT NULL,
  `dateIndexed` datetime DEFAULT NULL,
  `dateCreated` datetime NOT NULL,
  `dateUpdated` datetime NOT NULL,
  `uid` char(36) COLLATE utf8_unicode_ci NOT NULL DEFAULT '0',
  PRIMARY KEY (`id`),
  KEY `craft_assettransformindex_sourceId_fileId_location_idx` (`sourceId`,`fileId`,`location`)
) ENGINE=InnoDB DEFAULT CHARSET=utf8 COLLATE=utf8_unicode_ci;

DROP TABLE IF EXISTS `craft_assettransforms`;


--
-- Schema for table `craft_assettransforms`
--
CREATE TABLE `craft_assettransforms` (
  `id` int(11) NOT NULL AUTO_INCREMENT,
  `name` varchar(255) COLLATE utf8_unicode_ci NOT NULL,
  `handle` varchar(255) COLLATE utf8_unicode_ci NOT NULL,
  `mode` enum('stretch','fit','crop') COLLATE utf8_unicode_ci NOT NULL DEFAULT 'crop',
  `position` enum('top-left','top-center','top-right','center-left','center-center','center-right','bottom-left','bottom-center','bottom-right') COLLATE utf8_unicode_ci NOT NULL DEFAULT 'center-center',
  `height` int(10) DEFAULT NULL,
  `width` int(10) DEFAULT NULL,
  `format` varchar(255) COLLATE utf8_unicode_ci DEFAULT NULL,
  `quality` int(10) DEFAULT NULL,
  `dimensionChangeTime` datetime DEFAULT NULL,
  `dateCreated` datetime NOT NULL,
  `dateUpdated` datetime NOT NULL,
  `uid` char(36) COLLATE utf8_unicode_ci NOT NULL DEFAULT '0',
  PRIMARY KEY (`id`),
  UNIQUE KEY `craft_assettransforms_name_unq_idx` (`name`),
  UNIQUE KEY `craft_assettransforms_handle_unq_idx` (`handle`)
) ENGINE=InnoDB DEFAULT CHARSET=utf8 COLLATE=utf8_unicode_ci;

DROP TABLE IF EXISTS `craft_categories`;


--
-- Schema for table `craft_categories`
--
CREATE TABLE `craft_categories` (
  `id` int(11) NOT NULL,
  `groupId` int(11) NOT NULL,
  `dateCreated` datetime NOT NULL,
  `dateUpdated` datetime NOT NULL,
  `uid` char(36) COLLATE utf8_unicode_ci NOT NULL DEFAULT '0',
  PRIMARY KEY (`id`),
  KEY `craft_categories_groupId_fk` (`groupId`)
) ENGINE=InnoDB DEFAULT CHARSET=utf8 COLLATE=utf8_unicode_ci;

--
-- Data for table `craft_categories`
--

INSERT INTO `craft_categories` (`id`, `groupId`, `dateCreated`, `dateUpdated`, `uid`) VALUES
 ('4', '2', '2017-06-09 19:41:56', '2017-06-09 19:41:56', 'cb567f8d-bba2-4902-8399-38bdd129cb1a'),
 ('5', '2', '2017-06-09 19:42:28', '2017-06-09 19:42:28', 'b2b48ac6-017d-41f1-9198-c9ed7a6ac2a7'),
 ('6', '2', '2017-06-09 19:44:01', '2017-06-28 13:35:03', '81b0302b-8f97-4e78-8b8d-5d13846f2333'),
 ('7', '2', '2017-06-09 19:44:22', '2017-06-09 19:44:22', '28a34611-9f85-414e-83ef-17ef641a9d41'),
 ('8', '2', '2017-06-09 19:44:31', '2017-06-09 19:44:31', '3ae8ed08-a76a-4abc-b9a0-4cd67af9e328'),
 ('9', '2', '2017-06-09 19:44:43', '2017-06-09 19:44:43', '47d8cf01-a8d8-4e5b-a447-559fa68e642b'),
 ('10', '2', '2017-06-09 19:44:53', '2017-06-09 19:44:53', '2efb2854-2892-46cc-a199-42881c04dd37'),
 ('11', '2', '2017-06-09 19:45:00', '2017-06-09 19:45:00', '186f0642-2f26-434c-9b7a-7c1d85d7e365'),
 ('12', '2', '2017-06-09 19:45:26', '2017-06-09 19:45:26', '8b99dee9-218c-4edb-bfe7-ff24df751fe4'),
 ('13', '2', '2017-06-09 19:45:41', '2017-06-09 19:46:16', '3f5bbda1-3189-4487-bd43-e317278bd395'),
 ('14', '2', '2017-06-09 19:46:01', '2017-06-09 19:46:01', 'c7286541-ed4b-40fe-b79e-1be0548fd6fe'),
 ('15', '2', '2017-06-09 19:46:38', '2017-06-28 13:47:03', 'f7ef7147-d198-4055-afea-16cb5cf97b3b'),
 ('16', '2', '2017-06-09 19:47:07', '2017-06-09 19:47:17', 'efbb06a0-ac48-4f18-90e3-5fc912bd1ed7'),
 ('17', '2', '2017-06-09 19:47:22', '2017-06-28 14:52:19', '52ec0e5e-eb8c-4c49-a7d6-f10257937df4'),
 ('18', '2', '2017-06-09 19:47:32', '2017-06-09 19:47:40', '9a2e19f5-5aba-41ed-a0db-29a7adb3e41f'),
 ('19', '2', '2017-06-09 19:47:46', '2017-06-09 19:47:46', '58e2c6e0-ce95-4480-994d-90addae4785f'),
 ('20', '1', '2017-06-09 19:48:11', '2017-06-09 19:48:17', '5ff66d1a-b72c-4460-b16a-40f792396570'),
 ('21', '1', '2017-06-09 19:48:22', '2017-06-09 19:48:27', 'f58916e3-e337-45d7-8498-a43a18ecbd9b'),
 ('22', '1', '2017-06-09 19:48:34', '2017-06-09 19:49:14', 'ee063fc3-3259-45bc-a184-a2635b9257f0'),
 ('23', '1', '2017-06-09 19:48:55', '2017-06-09 19:48:55', 'c6a532d7-4963-48d6-860a-9eee73034677'),
 ('24', '1', '2017-06-09 19:49:34', '2017-06-09 19:49:39', '4ee9e7e5-d08e-4e43-b96c-24ac85d523b2'),
 ('25', '1', '2017-06-09 19:49:43', '2017-06-09 19:49:43', '3ece77d4-61de-404a-b774-0e83ab00ba04'),
 ('41', '3', '2017-06-15 16:39:26', '2017-06-28 21:10:11', 'a06f7c87-8b14-4360-bc9c-90852f9b0190'),
 ('42', '3', '2017-06-15 16:39:39', '2017-06-28 21:10:32', 'b548319e-73fd-4211-acf2-cdb418933875'),
 ('52', '4', '2017-06-15 22:20:32', '2017-06-28 20:33:56', '0fbe123c-a3c0-40b5-b223-b2cecc84cce8'),
 ('55', '1', '2017-06-26 21:09:48', '2017-06-26 21:09:48', '7e5953e5-7213-4ea1-a68d-7c5aa045de36'),
 ('80', '1', '2017-06-26 21:41:31', '2017-06-26 21:41:31', '5775434b-942e-4217-9abb-41c78d24b1a2'),
 ('81', '1', '2017-06-26 21:41:49', '2017-06-26 21:41:49', '22eb5ecf-dd81-46b4-8c2f-14849e95bae3'),
 ('82', '1', '2017-06-26 21:42:14', '2017-06-26 21:42:14', '2a520fb2-c984-432b-a01f-6f5a9505d826'),
 ('83', '1', '2017-06-26 21:42:35', '2017-06-26 21:42:35', 'fc71c9ae-ed72-4c63-a2ed-8cf34dca5aa1'),
 ('84', '1', '2017-06-26 21:42:51', '2017-06-26 21:42:51', '94562f11-8d8f-4bf6-8f6d-5fa9004bf440'),
 ('85', '1', '2017-06-26 21:43:18', '2017-06-26 21:43:18', '4742f46b-8816-4411-9f5f-affac667e120'),
 ('86', '1', '2017-06-26 21:43:34', '2017-06-26 21:43:34', 'e6160fb0-0a95-48c7-b1fc-2ec2093b3360'),
 ('117', '2', '2017-06-28 13:44:16', '2017-06-28 13:44:16', '83d5f4c9-8690-48af-ba05-a77e822847a5'),
 ('118', '2', '2017-06-28 13:44:45', '2017-06-28 13:44:45', '13c09995-9778-4cfc-8619-0e62f0dff3ea'),
 ('119', '2', '2017-06-28 13:45:13', '2017-06-28 13:45:13', '3cf79ad1-3ff7-4fe2-be25-1d352e59418b'),
 ('120', '2', '2017-06-28 13:45:30', '2017-06-28 13:45:30', 'd54cc9db-4b8f-41fb-8be4-1f8f322a4e0c'),
 ('121', '2', '2017-06-28 13:47:36', '2017-06-28 13:47:36', 'f367ba3a-3cfa-4536-9791-ab6aca4b7dea'),
 ('122', '2', '2017-06-28 13:47:58', '2017-06-28 13:47:58', '42d35195-5df5-4fe1-b35d-4f40d2e5e852'),
 ('123', '2', '2017-06-28 13:49:26', '2017-06-28 13:49:26', 'b6fba2c5-0b51-4e21-82b0-af60a71e548c'),
 ('124', '2', '2017-06-28 13:49:45', '2017-06-28 13:49:45', '056d495e-ce20-45d9-a6e6-19a2f2b30d33'),
 ('125', '2', '2017-06-28 13:50:08', '2017-06-28 13:50:08', 'a821ff25-39ba-4284-8e4e-d77206b85265'),
 ('126', '2', '2017-06-28 13:50:24', '2017-06-28 13:50:24', '5490078e-5194-4308-bcb7-998fddc13590'),
 ('127', '2', '2017-06-28 13:50:39', '2017-06-28 13:50:39', '642e2d95-b943-4eca-a424-17f567ac4fe9'),
 ('128', '2', '2017-06-28 13:51:01', '2017-06-28 13:51:01', '7056b277-02b3-41db-b37e-db008710eabc'),
 ('129', '2', '2017-06-28 13:51:39', '2017-06-28 13:51:39', 'f535b375-82b7-48da-a8ad-3ede58228b72'),
 ('130', '2', '2017-06-28 13:51:54', '2017-06-28 13:51:54', '02897367-ef1c-4412-adb3-c6c0ae22b9df'),
 ('131', '2', '2017-06-28 13:52:06', '2017-06-28 13:52:06', 'a822b91f-86ee-4f24-82c5-65856fa08be0'),
 ('153', '4', '2017-06-28 20:21:43', '2017-06-28 20:21:43', 'cba0569b-1809-48d4-abd4-41d07c1a4abc'),
 ('154', '4', '2017-06-28 20:23:06', '2017-06-28 20:23:06', 'e50fc2b0-38a2-4f07-9633-de5a2cf059c3'),
 ('155', '4', '2017-06-28 20:23:59', '2017-06-28 20:23:59', 'b777e13c-6239-4d74-9eb2-9c4318419238'),
 ('156', '4', '2017-06-28 20:25:04', '2017-06-28 20:25:04', 'a0675a5e-e296-4c29-b4e4-8ce4542da22c'),
 ('157', '4', '2017-06-28 20:25:47', '2017-06-28 20:25:47', 'f00107fa-5b55-4b84-a595-f7958d1c8529'),
 ('158', '3', '2017-06-28 21:10:47', '2017-06-28 21:10:47', 'd7f2d29f-d458-4897-9f14-6fbbec335e24');



DROP TABLE IF EXISTS `craft_categorygroups`;


--
-- Schema for table `craft_categorygroups`
--
CREATE TABLE `craft_categorygroups` (
  `id` int(11) NOT NULL AUTO_INCREMENT,
  `structureId` int(11) NOT NULL,
  `fieldLayoutId` int(11) DEFAULT NULL,
  `name` varchar(255) COLLATE utf8_unicode_ci NOT NULL,
  `handle` varchar(255) COLLATE utf8_unicode_ci NOT NULL,
  `hasUrls` tinyint(1) unsigned NOT NULL DEFAULT '1',
  `template` varchar(500) COLLATE utf8_unicode_ci DEFAULT NULL,
  `dateCreated` datetime NOT NULL,
  `dateUpdated` datetime NOT NULL,
  `uid` char(36) COLLATE utf8_unicode_ci NOT NULL DEFAULT '0',
  PRIMARY KEY (`id`),
  UNIQUE KEY `craft_categorygroups_name_unq_idx` (`name`),
  UNIQUE KEY `craft_categorygroups_handle_unq_idx` (`handle`),
  KEY `craft_categorygroups_structureId_fk` (`structureId`),
  KEY `craft_categorygroups_fieldLayoutId_fk` (`fieldLayoutId`)
) ENGINE=InnoDB AUTO_INCREMENT=6 DEFAULT CHARSET=utf8 COLLATE=utf8_unicode_ci;

--
-- Data for table `craft_categorygroups`
--

INSERT INTO `craft_categorygroups` (`id`, `structureId`, `fieldLayoutId`, `name`, `handle`, `hasUrls`, `template`, `dateCreated`, `dateUpdated`, `uid`) VALUES
 ('1', '1', '628', 'Types of Markets', 'typesOfMarkets', '1', '', '2017-06-09 18:05:04', '2017-06-16 14:59:27', '3d2b88fe-c92f-40d2-95bf-031016140d4f'),
 ('2', '2', '999', 'Types of Services', 'typesOfServices', '1', '', '2017-06-09 18:05:54', '2017-06-27 15:04:29', '92c015d5-3e45-41e5-8544-7c7d0153cb94'),
 ('3', '5', '614', 'Types of Roles', 'typesOfRoles', '0', NULL, '2017-06-15 16:38:54', '2017-06-15 20:46:35', 'dc2dad0b-66e4-4d62-89e7-9d1a9f76adad'),
 ('4', '6', '770', 'Locations', 'locations', '0', NULL, '2017-06-15 22:00:42', '2017-06-26 19:32:51', 'b4d82e90-87be-4491-abac-f7e52580264e'),
 ('5', '7', '631', 'Types of News', 'typesOfNews', '1', '', '2017-06-20 14:39:39', '2017-06-20 14:39:39', 'dfb92aa7-b2ce-4f52-96a9-2399a985f574');



DROP TABLE IF EXISTS `craft_categorygroups_i18n`;


--
-- Schema for table `craft_categorygroups_i18n`
--
CREATE TABLE `craft_categorygroups_i18n` (
  `id` int(11) NOT NULL AUTO_INCREMENT,
  `groupId` int(11) NOT NULL,
  `locale` char(12) COLLATE utf8_unicode_ci NOT NULL,
  `urlFormat` text COLLATE utf8_unicode_ci,
  `nestedUrlFormat` text COLLATE utf8_unicode_ci,
  `dateCreated` datetime NOT NULL,
  `dateUpdated` datetime NOT NULL,
  `uid` char(36) COLLATE utf8_unicode_ci NOT NULL DEFAULT '0',
  PRIMARY KEY (`id`),
  UNIQUE KEY `craft_categorygroups_i18n_groupId_locale_unq_idx` (`groupId`,`locale`),
  KEY `craft_categorygroups_i18n_locale_fk` (`locale`)
) ENGINE=InnoDB AUTO_INCREMENT=6 DEFAULT CHARSET=utf8 COLLATE=utf8_unicode_ci;

--
-- Data for table `craft_categorygroups_i18n`
--

INSERT INTO `craft_categorygroups_i18n` (`id`, `groupId`, `locale`, `urlFormat`, `nestedUrlFormat`, `dateCreated`, `dateUpdated`, `uid`) VALUES
 ('1', '1', 'en_us', 'market/{slug}', '{parent.uri}/{slug}', '2017-06-09 18:05:04', '2017-06-09 18:05:04', 'e63c3d65-87be-472f-84ab-5240fb36d6f3'),
 ('2', '2', 'en_us', 'service/{slug}', '{parent.uri}/{slug}', '2017-06-09 18:05:54', '2017-06-09 18:05:54', '26b4f0a8-ecbe-422c-9b01-999b9a3ed08e'),
 ('3', '3', 'en_us', NULL, NULL, '2017-06-15 16:38:54', '2017-06-15 16:38:54', '968ade21-dee3-452a-9791-c54d7899f6fd'),
 ('4', '4', 'en_us', NULL, NULL, '2017-06-15 22:00:42', '2017-06-15 22:18:14', 'a5e50bcc-0353-4c01-a9ab-7ecb3ae6b7da'),
 ('5', '5', 'en_us', 'news/{slug}', '{parent.uri}/{slug}', '2017-06-20 14:39:39', '2017-06-20 14:39:39', 'dff60d5e-439c-4778-9f35-e1ea8b4f8dc8');



DROP TABLE IF EXISTS `craft_content`;


--
-- Schema for table `craft_content`
--
CREATE TABLE `craft_content` (
  `id` int(11) NOT NULL AUTO_INCREMENT,
  `elementId` int(11) NOT NULL,
  `locale` char(12) COLLATE utf8_unicode_ci NOT NULL,
  `title` varchar(255) COLLATE utf8_unicode_ci DEFAULT NULL,
  `field_body` text COLLATE utf8_unicode_ci,
  `field_startDate` datetime DEFAULT NULL,
  `field_about` text COLLATE utf8_unicode_ci,
  `field_expertise` text COLLATE utf8_unicode_ci,
  `field_heading` text COLLATE utf8_unicode_ci,
  `field_phone` text COLLATE utf8_unicode_ci,
  `field_aboutTheLocation` text COLLATE utf8_unicode_ci,
  `field_locationExcerpt` text COLLATE utf8_unicode_ci,
  `field_isHeaderquarters` tinyint(1) unsigned NOT NULL DEFAULT '0',
  `field_marketIcon` text COLLATE utf8_unicode_ci,
  `field_serviceColor` char(7) COLLATE utf8_unicode_ci DEFAULT NULL,
  `field_address` text COLLATE utf8_unicode_ci,
  `field_client` text COLLATE utf8_unicode_ci,
  `field_excerpt` text COLLATE utf8_unicode_ci,
  `dateCreated` datetime NOT NULL,
  `dateUpdated` datetime NOT NULL,
  `uid` char(36) COLLATE utf8_unicode_ci NOT NULL DEFAULT '0',
  PRIMARY KEY (`id`),
  UNIQUE KEY `craft_content_elementId_locale_unq_idx` (`elementId`,`locale`),
  KEY `craft_content_title_idx` (`title`),
  KEY `craft_content_locale_fk` (`locale`)
) ENGINE=InnoDB AUTO_INCREMENT=81 DEFAULT CHARSET=utf8 COLLATE=utf8_unicode_ci;

--
-- Data for table `craft_content`
--

INSERT INTO `craft_content` (`id`, `elementId`, `locale`, `title`, `field_body`, `field_startDate`, `field_about`, `field_expertise`, `field_heading`, `field_phone`, `field_aboutTheLocation`, `field_locationExcerpt`, `field_isHeaderquarters`, `field_marketIcon`, `field_serviceColor`, `field_address`, `field_client`, `field_excerpt`, `dateCreated`, `dateUpdated`, `uid`) VALUES
 ('1', '1', 'en_us', NULL, NULL, NULL, NULL, NULL, NULL, NULL, NULL, NULL, '0', NULL, NULL, NULL, NULL, NULL, '2017-06-09 17:32:21', '2017-06-09 17:32:21', '8f8edc73-b17d-4ad2-ab48-5c0f243a06d4'),
 ('3', '3', 'en_us', 'We just installed Craft!', '<p>Craft is the CMS that’s powering Mmi.ads.dsdev. It’s beautiful, powerful, flexible, and easy-to-use, and it’s made by Pixel &amp; Tonic. We can’t wait to dive in and see what it’s capable of!</p><!--pagebreak--><p>This is even more captivating content, which you couldn’t see on the News index page because it was entered after a Page Break, and the News index template only likes to show the content on the first page.</p><p>Craft: a nice alternative to Word, if you’re making a website.</p>', NULL, NULL, NULL, NULL, NULL, NULL, NULL, '0', NULL, NULL, NULL, NULL, NULL, '2017-06-09 17:32:25', '2017-06-09 17:55:35', '888322b8-352c-441c-b0bb-c5f39b33a1b6'),
 ('4', '4', 'en_us', 'Engineering', NULL, NULL, NULL, NULL, NULL, NULL, NULL, NULL, '0', NULL, NULL, NULL, NULL, NULL, '2017-06-09 19:41:56', '2017-06-09 19:41:56', '203e965f-412a-4860-84bd-9ee5174b9347'),
 ('5', '5', 'en_us', 'Civil Engineering', NULL, NULL, NULL, NULL, NULL, NULL, NULL, NULL, '0', NULL, NULL, NULL, NULL, NULL, '2017-06-09 19:42:27', '2017-06-09 19:42:27', 'cf27d55b-b32c-4624-8187-423563794a2e'),
 ('6', '6', 'en_us', 'Transportation Engineering', NULL, NULL, NULL, NULL, NULL, NULL, NULL, NULL, '0', NULL, '#000000', NULL, NULL, '', '2017-06-09 19:44:01', '2017-06-28 13:35:02', 'be86a121-9873-4842-998e-6d0c5abd160e'),
 ('7', '7', 'en_us', 'Water Resources', NULL, NULL, NULL, NULL, NULL, NULL, NULL, NULL, '0', NULL, NULL, NULL, NULL, NULL, '2017-06-09 19:44:22', '2017-06-09 19:44:22', 'c9c6d900-e325-4c9c-8c78-fc548ca08c45'),
 ('8', '8', 'en_us', 'Structural Engineering', NULL, NULL, NULL, NULL, NULL, NULL, NULL, NULL, '0', NULL, NULL, NULL, NULL, NULL, '2017-06-09 19:44:31', '2017-06-09 19:44:31', 'f2180843-c2e6-473f-800c-386e7f12b15a'),
 ('9', '9', 'en_us', 'Geotechnical Engineering', NULL, NULL, NULL, NULL, NULL, NULL, NULL, NULL, '0', NULL, NULL, NULL, NULL, NULL, '2017-06-09 19:44:43', '2017-06-09 19:44:43', '0bc336dd-ef76-411a-a842-c60c46897b6a'),
 ('10', '10', 'en_us', 'Water & Wastewater', NULL, NULL, NULL, NULL, NULL, NULL, NULL, NULL, '0', NULL, NULL, NULL, NULL, NULL, '2017-06-09 19:44:53', '2017-06-09 19:44:53', '45852bb3-6bbe-4a83-8ff9-76e4de6cc3e9'),
 ('11', '11', 'en_us', 'Utility', NULL, NULL, NULL, NULL, NULL, NULL, NULL, NULL, '0', NULL, NULL, NULL, NULL, NULL, '2017-06-09 19:45:00', '2017-06-09 19:45:00', '5c2f4d90-a22f-4302-820f-138e6492257d'),
 ('12', '12', 'en_us', 'Environmental Science', NULL, NULL, NULL, NULL, NULL, NULL, NULL, NULL, '0', NULL, NULL, NULL, NULL, NULL, '2017-06-09 19:45:26', '2017-06-09 19:45:26', '1aa247ad-8263-44b2-a711-a96bbe61aea6'),
 ('13', '13', 'en_us', 'Natural Resource Management', NULL, NULL, NULL, NULL, NULL, NULL, NULL, NULL, '0', NULL, NULL, NULL, NULL, NULL, '2017-06-09 19:45:41', '2017-06-09 19:46:16', 'f7ec11d4-fca6-45c0-b171-ebf51b9737f8'),
 ('14', '14', 'en_us', 'Building Sciences', NULL, NULL, NULL, NULL, NULL, NULL, NULL, NULL, '0', NULL, NULL, NULL, NULL, NULL, '2017-06-09 19:46:01', '2017-06-09 19:46:01', '3c22be07-68bc-49f7-8e0f-07fec7398600'),
 ('15', '15', 'en_us', 'Environmental Impact & Permitting ', NULL, NULL, NULL, NULL, NULL, NULL, NULL, NULL, '0', NULL, '#000000', NULL, NULL, '', '2017-06-09 19:46:38', '2017-06-28 13:47:03', 'aa737dc7-f12c-4d76-8501-aa3646e3e0ab'),
 ('16', '16', 'en_us', 'Landscape Architecture', NULL, NULL, NULL, NULL, NULL, NULL, NULL, NULL, '0', NULL, NULL, NULL, NULL, NULL, '2017-06-09 19:47:07', '2017-06-09 19:47:17', '82bda845-1169-424e-8ed0-0ca2a701f318'),
 ('17', '17', 'en_us', 'Planning', NULL, NULL, NULL, NULL, NULL, NULL, NULL, NULL, '0', NULL, '#000000', NULL, NULL, '', '2017-06-09 19:47:22', '2017-06-28 14:52:19', 'ddec9639-404e-40f4-aeb4-5feaa2322f74'),
 ('18', '18', 'en_us', 'Construction Services', NULL, NULL, NULL, NULL, NULL, NULL, NULL, NULL, '0', NULL, NULL, NULL, NULL, NULL, '2017-06-09 19:47:32', '2017-06-09 19:47:40', '4eb9435d-3970-4f66-9041-c43b455603c0'),
 ('19', '19', 'en_us', 'Land Surveying', NULL, NULL, NULL, NULL, NULL, NULL, NULL, NULL, '0', NULL, NULL, NULL, NULL, NULL, '2017-06-09 19:47:46', '2017-06-09 19:47:46', '12de6217-d7f4-4a2e-8ba8-be62048a82fb'),
 ('20', '20', 'en_us', 'Education', NULL, NULL, NULL, NULL, NULL, NULL, NULL, NULL, '0', NULL, NULL, NULL, NULL, NULL, '2017-06-09 19:48:11', '2017-06-09 19:48:17', 'b2fb8d38-5424-407c-b153-7becf0fb79b0'),
 ('21', '21', 'en_us', 'Development', NULL, NULL, NULL, NULL, NULL, NULL, NULL, NULL, '0', NULL, NULL, NULL, NULL, NULL, '2017-06-09 19:48:22', '2017-06-09 19:48:27', '3086b30f-9e3d-4e18-b372-91bd4a4f7423'),
 ('22', '22', 'en_us', 'Utilities', NULL, NULL, NULL, NULL, NULL, NULL, NULL, NULL, '0', NULL, NULL, NULL, NULL, NULL, '2017-06-09 19:48:34', '2017-06-09 19:49:14', '20be3d7b-2fe0-42a3-bfac-a8dd5e70d115'),
 ('23', '23', 'en_us', 'Transportation', NULL, NULL, NULL, NULL, NULL, NULL, NULL, NULL, '0', NULL, NULL, NULL, NULL, NULL, '2017-06-09 19:48:55', '2017-06-09 19:48:55', '6e1f8527-9a76-4451-ab3d-711fb69885da'),
 ('24', '24', 'en_us', 'Environment', NULL, NULL, NULL, NULL, NULL, NULL, NULL, NULL, '0', NULL, NULL, NULL, NULL, NULL, '2017-06-09 19:49:34', '2017-06-09 19:49:38', 'cdfa17e3-ceeb-4197-8936-09d3122da35a'),
 ('25', '25', 'en_us', 'Community', NULL, NULL, NULL, NULL, NULL, NULL, NULL, NULL, '0', NULL, NULL, NULL, NULL, NULL, '2017-06-09 19:49:42', '2017-06-09 19:49:42', 'e11ed56f-3bc2-4879-8920-2bdc5e2b1f81'),
 ('27', '27', 'en_us', 'About', NULL, NULL, NULL, NULL, NULL, NULL, NULL, NULL, '0', NULL, NULL, NULL, NULL, NULL, '2017-06-09 20:32:02', '2017-06-16 15:40:22', '2104094f-f6bc-480a-85e7-89f2a2200fb2'),
 ('28', '28', 'en_us', 'Homepage', NULL, NULL, NULL, NULL, NULL, NULL, NULL, NULL, '0', NULL, NULL, NULL, NULL, NULL, '2017-06-09 20:34:58', '2017-06-27 21:10:29', '317d033a-e858-4644-a424-4cce74e45883'),
 ('29', '29', 'en_us', 'Cbiapage', NULL, NULL, NULL, NULL, NULL, NULL, NULL, NULL, '0', NULL, NULL, NULL, NULL, NULL, '2017-06-12 20:16:25', '2017-06-12 20:16:25', '8f5f463b-1509-4a58-a4dd-e9750bdd8e60'),
 ('31', '35', 'en_us', 'Joanne Samson', NULL, '1994-09-02 00:00:00', '', '', NULL, NULL, NULL, NULL, '0', NULL, NULL, NULL, NULL, NULL, '2017-06-15 15:05:59', '2017-06-28 21:11:02', 'a0fb85b4-af69-420a-8e6f-20cf5f1a6ecd'),
 ('33', '41', 'en_us', 'Board Member', NULL, NULL, NULL, NULL, NULL, NULL, NULL, NULL, '0', NULL, NULL, NULL, NULL, NULL, '2017-06-15 16:39:26', '2017-06-28 21:10:11', '1bd192e3-30a3-4174-bf8e-d5e2c31d76ef'),
 ('34', '42', 'en_us', 'Practice lead', NULL, NULL, NULL, NULL, NULL, NULL, NULL, NULL, '0', NULL, NULL, NULL, NULL, NULL, '2017-06-15 16:39:39', '2017-06-28 21:10:32', '1bc90a96-325a-4b91-8ac6-596092543300'),
 ('40', '52', 'en_us', 'Connecticut', NULL, NULL, NULL, NULL, NULL, '{\"type\":\"tel\",\"tel\":\"2032711773\",\"customText\":\"(203) 271-1773\"}', '', '', '0', NULL, NULL, '{\"name\":\"Connecticut\",\"street\":\"99 Realty Drive\",\"street2\":\"\",\"city\":\"Cheshire\",\"region\":\"CT\",\"postalCode\":\"06410\",\"country\":\"US\",\"__model__\":\"Craft\\\\VzAddress_AddressModel\"}', NULL, NULL, '2017-06-15 22:20:32', '2017-06-28 20:33:56', 'b69e3468-7a1d-4fa6-bd4b-0cd76367d867'),
 ('41', '53', 'en_us', 'The Gunnery Athletic Fields Redesign', NULL, NULL, NULL, NULL, NULL, NULL, NULL, NULL, '0', NULL, NULL, NULL, NULL, NULL, '2017-06-16 01:49:49', '2017-07-09 18:53:21', '5c18d937-c3b1-40b0-a023-a08fb4067175'),
 ('43', '55', 'en_us', 'Public Education ', NULL, NULL, NULL, NULL, NULL, NULL, NULL, NULL, '0', NULL, NULL, NULL, NULL, NULL, '2017-06-26 21:09:48', '2017-06-26 21:09:48', '21c7645e-fbfb-4ef1-8562-039819fafff3'),
 ('44', '80', 'en_us', 'Higher Education ', NULL, NULL, NULL, NULL, NULL, NULL, NULL, NULL, '0', NULL, NULL, NULL, NULL, NULL, '2017-06-26 21:41:31', '2017-06-26 21:41:31', '7a84c0b0-968c-46da-b844-37c4c3cd3835'),
 ('45', '81', 'en_us', 'Independent Schools ', NULL, NULL, NULL, NULL, NULL, NULL, NULL, NULL, '0', NULL, NULL, NULL, NULL, NULL, '2017-06-26 21:41:49', '2017-06-26 21:41:49', '70d91410-cd45-49a5-b0dc-265c17935663'),
 ('46', '82', 'en_us', 'Residential ', NULL, NULL, NULL, NULL, NULL, NULL, NULL, NULL, '0', NULL, NULL, NULL, NULL, NULL, '2017-06-26 21:42:14', '2017-06-26 21:42:14', '3232a817-fbc9-4f01-98f7-5797e6bd3b2e'),
 ('47', '83', 'en_us', 'Corporate & Industrial ', NULL, NULL, NULL, NULL, NULL, NULL, NULL, NULL, '0', NULL, NULL, NULL, NULL, NULL, '2017-06-26 21:42:35', '2017-06-26 21:42:35', '98562d03-820c-41a9-9651-de95ff2fbf24'),
 ('48', '84', 'en_us', 'Healthcare ', NULL, NULL, NULL, NULL, NULL, NULL, NULL, NULL, '0', NULL, NULL, NULL, NULL, NULL, '2017-06-26 21:42:51', '2017-06-26 21:42:51', 'df3bb108-4bd1-4052-bd73-be87aa4dbb59'),
 ('49', '85', 'en_us', 'Mixed Use & Commercial ', NULL, NULL, NULL, NULL, NULL, NULL, NULL, NULL, '0', NULL, NULL, NULL, NULL, NULL, '2017-06-26 21:43:18', '2017-06-26 21:43:18', '81ccc0f5-3752-4142-8c11-243be60a5277'),
 ('50', '86', 'en_us', 'Civic ', NULL, NULL, NULL, NULL, NULL, NULL, NULL, NULL, '0', NULL, NULL, NULL, NULL, NULL, '2017-06-26 21:43:34', '2017-06-26 21:43:34', 'ecc1ecb1-a8a3-4726-9101-9729bcc19da5'),
 ('54', '90', 'en_us', 'Masthead Home Desktop', NULL, NULL, NULL, NULL, NULL, NULL, NULL, NULL, '0', NULL, NULL, NULL, NULL, NULL, '2017-06-27 21:08:55', '2017-06-27 21:08:55', '66ec3ef5-c313-46b5-ac1c-6af9f823de2c'),
 ('55', '91', 'en_us', 'Masthead Home', NULL, NULL, NULL, NULL, NULL, NULL, NULL, NULL, '0', NULL, NULL, NULL, NULL, NULL, '2017-06-27 21:08:55', '2017-06-27 21:08:56', '539b227a-cc63-4176-ac19-c61a35fa352a'),
 ('56', '92', 'en_us', 'Masthead Work Desktop', NULL, NULL, NULL, NULL, NULL, NULL, NULL, NULL, '0', NULL, NULL, NULL, NULL, NULL, '2017-06-27 21:08:56', '2017-06-27 21:08:56', 'fffd61ff-96c4-42e7-8c8d-fa6f6594047e'),
 ('57', '117', 'en_us', 'Master Planning and Site Design ', NULL, NULL, NULL, NULL, NULL, NULL, NULL, NULL, '0', NULL, '#000000', NULL, NULL, '', '2017-06-28 13:44:16', '2017-06-28 13:44:16', '84d27b7f-a537-4ecc-a247-7bdf4f8ecaf0'),
 ('58', '118', 'en_us', 'Parks & Recreation ', NULL, NULL, NULL, NULL, NULL, NULL, NULL, NULL, '0', NULL, '#000000', NULL, NULL, '', '2017-06-28 13:44:45', '2017-06-28 13:44:45', 'fe09a9aa-04a5-48dc-af2d-0c033905aa7c'),
 ('59', '119', 'en_us', 'Athletic Facilities ', NULL, NULL, NULL, NULL, NULL, NULL, NULL, NULL, '0', NULL, '#000000', NULL, NULL, '', '2017-06-28 13:45:13', '2017-06-28 13:45:13', '34776af1-59e0-41c7-8e45-25a9cf7c0da6'),
 ('60', '120', 'en_us', 'Bikes and Greenways ', NULL, NULL, NULL, NULL, NULL, NULL, NULL, NULL, '0', NULL, '#000000', NULL, NULL, '', '2017-06-28 13:45:30', '2017-06-28 13:45:30', 'ce22b9db-a58b-4f39-806e-69c964f4a387'),
 ('61', '121', 'en_us', 'Environmental Site Assessment & Remediation ', NULL, NULL, NULL, NULL, NULL, NULL, NULL, NULL, '0', NULL, '#000000', NULL, NULL, '', '2017-06-28 13:47:36', '2017-06-28 13:47:36', '6015bbec-0a8a-47a7-9170-2ef99e5fc83a'),
 ('62', '122', 'en_us', 'Industrial Permitting ', NULL, NULL, NULL, NULL, NULL, NULL, NULL, NULL, '0', NULL, '#000000', NULL, NULL, '', '2017-06-28 13:47:58', '2017-06-28 13:47:58', 'ce48a2b2-2f1b-4862-a258-2cc6a4881224'),
 ('63', '123', 'en_us', 'Community & Land Use ', NULL, NULL, NULL, NULL, NULL, NULL, NULL, NULL, '0', NULL, '#000000', NULL, NULL, '', '2017-06-28 13:49:26', '2017-06-28 13:49:26', '7371096e-d96f-40f6-893d-a3b17d7a63cf'),
 ('64', '124', 'en_us', 'Redevelopment & Economic Development ', NULL, NULL, NULL, NULL, NULL, NULL, NULL, NULL, '0', NULL, '#000000', NULL, NULL, '', '2017-06-28 13:49:44', '2017-06-28 13:49:44', '7e7e099d-cf29-4b28-9698-b37eb9df03ff'),
 ('65', '125', 'en_us', 'School Enrollment Projections & Redistricting ', NULL, NULL, NULL, NULL, NULL, NULL, NULL, NULL, '0', NULL, '#000000', NULL, NULL, '', '2017-06-28 13:50:08', '2017-06-28 13:50:08', 'a1f0ef7b-214c-4c58-88c4-2981df497a7f'),
 ('66', '126', 'en_us', 'Transportation Planning ', NULL, NULL, NULL, NULL, NULL, NULL, NULL, NULL, '0', NULL, '#000000', NULL, NULL, '', '2017-06-28 13:50:23', '2017-06-28 13:50:23', 'ac3d8f7d-eaa6-4ad2-913f-17a968ea458e'),
 ('67', '127', 'en_us', 'Hazard Mitigation ', NULL, NULL, NULL, NULL, NULL, NULL, NULL, NULL, '0', NULL, '#000000', NULL, NULL, '', '2017-06-28 13:50:39', '2017-06-28 13:50:39', 'e4dfb2cb-6320-4af5-9ae3-1956e9a09b24'),
 ('68', '128', 'en_us', 'Coastal Resilience ', NULL, NULL, NULL, NULL, NULL, NULL, NULL, NULL, '0', NULL, '#000000', NULL, NULL, '', '2017-06-28 13:51:01', '2017-06-28 13:51:01', '03928728-d979-4866-9c0e-137cb3f17ec8'),
 ('69', '129', 'en_us', 'Project Administration', NULL, NULL, NULL, NULL, NULL, NULL, NULL, NULL, '0', NULL, '#000000', NULL, NULL, '', '2017-06-28 13:51:39', '2017-06-28 13:51:39', '58ebe53a-16e4-4e75-9a45-7dd5173cf272'),
 ('70', '130', 'en_us', 'Resident Engineering ', NULL, NULL, NULL, NULL, NULL, NULL, NULL, NULL, '0', NULL, '#000000', NULL, NULL, '', '2017-06-28 13:51:54', '2017-06-28 13:51:54', 'da6443c7-ea87-4736-b240-ded708603a0e'),
 ('71', '131', 'en_us', 'Value Engineering ', NULL, NULL, NULL, NULL, NULL, NULL, NULL, NULL, '0', NULL, '#000000', NULL, NULL, '', '2017-06-28 13:52:06', '2017-06-28 13:52:06', '42c217a1-31f9-4bf7-b53f-fa2407d1a781'),
 ('72', '139', 'en_us', 'Agawam High School Athletic Facility Renovation ', NULL, NULL, NULL, NULL, NULL, NULL, NULL, NULL, '0', NULL, NULL, '{\"name\":\"\",\"street\":\"\",\"street2\":\"\",\"city\":\"Agawam\",\"region\":\"Massachusetts \",\"postalCode\":\"\",\"country\":\"US\",\"__model__\":\"Craft\\\\VzAddress_AddressModel\"}', 'Agawam High School ', NULL, '2017-06-28 15:54:55', '2017-07-09 18:53:22', '5df74c12-7361-4545-bc4c-68e78387c496'),
 ('73', '147', 'en_us', 'About ', NULL, NULL, NULL, NULL, NULL, NULL, NULL, NULL, '0', NULL, NULL, NULL, NULL, NULL, '2017-06-28 19:29:30', '2017-06-28 19:29:30', '23c98066-67ed-4350-aba8-5b462ea35a62'),
 ('74', '153', 'en_us', 'Maine', NULL, NULL, NULL, NULL, NULL, '{\"type\":\"tel\",\"tel\":\"2075419544\",\"customText\":\"(207) 541-9544\"}', '', '', '0', NULL, NULL, '{\"name\":\"Maine\",\"street\":\"121 Middle Street\",\"street2\":\"Suite 201\",\"city\":\"Portland\",\"region\":\"ME\",\"postalCode\":\"04101\",\"country\":\"US\",\"__model__\":\"Craft\\\\VzAddress_AddressModel\"}', NULL, NULL, '2017-06-28 20:21:43', '2017-06-28 20:21:43', 'd55ff8f7-66be-44a4-8a99-82bf1cf5b04c'),
 ('75', '154', 'en_us', 'Massachusetts', NULL, NULL, NULL, NULL, NULL, '{\"type\":\"tel\",\"tel\":\"4132416920\",\"customText\":\"(413) 241-6920\"}', '', '', '0', NULL, NULL, '{\"name\":\"Massachusetts\",\"street\":\"1350 Main Street\",\"street2\":\"Suite 1012\",\"city\":\"Springfield\",\"region\":\"MA\",\"postalCode\":\"01103\",\"country\":\"US\",\"__model__\":\"Craft\\\\VzAddress_AddressModel\"}', NULL, NULL, '2017-06-28 20:23:06', '2017-06-28 20:23:06', '931daa38-0474-4854-9569-62b4d6e296ee'),
 ('76', '155', 'en_us', 'New Hampshire', NULL, NULL, NULL, NULL, NULL, '{\"type\":\"tel\",\"tel\":\"6032182320\",\"customText\":\"(603) 218-2320\"}', '', '', '0', NULL, NULL, '{\"name\":\"New Hampshire\",\"street\":\"1 Sundial Avenue\",\"street2\":\"Suite 505N\",\"city\":\"Manchester\",\"region\":\"NH\",\"postalCode\":\"03103\",\"country\":\"US\",\"__model__\":\"Craft\\\\VzAddress_AddressModel\"}', NULL, NULL, '2017-06-28 20:23:59', '2017-06-28 20:23:59', '0d16984c-fedc-425e-b263-2469b8abd1d6'),
 ('77', '156', 'en_us', 'New York', NULL, NULL, NULL, NULL, NULL, '{\"type\":\"tel\",\"tel\":\"8456338153\",\"customText\":\"(845) 633-8153\"}', '', '', '0', NULL, NULL, '{\"name\":\"New York\",\"street\":\"231 Main Street\",\"street2\":\"Suit 102\",\"city\":\"New Paltz\",\"region\":\"NY\",\"postalCode\":\"12561\",\"country\":\"US\",\"__model__\":\"Craft\\\\VzAddress_AddressModel\"}', NULL, NULL, '2017-06-28 20:25:04', '2017-06-28 20:25:04', '5de62bfa-8a2a-49ba-85e0-bcb49496cd02'),
 ('78', '157', 'en_us', 'Vermont', NULL, NULL, NULL, NULL, NULL, '{\"type\":\"tel\",\"tel\":\"8028828335\",\"customText\":\"(802) 882-8335\"}', '', '', '0', NULL, NULL, '{\"name\":\"Vermont\",\"street\":\"1 South Main Street\",\"street2\":\"\",\"city\":\"Waterbury\",\"region\":\"VT\",\"postalCode\":\"05676\",\"country\":\"US\",\"__model__\":\"Craft\\\\VzAddress_AddressModel\"}', NULL, NULL, '2017-06-28 20:25:47', '2017-06-28 20:25:47', '1459c17e-e9b5-419c-afe0-64a68caa039f'),
 ('79', '158', 'en_us', 'Vice President', NULL, NULL, NULL, NULL, NULL, NULL, NULL, NULL, '0', NULL, NULL, NULL, NULL, NULL, '2017-06-28 21:10:47', '2017-06-28 21:10:47', '00ec5e3a-9c48-4e27-8513-72a285abed24'),
 ('80', '160', 'en_us', 'Case Studies', NULL, NULL, NULL, NULL, NULL, NULL, NULL, NULL, '0', NULL, NULL, NULL, NULL, NULL, '2017-07-09 19:15:34', '2017-07-09 19:57:34', 'edc63ba9-7e7d-4c11-920f-ee8c55e7c6d5');



DROP TABLE IF EXISTS `craft_deprecationerrors`;


--
-- Schema for table `craft_deprecationerrors`
--
CREATE TABLE `craft_deprecationerrors` (
  `id` int(11) NOT NULL AUTO_INCREMENT,
  `key` varchar(255) COLLATE utf8_unicode_ci NOT NULL,
  `fingerprint` varchar(255) COLLATE utf8_unicode_ci NOT NULL,
  `lastOccurrence` datetime NOT NULL,
  `file` varchar(255) COLLATE utf8_unicode_ci NOT NULL,
  `line` smallint(6) unsigned NOT NULL,
  `class` varchar(255) COLLATE utf8_unicode_ci DEFAULT NULL,
  `method` varchar(255) COLLATE utf8_unicode_ci DEFAULT NULL,
  `template` varchar(255) COLLATE utf8_unicode_ci DEFAULT NULL,
  `templateLine` smallint(6) unsigned DEFAULT NULL,
  `message` varchar(255) COLLATE utf8_unicode_ci DEFAULT NULL,
  `traces` text COLLATE utf8_unicode_ci,
  `dateCreated` datetime NOT NULL,
  `dateUpdated` datetime NOT NULL,
  `uid` char(36) COLLATE utf8_unicode_ci NOT NULL DEFAULT '0',
  PRIMARY KEY (`id`),
  UNIQUE KEY `craft_deprecationerrors_key_fingerprint_unq_idx` (`key`,`fingerprint`)
) ENGINE=InnoDB DEFAULT CHARSET=utf8 COLLATE=utf8_unicode_ci;

DROP TABLE IF EXISTS `craft_elementindexsettings`;


--
-- Schema for table `craft_elementindexsettings`
--
CREATE TABLE `craft_elementindexsettings` (
  `id` int(11) NOT NULL AUTO_INCREMENT,
  `type` varchar(150) COLLATE utf8_unicode_ci NOT NULL,
  `settings` text COLLATE utf8_unicode_ci,
  `dateCreated` datetime NOT NULL,
  `dateUpdated` datetime NOT NULL,
  `uid` char(36) COLLATE utf8_unicode_ci NOT NULL DEFAULT '0',
  PRIMARY KEY (`id`),
  UNIQUE KEY `craft_elementindexsettings_type_unq_idx` (`type`)
) ENGINE=InnoDB AUTO_INCREMENT=2 DEFAULT CHARSET=utf8 COLLATE=utf8_unicode_ci;

--
-- Data for table `craft_elementindexsettings`
--

INSERT INTO `craft_elementindexsettings` (`id`, `type`, `settings`, `dateCreated`, `dateUpdated`, `uid`) VALUES
 ('1', 'Category', '{\"sources\":{\"group:2\":{\"tableAttributes\":{\"1\":\"link\"}},\"group:1\":{\"tableAttributes\":{\"1\":\"link\"}},\"group:3\":{\"tableAttributes\":{\"1\":\"link\"}}}}', '2017-06-15 16:37:59', '2017-06-15 16:39:13', '8cb86173-8c50-4a28-8b26-dd25eafcaeeb');



DROP TABLE IF EXISTS `craft_elements`;


--
-- Schema for table `craft_elements`
--
CREATE TABLE `craft_elements` (
  `id` int(11) NOT NULL AUTO_INCREMENT,
  `type` varchar(150) COLLATE utf8_unicode_ci NOT NULL,
  `enabled` tinyint(1) unsigned NOT NULL DEFAULT '1',
  `archived` tinyint(1) unsigned NOT NULL DEFAULT '0',
  `dateCreated` datetime NOT NULL,
  `dateUpdated` datetime NOT NULL,
  `uid` char(36) COLLATE utf8_unicode_ci NOT NULL DEFAULT '0',
  PRIMARY KEY (`id`),
  KEY `craft_elements_type_idx` (`type`),
  KEY `craft_elements_enabled_idx` (`enabled`),
  KEY `craft_elements_archived_dateCreated_idx` (`archived`,`dateCreated`)
) ENGINE=InnoDB AUTO_INCREMENT=164 DEFAULT CHARSET=utf8 COLLATE=utf8_unicode_ci;

--
-- Data for table `craft_elements`
--

INSERT INTO `craft_elements` (`id`, `type`, `enabled`, `archived`, `dateCreated`, `dateUpdated`, `uid`) VALUES
 ('1', 'User', '1', '0', '2017-06-09 17:32:21', '2017-06-09 17:32:21', 'dcad5cb0-fd9f-4b81-a8ce-db6e7a81edca'),
 ('3', 'Entry', '1', '0', '2017-06-09 17:32:25', '2017-06-09 17:55:35', 'da780abd-0fb6-4413-b39a-78b284a30cc1'),
 ('4', 'Category', '1', '0', '2017-06-09 19:41:56', '2017-06-09 19:41:56', '550badb7-4403-414d-9686-1517de6c4cda'),
 ('5', 'Category', '1', '0', '2017-06-09 19:42:27', '2017-06-09 19:42:27', '26f983d5-b62c-440b-b84a-67a536c829c8'),
 ('6', 'Category', '1', '0', '2017-06-09 19:44:01', '2017-06-28 13:35:02', '7ec28156-5f59-43e0-b477-81cc7b6e5b68'),
 ('7', 'Category', '1', '0', '2017-06-09 19:44:22', '2017-06-09 19:44:22', 'e1a42feb-f898-4c1c-ae3b-2adcd310e4d9'),
 ('8', 'Category', '1', '0', '2017-06-09 19:44:31', '2017-06-09 19:44:31', 'd43868ec-6424-418b-ac40-1d6055902507'),
 ('9', 'Category', '1', '0', '2017-06-09 19:44:43', '2017-06-09 19:44:43', 'fb4951c2-998f-4878-a884-c7e6db2e9e2f'),
 ('10', 'Category', '1', '0', '2017-06-09 19:44:53', '2017-06-09 19:44:53', '39a5cd68-45be-4d96-9fda-3aa0f636dc9f'),
 ('11', 'Category', '1', '0', '2017-06-09 19:45:00', '2017-06-09 19:45:00', '1ee1e60a-7610-4165-9ed5-0c106d010d20'),
 ('12', 'Category', '1', '0', '2017-06-09 19:45:26', '2017-06-09 19:45:26', '5219c564-1369-4c78-a8dc-3c32474300b8'),
 ('13', 'Category', '1', '0', '2017-06-09 19:45:41', '2017-06-09 19:46:16', 'a7488513-f2fe-49ac-ac5f-91436e949a32'),
 ('14', 'Category', '1', '0', '2017-06-09 19:46:01', '2017-06-09 19:46:01', '7d0984e5-df19-497a-b122-1a16cb2477dc'),
 ('15', 'Category', '1', '0', '2017-06-09 19:46:38', '2017-06-28 13:47:03', '51de71af-f82f-4039-96fb-289a8f266790'),
 ('16', 'Category', '1', '0', '2017-06-09 19:47:07', '2017-06-09 19:47:17', 'f6357640-9a0d-43a6-bc2b-d26dfa25ba0e'),
 ('17', 'Category', '1', '0', '2017-06-09 19:47:22', '2017-06-28 14:52:19', '4d9c65f8-99c9-439c-b99e-0fabef48884d'),
 ('18', 'Category', '1', '0', '2017-06-09 19:47:32', '2017-06-09 19:47:40', 'ff44de85-c5c6-4923-b858-56ae907012b2'),
 ('19', 'Category', '1', '0', '2017-06-09 19:47:46', '2017-06-09 19:47:46', '4c258a16-3f39-4b77-8dcc-391bae53dee8'),
 ('20', 'Category', '1', '0', '2017-06-09 19:48:11', '2017-06-09 19:48:17', '136f56c0-8494-44df-bf55-653c197463e7'),
 ('21', 'Category', '1', '0', '2017-06-09 19:48:22', '2017-06-09 19:48:27', '6bcedf37-a9a3-4e63-8639-3220eb415b34'),
 ('22', 'Category', '1', '0', '2017-06-09 19:48:34', '2017-06-09 19:49:14', 'a9d6d314-fc2c-4a10-b936-173901be8758'),
 ('23', 'Category', '1', '0', '2017-06-09 19:48:55', '2017-06-09 19:48:55', '8219a3c6-d558-4e69-9d68-83ee5668949d'),
 ('24', 'Category', '1', '0', '2017-06-09 19:49:34', '2017-06-09 19:49:38', '7c06e541-af7a-44d0-a49a-e1315abfa060'),
 ('25', 'Category', '1', '0', '2017-06-09 19:49:42', '2017-06-09 19:49:42', '25e04356-a1c5-4b88-8810-b9fd98de4582'),
 ('27', 'Navee_Node', '1', '0', '2017-06-09 20:32:02', '2017-06-16 15:40:22', 'b9c18767-4e1b-4dd0-84a7-6bccf8889bec'),
 ('28', 'Entry', '1', '0', '2017-06-09 20:34:58', '2017-06-27 21:10:29', '53cda700-f01d-4f44-a6b0-526f54c9b613'),
 ('29', 'Asset', '1', '0', '2017-06-12 20:16:25', '2017-06-12 20:16:25', 'c5cebcfe-6f73-4942-ae5b-839e96964fff'),
 ('30', 'MatrixBlock', '1', '0', '2017-06-12 20:16:38', '2017-06-27 21:10:29', '9813a6e1-a23a-424c-995d-89cd78b2fcf0'),
 ('31', 'SuperTable_Block', '1', '0', '2017-06-12 20:16:38', '2017-06-27 21:10:29', '0662ab94-22fb-4bb3-97d6-f278fc0bae43'),
 ('35', 'Entry', '1', '0', '2017-06-15 15:05:59', '2017-06-28 21:11:02', '8f984bc8-69b2-4af0-8591-5ca05ab3f7e7'),
 ('36', 'MatrixBlock', '1', '0', '2017-06-15 15:05:59', '2017-06-15 16:17:13', '74ff0d3f-28c6-484b-9ac4-6b0185e9da3a'),
 ('37', 'MatrixBlock', '1', '0', '2017-06-15 15:05:59', '2017-06-15 16:17:13', 'fff7b311-7d62-4451-82ed-b8b7f74b37f0'),
 ('38', 'SuperTable_Block', '1', '0', '2017-06-15 16:04:27', '2017-06-28 21:11:02', 'fb9d0c27-725c-43b5-ab41-41b598d8c85b'),
 ('39', 'MatrixBlock', '1', '0', '2017-06-15 16:17:13', '2017-06-15 16:17:13', 'c82e5f27-ab3a-42ec-b0de-c697eee6727a'),
 ('41', 'Category', '1', '0', '2017-06-15 16:39:26', '2017-06-28 21:10:11', '49ad43d7-f398-4ea0-a183-3522b7940741'),
 ('42', 'Category', '1', '0', '2017-06-15 16:39:39', '2017-06-28 21:10:32', 'ee04da97-9356-45d1-947a-ba91ac8b7315'),
 ('52', 'Category', '1', '0', '2017-06-15 22:20:32', '2017-06-28 20:33:56', '1de9f18a-6d05-4cdb-835a-0cc0052f7bbc'),
 ('53', 'Entry', '1', '0', '2017-06-16 01:49:49', '2017-07-09 18:53:21', 'acc2ef87-de03-4649-90ff-2db5863820ac'),
 ('55', 'Category', '1', '0', '2017-06-26 21:09:48', '2017-06-26 21:09:48', 'f4cd0874-b686-4306-a285-3912cfd9de3b'),
 ('56', 'MatrixBlock', '1', '0', '2017-06-26 21:28:58', '2017-06-28 13:35:02', 'e97ddae4-9155-4269-adaf-4ffb5d892c9f'),
 ('57', 'SuperTable_Block', '1', '0', '2017-06-26 21:28:58', '2017-06-28 13:35:02', 'e8db4000-aba6-4144-863a-1861616218b7'),
 ('80', 'Category', '1', '0', '2017-06-26 21:41:31', '2017-06-26 21:41:31', '04fc0199-d46b-4187-82d4-04eda1803a3f'),
 ('81', 'Category', '1', '0', '2017-06-26 21:41:49', '2017-06-26 21:41:49', 'cacf6d9a-6c28-47cf-882f-77cdb55feeda'),
 ('82', 'Category', '1', '0', '2017-06-26 21:42:14', '2017-06-26 21:42:14', 'ae4189e4-27a4-4a29-8b8a-7a6c8cd05ffc'),
 ('83', 'Category', '1', '0', '2017-06-26 21:42:35', '2017-06-26 21:42:35', '6afebff7-1676-4f29-b2a4-25901c33b802'),
 ('84', 'Category', '1', '0', '2017-06-26 21:42:51', '2017-06-26 21:42:51', '45338006-9c2d-426e-9371-de7ee81b1eca'),
 ('85', 'Category', '1', '0', '2017-06-26 21:43:18', '2017-06-26 21:43:18', 'fe22d993-72a9-483b-94c2-5188fdc24397'),
 ('86', 'Category', '1', '0', '2017-06-26 21:43:34', '2017-06-26 21:43:34', 'd8768993-94c2-4e16-aa22-addbd3e40627'),
 ('90', 'Asset', '1', '0', '2017-06-27 21:08:55', '2017-06-27 21:08:55', '715afa21-e892-4e2e-97b2-923d0b5fe1de'),
 ('91', 'Asset', '1', '0', '2017-06-27 21:08:55', '2017-06-27 21:08:56', '50db850e-d1ba-40d1-b151-5e4fbf91eb8c'),
 ('92', 'Asset', '1', '0', '2017-06-27 21:08:56', '2017-06-27 21:08:56', '0bda6b47-e1d1-489f-a19c-959912d69b9e'),
 ('93', 'MatrixBlock', '1', '0', '2017-06-28 13:35:02', '2017-06-28 13:35:02', 'b9e38d0b-cc32-402e-a7f4-837e88fd1a4a'),
 ('94', 'SuperTable_Block', '1', '0', '2017-06-28 13:35:02', '2017-06-28 13:35:02', 'c55cb50a-41fd-4846-9546-ecac78f50873'),
 ('95', 'SuperTable_Block', '1', '0', '2017-06-28 13:35:02', '2017-06-28 13:35:02', 'f4dfc612-d8cb-4b6e-8b81-b9fc7028cf09'),
 ('96', 'SuperTable_Block', '1', '0', '2017-06-28 13:35:02', '2017-06-28 13:35:02', 'a4fb4027-e52e-4d6b-baf4-3930c0a132f4'),
 ('97', 'SuperTable_Block', '1', '0', '2017-06-28 13:35:02', '2017-06-28 13:35:02', 'ce597678-69a8-4fcf-b59e-25d84275c428'),
 ('98', 'SuperTable_Block', '1', '0', '2017-06-28 13:35:02', '2017-06-28 13:35:02', 'f973a249-314a-4731-b400-37a4dcf1838b'),
 ('99', 'SuperTable_Block', '1', '0', '2017-06-28 13:35:02', '2017-06-28 13:35:02', 'da120d50-1e4a-4641-84f7-2729baeb1f3a'),
 ('100', 'SuperTable_Block', '1', '0', '2017-06-28 13:35:02', '2017-06-28 13:35:02', 'bd3e2b7f-9c1a-44b8-85e9-d894d0a8b652'),
 ('101', 'SuperTable_Block', '1', '0', '2017-06-28 13:35:02', '2017-06-28 13:35:02', 'bf736b07-f6ca-4cf5-adfb-a1573df4edfa'),
 ('102', 'SuperTable_Block', '1', '0', '2017-06-28 13:35:02', '2017-06-28 13:35:02', '710a0f1b-59c6-44fa-9cef-b71f78f662ed'),
 ('103', 'SuperTable_Block', '1', '0', '2017-06-28 13:35:02', '2017-06-28 13:35:02', '685712e6-9898-496e-b03a-99541af0f957'),
 ('104', 'SuperTable_Block', '1', '0', '2017-06-28 13:35:02', '2017-06-28 13:35:02', '8d15239f-ad25-4a23-9051-263927ad9aac'),
 ('105', 'SuperTable_Block', '1', '0', '2017-06-28 13:35:02', '2017-06-28 13:35:02', '1aa42fc4-1f4e-4421-b87b-14a984f1b597'),
 ('106', 'SuperTable_Block', '1', '0', '2017-06-28 13:35:02', '2017-06-28 13:35:02', 'dda4fb79-b107-42bc-91be-1fd5b5d8ca11'),
 ('107', 'SuperTable_Block', '1', '0', '2017-06-28 13:35:02', '2017-06-28 13:35:02', '8ad95186-38b6-49f0-ad12-741e353ec3ce'),
 ('108', 'SuperTable_Block', '1', '0', '2017-06-28 13:35:02', '2017-06-28 13:35:02', 'bc514790-a71d-4afa-8c72-c1b200491c75'),
 ('109', 'SuperTable_Block', '1', '0', '2017-06-28 13:35:02', '2017-06-28 13:35:02', '2139159c-9775-4589-908d-e5872d86d435'),
 ('110', 'SuperTable_Block', '1', '0', '2017-06-28 13:35:02', '2017-06-28 13:35:02', '0ccad496-a258-41d9-83da-4ccfa2f29dd5'),
 ('111', 'SuperTable_Block', '1', '0', '2017-06-28 13:35:02', '2017-06-28 13:35:02', 'e54d5314-3842-4013-84b6-f5eb7f4920a9'),
 ('112', 'SuperTable_Block', '1', '0', '2017-06-28 13:35:02', '2017-06-28 13:35:02', 'c4b7f584-c91a-4847-b516-0910db123778'),
 ('113', 'SuperTable_Block', '1', '0', '2017-06-28 13:35:02', '2017-06-28 13:35:02', '97d550d8-7ed5-4048-8f26-475c09a823ca'),
 ('114', 'MatrixBlock', '1', '0', '2017-06-28 13:35:02', '2017-06-28 13:35:02', '66624ae1-4fa6-4bf9-8485-cb12936cdfbb'),
 ('115', 'MatrixBlock', '1', '0', '2017-06-28 13:35:02', '2017-06-28 13:35:02', '77415308-7eaa-4117-9b0b-f1804623f802'),
 ('116', 'MatrixBlock', '1', '0', '2017-06-28 13:35:03', '2017-06-28 13:35:03', '2a20f257-9781-471e-bbf3-9591d4988d42'),
 ('117', 'Category', '1', '0', '2017-06-28 13:44:16', '2017-06-28 13:44:16', '4b18bff8-6146-4000-894b-8f4b9516350d'),
 ('118', 'Category', '1', '0', '2017-06-28 13:44:45', '2017-06-28 13:44:45', 'e6410364-f6eb-408d-ab76-7e6cd54b9f94'),
 ('119', 'Category', '1', '0', '2017-06-28 13:45:13', '2017-06-28 13:45:13', '090f16d4-ec14-4051-bcd8-6b4e06d91239'),
 ('120', 'Category', '1', '0', '2017-06-28 13:45:30', '2017-06-28 13:45:30', '7dfca1ec-8ad4-4644-a9cd-0b91c84563ab'),
 ('121', 'Category', '1', '0', '2017-06-28 13:47:36', '2017-06-28 13:47:36', 'e3061c3f-9c94-4cbd-82c0-24d985a1bf21'),
 ('122', 'Category', '1', '0', '2017-06-28 13:47:58', '2017-06-28 13:47:58', 'e447ab9f-6977-41bf-aee8-77a2d7ed6faf'),
 ('123', 'Category', '1', '0', '2017-06-28 13:49:26', '2017-06-28 13:49:26', '7623c0dc-8fa5-4b68-8ee0-da58cf7f7ee2'),
 ('124', 'Category', '1', '0', '2017-06-28 13:49:44', '2017-06-28 13:49:44', '5da068a9-9e1c-4c43-a3cf-d367e6014061'),
 ('125', 'Category', '1', '0', '2017-06-28 13:50:08', '2017-06-28 13:50:08', 'f992ec67-0860-4f2f-9174-69e0fe793af9'),
 ('126', 'Category', '1', '0', '2017-06-28 13:50:23', '2017-06-28 13:50:23', '04528ef9-feac-4403-99e7-b39879663f1d'),
 ('127', 'Category', '1', '0', '2017-06-28 13:50:39', '2017-06-28 13:50:39', '11708b71-8649-484c-93c7-d854cd0e947c'),
 ('128', 'Category', '1', '0', '2017-06-28 13:51:01', '2017-06-28 13:51:01', '2d495f38-b51f-4330-ac71-652ad9e17803'),
 ('129', 'Category', '1', '0', '2017-06-28 13:51:39', '2017-06-28 13:51:39', 'c23edd2a-9bf0-4d1e-b6fb-00a36acca84b'),
 ('130', 'Category', '1', '0', '2017-06-28 13:51:54', '2017-06-28 13:51:54', '9f562992-61db-4743-8cc1-cae5385f617a'),
 ('131', 'Category', '1', '0', '2017-06-28 13:52:06', '2017-06-28 13:52:06', 'cca14e2d-d48d-4841-ba88-0d41f0d64a19'),
 ('132', 'MatrixBlock', '1', '0', '2017-06-28 13:56:24', '2017-06-28 14:52:19', '19abbd9f-9f49-47d2-85f2-b291622fd07f'),
 ('133', 'SuperTable_Block', '1', '0', '2017-06-28 13:56:24', '2017-06-28 14:52:19', 'd7f36daf-9dcb-4634-9e36-203477a130bc'),
 ('134', 'MatrixBlock', '1', '0', '2017-06-28 13:56:24', '2017-06-28 14:52:19', 'e25b91a5-596d-4154-a5c4-5167055aa7b6'),
 ('135', 'MatrixBlock', '1', '0', '2017-06-28 13:56:24', '2017-06-28 14:52:19', 'c9b830eb-1a65-420c-998d-b148d9b34f51'),
 ('136', 'MatrixBlock', '1', '0', '2017-06-28 13:56:24', '2017-06-28 14:52:19', '07d499ef-d14c-4236-879b-1d326bf0b8d0'),
 ('137', 'MatrixBlock', '1', '0', '2017-06-28 13:56:24', '2017-06-28 14:52:19', '47a44409-d473-47d7-8e2f-7144dafccad1'),
 ('138', 'MatrixBlock', '1', '0', '2017-06-28 13:56:24', '2017-06-28 14:52:19', '4da82c2f-1b31-4fe4-a62e-952b4d7804f4'),
 ('139', 'Entry', '1', '0', '2017-06-28 15:54:55', '2017-07-09 18:53:22', '44c81384-862c-4385-b1c9-de06ac57a412'),
 ('140', 'MatrixBlock', '1', '0', '2017-06-28 15:54:56', '2017-06-28 21:31:48', '0ab099e0-ab80-46f9-b7e5-e3596c65fa7d'),
 ('141', 'SuperTable_Block', '1', '0', '2017-06-28 15:54:56', '2017-06-28 21:31:48', 'b53d92ed-eef1-488f-991b-d77b1fa72d60');
INSERT INTO `craft_elements` (`id`, `type`, `enabled`, `archived`, `dateCreated`, `dateUpdated`, `uid`) VALUES
 ('142', 'MatrixBlock', '1', '0', '2017-06-28 15:54:56', '2017-06-28 21:31:48', '4e6279b2-b796-4139-81fe-d0677915d728'),
 ('143', 'MatrixBlock', '1', '0', '2017-06-28 15:54:56', '2017-06-28 21:31:48', '33698da1-cbfd-4f2b-b6d0-cbb2695bbae6'),
 ('144', 'MatrixBlock', '1', '0', '2017-06-28 15:54:56', '2017-06-28 21:31:48', '66bd1893-f703-4b2f-867f-888311df450a'),
 ('145', 'MatrixBlock', '1', '0', '2017-06-28 15:57:44', '2017-06-28 21:31:48', 'b9d8e44c-ad3d-4950-aded-1906f946068d'),
 ('146', 'MatrixBlock', '1', '0', '2017-06-28 15:57:44', '2017-06-28 21:31:48', '64c8704f-3eff-4d76-9182-107615c5df5d'),
 ('147', 'Entry', '1', '0', '2017-06-28 19:29:30', '2017-06-28 19:29:30', '179e854f-0035-4f31-a9f4-13a80c440b64'),
 ('148', 'MatrixBlock', '1', '0', '2017-06-28 19:29:30', '2017-06-28 19:29:30', '6d3bd814-8c82-4f46-8059-8d42bed96632'),
 ('149', 'SuperTable_Block', '1', '0', '2017-06-28 19:29:30', '2017-06-28 19:29:30', '2655aee7-d664-4098-a195-11db33101d22'),
 ('150', 'MatrixBlock', '1', '0', '2017-06-28 19:29:30', '2017-06-28 19:29:30', 'afd950a3-695b-48ac-956a-f98b24216aa8'),
 ('151', 'MatrixBlock', '1', '0', '2017-06-28 19:29:30', '2017-06-28 19:29:30', '402efd57-8beb-47f8-88b5-cab70cf23e7a'),
 ('152', 'MatrixBlock', '1', '0', '2017-06-28 19:29:30', '2017-06-28 19:29:30', '3cd97d72-83cb-4605-a523-eb026f1e3d48'),
 ('153', 'Category', '1', '0', '2017-06-28 20:21:43', '2017-06-28 20:21:43', '7dabc332-004c-4000-8451-aebb2c16abe3'),
 ('154', 'Category', '1', '0', '2017-06-28 20:23:06', '2017-06-28 20:23:06', 'c650b247-646f-4ddd-b553-02bc749e22d7'),
 ('155', 'Category', '1', '0', '2017-06-28 20:23:59', '2017-06-28 20:23:59', '9b53fafa-4b44-4063-af43-6bf278143ef6'),
 ('156', 'Category', '1', '0', '2017-06-28 20:25:04', '2017-06-28 20:25:04', 'f4058112-eea4-443f-b765-49aa3e04179f'),
 ('157', 'Category', '1', '0', '2017-06-28 20:25:47', '2017-06-28 20:25:47', '55c79ccb-943a-4706-a0b5-0be766a83084'),
 ('158', 'Category', '1', '0', '2017-06-28 21:10:47', '2017-06-28 21:10:47', '49fa44ee-c4fe-43c0-9ef6-3dca13f40328'),
 ('159', 'SuperTable_Block', '1', '0', '2017-06-28 21:31:48', '2017-06-28 21:31:48', 'ce4ee2d3-79e2-4de7-84d6-8b0662c26a56'),
 ('160', 'Entry', '1', '0', '2017-07-09 19:15:34', '2017-07-09 19:57:34', 'e757177f-2cef-4885-977b-de906589f834'),
 ('161', 'MatrixBlock', '1', '0', '2017-07-09 19:15:34', '2017-07-09 19:57:34', '2713448b-2998-4454-8cd6-6f8d71dbd890'),
 ('162', 'SuperTable_Block', '1', '0', '2017-07-09 19:15:34', '2017-07-09 19:57:34', 'c38804de-5e65-4379-8597-1d6e0d916929'),
 ('163', 'MatrixBlock', '1', '0', '2017-07-09 19:15:34', '2017-07-09 19:57:34', 'ae7f1a30-a80f-4769-99dd-a33d3ab36b82');



DROP TABLE IF EXISTS `craft_elements_i18n`;


--
-- Schema for table `craft_elements_i18n`
--
CREATE TABLE `craft_elements_i18n` (
  `id` int(11) NOT NULL AUTO_INCREMENT,
  `elementId` int(11) NOT NULL,
  `locale` char(12) COLLATE utf8_unicode_ci NOT NULL,
  `slug` varchar(255) COLLATE utf8_unicode_ci DEFAULT NULL,
  `uri` varchar(255) COLLATE utf8_unicode_ci DEFAULT NULL,
  `enabled` tinyint(1) unsigned NOT NULL DEFAULT '1',
  `dateCreated` datetime NOT NULL,
  `dateUpdated` datetime NOT NULL,
  `uid` char(36) COLLATE utf8_unicode_ci NOT NULL DEFAULT '0',
  PRIMARY KEY (`id`),
  UNIQUE KEY `craft_elements_i18n_elementId_locale_unq_idx` (`elementId`,`locale`),
  UNIQUE KEY `craft_elements_i18n_uri_locale_unq_idx` (`uri`,`locale`),
  KEY `craft_elements_i18n_slug_locale_idx` (`slug`,`locale`),
  KEY `craft_elements_i18n_enabled_idx` (`enabled`),
  KEY `craft_elements_i18n_locale_fk` (`locale`)
) ENGINE=InnoDB AUTO_INCREMENT=164 DEFAULT CHARSET=utf8 COLLATE=utf8_unicode_ci;

--
-- Data for table `craft_elements_i18n`
--

INSERT INTO `craft_elements_i18n` (`id`, `elementId`, `locale`, `slug`, `uri`, `enabled`, `dateCreated`, `dateUpdated`, `uid`) VALUES
 ('1', '1', 'en_us', '', NULL, '1', '2017-06-09 17:32:21', '2017-06-09 17:32:21', '0e3a9c4e-45c1-415e-a10d-816614530d69'),
 ('3', '3', 'en_us', 'we-just-installed-craft', 'news/2017/we-just-installed-craft', '1', '2017-06-09 17:32:25', '2017-06-09 17:55:36', '90fea180-f1fb-4894-8443-7b5c63ef01d4'),
 ('4', '4', 'en_us', 'engineering', 'service/engineering', '1', '2017-06-09 19:41:56', '2017-06-09 19:41:56', 'f56f4255-956d-4cce-88ea-8748c1a4d434'),
 ('5', '5', 'en_us', 'civil-engineering', 'service/engineering/civil-engineering', '1', '2017-06-09 19:42:28', '2017-06-09 19:42:28', 'a5d3fdd0-aead-49d3-983a-94e87ab07604'),
 ('6', '6', 'en_us', 'transportation-engineering', 'service/engineering/transportation-engineering', '1', '2017-06-09 19:44:01', '2017-06-28 13:35:02', '36f46cb0-0330-4858-8e1e-6d4911543eff'),
 ('7', '7', 'en_us', 'water-resources', 'service/engineering/water-resources', '1', '2017-06-09 19:44:22', '2017-06-09 19:44:22', 'd01e8bd2-f277-49c8-a07c-59e5dadc7ec8'),
 ('8', '8', 'en_us', 'structural-engineering', 'service/engineering/structural-engineering', '1', '2017-06-09 19:44:31', '2017-06-09 19:44:31', 'aba3d847-cb04-4d6a-b4f0-3bf0a71f996c'),
 ('9', '9', 'en_us', 'geotechnical-engineering', 'service/engineering/geotechnical-engineering', '1', '2017-06-09 19:44:43', '2017-06-09 19:44:43', 'f248d4b7-77fb-48a6-95f4-9fe604a16ae4'),
 ('10', '10', 'en_us', 'water-wastewater', 'service/engineering/water-wastewater', '1', '2017-06-09 19:44:53', '2017-06-09 19:44:53', '3829a002-9547-4ed7-be17-0c08d9e9b3e0'),
 ('11', '11', 'en_us', 'utility', 'service/engineering/utility', '1', '2017-06-09 19:45:00', '2017-06-09 19:45:00', '69165701-f3f7-4ed4-a379-4468362849dc'),
 ('12', '12', 'en_us', 'environmental-science', 'service/environmental-science', '1', '2017-06-09 19:45:26', '2017-06-09 19:45:26', '315abffa-a189-4664-9ff7-542a8e8cfa4f'),
 ('13', '13', 'en_us', 'natural-resource-management', 'service/environmental-science/natural-resource-management', '1', '2017-06-09 19:45:41', '2017-06-09 19:46:25', 'ba450dea-1d36-490d-a356-c8032967dee6'),
 ('14', '14', 'en_us', 'building-sciences', 'service/environmental-science/building-sciences', '1', '2017-06-09 19:46:01', '2017-06-09 19:46:01', '07085b8d-2b2c-49b2-9018-a2a44951c226'),
 ('15', '15', 'en_us', 'remediation', 'service/environmental-science/remediation', '1', '2017-06-09 19:46:38', '2017-06-28 13:47:03', '74bc3173-748e-4b38-94bb-d8319886dbdc'),
 ('16', '16', 'en_us', 'landscape-architecture', 'service/landscape-architecture', '1', '2017-06-09 19:47:07', '2017-06-09 19:47:17', '4b2af400-d55d-4f41-8191-1b7b085bb027'),
 ('17', '17', 'en_us', 'planning', 'service/planning', '1', '2017-06-09 19:47:22', '2017-06-28 14:52:19', '9b974629-3242-4822-ad0b-c7e9f7845900'),
 ('18', '18', 'en_us', 'construction-services', 'service/construction-services', '1', '2017-06-09 19:47:32', '2017-06-09 19:47:40', '6e0f2240-04dd-4d23-8627-ef8ae6b5af4d'),
 ('19', '19', 'en_us', 'land-surveying', 'service/land-surveying', '1', '2017-06-09 19:47:46', '2017-06-09 19:47:46', '8f57531a-72ef-45ad-b5d8-8aac0c60796b'),
 ('20', '20', 'en_us', 'education', 'market/education', '1', '2017-06-09 19:48:11', '2017-06-09 19:48:17', 'ca1a8ea2-d0f5-46b4-a209-cfad33bfbc06'),
 ('21', '21', 'en_us', 'development', 'market/development', '1', '2017-06-09 19:48:22', '2017-06-09 19:48:27', '92dbc9c8-496d-41e8-93f7-ab856398cfd4'),
 ('22', '22', 'en_us', 'utilities', 'market/utilities', '1', '2017-06-09 19:48:34', '2017-06-09 19:49:14', '1cf6894a-ccb1-4004-8c36-59edfd3ed342'),
 ('23', '23', 'en_us', 'transportation', 'market/transportation', '1', '2017-06-09 19:48:55', '2017-06-09 19:48:55', '02174618-c5b7-4f1b-916d-4cc7531dd31e'),
 ('24', '24', 'en_us', 'environment', 'market/environment', '1', '2017-06-09 19:49:34', '2017-06-09 19:49:38', '5ead603e-4c75-4444-a5f1-fe9b5493c936'),
 ('25', '25', 'en_us', 'community', 'market/community', '1', '2017-06-09 19:49:42', '2017-06-09 19:49:43', '4439a086-1498-469d-86c6-6a4e07d32465'),
 ('27', '27', 'en_us', 'home', NULL, '1', '2017-06-09 20:32:02', '2017-06-16 15:40:22', '41a290e3-0327-4bf8-ac1c-52160e7583f5'),
 ('28', '28', 'en_us', '__home__', '__home__', '1', '2017-06-09 20:34:58', '2017-06-27 21:10:29', 'cac33f54-cdb1-4607-8b74-2492e123d903'),
 ('29', '29', 'en_us', 'cbiapage', NULL, '1', '2017-06-12 20:16:25', '2017-06-12 20:16:25', 'a3ef646c-93f9-4974-b637-ffa03d8d967b'),
 ('30', '30', 'en_us', '', NULL, '1', '2017-06-12 20:16:38', '2017-06-27 21:10:29', 'ca9a7905-6a2e-4c9a-8a03-80683b5dd0c1'),
 ('31', '31', 'en_us', '', NULL, '1', '2017-06-12 20:16:38', '2017-06-27 21:10:29', 'eaf184e5-1036-4aed-8431-73d8ea8779b0'),
 ('35', '35', 'en_us', 'joanne-samson', 'team/joanne-samson', '1', '2017-06-15 15:05:59', '2017-06-28 21:11:02', 'ca893ca4-dedd-46eb-ad6a-bf7d70dbdabc'),
 ('36', '36', 'en_us', '', NULL, '1', '2017-06-15 15:05:59', '2017-06-15 16:17:13', '0b083fed-a563-411f-bad0-f5f3850ce5b2'),
 ('37', '37', 'en_us', '', NULL, '1', '2017-06-15 15:05:59', '2017-06-15 16:17:13', 'ab789b11-8a2f-4a6c-9855-2c52cb428bb1'),
 ('38', '38', 'en_us', '', NULL, '1', '2017-06-15 16:04:27', '2017-06-28 21:11:02', 'a02e9d76-c1f2-4bd6-87bf-217b3a8607d3'),
 ('39', '39', 'en_us', '', NULL, '1', '2017-06-15 16:17:13', '2017-06-15 16:17:13', '485f7fe0-17a6-46a3-9170-0e8614eb4620'),
 ('41', '41', 'en_us', 'board-of-directors', NULL, '1', '2017-06-15 16:39:26', '2017-06-28 21:10:11', '4cb65265-20d6-49ca-a115-7c0a833787e1'),
 ('42', '42', 'en_us', 'practice-leads', NULL, '1', '2017-06-15 16:39:39', '2017-06-28 21:10:32', '122ba9bc-8183-4ff6-b934-f21f0b88edd5'),
 ('52', '52', 'en_us', 'connecticut', NULL, '1', '2017-06-15 22:20:32', '2017-06-28 20:33:56', '84cc08ed-eac8-481e-b3d3-5cf8f721e6da'),
 ('53', '53', 'en_us', 'the-gunnery-athletic-fields-redesign', 'work/the-gunnery-athletic-fields-redesign', '1', '2017-06-16 01:49:50', '2017-07-09 18:53:22', 'efc460a4-02b8-447e-8191-caae7e48b948'),
 ('55', '55', 'en_us', 'public-education', 'market/education/public-education', '1', '2017-06-26 21:09:48', '2017-06-26 21:09:48', 'b38db627-443f-46a1-8f61-1c4bd1cba209'),
 ('56', '56', 'en_us', '', NULL, '1', '2017-06-26 21:28:58', '2017-06-28 13:35:02', '50855a62-1c6d-416f-b853-b51a9d2aaa67'),
 ('57', '57', 'en_us', '', NULL, '1', '2017-06-26 21:28:58', '2017-06-28 13:35:02', 'dbec3333-324d-4bb3-b1ea-6e172aeae790'),
 ('80', '80', 'en_us', 'higher-education', 'market/education/higher-education', '1', '2017-06-26 21:41:31', '2017-06-26 21:41:32', 'e0205353-d840-4e0c-8480-a2cec9e532ba'),
 ('81', '81', 'en_us', 'independent-schools', 'market/education/independent-schools', '1', '2017-06-26 21:41:49', '2017-06-26 21:41:49', 'beaa369d-62c6-4cfc-b0dc-0ad3363844d0'),
 ('82', '82', 'en_us', 'residential', 'market/development/residential', '1', '2017-06-26 21:42:14', '2017-06-26 21:42:14', '4cbc37f1-6b3c-492d-8965-ef264ed4d72c'),
 ('83', '83', 'en_us', 'corporate-industrial', 'market/development/corporate-industrial', '1', '2017-06-26 21:42:35', '2017-06-26 21:42:35', '2dd34748-6384-46e3-9cda-4fd3f946aebc'),
 ('84', '84', 'en_us', 'healthcare', 'market/development/healthcare', '1', '2017-06-26 21:42:51', '2017-06-26 21:42:51', '55b3d8fa-bf67-4931-9e92-5a3a32770caa'),
 ('85', '85', 'en_us', 'mixed-use-commercial', 'market/development/mixed-use-commercial', '1', '2017-06-26 21:43:18', '2017-06-26 21:43:18', '5290971b-4c3d-4a22-85e2-f68390372569'),
 ('86', '86', 'en_us', 'civic', 'market/development/civic', '1', '2017-06-26 21:43:34', '2017-06-26 21:43:34', 'bf783f35-23ee-4345-9246-85f596fb686b'),
 ('90', '90', 'en_us', 'masthead-home-desktop', NULL, '1', '2017-06-27 21:08:55', '2017-06-27 21:08:55', 'eda1cab7-d230-4fa5-a239-762f97bd4164'),
 ('91', '91', 'en_us', 'masthead-home', NULL, '1', '2017-06-27 21:08:56', '2017-06-27 21:08:56', 'be844a07-c689-4daf-9dbc-8be57a0fc478'),
 ('92', '92', 'en_us', 'masthead-work-desktop', NULL, '1', '2017-06-27 21:08:56', '2017-06-27 21:08:56', '5ce1e769-7fe0-47c9-890f-e45fe9cdd8b5'),
 ('93', '93', 'en_us', '', NULL, '1', '2017-06-28 13:35:02', '2017-06-28 13:35:02', '656d348e-e33e-431e-810e-9c2e82d9dee0'),
 ('94', '94', 'en_us', '', NULL, '1', '2017-06-28 13:35:02', '2017-06-28 13:35:02', '40902298-ac1d-4037-9ecb-7a51f9644d87'),
 ('95', '95', 'en_us', '', NULL, '1', '2017-06-28 13:35:02', '2017-06-28 13:35:02', 'dfd878fb-a3d3-48f3-aacd-13a277df63da'),
 ('96', '96', 'en_us', '', NULL, '1', '2017-06-28 13:35:02', '2017-06-28 13:35:02', '69ec24de-76b6-4e2d-ad48-79054bda5edd'),
 ('97', '97', 'en_us', '', NULL, '1', '2017-06-28 13:35:02', '2017-06-28 13:35:02', '49481b72-0298-42e2-a161-40d2877973eb'),
 ('98', '98', 'en_us', '', NULL, '1', '2017-06-28 13:35:02', '2017-06-28 13:35:02', 'd6a859ca-38af-4f5e-a2c4-84e4d5c48673'),
 ('99', '99', 'en_us', '', NULL, '1', '2017-06-28 13:35:02', '2017-06-28 13:35:02', '9fc13800-1ee0-40b8-821f-5f317c7056df'),
 ('100', '100', 'en_us', '', NULL, '1', '2017-06-28 13:35:02', '2017-06-28 13:35:02', 'ca103e2f-3624-4ffd-a95a-43ddc743a873'),
 ('101', '101', 'en_us', '', NULL, '1', '2017-06-28 13:35:02', '2017-06-28 13:35:02', '6982b6da-7c38-473b-bcdd-fecaa43b327b'),
 ('102', '102', 'en_us', '', NULL, '1', '2017-06-28 13:35:02', '2017-06-28 13:35:02', 'd27edad1-5ea6-4ad3-a582-83129d922186'),
 ('103', '103', 'en_us', '', NULL, '1', '2017-06-28 13:35:02', '2017-06-28 13:35:02', '890199d2-c2a5-46b5-abfa-48c7467b0f5d'),
 ('104', '104', 'en_us', '', NULL, '1', '2017-06-28 13:35:02', '2017-06-28 13:35:02', 'a9875414-27ac-4d30-b7a2-5d890486f45a'),
 ('105', '105', 'en_us', '', NULL, '1', '2017-06-28 13:35:02', '2017-06-28 13:35:02', 'b6778454-416e-4e33-8973-44db93b14300'),
 ('106', '106', 'en_us', '', NULL, '1', '2017-06-28 13:35:02', '2017-06-28 13:35:02', '0cd6212f-59ad-4660-869f-b363fd066b95'),
 ('107', '107', 'en_us', '', NULL, '1', '2017-06-28 13:35:02', '2017-06-28 13:35:02', '023298b7-fadb-4603-b8f7-1c51152852f0'),
 ('108', '108', 'en_us', '', NULL, '1', '2017-06-28 13:35:02', '2017-06-28 13:35:02', 'dd652945-1f84-47ca-816a-7637fc80fdea'),
 ('109', '109', 'en_us', '', NULL, '1', '2017-06-28 13:35:02', '2017-06-28 13:35:02', '1de07ab1-5de2-4ec6-9414-0ed5c0122505'),
 ('110', '110', 'en_us', '', NULL, '1', '2017-06-28 13:35:02', '2017-06-28 13:35:02', '25bd3ae5-a74a-4828-95b1-9c3729927019'),
 ('111', '111', 'en_us', '', NULL, '1', '2017-06-28 13:35:02', '2017-06-28 13:35:02', '610d07da-89d1-4af3-9db0-cc4397af5d3e'),
 ('112', '112', 'en_us', '', NULL, '1', '2017-06-28 13:35:02', '2017-06-28 13:35:02', '3902f143-6bf2-47fa-89bc-8157b65472f0'),
 ('113', '113', 'en_us', '', NULL, '1', '2017-06-28 13:35:02', '2017-06-28 13:35:02', '5cece947-bf1f-4206-aa95-779e97d19c75'),
 ('114', '114', 'en_us', '', NULL, '1', '2017-06-28 13:35:02', '2017-06-28 13:35:02', '80a4110f-6762-4126-933e-ad0b1f980f0e'),
 ('115', '115', 'en_us', '', NULL, '1', '2017-06-28 13:35:02', '2017-06-28 13:35:02', '9aacb7fd-0dd0-48e6-ace5-d9a6fa8b9285'),
 ('116', '116', 'en_us', '', NULL, '1', '2017-06-28 13:35:03', '2017-06-28 13:35:03', '7f2e9dbd-e42f-48d8-b2b2-cf8fc5f78f9c'),
 ('117', '117', 'en_us', 'master-planning-and-site-design', 'service/landscape-architecture/master-planning-and-site-design', '1', '2017-06-28 13:44:16', '2017-06-28 13:44:16', '908e1a03-6596-4e47-99ea-4c7b9d8c9625'),
 ('118', '118', 'en_us', 'parks-recreation', 'service/landscape-architecture/parks-recreation', '1', '2017-06-28 13:44:45', '2017-06-28 13:44:45', '8b686fb2-120f-4ed5-a527-dc60c509e0c0'),
 ('119', '119', 'en_us', 'athletic-facilities', 'service/landscape-architecture/athletic-facilities', '1', '2017-06-28 13:45:13', '2017-06-28 13:45:13', '15503daa-2e96-422f-a8b9-17acc2631f80'),
 ('120', '120', 'en_us', 'bikes-and-greenways', 'service/landscape-architecture/bikes-and-greenways', '1', '2017-06-28 13:45:30', '2017-06-28 13:45:30', '5c8217a1-0429-4e53-80fa-58ada6897267'),
 ('121', '121', 'en_us', 'environmental-site-assessment-remediation', 'service/environmental-science/environmental-site-assessment-remediation', '1', '2017-06-28 13:47:36', '2017-06-28 13:47:36', '53a631be-9a32-458c-9bbb-a117fe3aea31'),
 ('122', '122', 'en_us', 'industrial-permitting', 'service/environmental-science/industrial-permitting', '1', '2017-06-28 13:47:58', '2017-06-28 13:47:58', '91d5e281-c1e5-4939-b6dd-11d063f10340'),
 ('123', '123', 'en_us', 'community-land-use', 'service/planning/community-land-use', '1', '2017-06-28 13:49:26', '2017-06-28 14:52:19', 'ba28a75d-42fb-42ed-8628-5afb43618c9b'),
 ('124', '124', 'en_us', 'redevelopment-economic-development', 'service/planning/redevelopment-economic-development', '1', '2017-06-28 13:49:45', '2017-06-28 13:49:45', 'e060e21a-9a3e-4183-9260-5d2997307d3b'),
 ('125', '125', 'en_us', 'school-enrollment-projections-redistricting', 'service/planning/school-enrollment-projections-redistricting', '1', '2017-06-28 13:50:08', '2017-06-28 13:50:08', 'f0ea3bba-802d-4a4d-abb5-d18cf0df86ef'),
 ('126', '126', 'en_us', 'transportation-planning', 'service/planning/transportation-planning', '1', '2017-06-28 13:50:23', '2017-06-28 13:50:24', '5ae72f7c-ab45-4f9b-81d9-542ef406db42'),
 ('127', '127', 'en_us', 'hazard-mitigation', 'service/planning/hazard-mitigation', '1', '2017-06-28 13:50:39', '2017-06-28 13:50:39', 'f4dfb0d3-f379-404b-bddf-02392cad6465'),
 ('128', '128', 'en_us', 'coastal-resilience', 'service/planning/coastal-resilience', '1', '2017-06-28 13:51:01', '2017-06-28 13:51:01', 'c2b277ba-3bef-4f27-bd63-a390b8f2f08d'),
 ('129', '129', 'en_us', 'project-administration', 'service/construction-services/project-administration', '1', '2017-06-28 13:51:39', '2017-06-28 13:51:39', 'f6981bfa-bbcd-414a-934e-e65835ea627b'),
 ('130', '130', 'en_us', 'resident-engineering', 'service/construction-services/resident-engineering', '1', '2017-06-28 13:51:54', '2017-06-28 13:51:54', '5c9211c5-1b30-4568-b4b6-6405876e5677'),
 ('131', '131', 'en_us', 'value-engineering', 'service/construction-services/value-engineering', '1', '2017-06-28 13:52:06', '2017-06-28 13:52:06', 'df96c65a-a67d-4a02-a4bc-375c3f9b41ac'),
 ('132', '132', 'en_us', '', NULL, '1', '2017-06-28 13:56:24', '2017-06-28 14:52:19', '15dd38ce-7dc1-4566-a5d7-98466d6c1263'),
 ('133', '133', 'en_us', '', NULL, '1', '2017-06-28 13:56:24', '2017-06-28 14:52:19', '371f42e4-7558-442d-9891-080839b99290'),
 ('134', '134', 'en_us', '', NULL, '1', '2017-06-28 13:56:24', '2017-06-28 14:52:19', '5bb3d486-4bf0-4d60-a102-674e8bafc8b7'),
 ('135', '135', 'en_us', '', NULL, '1', '2017-06-28 13:56:24', '2017-06-28 14:52:19', 'd329860e-bcde-4f66-b35b-173fc5347a79'),
 ('136', '136', 'en_us', '', NULL, '1', '2017-06-28 13:56:24', '2017-06-28 14:52:19', 'be2309bf-632c-456e-93f2-8a9cc9ac6eef'),
 ('137', '137', 'en_us', '', NULL, '1', '2017-06-28 13:56:24', '2017-06-28 14:52:19', '6f3a4720-890f-400f-9868-74d1d942bdab'),
 ('138', '138', 'en_us', '', NULL, '1', '2017-06-28 13:56:24', '2017-06-28 14:52:19', '35115422-9633-46f2-9d32-20b49e059d9e'),
 ('139', '139', 'en_us', 'agawam-high-school-athletic-facility-renovation', 'work/agawam-high-school-athletic-facility-renovation', '1', '2017-06-28 15:54:56', '2017-07-09 18:53:22', '59d9edc1-8be7-4e5f-8380-0a949dad07d1'),
 ('140', '140', 'en_us', '', NULL, '1', '2017-06-28 15:54:56', '2017-06-28 21:31:48', '5b4e5d0e-6792-4638-9748-0050c119b02c'),
 ('141', '141', 'en_us', '', NULL, '1', '2017-06-28 15:54:56', '2017-06-28 21:31:48', 'e7329b85-d0a2-4b1b-9ed0-e4dca24b7150');
INSERT INTO `craft_elements_i18n` (`id`, `elementId`, `locale`, `slug`, `uri`, `enabled`, `dateCreated`, `dateUpdated`, `uid`) VALUES
 ('142', '142', 'en_us', '', NULL, '1', '2017-06-28 15:54:56', '2017-06-28 21:31:48', 'ed1d6d4b-f659-47f7-a68f-1c85a9f39ffa'),
 ('143', '143', 'en_us', '', NULL, '1', '2017-06-28 15:54:56', '2017-06-28 21:31:48', 'bbe37acc-9236-45a6-9364-dcd99d5dcf07'),
 ('144', '144', 'en_us', '', NULL, '1', '2017-06-28 15:54:56', '2017-06-28 21:31:48', 'a5963324-2a22-4c4a-ac86-9c1de692b6dc'),
 ('145', '145', 'en_us', '', NULL, '1', '2017-06-28 15:57:44', '2017-06-28 21:31:48', '74593821-a2e7-42c1-806d-500752ed6b2c'),
 ('146', '146', 'en_us', '', NULL, '1', '2017-06-28 15:57:44', '2017-06-28 21:31:48', '0dfd44ce-6e3e-416a-9253-d4bdc836d31c'),
 ('147', '147', 'en_us', 'about', 'about', '1', '2017-06-28 19:29:30', '2017-06-28 19:29:30', '889292a9-3668-4cba-87a6-a59f05ed21e3'),
 ('148', '148', 'en_us', '', NULL, '1', '2017-06-28 19:29:30', '2017-06-28 19:29:30', 'f0c0ece5-0351-4b23-95e4-f20644ea94ad'),
 ('149', '149', 'en_us', '', NULL, '1', '2017-06-28 19:29:30', '2017-06-28 19:29:30', '0e63d16d-6c2f-4e9d-a70d-12944473fffd'),
 ('150', '150', 'en_us', '', NULL, '1', '2017-06-28 19:29:30', '2017-06-28 19:29:30', 'aefe1c45-fc8b-4e2f-9dc8-26b62d9f87d1'),
 ('151', '151', 'en_us', '', NULL, '1', '2017-06-28 19:29:30', '2017-06-28 19:29:30', '020c88e6-f2c0-47cb-b45c-4dc86dcc377c'),
 ('152', '152', 'en_us', '', NULL, '1', '2017-06-28 19:29:30', '2017-06-28 19:29:30', 'a9c68d31-0f6b-4467-8b36-6afd00835d39'),
 ('153', '153', 'en_us', 'maine', NULL, '1', '2017-06-28 20:21:43', '2017-06-28 20:21:44', 'f755d07a-dfcb-4373-bce7-22471482896d'),
 ('154', '154', 'en_us', 'massachusetts', NULL, '1', '2017-06-28 20:23:06', '2017-06-28 20:23:06', 'fe13f933-5489-4dbe-995d-ef5acc45247e'),
 ('155', '155', 'en_us', 'new-hampshire', NULL, '1', '2017-06-28 20:23:59', '2017-06-28 20:23:59', 'e694855f-9357-4dba-980c-14788a7cbd7a'),
 ('156', '156', 'en_us', 'new-york', NULL, '1', '2017-06-28 20:25:04', '2017-06-28 20:25:04', '47d7a5cf-bfef-411a-8a9e-85109d1a3884'),
 ('157', '157', 'en_us', 'vermont', NULL, '1', '2017-06-28 20:25:47', '2017-06-28 20:25:47', '96add1ea-b5e3-4c64-81c6-c9aa4da6b287'),
 ('158', '158', 'en_us', 'vice-president', NULL, '1', '2017-06-28 21:10:47', '2017-06-28 21:10:48', '678fff0f-8e42-48f9-a5b0-a3a204d8bda5'),
 ('159', '159', 'en_us', '', NULL, '1', '2017-06-28 21:31:48', '2017-06-28 21:31:48', '0b4cc27d-4fbd-4947-87d8-f20bc566f3a0'),
 ('160', '160', 'en_us', 'work', 'work', '1', '2017-07-09 19:15:34', '2017-07-09 19:57:34', '63ff6fb8-97ad-4c1b-b274-b7232a441e36'),
 ('161', '161', 'en_us', '', NULL, '1', '2017-07-09 19:15:34', '2017-07-09 19:57:34', '3081eede-4ce4-458a-a771-ad12573bb324'),
 ('162', '162', 'en_us', '', NULL, '1', '2017-07-09 19:15:34', '2017-07-09 19:57:34', '74b476f8-bebb-4384-ae14-3b4fc738dc93'),
 ('163', '163', 'en_us', '', NULL, '1', '2017-07-09 19:15:34', '2017-07-09 19:57:34', '74602df9-2ded-4b00-a667-5e55033f2711');



DROP TABLE IF EXISTS `craft_emailmessages`;


--
-- Schema for table `craft_emailmessages`
--
CREATE TABLE `craft_emailmessages` (
  `id` int(11) NOT NULL AUTO_INCREMENT,
  `key` char(150) COLLATE utf8_unicode_ci NOT NULL,
  `locale` char(12) COLLATE utf8_unicode_ci NOT NULL,
  `subject` varchar(1000) COLLATE utf8_unicode_ci NOT NULL,
  `body` text COLLATE utf8_unicode_ci NOT NULL,
  `dateCreated` datetime NOT NULL,
  `dateUpdated` datetime NOT NULL,
  `uid` char(36) COLLATE utf8_unicode_ci NOT NULL DEFAULT '0',
  PRIMARY KEY (`id`),
  UNIQUE KEY `craft_emailmessages_key_locale_unq_idx` (`key`,`locale`),
  KEY `craft_emailmessages_locale_fk` (`locale`)
) ENGINE=InnoDB DEFAULT CHARSET=utf8 COLLATE=utf8_unicode_ci;

DROP TABLE IF EXISTS `craft_entries`;


--
-- Schema for table `craft_entries`
--
CREATE TABLE `craft_entries` (
  `id` int(11) NOT NULL,
  `sectionId` int(11) NOT NULL,
  `typeId` int(11) DEFAULT NULL,
  `authorId` int(11) DEFAULT NULL,
  `postDate` datetime DEFAULT NULL,
  `expiryDate` datetime DEFAULT NULL,
  `dateCreated` datetime NOT NULL,
  `dateUpdated` datetime NOT NULL,
  `uid` char(36) COLLATE utf8_unicode_ci NOT NULL DEFAULT '0',
  PRIMARY KEY (`id`),
  KEY `craft_entries_sectionId_idx` (`sectionId`),
  KEY `craft_entries_typeId_idx` (`typeId`),
  KEY `craft_entries_postDate_idx` (`postDate`),
  KEY `craft_entries_expiryDate_idx` (`expiryDate`),
  KEY `craft_entries_authorId_fk` (`authorId`)
) ENGINE=InnoDB DEFAULT CHARSET=utf8 COLLATE=utf8_unicode_ci;

--
-- Data for table `craft_entries`
--

INSERT INTO `craft_entries` (`id`, `sectionId`, `typeId`, `authorId`, `postDate`, `expiryDate`, `dateCreated`, `dateUpdated`, `uid`) VALUES
 ('3', '2', '2', '1', '2017-06-09 17:32:25', NULL, '2017-06-09 17:32:25', '2017-06-09 17:32:25', 'd913a1fd-d85d-4556-9aa6-9aa4534fabe8'),
 ('28', '7', '7', '1', '2017-06-09 20:34:00', NULL, '2017-06-09 20:34:58', '2017-06-27 21:10:29', 'fa934232-b858-4597-ae3b-0462f7bd61a5'),
 ('35', '8', '8', '1', '2017-06-15 15:05:00', NULL, '2017-06-15 15:05:59', '2017-06-28 21:11:02', 'e07bcf2b-5cc2-4a90-b45c-4b0310ef76b4'),
 ('53', '3', '3', '1', '2017-06-16 01:49:48', NULL, '2017-06-16 01:49:51', '2017-06-16 01:49:51', '46da1f26-6d95-44f0-8ae6-cdfe97ff1092'),
 ('139', '3', '3', '1', '2017-06-28 15:54:00', NULL, '2017-06-28 15:54:56', '2017-06-28 21:31:48', '8cda6ef6-9375-4570-a376-490f87d5824e'),
 ('147', '7', '7', '1', '2017-06-28 19:29:30', NULL, '2017-06-28 19:29:30', '2017-06-28 19:29:30', 'dee88b3b-ff5b-4dd8-886b-697bc0d9bb33'),
 ('160', '7', '7', '1', '2017-07-09 19:15:00', NULL, '2017-07-09 19:15:34', '2017-07-09 19:57:34', '6e26fe31-c166-41e9-a70b-14161106e80b');



DROP TABLE IF EXISTS `craft_entrydrafts`;


--
-- Schema for table `craft_entrydrafts`
--
CREATE TABLE `craft_entrydrafts` (
  `id` int(11) NOT NULL AUTO_INCREMENT,
  `entryId` int(11) NOT NULL,
  `sectionId` int(11) NOT NULL,
  `creatorId` int(11) NOT NULL,
  `locale` char(12) COLLATE utf8_unicode_ci NOT NULL,
  `name` varchar(255) COLLATE utf8_unicode_ci NOT NULL,
  `notes` tinytext COLLATE utf8_unicode_ci,
  `data` mediumtext COLLATE utf8_unicode_ci NOT NULL,
  `dateCreated` datetime NOT NULL,
  `dateUpdated` datetime NOT NULL,
  `uid` char(36) COLLATE utf8_unicode_ci NOT NULL DEFAULT '0',
  PRIMARY KEY (`id`),
  KEY `craft_entrydrafts_entryId_locale_idx` (`entryId`,`locale`),
  KEY `craft_entrydrafts_sectionId_fk` (`sectionId`),
  KEY `craft_entrydrafts_creatorId_fk` (`creatorId`),
  KEY `craft_entrydrafts_locale_fk` (`locale`)
) ENGINE=InnoDB DEFAULT CHARSET=utf8 COLLATE=utf8_unicode_ci;

DROP TABLE IF EXISTS `craft_entrytypes`;


--
-- Schema for table `craft_entrytypes`
--
CREATE TABLE `craft_entrytypes` (
  `id` int(11) NOT NULL AUTO_INCREMENT,
  `sectionId` int(11) NOT NULL,
  `fieldLayoutId` int(11) DEFAULT NULL,
  `name` varchar(255) COLLATE utf8_unicode_ci NOT NULL,
  `handle` varchar(255) COLLATE utf8_unicode_ci NOT NULL,
  `hasTitleField` tinyint(1) unsigned NOT NULL DEFAULT '1',
  `titleLabel` varchar(255) COLLATE utf8_unicode_ci DEFAULT 'Title',
  `titleFormat` varchar(255) COLLATE utf8_unicode_ci DEFAULT NULL,
  `sortOrder` smallint(6) unsigned DEFAULT NULL,
  `dateCreated` datetime NOT NULL,
  `dateUpdated` datetime NOT NULL,
  `uid` char(36) COLLATE utf8_unicode_ci NOT NULL DEFAULT '0',
  PRIMARY KEY (`id`),
  UNIQUE KEY `craft_entrytypes_name_sectionId_unq_idx` (`name`,`sectionId`),
  UNIQUE KEY `craft_entrytypes_handle_sectionId_unq_idx` (`handle`,`sectionId`),
  KEY `craft_entrytypes_sectionId_fk` (`sectionId`),
  KEY `craft_entrytypes_fieldLayoutId_fk` (`fieldLayoutId`)
) ENGINE=InnoDB AUTO_INCREMENT=9 DEFAULT CHARSET=utf8 COLLATE=utf8_unicode_ci;

--
-- Data for table `craft_entrytypes`
--

INSERT INTO `craft_entrytypes` (`id`, `sectionId`, `fieldLayoutId`, `name`, `handle`, `hasTitleField`, `titleLabel`, `titleFormat`, `sortOrder`, `dateCreated`, `dateUpdated`, `uid`) VALUES
 ('2', '2', '640', 'News', 'news', '1', 'Title', NULL, '1', '2017-06-09 17:32:25', '2017-06-20 14:48:13', 'c95c1539-e40a-40a4-a6a8-d45ec7aa3925'),
 ('3', '3', '772', 'Work', 'work', '1', 'Title', NULL, '1', '2017-06-09 17:52:37', '2017-06-26 19:36:57', 'd72fcbe9-2000-4bbd-95d2-8e38f6ddb720'),
 ('7', '7', '107', 'Page', 'page', '1', 'Title', NULL, '1', '2017-06-09 20:34:58', '2017-06-14 14:51:10', '080cb984-f0b5-4bd9-a6c7-9d2a262cbfef'),
 ('8', '8', '135', 'Team', 'team', '1', 'Full Name', NULL, '1', '2017-06-15 14:56:59', '2017-06-15 16:34:44', 'f5c64758-9b27-47f7-9fea-b36a0a61bc92');



DROP TABLE IF EXISTS `craft_entryversions`;


--
-- Schema for table `craft_entryversions`
--
CREATE TABLE `craft_entryversions` (
  `id` int(11) NOT NULL AUTO_INCREMENT,
  `entryId` int(11) NOT NULL,
  `sectionId` int(11) NOT NULL,
  `creatorId` int(11) DEFAULT NULL,
  `locale` char(12) COLLATE utf8_unicode_ci NOT NULL,
  `num` smallint(6) unsigned NOT NULL,
  `notes` tinytext COLLATE utf8_unicode_ci,
  `data` mediumtext COLLATE utf8_unicode_ci NOT NULL,
  `dateCreated` datetime NOT NULL,
  `dateUpdated` datetime NOT NULL,
  `uid` char(36) COLLATE utf8_unicode_ci NOT NULL DEFAULT '0',
  PRIMARY KEY (`id`),
  KEY `craft_entryversions_entryId_locale_idx` (`entryId`,`locale`),
  KEY `craft_entryversions_sectionId_fk` (`sectionId`),
  KEY `craft_entryversions_creatorId_fk` (`creatorId`),
  KEY `craft_entryversions_locale_fk` (`locale`)
) ENGINE=InnoDB AUTO_INCREMENT=33 DEFAULT CHARSET=utf8 COLLATE=utf8_unicode_ci;

--
-- Data for table `craft_entryversions`
--

INSERT INTO `craft_entryversions` (`id`, `entryId`, `sectionId`, `creatorId`, `locale`, `num`, `notes`, `data`, `dateCreated`, `dateUpdated`, `uid`) VALUES
 ('3', '3', '2', '1', 'en_us', '1', NULL, '{\"typeId\":\"2\",\"authorId\":\"1\",\"title\":\"We just installed Craft!\",\"slug\":\"we-just-installed-craft\",\"postDate\":1497029545,\"expiryDate\":null,\"enabled\":1,\"parentId\":null,\"fields\":[]}', '2017-06-09 17:32:25', '2017-06-09 17:32:25', '359f7de3-0a1c-4a83-90bc-a34e8e04bb58'),
 ('6', '28', '7', '1', 'en_us', '1', NULL, '{\"typeId\":\"7\",\"authorId\":null,\"title\":\"Page\",\"slug\":\"page\",\"postDate\":1497040498,\"expiryDate\":null,\"enabled\":1,\"parentId\":null,\"fields\":[]}', '2017-06-09 20:34:58', '2017-06-09 20:34:58', '01cc8b74-882d-4290-b687-123b25c04195'),
 ('7', '28', '7', '1', 'en_us', '2', '', '{\"typeId\":null,\"authorId\":\"1\",\"title\":\"Pages\",\"slug\":\"page\",\"postDate\":1497040440,\"expiryDate\":null,\"enabled\":1,\"parentId\":null,\"fields\":{\"3\":{\"new1\":{\"type\":\"masthead\",\"enabled\":\"1\",\"fields\":{\"image\":{\"new1\":{\"type\":\"1\",\"fields\":{\"mobileImage\":\"\",\"desktopImage\":\"\"}}},\"subtitle\":\"\",\"primaryTitle\":\"\"}},\"new2\":{\"type\":\"videogallery\",\"enabled\":\"1\",\"fields\":{\"videoGallery\":{\"new1\":{\"type\":\"3\",\"fields\":{\"video\":[\"29\"],\"caption\":\"\"}}}}}}}}', '2017-06-12 20:16:39', '2017-06-12 20:16:39', 'a67ccbc0-5580-4c7b-8c7d-9c376c6e0b29'),
 ('8', '28', '7', '1', 'en_us', '3', '', '{\"typeId\":\"7\",\"authorId\":\"1\",\"title\":\"Homepage\",\"slug\":\"_home_\",\"postDate\":1497040440,\"expiryDate\":null,\"enabled\":1,\"parentId\":null,\"fields\":{\"3\":{\"30\":{\"type\":\"masthead\",\"enabled\":\"1\",\"fields\":{\"image\":{\"31\":{\"type\":\"1\",\"fields\":{\"mobileImage\":\"\",\"desktopImage\":\"\"}}},\"subtitle\":\"\",\"primaryTitle\":\"\"}},\"32\":{\"type\":\"videogallery\",\"enabled\":\"1\",\"fields\":{\"video\":{\"33\":{\"type\":\"3\",\"fields\":{\"video\":[\"29\"],\"caption\":\"\"}}}}}}}}', '2017-06-14 14:51:28', '2017-06-14 14:51:28', 'c28010bc-3391-4ce0-a678-4b3eb281286d'),
 ('9', '28', '7', '1', 'en_us', '4', '', '{\"typeId\":\"7\",\"authorId\":\"1\",\"title\":\"Homepage\",\"slug\":\"__home__\",\"postDate\":1497040440,\"expiryDate\":null,\"enabled\":1,\"parentId\":null,\"fields\":{\"3\":{\"30\":{\"type\":\"masthead\",\"enabled\":\"1\",\"fields\":{\"image\":{\"31\":{\"type\":\"1\",\"fields\":{\"mobileImage\":\"\",\"desktopImage\":\"\"}}},\"subtitle\":\"\",\"primaryTitle\":\"\"}},\"32\":{\"type\":\"videogallery\",\"enabled\":\"1\",\"fields\":{\"video\":{\"33\":{\"type\":\"3\",\"fields\":{\"video\":[\"29\"],\"caption\":\"\"}}}}}}}}', '2017-06-14 14:54:55', '2017-06-14 14:54:55', 'adf948ad-c88f-4cf1-bb15-0c58889f1962'),
 ('10', '28', '7', '1', 'en_us', '5', '', '{\"typeId\":\"7\",\"authorId\":\"1\",\"title\":\"Homepage\",\"slug\":\"homepage\",\"postDate\":1497040440,\"expiryDate\":null,\"enabled\":1,\"parentId\":null,\"fields\":{\"3\":{\"30\":{\"type\":\"masthead\",\"enabled\":\"1\",\"fields\":{\"image\":{\"31\":{\"type\":\"1\",\"fields\":{\"mobileImage\":\"\",\"desktopImage\":\"\"}}},\"subtitle\":\"\",\"primaryTitle\":\"\"}},\"32\":{\"type\":\"videogallery\",\"enabled\":\"1\",\"fields\":{\"video\":{\"33\":{\"type\":\"3\",\"fields\":{\"video\":[\"29\"],\"caption\":\"\"}}}}}}}}', '2017-06-14 14:56:10', '2017-06-14 14:56:10', '9361c39d-f29e-4f41-b760-7b523c917f66'),
 ('11', '28', '7', '1', 'en_us', '6', '', '{\"typeId\":\"7\",\"authorId\":\"1\",\"title\":\"Homepage\",\"slug\":\"__home__\",\"postDate\":1497040440,\"expiryDate\":null,\"enabled\":1,\"parentId\":null,\"fields\":{\"3\":{\"30\":{\"type\":\"masthead\",\"enabled\":\"1\",\"fields\":{\"image\":{\"31\":{\"type\":\"1\",\"fields\":{\"mobileImage\":\"\",\"desktopImage\":\"\"}}},\"subtitle\":\"\",\"primaryTitle\":\"\"}},\"32\":{\"type\":\"videogallery\",\"enabled\":\"1\",\"fields\":{\"video\":{\"33\":{\"type\":\"3\",\"fields\":{\"video\":[\"29\"],\"caption\":\"\"}}}}}}}}', '2017-06-14 14:56:28', '2017-06-14 14:56:28', '8b29f94f-2420-4928-bb66-4ebf034a5f93'),
 ('12', '35', '8', '1', 'en_us', '1', '', '{\"typeId\":null,\"authorId\":\"1\",\"title\":\"Joanne Samson\",\"slug\":\"joanne-samson\",\"postDate\":1497539159,\"expiryDate\":null,\"enabled\":1,\"parentId\":null,\"fields\":{\"39\":{\"new1\":{\"type\":\"roles\",\"enabled\":\"1\",\"fields\":{\"role\":\"Vice President\"}},\"new2\":{\"type\":\"roles\",\"enabled\":\"1\",\"fields\":{\"role\":\"\"}}},\"42\":\"\",\"41\":{\"date\":\"\"}}}', '2017-06-15 15:05:59', '2017-06-15 15:05:59', '0b17dacf-c428-4807-a93a-2e91fb7e13d8'),
 ('13', '35', '8', '1', 'en_us', '2', '', '{\"typeId\":\"8\",\"authorId\":\"1\",\"title\":\"Joanne Samson\",\"slug\":\"joanne-samson\",\"postDate\":1497539100,\"expiryDate\":null,\"enabled\":1,\"parentId\":null,\"fields\":{\"39\":{\"36\":{\"type\":\"roles\",\"enabled\":\"1\",\"fields\":{\"role\":\"Vice President\"}},\"37\":{\"type\":\"roles\",\"enabled\":\"1\",\"fields\":{\"role\":\"\"}}},\"42\":{\"new1\":{\"type\":\"7\",\"fields\":{\"linkedin\":{\"type\":\"custom\",\"custom\":\"http:\\/\\/twitter.com\",\"target\":\"_blank\"},\"facebook\":{\"type\":\"custom\",\"custom\":\"http:\\/\\/facebook.com\",\"customText\":\"\"},\"twitter\":{\"type\":\"custom\",\"custom\":\"http:\\/\\/linkedin.com\",\"target\":\"_blank\"}}}},\"41\":{\"date\":\"\"}}}', '2017-06-15 16:04:27', '2017-06-15 16:04:27', '214eb3f4-5919-495f-8bd8-148e6c0be768'),
 ('14', '35', '8', '1', 'en_us', '3', '', '{\"typeId\":\"8\",\"authorId\":\"1\",\"title\":\"Joanne Samson\",\"slug\":\"joanne-samson\",\"postDate\":1497539100,\"expiryDate\":null,\"enabled\":1,\"parentId\":null,\"fields\":{\"39\":{\"36\":{\"type\":\"roles\",\"enabled\":\"1\",\"fields\":{\"role\":\"Vice President\"}},\"37\":{\"type\":\"roles\",\"enabled\":\"1\",\"fields\":{\"role\":\"Practice Lead\"}},\"new1\":{\"type\":\"roles\",\"enabled\":\"1\",\"fields\":{\"role\":\"Project Manager\"}}},\"42\":{\"38\":{\"type\":\"7\",\"fields\":{\"linkedin\":{\"type\":\"custom\",\"custom\":\"http:\\/\\/twitter.com\",\"target\":\"_blank\"},\"facebook\":{\"type\":\"custom\",\"custom\":\"http:\\/\\/facebook.com\",\"target\":\"_blank\"},\"twitter\":{\"type\":\"custom\",\"custom\":\"http:\\/\\/linkedin.com\",\"target\":\"_blank\"}}}},\"41\":{\"date\":\"9\\/02\\/1994\"}}}', '2017-06-15 16:17:13', '2017-06-15 16:17:13', 'c2d9dd39-cefb-4846-9c16-149ace922dbb'),
 ('21', '53', '3', '1', 'en_us', '1', '', '{\"typeId\":null,\"authorId\":\"1\",\"title\":\"The Gunnery Athletic Fields Redesign\",\"slug\":\"the-gunnery-athletic-fields-redesign\",\"postDate\":1497577788,\"expiryDate\":null,\"enabled\":1,\"parentId\":null,\"fields\":{\"3\":\"\",\"112\":[\"20\"],\"113\":[\"4\",\"5\",\"16\"]}}', '2017-06-16 01:49:51', '2017-06-16 01:49:51', '9582c4e9-6ade-44d5-a0a7-65eaa6f65da0'),
 ('23', '28', '7', '1', 'en_us', '7', '', '{\"typeId\":\"7\",\"authorId\":\"1\",\"title\":\"Homepage\",\"slug\":\"__home__\",\"postDate\":1497040440,\"expiryDate\":null,\"enabled\":1,\"parentId\":null,\"fields\":{\"3\":{\"30\":{\"type\":\"masthead\",\"enabled\":\"1\",\"fields\":{\"image\":{\"31\":{\"type\":\"1\",\"fields\":{\"mobileImage\":[\"91\"],\"desktopImage\":[\"90\"]}}},\"subheading\":\"Milone & MacBroom\",\"heading\":\"Sustainable, human-centered solutions\\r\\nwith technical precision. \"}}}}}', '2017-06-27 21:10:29', '2017-06-27 21:10:29', 'f98844b7-d044-49d1-904a-a71f87578955'),
 ('24', '139', '3', '1', 'en_us', '1', '', '{\"typeId\":null,\"authorId\":\"1\",\"title\":\"Agawam High School Athletic Facility Renovation \",\"slug\":\"agawam-high-school-athletic-facility-renovation\",\"postDate\":1498665295,\"expiryDate\":null,\"enabled\":1,\"parentId\":null,\"fields\":{\"132\":{\"name\":\"\",\"street\":\"\",\"street2\":\"\",\"city\":\"Agawam\",\"region\":\"Massachusetts \",\"postalCode\":\"\",\"country\":\"US\"},\"133\":\"Agawam High School \",\"3\":{\"new1\":{\"type\":\"masthead\",\"enabled\":\"1\",\"fields\":{\"image\":{\"new1\":{\"type\":\"1\",\"fields\":{\"mobileImage\":\"\",\"desktopImage\":\"\"}}},\"subheading\":\"The Challenge\",\"heading\":\"Transform the virtually unusable into a true showcase athletic venue for the community and the region. \"}},\"new2\":{\"type\":\"imageTextPanel\",\"enabled\":\"1\",\"fields\":{\"orientation\":\"right\",\"heading\":\"What we faced. \",\"body\":\"A wonderfully passionate community was in dire need of safer and more adequate athletic facilities at their High School Athletic Complex.  What existed was an outdated, unsafe, undersized, and unuseable track and bleacher system, non-accessible and inadequate restroom, concessions, and storage facilities.  The inadequate number of tennis courts in need of repair and an overall inefficient and unsafe layout of conflicting field and sport uses.\",\"list\":\"\",\"callToAction\":{\"type\":\"\",\"custom\":\"\",\"entry\":\"\",\"target\":\"\"},\"image\":\"\"}},\"new3\":{\"type\":\"textPanel\",\"enabled\":\"1\",\"fields\":{\"heading\":\"Including Passionate Stakeholders in the Master Planning Process \",\"body\":\"<p>Although with every design project the actual details for construction are extremely important to the success of the project, &nbsp;perhaps equally important is the early involvement of the stakeholders in the concept stages of the project. &nbsp;&nbsp;Our goal of the masterplanning process was to engage with the Track Committee and the users of the facility, the coaches, the booster club, the players, and the maintenance and facilities staff. &nbsp;Only after having an informed ideas of what the stakeholders envision, could we put our designer hats on and begin the design and concept planning. &nbsp;By having periodic check-ins and presentations with the stakeholders during our concept design phases, it made the \\u201cbuy-in\\u201d of the project design a much smoother and cost effective process as the plans and specifications advanced through to bid documents.. &nbsp;The success of the project was our design team\'s ability to create a balance between the the long wish list of stakeholder desires, &nbsp;and the real constraints of the project budget. <\\/p>\"}},\"new4\":{\"type\":\"imageTextPanel\",\"enabled\":\"1\",\"fields\":{\"orientation\":\"left\",\"heading\":\"The work in-progress \",\"body\":\"Due the size of the project and the inclusion of the complete renovation of the the Boys & Girls locker and team room facilities internal to the school, the project was required to follow the MGL Chapter 149 bidding requirements.  This bidding procedure was lead by the MMI design team and led to a project that was completed within budget. The resulting athletic facility is a true testament to a collaborative design process.  Collaborative not only in the sense of our engineers, planners and landscape architects, but a true collaboration between design team and the community.\",\"list\":\"\",\"callToAction\":{\"type\":\"\",\"custom\":\"\",\"entry\":\"\",\"target\":\"\"},\"image\":\"\"}}},\"130\":\"\",\"112\":[\"22\",\"25\"],\"113\":[\"4\",\"5\",\"16\",\"18\"]}}', '2017-06-28 15:54:56', '2017-06-28 15:54:56', 'f7dc3fbc-f3a5-4839-8c2e-3d2b99b2a985'),
 ('25', '139', '3', '1', 'en_us', '2', '', '{\"typeId\":\"3\",\"authorId\":\"1\",\"title\":\"Agawam High School Athletic Facility Renovation \",\"slug\":\"agawam-high-school-athletic-facility-renovation\",\"postDate\":1498665240,\"expiryDate\":null,\"enabled\":1,\"parentId\":null,\"fields\":{\"132\":{\"name\":\"\",\"street\":\"\",\"street2\":\"\",\"city\":\"Agawam\",\"region\":\"Massachusetts \",\"postalCode\":\"\",\"country\":\"US\"},\"133\":\"Agawam High School \",\"3\":{\"140\":{\"type\":\"masthead\",\"enabled\":\"1\",\"fields\":{\"image\":{\"141\":{\"type\":\"1\",\"fields\":{\"mobileImage\":\"\",\"desktopImage\":\"\"}}},\"subheading\":\"The Challenge\",\"heading\":\"Transform the virtually unusable into a true showcase athletic venue for the community and the region. \"}},\"142\":{\"type\":\"imageTextPanel\",\"enabled\":\"1\",\"fields\":{\"orientation\":\"right\",\"heading\":\"What we faced. \",\"body\":\"A wonderfully passionate community was in dire need of safer and more adequate athletic facilities at their High School Athletic Complex.  What existed was an outdated, unsafe, undersized, and unuseable track and bleacher system, non-accessible and inadequate restroom, concessions, and storage facilities.  The inadequate number of tennis courts in need of repair and an overall inefficient and unsafe layout of conflicting field and sport uses.\",\"list\":\"\",\"callToAction\":{\"type\":\"\",\"custom\":\"\",\"entry\":\"\",\"target\":\"\"},\"image\":\"\"}},\"143\":{\"type\":\"textPanel\",\"enabled\":\"1\",\"fields\":{\"heading\":\"Including Passionate Stakeholders in the Master Planning Process \",\"body\":\"<p>Although with every design project the actual details for construction are extremely important to the success of the project, &nbsp;perhaps equally important is the early involvement of the stakeholders in the concept stages of the project. &nbsp;&nbsp;Our goal of the masterplanning process was to engage with the Track Committee and the users of the facility, the coaches, the booster club, the players, and the maintenance and facilities staff. &nbsp;Only after having an informed ideas of what the stakeholders envision, could we put our designer hats on and begin the design and concept planning. &nbsp;By having periodic check-ins and presentations with the stakeholders during our concept design phases, it made the \\u201cbuy-in\\u201d of the project design a much smoother and cost effective process as the plans and specifications advanced through to bid documents.. &nbsp;The success of the project was our design team\'s ability to create a balance between the the long wish list of stakeholder desires, &nbsp;and the real constraints of the project budget. <\\/p>\"}},\"144\":{\"type\":\"imageTextPanel\",\"enabled\":\"1\",\"fields\":{\"orientation\":\"left\",\"heading\":\"The work in-progress \",\"body\":\"Due the size of the project and the inclusion of the complete renovation of the the Boys & Girls locker and team room facilities internal to the school, the project was required to follow the MGL Chapter 149 bidding requirements.  This bidding procedure was lead by the MMI design team and led to a project that was completed within budget. \\r\\n\\r\\nThe resulting athletic facility is a true testament to a collaborative design process.  Collaborative not only in the sense of our engineers, planners and landscape architects, but a true collaboration between design team and the community.\",\"list\":\"\",\"callToAction\":{\"type\":\"\",\"custom\":\"\",\"entry\":\"\",\"target\":\"\"},\"image\":\"\"}},\"new1\":{\"type\":\"gallery\",\"enabled\":\"1\",\"fields\":{\"heading\":\"A look at the finished product. \",\"gallery\":\"\"}},\"new2\":{\"type\":\"listPanel\",\"enabled\":\"1\",\"fields\":{\"heading\":\"A list of Facility Improvements include: \",\"body\":\"\",\"list\":\"\"}}},\"130\":\"\",\"112\":[\"22\",\"25\"],\"113\":[\"4\",\"5\",\"16\",\"18\"]}}', '2017-06-28 15:57:44', '2017-06-28 15:57:44', 'e52f030e-7ce9-4c68-ac68-a0b6020fd13f'),
 ('26', '147', '7', '1', 'en_us', '1', '', '{\"typeId\":null,\"authorId\":\"1\",\"title\":\"About \",\"slug\":\"about\",\"postDate\":1498678170,\"expiryDate\":null,\"enabled\":1,\"parentId\":null,\"fields\":{\"3\":{\"new1\":{\"type\":\"masthead\",\"enabled\":\"1\",\"fields\":{\"image\":{\"new1\":{\"type\":\"1\",\"fields\":{\"mobileImage\":\"\",\"desktopImage\":\"\"}}},\"subheading\":\"About Milone & MacBroom\",\"heading\":\"Transforming communities through the fusion of art and science.  \"}},\"new2\":{\"type\":\"listPanel\",\"enabled\":\"1\",\"fields\":{\"heading\":\"We solve problems with highly-efficient, sustainable solutions, adaptive designs, and technical precision. \",\"body\":\"<p>Milone & MacBroom is one of the largest consulting firms in the northeast, offering a diverse set of specialty practices in the fields of engineering, planning, landscape architecture, and environmental science. We serve a multitude of industries from Government and NGO to Cities and Municipalities. Unlink niche companies or enterprise firms, Milone & MacBroom has local expertise, cross functional teams, and a relationship first approach that sets us apart. That, combined with our technical precision, attention to detail, and passion behind our work, helps us to deliver the most efficient and sustainable solutions offered.&nbsp;<\\/p>\",\"list\":\"\"}},\"new3\":{\"type\":\"imageTextPanel\",\"enabled\":\"1\",\"fields\":{\"orientation\":\"right\",\"heading\":\"Our Creation Story\",\"body\":\"Over 30 years ago, Milone & MacBroom gsgfjhlakgjhskjghlsk \",\"list\":\"\",\"callToAction\":{\"type\":\"\",\"custom\":\"\",\"entry\":\"\",\"target\":\"\"},\"image\":\"\"}},\"new4\":{\"type\":\"valuesPanel\",\"enabled\":\"1\",\"fields\":{\"heading\":\"Our Values \"}}}}}', '2017-06-28 19:29:30', '2017-06-28 19:29:30', '25da01ad-9efa-4cbb-98d1-f60c95b35db2'),
 ('27', '35', '8', '1', 'en_us', '4', '', '{\"typeId\":\"8\",\"authorId\":\"1\",\"title\":\"Joanne Samson\",\"slug\":\"joanne-samson\",\"postDate\":1497539100,\"expiryDate\":null,\"enabled\":1,\"parentId\":null,\"fields\":{\"49\":\"\",\"50\":\"\",\"39\":[\"41\",\"42\",\"158\"],\"42\":{\"38\":{\"type\":\"7\",\"fields\":{\"linkedin\":{\"type\":\"custom\",\"custom\":\"http:\\/\\/twitter.com\",\"target\":\"_blank\"},\"facebook\":{\"type\":\"custom\",\"custom\":\"http:\\/\\/facebook.com\",\"target\":\"_blank\"},\"twitter\":{\"type\":\"custom\",\"custom\":\"http:\\/\\/linkedin.com\",\"target\":\"_blank\"}}}},\"41\":{\"date\":\"9\\/2\\/1994\"}}}', '2017-06-28 21:11:02', '2017-06-28 21:11:02', '2aa2a6a7-54a0-46a8-aaf9-fb4793e09e17'),
 ('28', '139', '3', '1', 'en_us', '3', '', '{\"typeId\":\"3\",\"authorId\":\"1\",\"title\":\"Agawam High School Athletic Facility Renovation \",\"slug\":\"agawam-high-school-athletic-facility-renovation\",\"postDate\":1498665240,\"expiryDate\":null,\"enabled\":1,\"parentId\":null,\"fields\":{\"132\":{\"name\":\"\",\"street\":\"\",\"street2\":\"\",\"city\":\"Agawam\",\"region\":\"Massachusetts \",\"postalCode\":\"\",\"country\":\"US\"},\"133\":\"Agawam High School \",\"3\":{\"140\":{\"type\":\"masthead\",\"enabled\":\"1\",\"fields\":{\"image\":{\"141\":{\"type\":\"1\",\"fields\":{\"mobileImage\":\"\",\"desktopImage\":\"\"}}},\"subheading\":\"The Challenge\",\"heading\":\"Transform the virtually unusable into a true showcase athletic venue for the community and the region. \"}},\"142\":{\"type\":\"imageTextPanel\",\"enabled\":\"1\",\"fields\":{\"orientation\":\"right\",\"heading\":\"What we faced. \",\"body\":\"A wonderfully passionate community was in dire need of safer and more adequate athletic facilities at their High School Athletic Complex.  What existed was an outdated, unsafe, undersized, and unuseable track and bleacher system, non-accessible and inadequate restroom, concessions, and storage facilities.  The inadequate number of tennis courts in need of repair and an overall inefficient and unsafe layout of conflicting field and sport uses.\",\"list\":\"\",\"callToAction\":{\"type\":\"\",\"custom\":\"\",\"entry\":\"\",\"target\":\"\"},\"image\":\"\"}},\"143\":{\"type\":\"textPanel\",\"enabled\":\"1\",\"fields\":{\"heading\":\"Including Passionate Stakeholders in the Master Planning Process \",\"body\":\"<p>Although with every design project the actual details for construction are extremely important to the success of the project, &nbsp;perhaps equally important is the early involvement of the stakeholders in the concept stages of the project. &nbsp;&nbsp;Our goal of the masterplanning process was to engage with the Track Committee and the users of the facility, the coaches, the booster club, the players, and the maintenance and facilities staff. &nbsp;Only after having an informed ideas of what the stakeholders envision, could we put our designer hats on and begin the design and concept planning. &nbsp;By having periodic check-ins and presentations with the stakeholders during our concept design phases, it made the \\u201cbuy-in\\u201d of the project design a much smoother and cost effective process as the plans and specifications advanced through to bid documents.. &nbsp;The success of the project was our design team\'s ability to create a balance between the the long wish list of stakeholder desires, &nbsp;and the real constraints of the project budget. <\\/p>\"}},\"144\":{\"type\":\"imageTextPanel\",\"enabled\":\"1\",\"fields\":{\"orientation\":\"left\",\"heading\":\"The work in-progress \",\"body\":\"Due the size of the project and the inclusion of the complete renovation of the the Boys & Girls locker and team room facilities internal to the school, the project was required to follow the MGL Chapter 149 bidding requirements.  This bidding procedure was lead by the MMI design team and led to a project that was completed within budget. \\r\\n\\r\\nThe resulting athletic facility is a true testament to a collaborative design process.  Collaborative not only in the sense of our engineers, planners and landscape architects, but a true collaboration between design team and the community.\",\"list\":\"\",\"callToAction\":{\"type\":\"\",\"custom\":\"\",\"entry\":\"\",\"target\":\"\"},\"image\":\"\"}},\"145\":{\"type\":\"gallery\",\"enabled\":\"1\",\"fields\":{\"heading\":\"A look at the finished product. \",\"gallery\":{\"new1\":{\"type\":\"3\",\"fields\":{\"mediaAsset\":\"\",\"caption\":\"\"}}}}},\"146\":{\"type\":\"listPanel\",\"enabled\":\"1\",\"fields\":{\"heading\":\"A list of Facility Improvements include: \",\"body\":\"\",\"list\":\"\"}}},\"130\":\"\",\"112\":[\"22\",\"25\"],\"113\":[\"4\",\"5\",\"16\",\"18\"]}}', '2017-06-28 21:31:48', '2017-06-28 21:31:48', '834f49c0-dcd8-46dc-bbb0-a1b152a948ee'),
 ('29', '160', '7', '1', 'en_us', '1', '', '{\"typeId\":null,\"authorId\":\"1\",\"title\":\"Case Studies\",\"slug\":\"case-studies\",\"postDate\":1499627734,\"expiryDate\":null,\"enabled\":1,\"parentId\":null,\"fields\":{\"3\":{\"new1\":{\"type\":\"masthead\",\"enabled\":\"1\",\"fields\":{\"image\":{\"new1\":{\"type\":\"1\",\"fields\":{\"mobileImage\":\"\",\"desktopImage\":\"\"}}},\"subheading\":\"Our Work\",\"heading\":\"Connecting People,\\r\\nCreating Outcomes.\"}},\"new2\":{\"type\":\"caseStudyFilter\",\"enabled\":\"1\",\"fields\":{\"limit\":\"6\"}}}}}', '2017-07-09 19:15:34', '2017-07-09 19:15:34', '2207447d-dbc5-4f81-8b90-f7a97219ffef'),
 ('30', '160', '7', '1', 'en_us', '2', '', '{\"typeId\":\"7\",\"authorId\":\"1\",\"title\":\"Case Studies\",\"slug\":\"work\",\"postDate\":1499627700,\"expiryDate\":null,\"enabled\":1,\"parentId\":null,\"fields\":{\"3\":{\"161\":{\"type\":\"masthead\",\"enabled\":\"1\",\"fields\":{\"image\":{\"162\":{\"type\":\"1\",\"fields\":{\"mobileImage\":\"\",\"desktopImage\":\"\"}}},\"subheading\":\"Our Work\",\"heading\":\"Connecting People,\\r\\nCreating Outcomes.\"}},\"163\":{\"type\":\"caseStudyFilter\",\"enabled\":\"1\",\"fields\":{\"limit\":\"6\"}}}}}', '2017-07-09 19:15:52', '2017-07-09 19:15:52', 'd254cabd-f7ad-4486-8e4b-63835fc06a52'),
 ('31', '160', '7', '1', 'en_us', '3', '', '{\"typeId\":\"7\",\"authorId\":\"1\",\"title\":\"Case Studies\",\"slug\":\"work\",\"postDate\":1499627700,\"expiryDate\":null,\"enabled\":1,\"parentId\":null,\"fields\":{\"3\":{\"161\":{\"type\":\"masthead\",\"enabled\":\"1\",\"fields\":{\"image\":{\"162\":{\"type\":\"1\",\"fields\":{\"mobileImage\":\"\",\"desktopImage\":\"\"}}},\"subheading\":\"Our Work\",\"heading\":\"Connecting People,\\r\\nCreating Outcomes.\"}},\"163\":{\"type\":\"caseStudyFilter\",\"enabled\":\"1\",\"fields\":{\"limit\":\"6\"}}}}}', '2017-07-09 19:33:44', '2017-07-09 19:33:44', '560a8b02-64ea-443c-bdd7-d08f9694d4ba'),
 ('32', '160', '7', '1', 'en_us', '4', '', '{\"typeId\":\"7\",\"authorId\":\"1\",\"title\":\"Case Studies\",\"slug\":\"work\",\"postDate\":1499627700,\"expiryDate\":null,\"enabled\":1,\"parentId\":null,\"fields\":{\"3\":{\"161\":{\"type\":\"masthead\",\"enabled\":\"1\",\"fields\":{\"image\":{\"162\":{\"type\":\"1\",\"fields\":{\"mobileImage\":\"\",\"desktopImage\":\"\"}}},\"subheading\":\"Our Work\",\"heading\":\"Connecting People,\\r\\nCreating Outcomes.\"}},\"163\":{\"type\":\"caseStudyFilter\",\"enabled\":\"1\",\"fields\":{\"limit\":\"6\"}}}}}', '2017-07-09 19:57:34', '2017-07-09 19:57:34', '9ab53dba-3994-4e35-840e-d09b707152ad');



DROP TABLE IF EXISTS `craft_fieldgroups`;


--
-- Schema for table `craft_fieldgroups`
--
CREATE TABLE `craft_fieldgroups` (
  `id` int(11) NOT NULL AUTO_INCREMENT,
  `name` varchar(255) COLLATE utf8_unicode_ci NOT NULL,
  `dateCreated` datetime NOT NULL,
  `dateUpdated` datetime NOT NULL,
  `uid` char(36) COLLATE utf8_unicode_ci NOT NULL DEFAULT '0',
  PRIMARY KEY (`id`),
  UNIQUE KEY `craft_fieldgroups_name_unq_idx` (`name`)
) ENGINE=InnoDB AUTO_INCREMENT=5 DEFAULT CHARSET=utf8 COLLATE=utf8_unicode_ci;

--
-- Data for table `craft_fieldgroups`
--

INSERT INTO `craft_fieldgroups` (`id`, `name`, `dateCreated`, `dateUpdated`, `uid`) VALUES
 ('1', 'Default', '2017-06-09 17:32:24', '2017-06-09 17:32:24', '4ce7cd10-c025-46b3-b63b-9d52353a798c'),
 ('2', 'Location', '2017-06-12 20:53:11', '2017-06-12 20:53:11', 'c077fbee-d5e0-4e85-8abb-956821079590'),
 ('3', 'Person', '2017-06-15 14:57:50', '2017-06-15 14:57:50', '63f7bfb6-702e-4085-8bcc-47bea387a524'),
 ('4', 'Values', '2017-06-15 19:40:17', '2017-06-16 01:53:00', '9bbbc070-e4c2-43ea-9d27-671154a24386');



DROP TABLE IF EXISTS `craft_fieldlayoutfields`;


--
-- Schema for table `craft_fieldlayoutfields`
--
CREATE TABLE `craft_fieldlayoutfields` (
  `id` int(11) NOT NULL AUTO_INCREMENT,
  `layoutId` int(11) NOT NULL,
  `tabId` int(11) NOT NULL,
  `fieldId` int(11) NOT NULL,
  `required` tinyint(1) unsigned NOT NULL DEFAULT '0',
  `sortOrder` smallint(6) unsigned DEFAULT NULL,
  `dateCreated` datetime NOT NULL,
  `dateUpdated` datetime NOT NULL,
  `uid` char(36) COLLATE utf8_unicode_ci NOT NULL DEFAULT '0',
  PRIMARY KEY (`id`),
  UNIQUE KEY `craft_fieldlayoutfields_layoutId_fieldId_unq_idx` (`layoutId`,`fieldId`),
  KEY `craft_fieldlayoutfields_sortOrder_idx` (`sortOrder`),
  KEY `craft_fieldlayoutfields_tabId_fk` (`tabId`),
  KEY `craft_fieldlayoutfields_fieldId_fk` (`fieldId`)
) ENGINE=InnoDB AUTO_INCREMENT=2832 DEFAULT CHARSET=utf8 COLLATE=utf8_unicode_ci;

--
-- Data for table `craft_fieldlayoutfields`
--

INSERT INTO `craft_fieldlayoutfields` (`id`, `layoutId`, `tabId`, `fieldId`, `required`, `sortOrder`, `dateCreated`, `dateUpdated`, `uid`) VALUES
 ('87', '62', '44', '16', '0', '1', '2017-06-12 20:32:00', '2017-06-12 20:32:00', '686982b8-5340-4b7a-a63c-44b148a0d3a6'),
 ('181', '107', '88', '3', '0', '1', '2017-06-14 14:51:10', '2017-06-14 14:51:10', 'e1972076-5cfc-4963-80a8-94b14cb87f05'),
 ('225', '128', '108', '40', '0', '1', '2017-06-15 14:59:47', '2017-06-15 14:59:47', '856927bd-e8d9-4be0-b63b-d8d85b15ebba'),
 ('226', '129', '109', '43', '0', '1', '2017-06-15 15:03:15', '2017-06-15 15:03:15', '8399c022-e96d-4d77-bcaf-be6de252dfb9'),
 ('227', '129', '109', '44', '0', '2', '2017-06-15 15:03:15', '2017-06-15 15:03:15', 'a4441d1b-25d3-4e0f-99de-ebed5007acd2'),
 ('228', '129', '109', '45', '0', '3', '2017-06-15 15:03:15', '2017-06-15 15:03:15', 'a7b8d4e4-5699-45e8-b066-9865544b48e9'),
 ('247', '134', '114', '46', '0', '1', '2017-06-15 16:16:29', '2017-06-15 16:16:29', '25f21e97-64cd-4579-a01c-4f8e095f35a9'),
 ('248', '134', '114', '47', '0', '2', '2017-06-15 16:16:29', '2017-06-15 16:16:29', 'b66f3adc-c14b-41f2-8e23-494c9f42ba57'),
 ('249', '134', '114', '48', '0', '3', '2017-06-15 16:16:29', '2017-06-15 16:16:29', '1dc5342d-b4fa-4f59-a99a-000e7fe014b8'),
 ('250', '135', '115', '39', '0', '1', '2017-06-15 16:34:44', '2017-06-15 16:34:44', '9201e897-fbfc-4c2b-b219-548ca74306d4'),
 ('251', '135', '115', '42', '0', '2', '2017-06-15 16:34:44', '2017-06-15 16:34:44', 'd66117f2-92e8-4065-8a13-58bfe2f85dd0'),
 ('252', '135', '115', '41', '0', '3', '2017-06-15 16:34:44', '2017-06-15 16:34:44', '389e19d4-9b35-4063-97df-206c8d098d2e'),
 ('253', '135', '115', '49', '0', '4', '2017-06-15 16:34:44', '2017-06-15 16:34:44', 'cd62850c-c949-476c-97b2-48a394dceba0'),
 ('254', '135', '115', '50', '0', '5', '2017-06-15 16:34:44', '2017-06-15 16:34:44', '9a1cd3f9-6d2e-42b0-9f0d-45e575e74695'),
 ('1060', '482', '457', '103', '0', '1', '2017-06-15 19:42:14', '2017-06-15 19:42:14', '1bb4c5c5-0e17-4bad-b946-bee348c2ae5d'),
 ('1061', '482', '457', '104', '0', '2', '2017-06-15 19:42:14', '2017-06-15 19:42:14', '79295421-d22e-40a4-9171-89bd3bdedfbf'),
 ('1062', '482', '457', '105', '0', '3', '2017-06-15 19:42:14', '2017-06-15 19:42:14', 'c6458c98-2444-4a07-9575-2c1567287b18'),
 ('1378', '620', '594', '121', '0', '1', '2017-06-15 22:13:15', '2017-06-15 22:13:15', 'c1fb2199-9b56-4222-84e3-d84c00efa554'),
 ('1442', '628', '603', '127', '0', '1', '2017-06-16 14:59:27', '2017-06-16 14:59:27', 'a960df2b-c1c4-409b-84f3-890114166f69'),
 ('1443', '628', '604', '3', '0', '1', '2017-06-16 14:59:27', '2017-06-16 14:59:27', '3bf5d611-a891-40c7-92df-b7af6761eb14'),
 ('1451', '640', '609', '130', '0', '1', '2017-06-20 14:48:13', '2017-06-20 14:48:13', '341aa605-9829-4be4-a92f-ebe4a900fb11'),
 ('1452', '640', '609', '1', '1', '2', '2017-06-20 14:48:13', '2017-06-20 14:48:13', '0caa78c3-3f67-49dc-8e10-423c6478f73c'),
 ('1453', '640', '609', '129', '0', '3', '2017-06-20 14:48:13', '2017-06-20 14:48:13', '7221b6fa-f1c9-4e77-be91-248106071a17'),
 ('1694', '770', '716', '132', '0', '1', '2017-06-26 19:32:51', '2017-06-26 19:32:51', '8dc23f00-71fd-49a4-9140-aac13efb73ac'),
 ('1695', '770', '716', '118', '0', '2', '2017-06-26 19:32:51', '2017-06-26 19:32:51', 'dc65be62-e633-4292-8608-b42f40e98f99'),
 ('1696', '770', '716', '113', '0', '3', '2017-06-26 19:32:51', '2017-06-26 19:32:51', 'e90c1674-79cd-40bf-9ba5-b100d41edc28'),
 ('1697', '770', '716', '123', '0', '4', '2017-06-26 19:32:51', '2017-06-26 19:32:51', '9529aa63-1103-4613-b333-e3a14d00167e'),
 ('1698', '770', '716', '122', '0', '5', '2017-06-26 19:32:51', '2017-06-26 19:32:51', '2c335277-379c-4bf7-b0f2-f3b4eea5ccf7'),
 ('1699', '770', '716', '120', '0', '6', '2017-06-26 19:32:51', '2017-06-26 19:32:51', '55208950-2195-420c-9757-a62b43f39010'),
 ('1700', '770', '716', '125', '0', '7', '2017-06-26 19:32:51', '2017-06-26 19:32:51', '072244fc-d4e8-4691-be34-2efc5f980a17'),
 ('1706', '772', '719', '133', '0', '1', '2017-06-26 19:36:57', '2017-06-26 19:36:57', '17e9ca37-fac2-491d-b4c5-ced1391ad828'),
 ('1707', '772', '719', '132', '0', '2', '2017-06-26 19:36:57', '2017-06-26 19:36:57', 'a333e099-0504-40dd-b925-0b7dd3179fdd'),
 ('1708', '772', '719', '130', '0', '3', '2017-06-26 19:36:57', '2017-06-26 19:36:57', '89580884-f8c3-4ebb-819d-9aaf2cee785d'),
 ('1709', '772', '719', '112', '0', '4', '2017-06-26 19:36:57', '2017-06-26 19:36:57', '1ee8da2e-4e4b-4b68-ac2f-61e2b31aa2bf'),
 ('1710', '772', '719', '113', '0', '5', '2017-06-26 19:36:57', '2017-06-26 19:36:57', 'aa9fd554-b86b-4a44-9053-3b92bfa5565a'),
 ('1711', '772', '720', '3', '0', '1', '2017-06-26 19:36:57', '2017-06-26 19:36:57', '03345e07-4cf8-471a-a46a-ef12c1313c83'),
 ('2220', '999', '946', '137', '0', '1', '2017-06-27 15:04:29', '2017-06-27 15:04:29', '18cdcf2f-272e-42fa-b36e-219e095ad276'),
 ('2221', '999', '946', '128', '0', '2', '2017-06-27 15:04:29', '2017-06-27 15:04:29', 'f6a98bef-5b72-44a7-8865-8b6333db4625'),
 ('2222', '999', '947', '3', '0', '1', '2017-06-27 15:04:29', '2017-06-27 15:04:29', '2cc69039-4d80-40db-bd6f-b93991a37e43'),
 ('2742', '1223', '1171', '5', '0', '1', '2017-07-09 19:12:03', '2017-07-09 19:12:03', '1afd2dba-b325-4ee1-9842-2a929365a8f3'),
 ('2743', '1223', '1171', '6', '0', '2', '2017-07-09 19:12:03', '2017-07-09 19:12:03', '3dffd08c-09b2-4934-b86d-181227053b02'),
 ('2744', '1224', '1172', '4', '0', '1', '2017-07-09 19:12:03', '2017-07-09 19:12:03', '7dc0018d-e263-4d63-ba99-02d755e7ca51'),
 ('2745', '1224', '1172', '8', '0', '2', '2017-07-09 19:12:03', '2017-07-09 19:12:03', 'c2702e55-33b4-4e67-bdfa-28442d5abe9c'),
 ('2746', '1224', '1172', '7', '0', '3', '2017-07-09 19:12:03', '2017-07-09 19:12:03', 'eadd366f-7702-4f36-be8b-52c54d471edd'),
 ('2747', '1225', '1173', '13', '0', '1', '2017-07-09 19:12:03', '2017-07-09 19:12:03', 'e50eff97-86c0-406a-b9a9-d6619efcc4a0'),
 ('2748', '1225', '1173', '14', '0', '2', '2017-07-09 19:12:03', '2017-07-09 19:12:03', '3dce0e7f-be72-4739-809d-b35c10e88d14'),
 ('2749', '1226', '1174', '134', '0', '1', '2017-07-09 19:12:03', '2017-07-09 19:12:03', 'fd55527b-d686-4219-afda-821f084879a0'),
 ('2750', '1226', '1174', '12', '0', '2', '2017-07-09 19:12:03', '2017-07-09 19:12:03', '05e4389d-240b-4b1a-a276-4c6333db22af'),
 ('2751', '1227', '1175', '17', '0', '1', '2017-07-09 19:12:03', '2017-07-09 19:12:03', 'f2440b57-0b96-49c7-8d5f-b851a0ed6ead'),
 ('2752', '1227', '1175', '15', '1', '2', '2017-07-09 19:12:03', '2017-07-09 19:12:03', '05721122-61f2-4a4a-9120-878539e820fc'),
 ('2753', '1228', '1176', '18', '0', '1', '2017-07-09 19:12:03', '2017-07-09 19:12:03', '07ca5664-85cd-4605-962b-6319e1ac2027'),
 ('2754', '1228', '1176', '19', '0', '2', '2017-07-09 19:12:03', '2017-07-09 19:12:03', 'b67359f8-ab29-4418-ae61-a480382cfaeb'),
 ('2755', '1228', '1176', '20', '0', '3', '2017-07-09 19:12:03', '2017-07-09 19:12:03', '503d6e29-88a1-44a9-9933-e8c875f9528a'),
 ('2756', '1229', '1177', '29', '0', '1', '2017-07-09 19:12:03', '2017-07-09 19:12:03', '09dde9b9-4d13-436f-9404-92b681451e0f'),
 ('2757', '1229', '1177', '30', '0', '2', '2017-07-09 19:12:03', '2017-07-09 19:12:03', 'f237c61e-f02d-49a0-b72a-126cabcf8ad5'),
 ('2758', '1229', '1177', '31', '0', '3', '2017-07-09 19:12:03', '2017-07-09 19:12:03', '893fdf8e-9e4c-461d-b04b-ea4a925e7a1b'),
 ('2759', '1230', '1178', '34', '0', '1', '2017-07-09 19:12:04', '2017-07-09 19:12:04', '255753a9-5c7f-4b60-8f9d-1461767a72d1'),
 ('2760', '1230', '1178', '35', '0', '2', '2017-07-09 19:12:04', '2017-07-09 19:12:04', '90172d4a-25ee-4743-8a44-3e7095d7ede4'),
 ('2761', '1231', '1179', '28', '0', '1', '2017-07-09 19:12:04', '2017-07-09 19:12:04', '971b2a41-adc9-4902-a1a8-50d60cf6042c'),
 ('2762', '1231', '1179', '32', '0', '2', '2017-07-09 19:12:04', '2017-07-09 19:12:04', '10ac2588-ee1a-4109-b210-17d54af2352b'),
 ('2763', '1231', '1179', '33', '0', '3', '2017-07-09 19:12:04', '2017-07-09 19:12:04', '55842dd2-2b00-42b8-936d-636a6f3db067'),
 ('2764', '1232', '1180', '36', '0', '1', '2017-07-09 19:12:04', '2017-07-09 19:12:04', 'e1c20e08-de90-4056-98ff-49bd8e4a00e3'),
 ('2765', '1233', '1181', '51', '0', '1', '2017-07-09 19:12:04', '2017-07-09 19:12:04', '6481523d-c947-432b-a6e5-b01c883ad1d2'),
 ('2766', '1233', '1181', '145', '0', '2', '2017-07-09 19:12:04', '2017-07-09 19:12:04', '7068e2a9-8903-4191-a9c8-b3d869079f8a'),
 ('2767', '1233', '1181', '146', '0', '3', '2017-07-09 19:12:04', '2017-07-09 19:12:04', 'd1596ae0-5e51-405b-bf14-c7678823c335'),
 ('2768', '1234', '1182', '52', '0', '1', '2017-07-09 19:12:04', '2017-07-09 19:12:04', '40e88f57-077d-4759-8f0e-7a514da670a0'),
 ('2769', '1234', '1182', '53', '0', '2', '2017-07-09 19:12:04', '2017-07-09 19:12:04', 'e34253ef-b8c9-4c42-9888-2031c23366ea'),
 ('2770', '1235', '1183', '57', '0', '1', '2017-07-09 19:12:04', '2017-07-09 19:12:04', 'f2422e12-752b-475f-b593-117c8a4b220a'),
 ('2771', '1236', '1184', '54', '0', '1', '2017-07-09 19:12:04', '2017-07-09 19:12:04', 'c43a3e70-f6ec-49dc-9664-3340654f73ef'),
 ('2772', '1236', '1184', '55', '0', '2', '2017-07-09 19:12:04', '2017-07-09 19:12:04', 'bf63d319-8ab1-4643-a9b7-004993511da3'),
 ('2773', '1236', '1184', '56', '0', '3', '2017-07-09 19:12:04', '2017-07-09 19:12:04', '30738309-0944-4204-ae83-a74e36ae973e'),
 ('2774', '1237', '1185', '58', '0', '1', '2017-07-09 19:12:04', '2017-07-09 19:12:04', 'f680261d-ae85-4d81-96ec-308463ca67b2'),
 ('2775', '1237', '1185', '59', '0', '2', '2017-07-09 19:12:04', '2017-07-09 19:12:04', '8079419f-b6aa-49b5-8915-20514f1c5c93'),
 ('2776', '1238', '1186', '71', '0', '1', '2017-07-09 19:12:04', '2017-07-09 19:12:04', '973992fd-9d86-4b66-ad9f-5841e1166a8c'),
 ('2777', '1239', '1187', '60', '0', '1', '2017-07-09 19:12:04', '2017-07-09 19:12:04', 'd1952845-f7c3-4666-9e3c-4d8327b72e79'),
 ('2778', '1239', '1187', '61', '0', '2', '2017-07-09 19:12:04', '2017-07-09 19:12:04', 'db785b6f-02a7-49b0-9182-f63b7c629436'),
 ('2779', '1239', '1187', '62', '0', '3', '2017-07-09 19:12:04', '2017-07-09 19:12:04', '26cd4e74-22d4-4912-8ebe-9ccc0e5719bc'),
 ('2780', '1239', '1187', '70', '0', '4', '2017-07-09 19:12:04', '2017-07-09 19:12:04', '92a8e8a6-0ae6-47a7-b1d8-dcee08028541'),
 ('2781', '1239', '1187', '63', '0', '5', '2017-07-09 19:12:04', '2017-07-09 19:12:04', '05d25d23-a526-4d7f-808f-50acb7fd5ab1'),
 ('2782', '1239', '1187', '64', '0', '6', '2017-07-09 19:12:04', '2017-07-09 19:12:04', 'bcd7bf85-be30-473d-b02d-35b73e713641'),
 ('2783', '1240', '1188', '73', '0', '1', '2017-07-09 19:12:04', '2017-07-09 19:12:04', '650884f6-e997-46aa-9ebb-738ebaf9bbb0'),
 ('2784', '1241', '1189', '65', '0', '1', '2017-07-09 19:12:04', '2017-07-09 19:12:04', '7a82d43e-cfd2-4ba9-b66d-952302c0c96e'),
 ('2785', '1241', '1189', '66', '0', '2', '2017-07-09 19:12:04', '2017-07-09 19:12:04', '47b8567c-4cb0-49ea-bccf-172949bfb827'),
 ('2786', '1241', '1189', '67', '0', '3', '2017-07-09 19:12:04', '2017-07-09 19:12:04', 'ef513f9e-bc3e-4488-bbf3-6ea63d1d4b68'),
 ('2787', '1241', '1189', '72', '0', '4', '2017-07-09 19:12:04', '2017-07-09 19:12:04', 'cc5f4cf7-29f1-4ab3-a582-3cb3e7e3006e'),
 ('2788', '1241', '1189', '68', '0', '5', '2017-07-09 19:12:04', '2017-07-09 19:12:04', 'bcb55e0e-2b3b-4302-9a66-778c8761740b'),
 ('2789', '1241', '1189', '69', '0', '6', '2017-07-09 19:12:04', '2017-07-09 19:12:04', '17f8a4ea-a386-4976-8019-17d0eb772bfe'),
 ('2790', '1242', '1190', '74', '0', '1', '2017-07-09 19:12:04', '2017-07-09 19:12:04', '9b5e9d2b-5087-439b-a22f-ca23094a3b40'),
 ('2791', '1242', '1190', '75', '0', '2', '2017-07-09 19:12:04', '2017-07-09 19:12:04', 'b0a921ed-9135-4177-900e-753e9d973848'),
 ('2792', '1243', '1191', '79', '0', '1', '2017-07-09 19:12:04', '2017-07-09 19:12:04', 'c47f8f2b-107e-4be6-9349-7ee54eb02fe1'),
 ('2793', '1243', '1191', '80', '0', '2', '2017-07-09 19:12:04', '2017-07-09 19:12:04', '9148c84b-2214-4dc4-b159-5f2da32d1c1d'),
 ('2794', '1243', '1191', '81', '0', '3', '2017-07-09 19:12:04', '2017-07-09 19:12:04', '1d3ba6fe-ffec-46ca-a84c-18a769dd9969'),
 ('2795', '1244', '1192', '76', '0', '1', '2017-07-09 19:12:04', '2017-07-09 19:12:04', 'bec3213d-48d3-4e63-9047-3db5d9fe3493'),
 ('2796', '1244', '1192', '77', '0', '2', '2017-07-09 19:12:04', '2017-07-09 19:12:04', '294391e3-8ac3-4c1d-b13a-2a30edd61238'),
 ('2797', '1244', '1192', '78', '0', '3', '2017-07-09 19:12:04', '2017-07-09 19:12:04', '31aaae52-f8cc-4d69-81d6-df1e39dceb4e'),
 ('2798', '1245', '1193', '85', '0', '1', '2017-07-09 19:12:04', '2017-07-09 19:12:04', 'a9c50246-613b-4130-8ff4-9a17792ec6ed'),
 ('2799', '1245', '1193', '86', '0', '2', '2017-07-09 19:12:04', '2017-07-09 19:12:04', 'c2a2b57a-b53a-4c80-9e87-aae0cbb0f501'),
 ('2800', '1245', '1193', '87', '0', '3', '2017-07-09 19:12:04', '2017-07-09 19:12:04', '7ceedc39-9624-4db7-ac1c-a2fdd77c14df'),
 ('2801', '1246', '1194', '82', '0', '1', '2017-07-09 19:12:04', '2017-07-09 19:12:04', '02b11b81-797e-443a-929b-d805213cc2c5'),
 ('2802', '1246', '1194', '83', '0', '2', '2017-07-09 19:12:04', '2017-07-09 19:12:04', '82e3ad0c-99bc-4e0e-87af-185d152cfe58');
INSERT INTO `craft_fieldlayoutfields` (`id`, `layoutId`, `tabId`, `fieldId`, `required`, `sortOrder`, `dateCreated`, `dateUpdated`, `uid`) VALUES
 ('2803', '1246', '1194', '84', '0', '3', '2017-07-09 19:12:04', '2017-07-09 19:12:04', 'e4c6031a-7633-4ee1-91d3-4f6ce4ad7475'),
 ('2804', '1247', '1195', '91', '0', '1', '2017-07-09 19:12:04', '2017-07-09 19:12:04', '46608acf-d311-41fd-af34-d24b80d5e1af'),
 ('2805', '1247', '1195', '92', '0', '2', '2017-07-09 19:12:04', '2017-07-09 19:12:04', 'f6b058b4-ff07-447e-845e-1530aed0b914'),
 ('2806', '1247', '1195', '93', '0', '3', '2017-07-09 19:12:04', '2017-07-09 19:12:04', 'e7742ac6-b9c0-44fc-85dc-86ebf7470d50'),
 ('2807', '1248', '1196', '88', '0', '1', '2017-07-09 19:12:04', '2017-07-09 19:12:04', '4e3c682c-f532-45d9-ad59-f859b0df9d91'),
 ('2808', '1248', '1196', '89', '0', '2', '2017-07-09 19:12:04', '2017-07-09 19:12:04', '079ba6e0-3517-4cc4-8b4b-97b900afc56e'),
 ('2809', '1248', '1196', '90', '0', '3', '2017-07-09 19:12:04', '2017-07-09 19:12:04', 'a5c749f2-eb58-4d47-bcad-86666df42130'),
 ('2810', '1249', '1197', '97', '0', '1', '2017-07-09 19:12:04', '2017-07-09 19:12:04', '5dd41c49-0cb5-473c-853d-d4266f2caace'),
 ('2811', '1250', '1198', '99', '0', '1', '2017-07-09 19:12:04', '2017-07-09 19:12:04', '296b1cf6-1a62-4859-90f8-261b783608a5'),
 ('2812', '1250', '1198', '100', '0', '2', '2017-07-09 19:12:04', '2017-07-09 19:12:04', 'b83668bf-9db5-4548-965c-991102cb4ca6'),
 ('2813', '1251', '1199', '94', '0', '1', '2017-07-09 19:12:04', '2017-07-09 19:12:04', '2a717784-a27c-4e53-8d0e-a677480e3067'),
 ('2814', '1251', '1199', '95', '0', '2', '2017-07-09 19:12:04', '2017-07-09 19:12:04', '32df0a6d-b049-4d21-8cfe-3bea932c71e5'),
 ('2815', '1251', '1199', '96', '0', '3', '2017-07-09 19:12:04', '2017-07-09 19:12:04', '6669849e-1b19-4039-bc10-e80c54fd2bfc'),
 ('2816', '1251', '1199', '98', '0', '4', '2017-07-09 19:12:04', '2017-07-09 19:12:04', '82554cdc-6811-4bce-b822-2df9419b3e10'),
 ('2817', '1252', '1200', '106', '0', '1', '2017-07-09 19:12:04', '2017-07-09 19:12:04', 'ea20e115-e80b-4da2-9153-60d72eecb3f6'),
 ('2818', '1253', '1201', '110', '0', '1', '2017-07-09 19:12:05', '2017-07-09 19:12:05', 'fcf71ceb-8098-40a0-8b26-1c8d5e21611c'),
 ('2819', '1253', '1201', '111', '0', '2', '2017-07-09 19:12:05', '2017-07-09 19:12:05', '91a869cb-48df-4c57-ae46-3a56ebc19ee3'),
 ('2820', '1254', '1202', '107', '0', '1', '2017-07-09 19:12:05', '2017-07-09 19:12:05', '367ec526-6b56-400c-8433-733c2c97ed40'),
 ('2821', '1254', '1202', '108', '0', '2', '2017-07-09 19:12:05', '2017-07-09 19:12:05', 'dd2e6e05-c485-420d-8f26-794ec05a2d90'),
 ('2822', '1254', '1202', '109', '0', '3', '2017-07-09 19:12:05', '2017-07-09 19:12:05', '70473581-3ad0-4cc3-a51b-2224186ef87c'),
 ('2823', '1255', '1203', '141', '0', '1', '2017-07-09 19:12:05', '2017-07-09 19:12:05', 'db7cdc55-7b5b-4b6a-91c8-30da4e5dc46d'),
 ('2824', '1255', '1203', '142', '0', '2', '2017-07-09 19:12:05', '2017-07-09 19:12:05', '32aa3b4c-704a-42d1-b949-6370bc7cdd2e'),
 ('2825', '1255', '1203', '143', '0', '3', '2017-07-09 19:12:05', '2017-07-09 19:12:05', 'fda0dfd8-5ac7-448c-b768-3e218fd4aead'),
 ('2826', '1256', '1204', '136', '0', '1', '2017-07-09 19:12:05', '2017-07-09 19:12:05', '4c86f072-3e1f-473b-a9ce-5c848824297e'),
 ('2827', '1256', '1204', '140', '0', '2', '2017-07-09 19:12:05', '2017-07-09 19:12:05', 'a321d53a-0051-40bb-a760-56d92736cdd0'),
 ('2828', '1258', '1206', '138', '0', '1', '2017-07-09 19:12:05', '2017-07-09 19:12:05', '67816757-6ad4-40b1-b35c-881c8282a6a2'),
 ('2829', '1258', '1206', '139', '0', '2', '2017-07-09 19:12:05', '2017-07-09 19:12:05', '1cf30656-4313-4957-88c7-be42f0a636e4'),
 ('2830', '1259', '1207', '131', '0', '1', '2017-07-09 19:12:05', '2017-07-09 19:12:05', 'ccb98866-7341-4450-9679-96b74dc310bd'),
 ('2831', '1260', '1208', '144', '0', '1', '2017-07-09 19:12:05', '2017-07-09 19:12:05', '56ee3174-29e0-40e6-a6fc-2a945e600705');



DROP TABLE IF EXISTS `craft_fieldlayouts`;


--
-- Schema for table `craft_fieldlayouts`
--
CREATE TABLE `craft_fieldlayouts` (
  `id` int(11) NOT NULL AUTO_INCREMENT,
  `type` varchar(150) COLLATE utf8_unicode_ci NOT NULL,
  `dateCreated` datetime NOT NULL,
  `dateUpdated` datetime NOT NULL,
  `uid` char(36) COLLATE utf8_unicode_ci NOT NULL DEFAULT '0',
  PRIMARY KEY (`id`),
  KEY `craft_fieldlayouts_type_idx` (`type`)
) ENGINE=InnoDB AUTO_INCREMENT=1261 DEFAULT CHARSET=utf8 COLLATE=utf8_unicode_ci;

--
-- Data for table `craft_fieldlayouts`
--

INSERT INTO `craft_fieldlayouts` (`id`, `type`, `dateCreated`, `dateUpdated`, `uid`) VALUES
 ('1', 'Tag', '2017-06-09 17:32:24', '2017-06-09 17:32:24', '217dfe9a-6d5b-4347-b51f-1799406bf347'),
 ('20', 'Navee_Node', '2017-06-09 20:30:45', '2017-06-09 20:30:45', '4911b1a7-4103-4d0f-96f4-2ec92bd37f09'),
 ('62', 'SuperTable_Block', '2017-06-12 20:32:00', '2017-06-12 20:32:00', '15b86109-6593-41ed-bb5d-c2b7833a5080'),
 ('107', 'Entry', '2017-06-14 14:51:10', '2017-06-14 14:51:10', '72befdef-5731-46d3-bd63-56ab3e78d74e'),
 ('128', 'MatrixBlock', '2017-06-15 14:59:47', '2017-06-15 14:59:47', '9dd4b181-bc65-406e-a3d9-1b7e2391a0a5'),
 ('129', 'MatrixBlock', '2017-06-15 15:03:15', '2017-06-15 15:03:15', 'e18a13f2-8837-4d8a-8eeb-de03f86788a3'),
 ('134', 'SuperTable_Block', '2017-06-15 16:16:29', '2017-06-15 16:16:29', '49872598-27d2-44d8-a883-880815b449b8'),
 ('135', 'Entry', '2017-06-15 16:34:44', '2017-06-15 16:34:44', '4e1b96ed-3e86-4529-a0d8-451fd1938eee'),
 ('482', 'MatrixBlock', '2017-06-15 19:42:14', '2017-06-15 19:42:14', '8160199d-cd3c-4f19-a06c-4ef252ce504e'),
 ('614', 'Category', '2017-06-15 20:46:35', '2017-06-15 20:46:35', '58b49111-a19e-43e9-b8e7-27ef6a45e278'),
 ('620', 'SuperTable_Block', '2017-06-15 22:13:15', '2017-06-15 22:13:15', 'e7fd37a8-08ba-407f-8074-8e20f72a82b9'),
 ('628', 'Category', '2017-06-16 14:59:27', '2017-06-16 14:59:27', 'd5cb3a48-1675-42d3-89a7-24ce59b2f2c3'),
 ('631', 'Category', '2017-06-20 14:39:39', '2017-06-20 14:39:39', 'd1037ebe-efea-4d50-be8c-efeb6e68f49b'),
 ('640', 'Entry', '2017-06-20 14:48:13', '2017-06-20 14:48:13', '89159440-7447-47d2-a781-2c1289c1ae28'),
 ('713', 'Asset', '2017-06-23 19:41:18', '2017-06-23 19:41:18', '41b984a0-07a3-49cd-b34c-ea7aa0c4017b'),
 ('725', 'Asset', '2017-06-26 18:48:39', '2017-06-26 18:48:39', '4b56f7cb-23f3-4082-b8d2-23da0bcf9542'),
 ('728', 'Asset', '2017-06-26 18:50:22', '2017-06-26 18:50:22', 'acf770a7-b819-4ffe-9c3d-8a33f9c1d1ee'),
 ('729', 'Asset', '2017-06-26 18:50:31', '2017-06-26 18:50:31', 'fc0ad06d-c0a8-4a56-a6f4-89fac658a3dd'),
 ('730', 'Asset', '2017-06-26 18:50:46', '2017-06-26 18:50:46', '10ef9905-3ce6-4eb7-ac57-63dbc738394d'),
 ('731', 'Asset', '2017-06-26 18:50:54', '2017-06-26 18:50:54', '84a92f4b-75d8-4ade-9c45-b4e9cab06433'),
 ('770', 'Category', '2017-06-26 19:32:51', '2017-06-26 19:32:51', '06fe7475-b944-4ce2-9e3d-056a5957b0f1'),
 ('772', 'Entry', '2017-06-26 19:36:57', '2017-06-26 19:36:57', 'ca5eaea6-85a9-4cc7-86d4-740e4a18dda6'),
 ('843', 'Asset', '2017-06-27 14:21:18', '2017-06-27 14:21:18', '5f050523-76ea-45f5-be66-2d50b470b4ac'),
 ('999', 'Category', '2017-06-27 15:04:29', '2017-06-27 15:04:29', '6b47b959-eec0-4eed-b519-85bce40a7ae0'),
 ('1223', 'SuperTable_Block', '2017-07-09 19:12:03', '2017-07-09 19:12:03', '535ee84d-892d-44c1-89ef-14db570a7b7c'),
 ('1224', 'MatrixBlock', '2017-07-09 19:12:03', '2017-07-09 19:12:03', '2519b61e-15cd-4bf0-86da-ee72f6f0860f'),
 ('1225', 'SuperTable_Block', '2017-07-09 19:12:03', '2017-07-09 19:12:03', '3c0e8fde-5a3d-4495-a112-c817d65bbaa1'),
 ('1226', 'MatrixBlock', '2017-07-09 19:12:03', '2017-07-09 19:12:03', '1c0cdbdb-9689-45ac-95df-93f6cf39c5ce'),
 ('1227', 'MatrixBlock', '2017-07-09 19:12:03', '2017-07-09 19:12:03', '0dad37df-5113-4564-b752-02cba7a9db40'),
 ('1228', 'MatrixBlock', '2017-07-09 19:12:03', '2017-07-09 19:12:03', '56bdb6e4-d7ad-4afb-81e9-e87894af1ad2'),
 ('1229', 'SuperTable_Block', '2017-07-09 19:12:03', '2017-07-09 19:12:03', '6ef5b8b3-ae5d-4ea8-a783-a73e258c4b9f'),
 ('1230', 'SuperTable_Block', '2017-07-09 19:12:03', '2017-07-09 19:12:03', 'bb507bf8-2421-4953-8d29-f2dafa55ab42'),
 ('1231', 'MatrixBlock', '2017-07-09 19:12:04', '2017-07-09 19:12:04', 'b9fec656-9184-4512-8322-43a7961aa8d8'),
 ('1232', 'MatrixBlock', '2017-07-09 19:12:04', '2017-07-09 19:12:04', '141ea350-6f6a-4e75-ad3a-f891eed36658'),
 ('1233', 'MatrixBlock', '2017-07-09 19:12:04', '2017-07-09 19:12:04', 'cb61de1b-81fd-43d8-84eb-cdabadb60ab7'),
 ('1234', 'MatrixBlock', '2017-07-09 19:12:04', '2017-07-09 19:12:04', 'ba97d312-e0e1-4b35-b2df-eae609342ce9'),
 ('1235', 'SuperTable_Block', '2017-07-09 19:12:04', '2017-07-09 19:12:04', '66c4714c-15cf-408a-a141-080c3d879810'),
 ('1236', 'MatrixBlock', '2017-07-09 19:12:04', '2017-07-09 19:12:04', '144d8f19-710b-44c3-aa5e-133dc4d2f64f'),
 ('1237', 'MatrixBlock', '2017-07-09 19:12:04', '2017-07-09 19:12:04', '647624e1-2c09-48c7-a1ea-db4168bdf6c8'),
 ('1238', 'SuperTable_Block', '2017-07-09 19:12:04', '2017-07-09 19:12:04', '97404881-0b6a-459d-bcb4-93a566f4f98a'),
 ('1239', 'MatrixBlock', '2017-07-09 19:12:04', '2017-07-09 19:12:04', 'cc8f7f89-abbc-4f40-b9de-f33433608e3e'),
 ('1240', 'SuperTable_Block', '2017-07-09 19:12:04', '2017-07-09 19:12:04', '12b4bdcf-750c-44d1-a4fc-373c2e51d22e'),
 ('1241', 'MatrixBlock', '2017-07-09 19:12:04', '2017-07-09 19:12:04', 'e6ec0dc7-0312-448b-982d-0ac286d323b8'),
 ('1242', 'MatrixBlock', '2017-07-09 19:12:04', '2017-07-09 19:12:04', '757dac94-64b6-415c-9bf5-c77da4f67ea7'),
 ('1243', 'SuperTable_Block', '2017-07-09 19:12:04', '2017-07-09 19:12:04', 'db48298d-d56c-4308-bcc6-cc2ea42ec643'),
 ('1244', 'MatrixBlock', '2017-07-09 19:12:04', '2017-07-09 19:12:04', '95164249-d21f-4307-8f34-f1a38b1e1bb9'),
 ('1245', 'SuperTable_Block', '2017-07-09 19:12:04', '2017-07-09 19:12:04', '071d5827-930c-4831-93c1-895c2da50dfb'),
 ('1246', 'MatrixBlock', '2017-07-09 19:12:04', '2017-07-09 19:12:04', '2a8ec0cc-36c1-4d00-8935-7e044085c759'),
 ('1247', 'SuperTable_Block', '2017-07-09 19:12:04', '2017-07-09 19:12:04', '53f5a5b9-c9ba-4d78-a7aa-c6b87b9c5eaf'),
 ('1248', 'MatrixBlock', '2017-07-09 19:12:04', '2017-07-09 19:12:04', '4fe58fc3-24d1-4395-aebf-e73e0169b27c'),
 ('1249', 'SuperTable_Block', '2017-07-09 19:12:04', '2017-07-09 19:12:04', '660444e5-de1c-487a-bf01-9fe1df111798'),
 ('1250', 'SuperTable_Block', '2017-07-09 19:12:04', '2017-07-09 19:12:04', 'c507e77d-422c-4f53-93c3-253533e6372e'),
 ('1251', 'MatrixBlock', '2017-07-09 19:12:04', '2017-07-09 19:12:04', 'b964655e-e477-4ee0-ba1e-6cb6dc0fa396'),
 ('1252', 'MatrixBlock', '2017-07-09 19:12:04', '2017-07-09 19:12:04', '041aca8e-2786-41f4-917a-c56d4c1dbcaa'),
 ('1253', 'SuperTable_Block', '2017-07-09 19:12:05', '2017-07-09 19:12:05', '64bf0633-ece9-4102-bdb4-47249102b352'),
 ('1254', 'MatrixBlock', '2017-07-09 19:12:05', '2017-07-09 19:12:05', 'e36f5a88-a591-4fa8-95fb-0755b2f49961'),
 ('1255', 'SuperTable_Block', '2017-07-09 19:12:05', '2017-07-09 19:12:05', '3a61384f-94cd-44f3-8120-b8ea1e1db4c7'),
 ('1256', 'MatrixBlock', '2017-07-09 19:12:05', '2017-07-09 19:12:05', '93a7ff76-94f4-4ccb-bfc4-d49ec86d3eac'),
 ('1257', 'MatrixBlock', '2017-07-09 19:12:05', '2017-07-09 19:12:05', 'f044b241-2983-4a5c-9d5a-a5077f5741cd'),
 ('1258', 'MatrixBlock', '2017-07-09 19:12:05', '2017-07-09 19:12:05', '14614854-1a95-480b-b955-9e908fdc64ca'),
 ('1259', 'MatrixBlock', '2017-07-09 19:12:05', '2017-07-09 19:12:05', '78641bc5-2e54-43c3-849d-8f30f92209b7'),
 ('1260', 'MatrixBlock', '2017-07-09 19:12:05', '2017-07-09 19:12:05', 'bbeeab02-cfa1-4b72-a08a-2463402cdae5');



DROP TABLE IF EXISTS `craft_fieldlayouttabs`;


--
-- Schema for table `craft_fieldlayouttabs`
--
CREATE TABLE `craft_fieldlayouttabs` (
  `id` int(11) NOT NULL AUTO_INCREMENT,
  `layoutId` int(11) NOT NULL,
  `name` varchar(255) COLLATE utf8_unicode_ci NOT NULL,
  `sortOrder` smallint(6) unsigned DEFAULT NULL,
  `dateCreated` datetime NOT NULL,
  `dateUpdated` datetime NOT NULL,
  `uid` char(36) COLLATE utf8_unicode_ci NOT NULL DEFAULT '0',
  PRIMARY KEY (`id`),
  KEY `craft_fieldlayouttabs_sortOrder_idx` (`sortOrder`),
  KEY `craft_fieldlayouttabs_layoutId_fk` (`layoutId`)
) ENGINE=InnoDB AUTO_INCREMENT=1209 DEFAULT CHARSET=utf8 COLLATE=utf8_unicode_ci;

--
-- Data for table `craft_fieldlayouttabs`
--

INSERT INTO `craft_fieldlayouttabs` (`id`, `layoutId`, `name`, `sortOrder`, `dateCreated`, `dateUpdated`, `uid`) VALUES
 ('44', '62', 'Content', '1', '2017-06-12 20:32:00', '2017-06-12 20:32:00', '12970dc7-48ef-48c2-8fe1-743c471810e9'),
 ('88', '107', 'Page Layout', '1', '2017-06-14 14:51:10', '2017-06-14 14:51:10', '5f71925f-d53d-46aa-83ad-a08bfa8115b2'),
 ('108', '128', 'Content', '1', '2017-06-15 14:59:47', '2017-06-15 14:59:47', 'ac398d48-949a-4b17-b349-69c83373fa54'),
 ('109', '129', 'Content', '1', '2017-06-15 15:03:15', '2017-06-15 15:03:15', '8432380a-8c14-4e06-bdda-5b4bef3c3ee2'),
 ('114', '134', 'Content', '1', '2017-06-15 16:16:29', '2017-06-15 16:16:29', 'b9033ab9-bb7b-4e0f-90e1-2dd5ef9cd072'),
 ('115', '135', 'Person', '1', '2017-06-15 16:34:44', '2017-06-15 16:34:44', '4e706c5c-53cb-4a7d-a499-12b61e213827'),
 ('457', '482', 'Content', '1', '2017-06-15 19:42:14', '2017-06-15 19:42:14', 'f4eb041b-6c39-4d08-b96a-41c3b85469f5'),
 ('594', '620', 'Content', '1', '2017-06-15 22:13:15', '2017-06-15 22:13:15', '12511181-acb3-476b-a96c-2849058c7aee'),
 ('603', '628', 'Market', '1', '2017-06-16 14:59:27', '2017-06-16 14:59:27', 'e0adbfe7-a0fc-456c-9bf6-da8db0da814c'),
 ('604', '628', 'Page Builder', '2', '2017-06-16 14:59:27', '2017-06-16 14:59:27', '92b25af7-f9e1-4bdc-8751-7bf99827e97a'),
 ('609', '640', 'Content', '1', '2017-06-20 14:48:13', '2017-06-20 14:48:13', '557e8084-3c99-4148-acc9-ab0faa14b618'),
 ('716', '770', 'Location', '1', '2017-06-26 19:32:51', '2017-06-26 19:32:51', 'ad5e27a6-1006-4bc3-9464-11d52a0ad09b'),
 ('719', '772', 'Work', '1', '2017-06-26 19:36:57', '2017-06-26 19:36:57', '80f76d26-da60-4463-b1dc-df0487d19a5c'),
 ('720', '772', 'Page Builder', '2', '2017-06-26 19:36:57', '2017-06-26 19:36:57', '9ac32619-e73d-4793-acce-9686fb21473b'),
 ('946', '999', 'Service', '1', '2017-06-27 15:04:29', '2017-06-27 15:04:29', '578bfc01-4035-4029-a9fb-52f0ce6cabe2'),
 ('947', '999', 'Page Builder', '2', '2017-06-27 15:04:29', '2017-06-27 15:04:29', 'f5b2d5e1-c01c-452c-8ab6-78840221c257'),
 ('1171', '1223', 'Content', '1', '2017-07-09 19:12:03', '2017-07-09 19:12:03', '9057d3b7-34cc-422a-8f89-de5c82427055'),
 ('1172', '1224', 'Content', '1', '2017-07-09 19:12:03', '2017-07-09 19:12:03', '66b7c239-3b13-492a-a22b-170fde09d372'),
 ('1173', '1225', 'Content', '1', '2017-07-09 19:12:03', '2017-07-09 19:12:03', '05eaa4c5-133a-4419-ab70-c8f0492c4b90'),
 ('1174', '1226', 'Content', '1', '2017-07-09 19:12:03', '2017-07-09 19:12:03', '308e1d7e-691b-4c22-b0aa-d79627586dfa'),
 ('1175', '1227', 'Content', '1', '2017-07-09 19:12:03', '2017-07-09 19:12:03', '49ca6f07-ebb7-4080-9ceb-d923cd2849ba'),
 ('1176', '1228', 'Content', '1', '2017-07-09 19:12:03', '2017-07-09 19:12:03', 'd224e7f3-3043-479c-971d-43627821221d'),
 ('1177', '1229', 'Content', '1', '2017-07-09 19:12:03', '2017-07-09 19:12:03', '6ab20834-c043-4b80-b0f2-abadc34e06f5'),
 ('1178', '1230', 'Content', '1', '2017-07-09 19:12:03', '2017-07-09 19:12:03', '4b51fd5c-4958-4e0a-b2bc-c325ff42932b'),
 ('1179', '1231', 'Content', '1', '2017-07-09 19:12:04', '2017-07-09 19:12:04', 'f579a205-57f7-4826-a75e-9c0922243d08'),
 ('1180', '1232', 'Content', '1', '2017-07-09 19:12:04', '2017-07-09 19:12:04', '9acd7b2b-7fe8-401d-82c0-429d8f60a7ad'),
 ('1181', '1233', 'Content', '1', '2017-07-09 19:12:04', '2017-07-09 19:12:04', 'c7659e0d-e7ee-4b5d-a839-2d8a656862d9'),
 ('1182', '1234', 'Content', '1', '2017-07-09 19:12:04', '2017-07-09 19:12:04', '565daa6c-40dc-4a1d-83bd-f672c021d341'),
 ('1183', '1235', 'Content', '1', '2017-07-09 19:12:04', '2017-07-09 19:12:04', 'd091acfe-729f-4fb6-af7b-a2ef8adf0ff9'),
 ('1184', '1236', 'Content', '1', '2017-07-09 19:12:04', '2017-07-09 19:12:04', '26cd612b-52e1-4367-b83b-dae0a52dfe45'),
 ('1185', '1237', 'Content', '1', '2017-07-09 19:12:04', '2017-07-09 19:12:04', 'f55c8424-9025-4304-b6bb-3fd510d69e26'),
 ('1186', '1238', 'Content', '1', '2017-07-09 19:12:04', '2017-07-09 19:12:04', 'af522a1a-7386-46af-be2a-7c677bce9dcc'),
 ('1187', '1239', 'Content', '1', '2017-07-09 19:12:04', '2017-07-09 19:12:04', 'f671e7ec-d929-43ba-8e4a-296056052734'),
 ('1188', '1240', 'Content', '1', '2017-07-09 19:12:04', '2017-07-09 19:12:04', '41e9ec01-d637-402b-a7e0-dff66a423ff7'),
 ('1189', '1241', 'Content', '1', '2017-07-09 19:12:04', '2017-07-09 19:12:04', '8ecbbe37-7486-49b9-82b6-72313d5c974f'),
 ('1190', '1242', 'Content', '1', '2017-07-09 19:12:04', '2017-07-09 19:12:04', 'a8b61b9b-f9be-4ece-bc76-68eb4c0bce42'),
 ('1191', '1243', 'Content', '1', '2017-07-09 19:12:04', '2017-07-09 19:12:04', '754333d5-d856-4a38-8be4-d6d1c5a1d6e0'),
 ('1192', '1244', 'Content', '1', '2017-07-09 19:12:04', '2017-07-09 19:12:04', '9070372c-ebfc-45fa-abc4-8a5d6366e402'),
 ('1193', '1245', 'Content', '1', '2017-07-09 19:12:04', '2017-07-09 19:12:04', 'd3cb64ee-d4fd-4a33-b3c3-974bba9a7913'),
 ('1194', '1246', 'Content', '1', '2017-07-09 19:12:04', '2017-07-09 19:12:04', '253267dd-d112-4862-a18b-00426fbe8d32'),
 ('1195', '1247', 'Content', '1', '2017-07-09 19:12:04', '2017-07-09 19:12:04', 'a58a177d-b2a2-409d-aed8-8dc7d5f76e34'),
 ('1196', '1248', 'Content', '1', '2017-07-09 19:12:04', '2017-07-09 19:12:04', 'e0d2827d-b9ff-413f-889b-ed46cdb096a5'),
 ('1197', '1249', 'Content', '1', '2017-07-09 19:12:04', '2017-07-09 19:12:04', '74250553-8cbd-480b-86fd-9a2798773a92'),
 ('1198', '1250', 'Content', '1', '2017-07-09 19:12:04', '2017-07-09 19:12:04', '7dfc1bdc-71bf-4318-b133-4094de9da8ac'),
 ('1199', '1251', 'Content', '1', '2017-07-09 19:12:04', '2017-07-09 19:12:04', '2c1f2cb4-7870-4786-887b-c691e299acbd'),
 ('1200', '1252', 'Content', '1', '2017-07-09 19:12:04', '2017-07-09 19:12:04', '4ac92687-c0e7-4456-bc18-7cded9ca9ca4'),
 ('1201', '1253', 'Content', '1', '2017-07-09 19:12:05', '2017-07-09 19:12:05', 'bb9ded28-20d4-4638-b564-1087f9137c22'),
 ('1202', '1254', 'Content', '1', '2017-07-09 19:12:05', '2017-07-09 19:12:05', '79a7549f-a7a3-49a6-b874-84bd408a9d52'),
 ('1203', '1255', 'Content', '1', '2017-07-09 19:12:05', '2017-07-09 19:12:05', '5c7b07da-5f2a-4122-8ac1-44efdfd266b8'),
 ('1204', '1256', 'Content', '1', '2017-07-09 19:12:05', '2017-07-09 19:12:05', 'e858847e-e9ec-4c10-a254-f81dff350268'),
 ('1205', '1257', 'Content', '1', '2017-07-09 19:12:05', '2017-07-09 19:12:05', 'f4edb5b8-4e77-49f0-acb3-b09263affcb7'),
 ('1206', '1258', 'Content', '1', '2017-07-09 19:12:05', '2017-07-09 19:12:05', '6fed7fad-4aa5-4861-85d1-a3e020d187dc'),
 ('1207', '1259', 'Content', '1', '2017-07-09 19:12:05', '2017-07-09 19:12:05', '5cb0b53d-89bc-4ed4-8e56-501e28d32485'),
 ('1208', '1260', 'Content', '1', '2017-07-09 19:12:05', '2017-07-09 19:12:05', '00bfd15b-14f6-4b35-8047-b77a1279d6e2');



DROP TABLE IF EXISTS `craft_fields`;


--
-- Schema for table `craft_fields`
--
CREATE TABLE `craft_fields` (
  `id` int(11) NOT NULL AUTO_INCREMENT,
  `groupId` int(11) DEFAULT NULL,
  `name` varchar(255) COLLATE utf8_unicode_ci NOT NULL,
  `handle` varchar(58) COLLATE utf8_unicode_ci NOT NULL,
  `context` varchar(255) COLLATE utf8_unicode_ci NOT NULL DEFAULT 'global',
  `instructions` text COLLATE utf8_unicode_ci,
  `translatable` tinyint(1) unsigned NOT NULL DEFAULT '0',
  `type` varchar(150) COLLATE utf8_unicode_ci NOT NULL,
  `settings` text COLLATE utf8_unicode_ci,
  `dateCreated` datetime NOT NULL,
  `dateUpdated` datetime NOT NULL,
  `uid` char(36) COLLATE utf8_unicode_ci NOT NULL DEFAULT '0',
  PRIMARY KEY (`id`),
  UNIQUE KEY `craft_fields_handle_context_unq_idx` (`handle`,`context`),
  KEY `craft_fields_context_idx` (`context`),
  KEY `craft_fields_groupId_fk` (`groupId`)
) ENGINE=InnoDB AUTO_INCREMENT=147 DEFAULT CHARSET=utf8 COLLATE=utf8_unicode_ci;

--
-- Data for table `craft_fields`
--

INSERT INTO `craft_fields` (`id`, `groupId`, `name`, `handle`, `context`, `instructions`, `translatable`, `type`, `settings`, `dateCreated`, `dateUpdated`, `uid`) VALUES
 ('1', '1', 'Body', 'body', 'global', NULL, '1', 'RichText', '{\"configFile\":\"Standard.json\",\"columnType\":\"text\"}', '2017-06-09 17:32:24', '2017-06-09 17:32:24', '2dffd240-f196-4810-9e4e-01a6805ea9a2'),
 ('2', '1', 'Tags', 'tags', 'global', NULL, '0', 'Tags', '{\"source\":\"taggroup:1\"}', '2017-06-09 17:32:25', '2017-06-09 17:32:25', '286cb263-8214-4d8e-b700-88a7e183a950'),
 ('3', '1', 'Components', 'components', 'global', '', '0', 'Matrix', '{\"maxBlocks\":null}', '2017-06-09 19:00:19', '2017-07-09 19:12:03', 'f6b0c9b0-5d48-4459-8887-fe4d183a9534'),
 ('4', NULL, 'Image', 'image', 'matrixBlockType:1', '', '0', 'SuperTable', '{\"columns\":{\"5\":{\"width\":\"\"},\"6\":{\"width\":\"\"}},\"fieldLayout\":\"table\",\"staticField\":\"1\",\"selectionLabel\":\"Add a row\",\"maxRows\":null,\"minRows\":null}', '2017-06-09 19:00:20', '2017-07-09 19:12:03', '4e19d133-f72f-4bd9-b045-2258e043d707'),
 ('5', NULL, 'Mobile Image', 'mobileImage', 'superTableBlockType:1', '', '0', 'Assets', '{\"useSingleFolder\":\"1\",\"sources\":\"*\",\"defaultUploadLocationSource\":\"1\",\"defaultUploadLocationSubpath\":\"\",\"singleUploadLocationSource\":\"2\",\"singleUploadLocationSubpath\":\"\",\"restrictFiles\":\"1\",\"allowedKinds\":[\"image\"],\"limit\":\"1\",\"viewMode\":\"list\",\"selectionLabel\":\"\"}', '2017-06-09 19:00:20', '2017-07-09 19:12:03', 'a2009320-f94b-480d-85b8-274404450e61'),
 ('6', NULL, 'Desktop Image', 'desktopImage', 'superTableBlockType:1', '', '0', 'Assets', '{\"useSingleFolder\":\"1\",\"sources\":\"*\",\"defaultUploadLocationSource\":\"1\",\"defaultUploadLocationSubpath\":\"\",\"singleUploadLocationSource\":\"2\",\"singleUploadLocationSubpath\":\"\",\"restrictFiles\":\"1\",\"allowedKinds\":[\"image\"],\"limit\":\"1\",\"viewMode\":\"list\",\"selectionLabel\":\"\"}', '2017-06-09 19:00:20', '2017-07-09 19:12:03', '7c6aa10a-e9c9-40d3-816b-1378abb8d6b3'),
 ('7', NULL, 'Heading', 'heading', 'matrixBlockType:1', '', '0', 'PlainText', '{\"placeholder\":\"\",\"maxLength\":\"\",\"multiline\":\"1\",\"initialRows\":\"2\"}', '2017-06-09 19:00:20', '2017-07-09 19:12:03', 'f7805c67-7c09-4d0d-a676-4c30be96edb0'),
 ('8', NULL, 'Subheading', 'subheading', 'matrixBlockType:1', '', '0', 'PlainText', '{\"placeholder\":\"\",\"maxLength\":\"\",\"multiline\":\"\",\"initialRows\":\"4\"}', '2017-06-09 19:05:49', '2017-07-09 19:12:03', '77c12fab-08dd-4e59-8beb-06fe6801e9e8'),
 ('9', '1', 'Page', 'page', 'global', '', '0', 'Entries', '{\"sources\":[\"section:4\",\"section:2\",\"section:5\",\"singles\",\"section:3\"],\"limit\":\"1\",\"selectionLabel\":\"\"}', '2017-06-09 20:19:21', '2017-06-09 20:19:21', '2a85dad7-d5e4-4ede-ae6c-1cb405e90a2c'),
 ('12', NULL, 'Gallery', 'gallery', 'matrixBlockType:2', '', '0', 'SuperTable', '{\"columns\":{\"13\":{\"width\":\"\"},\"14\":{\"width\":\"\"}},\"fieldLayout\":\"table\",\"staticField\":null,\"selectionLabel\":\"Add a row\",\"maxRows\":null,\"minRows\":null}', '2017-06-12 19:02:25', '2017-07-09 19:12:03', '731684b5-658e-41f9-b5e2-1e8fc2135ab2'),
 ('13', NULL, 'Media Asset', 'mediaAsset', 'superTableBlockType:3', 'Upload either an image or video', '0', 'Assets', '{\"useSingleFolder\":\"1\",\"sources\":\"*\",\"defaultUploadLocationSource\":\"1\",\"defaultUploadLocationSubpath\":\"\",\"singleUploadLocationSource\":\"1\",\"singleUploadLocationSubpath\":\"\",\"restrictFiles\":\"1\",\"allowedKinds\":[\"image\",\"video\"],\"limit\":\"1\",\"viewMode\":\"list\",\"selectionLabel\":\"\"}', '2017-06-12 19:03:17', '2017-07-09 19:12:03', '31125a57-9b9b-4f89-9028-77273f871bb8'),
 ('14', NULL, 'Caption', 'caption', 'superTableBlockType:3', '', '0', 'PlainText', '{\"placeholder\":\"\",\"maxLength\":\"\",\"multiline\":\"\",\"initialRows\":\"4\"}', '2017-06-12 19:03:17', '2017-07-09 19:12:03', 'ae984a63-20c5-470d-95c0-c57c1bed38a6'),
 ('15', NULL, 'Work', 'work', 'matrixBlockType:3', 'A max of three work entries is allowed. If none are selected the component will default to the three most recent articles.', '0', 'Entries', '{\"sources\":[\"section:3\"],\"limit\":\"3\",\"selectionLabel\":\"\"}', '2017-06-12 20:32:00', '2017-07-09 19:12:03', '3d5b97e4-bed3-4bb3-8342-9b30cc537e14'),
 ('16', NULL, 'Project', 'project', 'superTableBlockType:4', '', '0', 'Entries', '{\"sources\":[\"section:3\"],\"limit\":\"\",\"selectionLabel\":\"\"}', '2017-06-12 20:32:00', '2017-06-12 20:32:00', '808e7885-5861-43bc-96b6-9b514eac8120'),
 ('17', NULL, 'Heading', 'heading', 'matrixBlockType:3', '', '0', 'PlainText', '{\"placeholder\":\"\",\"maxLength\":\"\",\"multiline\":\"\",\"initialRows\":\"4\"}', '2017-06-12 20:39:56', '2017-07-09 19:12:03', 'e12e157e-7ed4-408f-864f-0811917d1629'),
 ('18', NULL, 'Heading', 'heading', 'matrixBlockType:4', '', '0', 'PlainText', '{\"placeholder\":\"\",\"maxLength\":\"\",\"multiline\":\"\",\"initialRows\":\"4\"}', '2017-06-12 20:43:11', '2017-07-09 19:12:03', '468b7dec-4755-49f1-bb13-90f891782a80'),
 ('19', NULL, 'News', 'news', 'matrixBlockType:4', 'A max of three news entries is allowed. If none are selected the component will default to the three most recent articles.', '0', 'Entries', '{\"sources\":[\"section:2\"],\"limit\":\"3\",\"selectionLabel\":\"\"}', '2017-06-12 20:43:11', '2017-07-09 19:12:03', '430e8322-32e9-4632-9265-8b6be6b33106'),
 ('20', NULL, 'Call To Action', 'callToAction', 'matrixBlockType:4', '', '0', 'FruitLinkIt', '{\"types\":[\"custom\",\"entry\",\"category\"],\"defaultText\":\"\",\"allowCustomText\":\"\",\"allowTarget\":\"\",\"entrySources\":\"*\",\"entrySelectionLabel\":\"Select an entry\",\"assetSources\":\"*\",\"assetSelectionLabel\":\"Select an asset\",\"categorySources\":\"*\",\"categorySelectionLabel\":\"Select a category\"}', '2017-06-12 20:44:01', '2017-07-09 19:12:03', '96debe4d-c442-4edf-a59a-26586868b122'),
 ('28', NULL, 'Internship Card', 'internshipCard', 'matrixBlockType:6', '', '0', 'SuperTable', '{\"columns\":{\"29\":{\"width\":\"\"},\"30\":{\"width\":\"\"},\"31\":{\"width\":\"\"}},\"fieldLayout\":\"table\",\"staticField\":\"1\",\"selectionLabel\":\"Add a row\",\"maxRows\":null,\"minRows\":null}', '2017-06-14 15:25:43', '2017-07-09 19:12:03', '844ebbca-5000-4b19-885f-4ed5fe445b67'),
 ('29', NULL, 'Title', 'cardTitle', 'superTableBlockType:5', '', '0', 'PlainText', '{\"placeholder\":\"\",\"maxLength\":\"\",\"multiline\":\"\",\"initialRows\":\"4\"}', '2017-06-14 15:25:44', '2017-07-09 19:12:03', '7bfa0bf3-e4ee-48fb-aaa8-a8010e886b65'),
 ('30', NULL, 'Description', 'description', 'superTableBlockType:5', '', '0', 'PlainText', '{\"placeholder\":\"\",\"maxLength\":\"\",\"multiline\":\"\",\"initialRows\":\"4\"}', '2017-06-14 15:25:44', '2017-07-09 19:12:03', '4048634f-7c05-4562-8aea-487304f69ea6'),
 ('31', NULL, 'Call To Action', 'callToAction', 'superTableBlockType:5', '', '0', 'FruitLinkIt', '{\"types\":[\"custom\",\"entry\"],\"defaultText\":\"Contact Us\",\"allowCustomText\":\"1\",\"allowTarget\":\"\",\"entrySources\":\"*\",\"entrySelectionLabel\":\"Select an entry\",\"assetSources\":\"*\",\"assetSelectionLabel\":\"Select an asset\",\"categorySources\":\"*\",\"categorySelectionLabel\":\"Select a category\"}', '2017-06-14 15:25:44', '2017-07-09 19:12:03', '1bad2124-f196-464b-8970-f9a54c96ed0c'),
 ('32', NULL, 'Load More Text', 'loadMoreText', 'matrixBlockType:6', 'Defaults to \"Load More\"', '0', 'PlainText', '{\"placeholder\":\"\",\"maxLength\":\"\",\"multiline\":\"\",\"initialRows\":\"4\"}', '2017-06-14 15:25:44', '2017-07-09 19:12:03', '3668625c-947a-492b-8cc6-72383de14c72'),
 ('33', NULL, 'Footer', 'footer', 'matrixBlockType:6', 'This space is reserved for a call to action if the user can\'t find what they\'re looking for.', '0', 'SuperTable', '{\"columns\":{\"34\":{\"width\":\"\"},\"35\":{\"width\":\"\"}},\"fieldLayout\":\"table\",\"staticField\":null,\"selectionLabel\":\"Add a row\",\"maxRows\":null,\"minRows\":null}', '2017-06-14 15:25:44', '2017-07-09 19:12:03', 'de5af87a-9af0-42f3-844b-04399870a76c'),
 ('34', NULL, 'Heading', 'heading', 'superTableBlockType:6', '', '0', 'PlainText', '{\"placeholder\":\"\",\"maxLength\":\"\",\"multiline\":\"\",\"initialRows\":\"4\"}', '2017-06-14 15:25:45', '2017-07-09 19:12:03', '06384a53-8b98-423d-89ea-a567951f7104'),
 ('35', NULL, 'Call To Action', 'callToAction', 'superTableBlockType:6', '', '0', 'FruitLinkIt', '{\"types\":[\"custom\",\"entry\"],\"defaultText\":\"Let\'s chat anyway\",\"allowCustomText\":\"1\",\"allowTarget\":\"1\",\"entrySources\":\"*\",\"entrySelectionLabel\":\"Select an entry\",\"assetSources\":\"*\",\"assetSelectionLabel\":\"Select an asset\",\"categorySources\":\"*\",\"categorySelectionLabel\":\"Select a category\"}', '2017-06-14 15:25:45', '2017-07-09 19:12:03', '6d021348-087e-439d-ade9-db3b48e9b7da'),
 ('36', NULL, 'Heading', 'heading', 'matrixBlockType:7', '', '0', 'PlainText', '{\"placeholder\":\"\",\"maxLength\":\"\",\"multiline\":\"\",\"initialRows\":\"4\"}', '2017-06-14 18:51:00', '2017-07-09 19:12:04', 'de145202-8569-4411-b119-0c5157243ff0'),
 ('39', '3', 'Role(s)', 'roles', 'global', '', '0', 'Categories', '{\"source\":\"group:3\",\"limit\":\"\",\"selectionLabel\":\"Add a role\"}', '2017-06-15 14:59:47', '2017-06-28 21:09:32', '3aeb733f-02eb-4246-8f9e-fdb88bb894e9'),
 ('40', NULL, 'Role', 'role', 'matrixBlockType:8', '', '0', 'PlainText', '{\"placeholder\":\"\",\"maxLength\":\"\",\"multiline\":\"\",\"initialRows\":\"4\"}', '2017-06-15 14:59:47', '2017-06-15 14:59:47', '914783cd-b58f-45cd-b293-d5704ac6d453'),
 ('41', '3', 'Start Date', 'startDate', 'global', '', '0', 'Date', '{\"minuteIncrement\":\"30\",\"showDate\":1,\"showTime\":0}', '2017-06-15 15:00:18', '2017-06-15 15:00:18', '74c1c2b4-b045-4400-a534-2869e49d32c5'),
 ('42', '3', 'Social Links', 'socialLinks', 'global', '', '0', 'SuperTable', '{\"columns\":{\"46\":{\"width\":\"\"},\"47\":{\"width\":\"\"},\"48\":{\"width\":\"\"}},\"fieldLayout\":\"table\",\"staticField\":\"1\",\"selectionLabel\":\"Add a row\",\"maxRows\":\"3\",\"minRows\":null}', '2017-06-15 15:03:15', '2017-06-15 16:16:29', '79cbc03b-e865-4276-a132-4afa40a66037'),
 ('43', NULL, 'LinkedIn', 'linkedin', 'matrixBlockType:9', '', '0', 'FruitLinkIt', '{\"types\":[\"custom\"],\"defaultText\":\"\",\"allowCustomText\":\"\",\"allowTarget\":\"1\",\"entrySources\":\"*\",\"entrySelectionLabel\":\"Select an entry\",\"assetSources\":\"*\",\"assetSelectionLabel\":\"Select an asset\",\"categorySources\":\"*\",\"categorySelectionLabel\":\"Select a category\"}', '2017-06-15 15:03:15', '2017-06-15 15:03:15', '25fffde2-9647-4e8e-82d6-bcb2b64845b7'),
 ('44', NULL, 'Facebook', 'facebook', 'matrixBlockType:9', '', '0', 'FruitLinkIt', '{\"types\":[\"custom\"],\"defaultText\":\"\",\"allowCustomText\":\"\",\"allowTarget\":\"1\",\"entrySources\":\"*\",\"entrySelectionLabel\":\"Select an entry\",\"assetSources\":\"*\",\"assetSelectionLabel\":\"Select an asset\",\"categorySources\":\"*\",\"categorySelectionLabel\":\"Select a category\"}', '2017-06-15 15:03:15', '2017-06-15 15:03:15', '7572c8c4-647f-4aab-9e7e-b85846298f57'),
 ('45', NULL, 'Twitter', 'twitter', 'matrixBlockType:9', '', '0', 'FruitLinkIt', '{\"types\":[\"custom\"],\"defaultText\":\"\",\"allowCustomText\":\"\",\"allowTarget\":\"1\",\"entrySources\":\"*\",\"entrySelectionLabel\":\"Select an entry\",\"assetSources\":\"*\",\"assetSelectionLabel\":\"Select an asset\",\"categorySources\":\"*\",\"categorySelectionLabel\":\"Select a category\"}', '2017-06-15 15:03:15', '2017-06-15 15:03:15', '0770836f-9aa7-4370-82ba-d9b5d5ba3b80'),
 ('46', NULL, 'LinkedIn', 'linkedin', 'superTableBlockType:7', '', '0', 'FruitLinkIt', '{\"types\":[\"custom\"],\"defaultText\":\"\",\"allowCustomText\":\"\",\"allowTarget\":\"1\",\"entrySources\":\"*\",\"entrySelectionLabel\":\"Select an entry\",\"assetSources\":\"*\",\"assetSelectionLabel\":\"Select an asset\",\"categorySources\":\"*\",\"categorySelectionLabel\":\"Select a category\"}', '2017-06-15 15:08:34', '2017-06-15 16:16:29', '7ec7dad9-98e3-4bdb-997b-57da81472ad7'),
 ('47', NULL, 'Facebook', 'facebook', 'superTableBlockType:7', '', '0', 'FruitLinkIt', '{\"types\":[\"custom\"],\"defaultText\":\"\",\"allowCustomText\":\"\",\"allowTarget\":\"1\",\"entrySources\":\"*\",\"entrySelectionLabel\":\"Select an entry\",\"assetSources\":\"*\",\"assetSelectionLabel\":\"Select an asset\",\"categorySources\":\"*\",\"categorySelectionLabel\":\"Select a category\"}', '2017-06-15 15:08:34', '2017-06-15 16:16:29', 'a6099c40-3129-48a4-b780-c7f2acaf1962'),
 ('48', NULL, 'Twitter', 'twitter', 'superTableBlockType:7', '', '0', 'FruitLinkIt', '{\"types\":[\"custom\"],\"defaultText\":\"\",\"allowCustomText\":\"\",\"allowTarget\":\"1\",\"entrySources\":\"*\",\"entrySelectionLabel\":\"Select an entry\",\"assetSources\":\"*\",\"assetSelectionLabel\":\"Select an asset\",\"categorySources\":\"*\",\"categorySelectionLabel\":\"Select a category\"}', '2017-06-15 15:08:34', '2017-06-15 16:16:29', '0336f0bd-4d90-412c-8d57-06fd1094469c'),
 ('49', '3', 'About', 'about', 'global', '', '0', 'RichText', '{\"configFile\":\"\",\"availableAssetSources\":\"*\",\"availableTransforms\":\"*\",\"cleanupHtml\":\"1\",\"purifyHtml\":\"1\",\"purifierConfig\":\"\",\"columnType\":\"text\"}', '2017-06-15 16:32:32', '2017-06-15 16:32:32', '9b5ec77e-7fa4-42ef-b12a-c8772002ae97'),
 ('50', '3', 'Expertise', 'expertise', 'global', '', '0', 'RichText', '{\"configFile\":\"\",\"availableAssetSources\":\"*\",\"availableTransforms\":\"*\",\"cleanupHtml\":\"1\",\"purifyHtml\":\"1\",\"purifierConfig\":\"\",\"columnType\":\"text\"}', '2017-06-15 16:33:21', '2017-06-15 16:33:21', '96f8d011-dc5c-47e6-bc9f-c2014c4aea21'),
 ('51', NULL, 'Heading', 'heading', 'matrixBlockType:10', '', '0', 'PlainText', '{\"placeholder\":\"\",\"maxLength\":\"\",\"multiline\":\"\",\"initialRows\":\"4\"}', '2017-06-15 16:53:38', '2017-07-09 19:12:04', '0904cf69-f4d1-4d4b-828b-d04982cb4bad'),
 ('52', NULL, 'Heading', 'heading', 'matrixBlockType:11', '', '0', 'PlainText', '{\"placeholder\":\"\",\"maxLength\":\"\",\"multiline\":\"\",\"initialRows\":\"4\"}', '2017-06-15 17:16:37', '2017-07-09 19:12:04', 'cf931875-b7a3-4d5b-90ea-6722c5ba581b'),
 ('53', NULL, 'People', 'people', 'matrixBlockType:11', 'This is a good component to use to show the people involved in a project.', '0', 'Entries', '{\"sources\":[\"section:8\"],\"limit\":\"\",\"selectionLabel\":\"\"}', '2017-06-15 17:16:37', '2017-07-09 19:12:04', 'fadfcf1d-6334-4f87-bfe7-c77fb524e502'),
 ('54', NULL, 'Heading', 'heading', 'matrixBlockType:12', '', '0', 'PlainText', '{\"placeholder\":\"\",\"maxLength\":\"\",\"multiline\":\"\",\"initialRows\":\"4\"}', '2017-06-15 18:19:42', '2017-07-09 19:12:04', '143b7a11-8ea6-4399-8f26-78753e716ade'),
 ('55', NULL, 'Body', 'body', 'matrixBlockType:12', '', '0', 'RichText', '{\"configFile\":\"\",\"availableAssetSources\":\"*\",\"availableTransforms\":\"*\",\"cleanupHtml\":\"1\",\"purifyHtml\":\"1\",\"purifierConfig\":\"\",\"columnType\":\"text\"}', '2017-06-15 18:19:42', '2017-07-09 19:12:04', '32a7d694-1c3e-42f1-a94d-b7eed7620362'),
 ('56', NULL, 'List', 'list', 'matrixBlockType:12', '', '0', 'SuperTable', '{\"columns\":{\"57\":{\"width\":\"\"}},\"fieldLayout\":\"table\",\"staticField\":null,\"selectionLabel\":\"Add a row\",\"maxRows\":null,\"minRows\":null}', '2017-06-15 18:19:42', '2017-07-09 19:12:04', '47d6a7bf-29d4-4fcd-9a07-a771b07853fe'),
 ('57', NULL, 'List Item', 'listItem', 'superTableBlockType:8', '', '0', 'PlainText', '{\"placeholder\":\"\",\"maxLength\":\"\",\"multiline\":\"\",\"initialRows\":\"4\"}', '2017-06-15 18:19:42', '2017-07-09 19:12:04', '294fa2a6-295d-4cf8-b458-f814cfc27da7'),
 ('58', NULL, 'Heading', 'heading', 'matrixBlockType:13', '', '0', 'PlainText', '{\"placeholder\":\"\",\"maxLength\":\"\",\"multiline\":\"\",\"initialRows\":\"4\"}', '2017-06-15 18:23:23', '2017-07-09 19:12:04', '2ae5ab8c-57b6-4bcc-b343-93eca7b7b437'),
 ('59', NULL, 'Body', 'body', 'matrixBlockType:13', '', '0', 'RichText', '{\"configFile\":\"\",\"availableAssetSources\":\"*\",\"availableTransforms\":\"*\",\"cleanupHtml\":\"1\",\"purifyHtml\":\"1\",\"purifierConfig\":\"\",\"columnType\":\"text\"}', '2017-06-15 18:23:23', '2017-07-09 19:12:04', 'd08a2af8-1bcd-42bb-bfe5-bdc90bf1cd0e'),
 ('60', NULL, 'Orientation', 'orientation', 'matrixBlockType:14', '', '0', 'PositionSelect', '{\"options\":[\"left\",\"right\"]}', '2017-06-15 18:27:59', '2017-07-09 19:12:04', '6fa4f29b-532f-4c74-b46c-3a56799d6527'),
 ('61', NULL, 'Heading', 'heading', 'matrixBlockType:14', '', '0', 'PlainText', '{\"placeholder\":\"\",\"maxLength\":\"\",\"multiline\":\"\",\"initialRows\":\"4\"}', '2017-06-15 18:27:59', '2017-07-09 19:12:04', '90265836-2d47-4e39-ae76-14f7c22771f8'),
 ('62', NULL, 'Body', 'body', 'matrixBlockType:14', '', '0', 'PlainText', '{\"placeholder\":\"\",\"maxLength\":\"\",\"multiline\":\"1\",\"initialRows\":\"4\"}', '2017-06-15 18:27:59', '2017-07-09 19:12:04', '768791ef-3fe3-404d-9a39-8936693398e2'),
 ('63', NULL, 'Call To Action', 'callToAction', 'matrixBlockType:14', '', '0', 'FruitLinkIt', '{\"types\":[\"custom\",\"entry\"],\"defaultText\":\"\",\"allowCustomText\":\"\",\"allowTarget\":\"1\",\"entrySources\":\"*\",\"entrySelectionLabel\":\"Select an entry\",\"assetSources\":\"*\",\"assetSelectionLabel\":\"Select an asset\",\"categorySources\":\"*\",\"categorySelectionLabel\":\"Select a category\"}', '2017-06-15 18:27:59', '2017-07-09 19:12:04', '7b8c37de-ddde-4892-bcb8-81e0f3bf0a54'),
 ('64', NULL, 'Image', 'image', 'matrixBlockType:14', '', '0', 'Assets', '{\"useSingleFolder\":\"1\",\"sources\":\"*\",\"defaultUploadLocationSource\":\"1\",\"defaultUploadLocationSubpath\":\"\",\"singleUploadLocationSource\":\"3\",\"singleUploadLocationSubpath\":\"\",\"restrictFiles\":\"1\",\"allowedKinds\":[\"image\"],\"limit\":\"1\",\"viewMode\":\"list\",\"selectionLabel\":\"\"}', '2017-06-15 18:27:59', '2017-07-09 19:12:04', 'b3757dc0-8a75-40b4-a0eb-63232e9c04be'),
 ('65', NULL, 'Orientation', 'orientation', 'matrixBlockType:15', '', '0', 'PositionSelect', '{\"options\":[\"left\",\"right\"]}', '2017-06-15 18:39:05', '2017-07-09 19:12:04', 'dbafc568-6f7f-4410-b782-c75ef05c3285'),
 ('66', NULL, 'Heading', 'heading', 'matrixBlockType:15', '', '0', 'PlainText', '{\"placeholder\":\"\",\"maxLength\":\"\",\"multiline\":\"\",\"initialRows\":\"4\"}', '2017-06-15 18:39:05', '2017-07-09 19:12:04', '7083608b-01c2-4530-a13f-1871c746a018'),
 ('67', NULL, 'Body', 'body', 'matrixBlockType:15', '', '0', 'RichText', '{\"configFile\":\"\",\"availableAssetSources\":\"*\",\"availableTransforms\":\"*\",\"cleanupHtml\":\"1\",\"purifyHtml\":\"1\",\"purifierConfig\":\"\",\"columnType\":\"text\"}', '2017-06-15 18:39:05', '2017-07-09 19:12:04', 'c4fb72d8-35a3-48af-8c2d-1b240ac877e5'),
 ('68', NULL, 'Call To Action', 'callToAction', 'matrixBlockType:15', '', '0', 'FruitLinkIt', '{\"types\":[\"custom\",\"entry\"],\"defaultText\":\"\",\"allowCustomText\":\"\",\"allowTarget\":\"\",\"entrySources\":\"*\",\"entrySelectionLabel\":\"Select an entry\",\"assetSources\":\"*\",\"assetSelectionLabel\":\"Select an asset\",\"categorySources\":\"*\",\"categorySelectionLabel\":\"Select a category\"}', '2017-06-15 18:39:06', '2017-07-09 19:12:04', '03efb521-93e0-4911-a027-57e65444cfb6'),
 ('69', NULL, 'Image', 'image', 'matrixBlockType:15', '', '0', 'Assets', '{\"useSingleFolder\":\"1\",\"sources\":[\"folder:3\"],\"defaultUploadLocationSource\":\"3\",\"defaultUploadLocationSubpath\":\"\\/uploads\\/miscellaneous\",\"singleUploadLocationSource\":\"3\",\"singleUploadLocationSubpath\":\"\",\"restrictFiles\":\"1\",\"allowedKinds\":[\"image\"],\"limit\":\"\",\"viewMode\":\"list\",\"selectionLabel\":\"\"}', '2017-06-15 18:39:06', '2017-07-09 19:12:04', '4f118cd4-30f9-4052-a614-6efc7ecb5f7f'),
 ('70', NULL, 'List', 'list', 'matrixBlockType:14', '', '0', 'SuperTable', '{\"columns\":{\"71\":{\"width\":\"\"}},\"fieldLayout\":\"table\",\"staticField\":null,\"selectionLabel\":\"Add a row\",\"maxRows\":null,\"minRows\":null}', '2017-06-15 18:40:19', '2017-07-09 19:12:04', '6da78874-7cc0-4c04-9501-3a54a89db87b'),
 ('71', NULL, 'Item', 'item', 'superTableBlockType:9', '', '0', 'PlainText', '{\"placeholder\":\"\",\"maxLength\":\"\",\"multiline\":\"\",\"initialRows\":\"4\"}', '2017-06-15 18:40:19', '2017-07-09 19:12:04', '1f919f91-a19b-4324-83ae-4a2ffbb4b7c6'),
 ('72', NULL, 'List', 'list', 'matrixBlockType:15', '', '0', 'SuperTable', '{\"columns\":{\"73\":{\"width\":\"\"}},\"fieldLayout\":\"table\",\"staticField\":null,\"selectionLabel\":\"Add a row\",\"maxRows\":null,\"minRows\":null}', '2017-06-15 18:40:58', '2017-07-09 19:12:04', '79755d8a-1a13-4f93-bc85-4a7a67cf33c5'),
 ('73', NULL, 'Item', 'item', 'superTableBlockType:10', '', '0', 'PlainText', '{\"placeholder\":\"\",\"maxLength\":\"\",\"multiline\":\"\",\"initialRows\":\"4\"}', '2017-06-15 18:40:58', '2017-07-09 19:12:04', 'f1f848a8-3be9-4ca9-a267-c3f8694ac4e5'),
 ('74', NULL, 'Quote', 'quote', 'matrixBlockType:16', '', '0', 'PlainText', '{\"placeholder\":\"\",\"maxLength\":\"\",\"multiline\":\"\",\"initialRows\":\"4\"}', '2017-06-15 18:41:55', '2017-07-09 19:12:04', 'd4ca91d4-d657-4b9a-b66e-ba0b3c57ef3b'),
 ('75', NULL, 'Author', 'author', 'matrixBlockType:16', '', '0', 'PlainText', '{\"placeholder\":\"\",\"maxLength\":\"\",\"multiline\":\"\",\"initialRows\":\"4\"}', '2017-06-15 18:41:55', '2017-07-09 19:12:04', 'fa4446d7-6678-49c5-b226-a0b65432990d'),
 ('76', NULL, 'Heading', 'heading', 'matrixBlockType:17', '', '0', 'PlainText', '{\"placeholder\":\"\",\"maxLength\":\"\",\"multiline\":\"\",\"initialRows\":\"4\"}', '2017-06-15 19:02:36', '2017-07-09 19:12:04', '0ee35d2c-1eb8-4df5-972f-a7bde6b6afd5'),
 ('77', NULL, 'Body', 'body', 'matrixBlockType:17', '', '0', 'PlainText', '{\"placeholder\":\"\",\"maxLength\":\"\",\"multiline\":\"\",\"initialRows\":\"4\"}', '2017-06-15 19:02:36', '2017-07-09 19:12:04', '40a577fc-0d8f-4912-a46b-fb588b806b5e'),
 ('78', NULL, 'Resources', 'resources', 'matrixBlockType:17', '', '0', 'SuperTable', '{\"columns\":{\"79\":{\"width\":\"\"},\"80\":{\"width\":\"\"},\"81\":{\"width\":\"\"}},\"fieldLayout\":\"table\",\"staticField\":null,\"selectionLabel\":\"Add a row\",\"maxRows\":null,\"minRows\":null}', '2017-06-15 19:02:36', '2017-07-09 19:12:04', '219aa4db-7214-4af3-b9fb-28e8094da465'),
 ('79', NULL, 'Resource', 'resource', 'superTableBlockType:11', '', '0', 'FruitLinkIt', '{\"types\":[\"custom\",\"entry\",\"asset\"],\"defaultText\":\"\",\"allowCustomText\":\"\",\"allowTarget\":\"\",\"entrySources\":\"*\",\"entrySelectionLabel\":\"Select an entry\",\"assetSources\":[\"folder:4\"],\"assetSelectionLabel\":\"Select an asset\",\"categorySources\":\"*\",\"categorySelectionLabel\":\"Select a category\"}', '2017-06-15 19:02:37', '2017-07-09 19:12:04', 'e46287e8-756e-441b-8372-2c122ee3d0c9'),
 ('80', NULL, 'Type', 'type', 'superTableBlockType:11', '', '0', 'MultiSelect', '{\"options\":[{\"label\":\"Whitepaper\",\"value\":\"whitepaper\",\"default\":\"\"},{\"label\":\"Brochure\",\"value\":\"brochure\",\"default\":\"\"},{\"label\":\"Publication\",\"value\":\"publication\",\"default\":\"\"}]}', '2017-06-15 19:08:43', '2017-07-09 19:12:04', 'cd42bf33-eafb-4e30-a8da-f12426be62a8'),
 ('81', NULL, 'Featured', 'featured', 'superTableBlockType:11', '', '0', 'Lightswitch', '{\"default\":\"\"}', '2017-06-15 19:09:33', '2017-07-09 19:12:04', '56c5b484-35ca-4425-ab00-6e74d314ba83'),
 ('82', NULL, 'Heading', 'heading', 'matrixBlockType:18', '', '0', 'PlainText', '{\"placeholder\":\"\",\"maxLength\":\"\",\"multiline\":\"\",\"initialRows\":\"4\"}', '2017-06-15 19:20:51', '2017-07-09 19:12:04', 'fba03f48-f177-415a-9c92-503e80f5e863'),
 ('83', NULL, 'Body', 'body', 'matrixBlockType:18', '', '0', 'PlainText', '{\"placeholder\":\"\",\"maxLength\":\"\",\"multiline\":\"\",\"initialRows\":\"4\"}', '2017-06-15 19:20:51', '2017-07-09 19:12:04', '74b9b217-5cd0-4980-a6a8-c96006e58659'),
 ('84', NULL, 'Highlights', 'highlights', 'matrixBlockType:18', '', '0', 'SuperTable', '{\"columns\":{\"85\":{\"width\":\"\"},\"86\":{\"width\":\"\"},\"87\":{\"width\":\"\"}},\"fieldLayout\":\"table\",\"staticField\":null,\"selectionLabel\":\"Add a row\",\"maxRows\":null,\"minRows\":null}', '2017-06-15 19:20:51', '2017-07-09 19:12:04', '5c8ac47d-ab18-4e38-bd58-2f254bc5359a'),
 ('85', NULL, 'Title', 'highlightTitle', 'superTableBlockType:12', '', '0', 'PlainText', '{\"placeholder\":\"\",\"maxLength\":\"\",\"multiline\":\"\",\"initialRows\":\"4\"}', '2017-06-15 19:20:51', '2017-07-09 19:12:04', 'dc1de076-1b2b-4d77-a18e-e2c2f113bd4d'),
 ('86', NULL, 'Image', 'image', 'superTableBlockType:12', '', '0', 'PlainText', '{\"placeholder\":\"\",\"maxLength\":\"\",\"multiline\":\"\",\"initialRows\":\"4\"}', '2017-06-15 19:20:51', '2017-07-09 19:12:04', 'ff89de4b-62fc-4a56-8a4f-49c12bbb5ab7'),
 ('87', NULL, 'Image Orientation', 'orientation', 'superTableBlockType:12', 'If you included an image, do you want it left aligned or right?', '0', 'PositionSelect', '{\"options\":[\"left\",\"right\"]}', '2017-06-15 19:20:51', '2017-07-09 19:12:04', 'e6d53b00-87ff-49c6-9852-eda8aefc15d0'),
 ('88', NULL, 'Heading', 'heading', 'matrixBlockType:19', '', '0', 'PlainText', '{\"placeholder\":\"\",\"maxLength\":\"\",\"multiline\":\"\",\"initialRows\":\"4\"}', '2017-06-15 19:24:13', '2017-07-09 19:12:04', 'a2b8f794-5949-491c-8cb0-34eacf5324e4'),
 ('89', NULL, 'Body', 'body', 'matrixBlockType:19', '', '0', 'PlainText', '{\"placeholder\":\"\",\"maxLength\":\"\",\"multiline\":\"\",\"initialRows\":\"4\"}', '2017-06-15 19:24:13', '2017-07-09 19:12:04', '5f5df57a-f352-4d9b-832b-906e2e4b952a'),
 ('90', NULL, 'Clients', 'clients', 'matrixBlockType:19', '', '0', 'SuperTable', '{\"columns\":{\"91\":{\"width\":\"\"},\"92\":{\"width\":\"\"},\"93\":{\"width\":\"\"}},\"fieldLayout\":\"table\",\"staticField\":null,\"selectionLabel\":\"Add a row\",\"maxRows\":null,\"minRows\":null}', '2017-06-15 19:24:13', '2017-07-09 19:12:04', 'a1525531-b866-46d1-8977-a12977ed3b55'),
 ('91', NULL, 'Client / Project Name', 'clientName', 'superTableBlockType:13', '', '0', 'PlainText', '{\"placeholder\":\"\",\"maxLength\":\"\",\"multiline\":\"\",\"initialRows\":\"4\"}', '2017-06-15 19:24:14', '2017-07-09 19:12:04', 'd03e43e8-45ff-4cb1-a524-2f51421c260f'),
 ('92', NULL, 'Client Location', 'clientLocation', 'superTableBlockType:13', '', '0', 'PlainText', '{\"placeholder\":\"\",\"maxLength\":\"\",\"multiline\":\"\",\"initialRows\":\"4\"}', '2017-06-15 19:24:14', '2017-07-09 19:12:04', 'dacf183b-0be9-4878-9cc7-bb7090ad609d'),
 ('93', NULL, 'Image', 'image', 'superTableBlockType:13', '', '0', 'Assets', '{\"useSingleFolder\":\"1\",\"sources\":[\"folder:5\"],\"defaultUploadLocationSource\":\"1\",\"defaultUploadLocationSubpath\":\"\",\"singleUploadLocationSource\":\"5\",\"singleUploadLocationSubpath\":\"\",\"restrictFiles\":\"\",\"limit\":\"1\",\"viewMode\":\"list\",\"selectionLabel\":\"\"}', '2017-06-15 19:24:14', '2017-07-09 19:12:04', 'a3f8e424-c9ea-492a-8f7c-ff40e48be889'),
 ('94', NULL, 'Heading', 'heading', 'matrixBlockType:20', '', '0', 'PlainText', '{\"placeholder\":\"\",\"maxLength\":\"\",\"multiline\":\"\",\"initialRows\":\"4\"}', '2017-06-15 19:33:37', '2017-07-09 19:12:04', '2a914e0f-2525-4f71-aeb4-9049557a4838'),
 ('95', NULL, 'Body', 'body', 'matrixBlockType:20', '', '0', 'PlainText', '{\"placeholder\":\"\",\"maxLength\":\"\",\"multiline\":\"\",\"initialRows\":\"4\"}', '2017-06-15 19:33:37', '2017-07-09 19:12:04', 'c8e63ed0-7454-4af7-8b22-bdb9438c24b9'),
 ('96', NULL, 'Bullet List', 'bulletList', 'matrixBlockType:20', '', '0', 'SuperTable', '{\"columns\":{\"97\":{\"width\":\"\"}},\"fieldLayout\":\"table\",\"staticField\":null,\"selectionLabel\":\"Add a row\",\"maxRows\":null,\"minRows\":null}', '2017-06-15 19:33:37', '2017-07-09 19:12:04', 'b3a425c1-c2fd-4f60-8722-6884a7d355af'),
 ('97', NULL, 'Item', 'item', 'superTableBlockType:14', '', '0', 'PlainText', '{\"placeholder\":\"\",\"maxLength\":\"\",\"multiline\":\"\",\"initialRows\":\"4\"}', '2017-06-15 19:33:38', '2017-07-09 19:12:04', 'f1ab0901-5851-4cb7-912e-810f9fedb627'),
 ('98', NULL, 'Logo List', 'logoList', 'matrixBlockType:20', '', '0', 'SuperTable', '{\"columns\":{\"99\":{\"width\":\"\"},\"100\":{\"width\":\"\"}},\"fieldLayout\":\"table\",\"staticField\":null,\"selectionLabel\":\"Add a row\",\"maxRows\":null,\"minRows\":null}', '2017-06-15 19:33:38', '2017-07-09 19:12:04', '5865ddfc-eec0-47d3-9cf1-7e6faf545d2d'),
 ('99', NULL, 'Logo Name', 'logoName', 'superTableBlockType:15', '', '0', 'PlainText', '{\"placeholder\":\"\",\"maxLength\":\"\",\"multiline\":\"\",\"initialRows\":\"4\"}', '2017-06-15 19:33:38', '2017-07-09 19:12:04', '801d51dd-d441-41ad-8982-d0981973a88b'),
 ('100', NULL, 'Image', 'image', 'superTableBlockType:15', '', '0', 'Assets', '{\"useSingleFolder\":\"1\",\"sources\":\"*\",\"defaultUploadLocationSource\":\"1\",\"defaultUploadLocationSubpath\":\"\",\"singleUploadLocationSource\":\"5\",\"singleUploadLocationSubpath\":\"\",\"restrictFiles\":\"1\",\"allowedKinds\":[\"image\"],\"limit\":\"1\",\"viewMode\":\"list\",\"selectionLabel\":\"\"}', '2017-06-15 19:33:38', '2017-07-09 19:12:04', '860b2893-6a1c-4e60-89da-e28645340371'),
 ('101', '1', 'Heading', 'heading', 'global', '', '0', 'PlainText', '{\"placeholder\":\"\",\"maxLength\":\"\",\"multiline\":\"\",\"initialRows\":\"4\"}', '2017-06-15 19:36:09', '2017-06-15 19:36:09', 'c03cafc3-741d-4cfe-8741-4ea125ff5bb1'),
 ('102', '4', 'Value', 'value', 'global', '', '0', 'Matrix', '{\"maxBlocks\":null}', '2017-06-15 19:42:13', '2017-06-15 19:42:13', '3502350d-f0d0-4876-8e26-53522e7517d8'),
 ('103', NULL, 'Value', 'value', 'matrixBlockType:21', '', '0', 'PlainText', '{\"placeholder\":\"\",\"maxLength\":\"\",\"multiline\":\"\",\"initialRows\":\"4\"}', '2017-06-15 19:42:13', '2017-06-15 19:42:13', 'cbfbcce1-1893-4968-a401-7a8742b32776'),
 ('104', NULL, 'Heading', 'heading', 'matrixBlockType:21', '', '0', 'PlainText', '{\"placeholder\":\"\",\"maxLength\":\"\",\"multiline\":\"\",\"initialRows\":\"4\"}', '2017-06-15 19:42:13', '2017-06-15 19:42:13', '2525c622-c206-4197-9eac-4c84f3e0630e'),
 ('105', NULL, 'Body', 'body', 'matrixBlockType:21', '', '0', 'RichText', '{\"configFile\":\"\",\"availableAssetSources\":\"*\",\"availableTransforms\":\"*\",\"cleanupHtml\":\"1\",\"purifyHtml\":\"1\",\"purifierConfig\":\"\",\"columnType\":\"text\"}', '2017-06-15 19:42:14', '2017-06-15 19:42:14', '371cf826-5ceb-4137-8114-98587f0e5b5f'),
 ('106', NULL, 'Heading', 'heading', 'matrixBlockType:22', '', '0', 'PlainText', '{\"placeholder\":\"Our Values\",\"maxLength\":\"\",\"multiline\":\"\",\"initialRows\":\"4\"}', '2017-06-15 19:49:55', '2017-07-09 19:12:04', '49fb5f86-09ca-42c3-baa1-78b94193ac73'),
 ('107', NULL, 'Heading', 'heading', 'matrixBlockType:23', '', '0', 'PlainText', '{\"placeholder\":\"\",\"maxLength\":\"\",\"multiline\":\"\",\"initialRows\":\"4\"}', '2017-06-15 19:57:44', '2017-07-09 19:12:04', '4c7ed9f1-d06a-44a2-88ed-319e9328ea80'),
 ('108', NULL, 'Background Image', 'backgroundImage', 'matrixBlockType:23', '', '0', 'Assets', '{\"useSingleFolder\":\"1\",\"sources\":\"*\",\"defaultUploadLocationSource\":\"1\",\"defaultUploadLocationSubpath\":\"\",\"singleUploadLocationSource\":\"3\",\"singleUploadLocationSubpath\":\"\",\"restrictFiles\":\"\",\"limit\":\"\",\"viewMode\":\"list\",\"selectionLabel\":\"\"}', '2017-06-15 19:57:44', '2017-07-09 19:12:04', '89cfea7c-d2ca-4c9a-baf5-8fac1f7cb633'),
 ('109', NULL, 'Benefit', 'benefit', 'matrixBlockType:23', '', '0', 'SuperTable', '{\"columns\":{\"110\":{\"width\":\"\"},\"111\":{\"width\":\"\"}},\"fieldLayout\":\"table\",\"staticField\":null,\"selectionLabel\":null,\"maxRows\":null,\"minRows\":null}', '2017-06-15 19:57:44', '2017-07-09 19:12:04', 'c1f6ae09-9297-4987-a932-e79fea9e2a60'),
 ('110', NULL, 'Benefit Name', 'benefitName', 'superTableBlockType:16', 'ie \"Health & Wellness\"', '0', 'PlainText', '{\"placeholder\":\"\",\"maxLength\":\"\",\"multiline\":\"\",\"initialRows\":\"4\"}', '2017-06-15 19:57:44', '2017-07-09 19:12:04', '4f234a10-8439-45e4-addb-3975169d6029'),
 ('111', NULL, 'Body', 'body', 'superTableBlockType:16', '', '0', 'RichText', '{\"configFile\":\"\",\"availableAssetSources\":\"*\",\"availableTransforms\":\"*\",\"cleanupHtml\":\"1\",\"purifyHtml\":\"1\",\"purifierConfig\":\"\",\"columnType\":\"text\"}', '2017-06-15 19:57:44', '2017-07-09 19:12:05', 'd4b7c4f5-b3b1-405d-8033-c8b822afa963');
INSERT INTO `craft_fields` (`id`, `groupId`, `name`, `handle`, `context`, `instructions`, `translatable`, `type`, `settings`, `dateCreated`, `dateUpdated`, `uid`) VALUES
 ('112', '1', 'Markets', 'markets', 'global', '', '0', 'Categories', '{\"source\":\"group:1\",\"limit\":\"\",\"selectionLabel\":\"\"}', '2017-06-15 21:33:55', '2017-06-15 21:35:35', '1005503f-7afb-4dfe-b17d-0564e9ca0d40'),
 ('113', '1', 'Services', 'services', 'global', '', '0', 'Categories', '{\"source\":\"group:2\",\"limit\":\"\",\"selectionLabel\":\"\"}', '2017-06-15 21:36:14', '2017-06-15 21:36:14', '029c2a2f-72b5-45f4-94c9-213cd2980926'),
 ('118', '2', 'Phone', 'phone', 'global', '', '0', 'FruitLinkIt', '{\"types\":[\"tel\"],\"defaultText\":\"\",\"allowCustomText\":\"1\",\"allowTarget\":\"\",\"entrySources\":\"*\",\"entrySelectionLabel\":\"Select an entry\",\"assetSources\":\"*\",\"assetSelectionLabel\":\"Select an asset\",\"categorySources\":\"*\",\"categorySelectionLabel\":\"Select a category\"}', '2017-06-15 22:09:09', '2017-06-16 01:32:14', 'c512008e-c0ab-45b2-a4f2-e2daa2ed520f'),
 ('120', '2', 'Community Involvement', 'communityInvolvement', 'global', '', '0', 'SuperTable', '{\"columns\":{\"new1\":{\"width\":\"\"}},\"fieldLayout\":\"table\",\"staticField\":null,\"selectionLabel\":\"Add a row\",\"maxRows\":null,\"minRows\":null}', '2017-06-15 22:13:15', '2017-06-15 22:13:15', '8c509a7c-d6fd-455f-b449-2cf091ea62e1'),
 ('121', NULL, 'Community Involvement', 'communityInvolvement', 'superTableBlockType:17', '', '0', 'PlainText', '{\"placeholder\":\"\",\"maxLength\":\"\",\"multiline\":\"\",\"initialRows\":\"4\"}', '2017-06-15 22:13:15', '2017-06-15 22:13:15', '9042522a-1eef-46e5-8363-0e12f7547256'),
 ('122', '2', 'About the Location', 'aboutTheLocation', 'global', '', '0', 'RichText', '{\"configFile\":\"\",\"availableAssetSources\":\"*\",\"availableTransforms\":\"*\",\"cleanupHtml\":\"1\",\"purifyHtml\":\"1\",\"purifierConfig\":\"\",\"columnType\":\"text\"}', '2017-06-15 22:13:59', '2017-06-15 22:13:59', '24a3002b-93ea-4089-92b4-f94e217428de'),
 ('123', '2', 'Excerpt', 'locationExcerpt', 'global', '', '0', 'RichText', '{\"configFile\":\"\",\"availableAssetSources\":\"*\",\"availableTransforms\":\"*\",\"cleanupHtml\":\"1\",\"purifyHtml\":\"1\",\"purifierConfig\":\"\",\"columnType\":\"text\"}', '2017-06-15 22:14:29', '2017-06-15 22:14:29', '1306417f-e67b-4e8a-99ab-968949679d6a'),
 ('125', '2', 'Is Headerquarters', 'isHeaderquarters', 'global', '', '0', 'Lightswitch', '{\"default\":\"\"}', '2017-06-15 22:21:57', '2017-06-15 22:21:57', '32f31cdf-b874-42ac-8472-a78ea13b333b'),
 ('127', '1', 'Market Icon', 'marketIcon', 'global', '', '0', 'SvgIcons', '{\"iconSets\":[\"\\/var\\/www\\/mmi\\/public_html\\/svgicons\\/Markets\"]}', '2017-06-16 14:56:53', '2017-06-16 15:27:54', '2225c07d-f37b-45c0-994b-6da58acaa46b'),
 ('128', '1', 'Service Color', 'serviceColor', 'global', '', '0', 'Color', NULL, '2017-06-16 15:35:54', '2017-06-16 15:35:54', '7dbb2dc8-9133-44e1-9eb4-9962102ea99f'),
 ('129', '1', 'News', 'news', 'global', '', '0', 'Categories', '{\"source\":\"group:5\",\"limit\":\"\",\"selectionLabel\":\"\"}', '2017-06-20 14:41:14', '2017-06-20 14:41:14', 'd1c5678e-7274-4575-ae0d-4d599211b8fd'),
 ('130', '1', 'Featured Image', 'featuredImage', 'global', '', '0', 'Assets', '{\"useSingleFolder\":\"1\",\"sources\":[\"folder:7\"],\"defaultUploadLocationSource\":\"1\",\"defaultUploadLocationSubpath\":\"\",\"singleUploadLocationSource\":\"7\",\"singleUploadLocationSubpath\":\"\",\"restrictFiles\":\"\",\"limit\":\"1\",\"viewMode\":\"list\",\"selectionLabel\":\"\"}', '2017-06-20 14:47:54', '2017-06-20 14:47:54', 'b1b97afd-f55b-49a3-8fe3-1b35c4755031'),
 ('131', NULL, 'Limit', 'limit', 'matrixBlockType:26', 'How many case studies would you like to be visible on the work filter? The default is 6.', '0', 'Number', '{\"min\":\"0\",\"max\":\"\",\"decimals\":\"0\"}', '2017-06-26 19:07:48', '2017-07-09 19:12:05', '967231d4-c294-4e6c-9785-8111389e3475'),
 ('132', '2', 'Address', 'address', 'global', '', '0', 'VzAddress', '{\"showName\":\"1\",\"defaultCountry\":\"US\"}', '2017-06-26 19:32:34', '2017-06-26 19:32:34', 'e3925e4a-c25b-4a88-89c2-0500e8c9f701'),
 ('133', '1', 'Client', 'client', 'global', '', '0', 'PlainText', '{\"placeholder\":\"\",\"maxLength\":\"\",\"multiline\":\"\",\"initialRows\":\"4\"}', '2017-06-26 19:35:40', '2017-06-26 19:35:40', '2af17b48-7e09-4a9b-a963-55755c62f29b'),
 ('134', NULL, 'Heading', 'heading', 'matrixBlockType:2', '', '0', 'PlainText', '{\"placeholder\":\"\",\"maxLength\":\"\",\"multiline\":\"\",\"initialRows\":\"4\"}', '2017-06-27 14:22:49', '2017-07-09 19:12:03', 'f7f593de-c2f2-4612-bdbe-9416eea9fa85'),
 ('136', NULL, 'Heading', 'heading', 'matrixBlockType:27', '', '0', 'PlainText', '{\"placeholder\":\"\",\"maxLength\":\"\",\"multiline\":\"\",\"initialRows\":\"4\"}', '2017-06-27 15:02:06', '2017-07-09 19:12:05', '232243f9-f431-4b16-a8c4-b524de1462c5'),
 ('137', '1', 'Excerpt', 'excerpt', 'global', '', '0', 'PlainText', '{\"placeholder\":\"\",\"maxLength\":\"\",\"multiline\":\"1\",\"initialRows\":\"4\"}', '2017-06-27 15:03:57', '2017-06-27 15:03:57', '8b1ca64a-2f15-4fa3-9933-e348769b7f9b'),
 ('138', NULL, 'Heading', 'heading', 'matrixBlockType:25', '', '0', 'PlainText', '{\"placeholder\":\"\",\"maxLength\":\"\",\"multiline\":\"\",\"initialRows\":\"4\"}', '2017-06-27 15:09:10', '2017-07-09 19:12:05', '4cf011bc-8559-48b8-9f98-120c842aa9f5'),
 ('139', NULL, 'Background Image', 'backgroundImage', 'matrixBlockType:25', '', '0', 'Assets', '{\"useSingleFolder\":\"1\",\"sources\":\"*\",\"defaultUploadLocationSource\":\"1\",\"defaultUploadLocationSubpath\":\"\",\"singleUploadLocationSource\":\"3\",\"singleUploadLocationSubpath\":\"\",\"restrictFiles\":\"1\",\"allowedKinds\":[\"image\"],\"limit\":\"1\",\"viewMode\":\"list\",\"selectionLabel\":\"\"}', '2017-06-27 15:09:10', '2017-07-09 19:12:05', '10417130-674a-4111-81c3-428bd0069656'),
 ('140', NULL, 'Services', 'listings', 'matrixBlockType:27', '', '0', 'SuperTable', '{\"columns\":{\"141\":{\"width\":\"\"},\"142\":{\"width\":\"\"},\"143\":{\"width\":\"\"}},\"fieldLayout\":\"table\",\"staticField\":null,\"selectionLabel\":\"Add a row\",\"maxRows\":null,\"minRows\":null}', '2017-06-28 20:50:53', '2017-07-09 19:12:05', '8816a213-da5a-41e9-96eb-7bcb0aecd201'),
 ('141', NULL, 'Service Title', 'listItemTitle', 'superTableBlockType:18', '', '0', 'PlainText', '{\"placeholder\":\"\",\"maxLength\":\"\",\"multiline\":\"\",\"initialRows\":\"4\"}', '2017-06-28 20:50:53', '2017-07-09 19:12:05', '6fec875f-635d-4bef-a468-09e7ac74ec6f'),
 ('142', NULL, 'Excerpt', 'excerpt', 'superTableBlockType:18', '', '0', 'PlainText', '{\"placeholder\":\"\",\"maxLength\":\"\",\"multiline\":\"1\",\"initialRows\":\"4\"}', '2017-06-28 20:50:53', '2017-07-09 19:12:05', 'fc52c5cd-47c6-4be0-967c-f7926297f94a'),
 ('143', NULL, 'Call To Action', 'callToAction', 'superTableBlockType:18', '', '0', 'FruitLinkIt', '{\"types\":[\"custom\",\"entry\"],\"defaultText\":\"\",\"allowCustomText\":\"1\",\"allowTarget\":\"1\",\"entrySources\":\"*\",\"entrySelectionLabel\":\"Select an entry\",\"assetSources\":\"*\",\"assetSelectionLabel\":\"Select an asset\",\"categorySources\":\"*\",\"categorySelectionLabel\":\"Select a category\"}', '2017-06-28 20:50:53', '2017-07-09 19:12:05', '5b71e96a-1abd-42cf-9f23-899b9c786484'),
 ('144', NULL, 'Heading', 'heading', 'matrixBlockType:28', 'e.g. \"Let\'s work together!\"', '0', 'PlainText', '{\"placeholder\":\"\",\"maxLength\":\"\",\"multiline\":\"1\",\"initialRows\":\"1\"}', '2017-06-28 20:52:08', '2017-07-09 19:12:05', '4304941b-d4ee-4d97-af2a-5f91c7dc5a65'),
 ('145', NULL, 'Board of Directors', 'boardOfDirectors', 'matrixBlockType:10', '', '0', 'Entries', '{\"sources\":[\"section:8\"],\"limit\":\"\",\"selectionLabel\":\"\"}', '2017-06-28 21:14:31', '2017-07-09 19:12:04', 'dbb9cc3c-d064-4713-9063-8d3609b54b43'),
 ('146', NULL, 'Practice Leads', 'practiceLeads', 'matrixBlockType:10', '', '0', 'Entries', '{\"sources\":[\"section:8\"],\"limit\":\"\",\"selectionLabel\":\"\"}', '2017-06-28 21:14:31', '2017-07-09 19:12:04', '98b672bc-e440-40a5-8be0-8c49ccb26de0');



DROP TABLE IF EXISTS `craft_freeform_crm_fields`;


--
-- Schema for table `craft_freeform_crm_fields`
--
CREATE TABLE `craft_freeform_crm_fields` (
  `id` int(11) NOT NULL AUTO_INCREMENT,
  `integrationId` int(11) NOT NULL,
  `handle` varchar(255) COLLATE utf8_unicode_ci NOT NULL,
  `label` varchar(255) COLLATE utf8_unicode_ci NOT NULL,
  `type` enum('string','numeric','boolean','array') COLLATE utf8_unicode_ci NOT NULL DEFAULT 'string',
  `required` int(1) unsigned NOT NULL DEFAULT '0',
  `dateCreated` datetime NOT NULL,
  `dateUpdated` datetime NOT NULL,
  `uid` char(36) COLLATE utf8_unicode_ci NOT NULL DEFAULT '0',
  PRIMARY KEY (`id`),
  UNIQUE KEY `craft_freeform_crm_fields_integrationId_handle_unq_idx` (`integrationId`,`handle`)
) ENGINE=InnoDB DEFAULT CHARSET=utf8 COLLATE=utf8_unicode_ci;

DROP TABLE IF EXISTS `craft_freeform_fields`;


--
-- Schema for table `craft_freeform_fields`
--
CREATE TABLE `craft_freeform_fields` (
  `id` int(11) NOT NULL AUTO_INCREMENT,
  `notificationId` int(11) DEFAULT NULL,
  `assetSourceId` int(11) DEFAULT NULL,
  `type` enum('text','textarea','email','hidden','select','checkbox','checkbox_group','radio_group','file','dynamic_recipients') COLLATE utf8_unicode_ci DEFAULT NULL,
  `handle` varchar(255) COLLATE utf8_unicode_ci NOT NULL,
  `label` varchar(255) COLLATE utf8_unicode_ci NOT NULL,
  `required` tinyint(1) unsigned NOT NULL DEFAULT '0',
  `value` varchar(255) COLLATE utf8_unicode_ci DEFAULT NULL,
  `placeholder` varchar(255) COLLATE utf8_unicode_ci DEFAULT NULL,
  `instructions` text COLLATE utf8_unicode_ci,
  `values` text COLLATE utf8_unicode_ci,
  `options` text COLLATE utf8_unicode_ci,
  `checked` tinyint(1) unsigned DEFAULT '0',
  `rows` int(10) DEFAULT NULL,
  `fileKinds` text COLLATE utf8_unicode_ci,
  `maxFileSizeKB` int(10) DEFAULT NULL,
  `dateCreated` datetime NOT NULL,
  `dateUpdated` datetime NOT NULL,
  `uid` char(36) COLLATE utf8_unicode_ci NOT NULL DEFAULT '0',
  PRIMARY KEY (`id`),
  UNIQUE KEY `craft_freeform_fields_handle_unq_idx` (`handle`),
  KEY `craft_freeform_fields_notificationId_fk` (`notificationId`),
  KEY `craft_freeform_fields_assetSourceId_fk` (`assetSourceId`)
) ENGINE=InnoDB AUTO_INCREMENT=16 DEFAULT CHARSET=utf8 COLLATE=utf8_unicode_ci;

--
-- Data for table `craft_freeform_fields`
--

INSERT INTO `craft_freeform_fields` (`id`, `notificationId`, `assetSourceId`, `type`, `handle`, `label`, `required`, `value`, `placeholder`, `instructions`, `values`, `options`, `checked`, `rows`, `fileKinds`, `maxFileSizeKB`, `dateCreated`, `dateUpdated`, `uid`) VALUES
 ('1', NULL, NULL, 'text', 'firstName', 'First Name', '0', NULL, NULL, NULL, NULL, NULL, '0', NULL, NULL, NULL, '2017-06-09 17:35:43', '2017-06-09 17:35:43', 'e8c730ec-5b42-42d2-8887-62dfe17f29a9'),
 ('2', NULL, NULL, 'text', 'lastName', 'Last Name', '0', NULL, NULL, NULL, NULL, NULL, '0', NULL, NULL, NULL, '2017-06-09 17:35:44', '2017-06-09 17:35:44', '1e8d9e09-c982-4f44-814d-226d1dd8667d'),
 ('3', NULL, NULL, 'email', 'email', 'Email', '0', NULL, NULL, NULL, NULL, NULL, '0', NULL, NULL, NULL, '2017-06-09 17:35:44', '2017-06-09 17:35:44', '3361ec6e-394e-483b-874e-b2ba7037d182'),
 ('4', NULL, NULL, 'text', 'website', 'Website', '0', NULL, NULL, NULL, NULL, NULL, '0', NULL, NULL, NULL, '2017-06-09 17:35:44', '2017-06-09 17:35:44', '2340aa75-fb3a-45ba-bd28-101a50a92237'),
 ('5', NULL, NULL, 'text', 'cellPhone', 'Cell Phone', '0', NULL, NULL, NULL, NULL, NULL, '0', NULL, NULL, NULL, '2017-06-09 17:35:44', '2017-06-09 17:35:44', 'ba80cdcd-6388-4090-96aa-4a5ff78683cc'),
 ('6', NULL, NULL, 'text', 'homePhone', 'Home Phone', '0', NULL, NULL, NULL, NULL, NULL, '0', NULL, NULL, NULL, '2017-06-09 17:35:44', '2017-06-09 17:35:44', '84d44cc4-3b21-4ed3-a13f-ef6f6ed76248'),
 ('7', NULL, NULL, 'text', 'companyName', 'Company Name', '0', NULL, NULL, NULL, NULL, NULL, '0', NULL, NULL, NULL, '2017-06-09 17:35:44', '2017-06-09 17:35:44', '1edceb56-2da2-4f79-bc39-8aa0063006e2'),
 ('8', NULL, NULL, 'textarea', 'address', 'Address', '0', NULL, NULL, NULL, NULL, NULL, '0', '2', NULL, NULL, '2017-06-09 17:35:44', '2017-06-09 17:35:44', '0db1f0c9-eab0-410c-b803-a88439c5a9c2'),
 ('9', NULL, NULL, 'text', 'city', 'City', '0', NULL, NULL, NULL, NULL, NULL, '0', NULL, NULL, NULL, '2017-06-09 17:35:44', '2017-06-09 17:35:44', 'a9a07804-fc48-44e9-bd67-418b49e5ec90'),
 ('10', NULL, NULL, 'select', 'state', 'State', '0', NULL, NULL, NULL, NULL, '[{\"value\":\"\",\"label\":\"Select a State\"},{\"value\":\"AL\",\"label\":\"Alabama\"},{\"value\":\"AK\",\"label\":\"Alaska\"},{\"value\":\"AZ\",\"label\":\"Arizona\"},{\"value\":\"AR\",\"label\":\"Arkansas\"},{\"value\":\"CA\",\"label\":\"California\"},{\"value\":\"CO\",\"label\":\"Colorado\"},{\"value\":\"CT\",\"label\":\"Connecticut\"},{\"value\":\"DE\",\"label\":\"Delaware\"},{\"value\":\"DC\",\"label\":\"District of Columbia\"},{\"value\":\"FL\",\"label\":\"Florida\"},{\"value\":\"GA\",\"label\":\"Georgia\"},{\"value\":\"HI\",\"label\":\"Hawaii\"},{\"value\":\"ID\",\"label\":\"Idaho\"},{\"value\":\"IL\",\"label\":\"Illinois\"},{\"value\":\"IN\",\"label\":\"Indiana\"},{\"value\":\"IA\",\"label\":\"Iowa\"},{\"value\":\"KS\",\"label\":\"Kansas\"},{\"value\":\"KY\",\"label\":\"Kentucky\"},{\"value\":\"LA\",\"label\":\"Louisiana\"},{\"value\":\"ME\",\"label\":\"Maine\"},{\"value\":\"MD\",\"label\":\"Maryland\"},{\"value\":\"MA\",\"label\":\"Massachusetts\"},{\"value\":\"MI\",\"label\":\"Michigan\"},{\"value\":\"MN\",\"label\":\"Minnesota\"},{\"value\":\"MS\",\"label\":\"Mississippi\"},{\"value\":\"MO\",\"label\":\"Missouri\"},{\"value\":\"MT\",\"label\":\"Montana\"},{\"value\":\"NE\",\"label\":\"Nebraska\"},{\"value\":\"NV\",\"label\":\"Nevada\"},{\"value\":\"NH\",\"label\":\"New Hampshire\"},{\"value\":\"NJ\",\"label\":\"New Jersey\"},{\"value\":\"NM\",\"label\":\"New Mexico\"},{\"value\":\"NY\",\"label\":\"New York\"},{\"value\":\"NC\",\"label\":\"North Carolina\"},{\"value\":\"ND\",\"label\":\"North Dakota\"},{\"value\":\"OH\",\"label\":\"Ohio\"},{\"value\":\"OK\",\"label\":\"Oklahoma\"},{\"value\":\"OR\",\"label\":\"Oregon\"},{\"value\":\"PA\",\"label\":\"Pennsylvania\"},{\"value\":\"RI\",\"label\":\"Rhode Island\"},{\"value\":\"SC\",\"label\":\"South Carolina\"},{\"value\":\"SD\",\"label\":\"South Dakota\"},{\"value\":\"TN\",\"label\":\"Tennessee\"},{\"value\":\"TX\",\"label\":\"Texas\"},{\"value\":\"UT\",\"label\":\"Utah\"},{\"value\":\"VT\",\"label\":\"Vermont\"},{\"value\":\"VA\",\"label\":\"Virginia\"},{\"value\":\"WA\",\"label\":\"Washington\"},{\"value\":\"WV\",\"label\":\"West Virginia\"},{\"value\":\"WI\",\"label\":\"Wisconsin\"},{\"value\":\"WY\",\"label\":\"Wyoming\"}]', '0', NULL, NULL, NULL, '2017-06-09 17:35:44', '2017-06-09 17:35:44', '74535d18-b513-4dd2-b731-c7bd9bfcee4f'),
 ('11', NULL, NULL, 'text', 'zipCode', 'Zip Code', '0', NULL, NULL, NULL, NULL, NULL, '0', NULL, NULL, NULL, '2017-06-09 17:35:44', '2017-06-09 17:35:44', '4a3bab68-0c54-462d-a6f0-e1c5f1a78304'),
 ('12', NULL, NULL, 'textarea', 'message', 'Message', '0', NULL, NULL, NULL, NULL, NULL, '0', '5', NULL, NULL, '2017-06-09 17:35:44', '2017-06-09 17:35:44', '58a35f01-709e-4f84-b163-2472eac4b043'),
 ('13', NULL, NULL, 'select', 'InquiryType', 'Inquiry Type', '0', NULL, NULL, NULL, NULL, NULL, '0', NULL, NULL, NULL, '2017-06-15 20:10:06', '2017-06-15 20:10:06', '5b9a3491-79a1-4acf-9e60-013e1b7baf0a'),
 ('14', NULL, NULL, 'text', 'FullName', 'Full Name', '0', NULL, NULL, NULL, NULL, NULL, '0', NULL, NULL, NULL, '2017-06-15 20:13:11', '2017-06-15 20:13:11', 'db85f388-6d02-4297-95fa-213a17fbb21b'),
 ('15', NULL, NULL, 'file', 'resume', 'Upload Your Resume', '0', NULL, NULL, NULL, NULL, NULL, '0', NULL, NULL, NULL, '2017-06-15 20:18:52', '2017-06-15 20:18:52', '86aa88c5-fdfd-42f2-8a7b-66ce49363223');



DROP TABLE IF EXISTS `craft_freeform_forms`;


--
-- Schema for table `craft_freeform_forms`
--
CREATE TABLE `craft_freeform_forms` (
  `id` int(11) NOT NULL AUTO_INCREMENT,
  `name` varchar(255) COLLATE utf8_unicode_ci NOT NULL,
  `handle` varchar(255) COLLATE utf8_unicode_ci NOT NULL,
  `spamBlockCount` int(10) DEFAULT '0',
  `submissionTitleFormat` varchar(255) COLLATE utf8_unicode_ci NOT NULL,
  `description` text COLLATE utf8_unicode_ci,
  `layoutJson` text COLLATE utf8_unicode_ci NOT NULL,
  `returnUrl` varchar(255) COLLATE utf8_unicode_ci DEFAULT NULL,
  `defaultStatus` int(10) NOT NULL,
  `color` varchar(255) COLLATE utf8_unicode_ci DEFAULT NULL,
  `dateCreated` datetime NOT NULL,
  `dateUpdated` datetime NOT NULL,
  `uid` char(36) COLLATE utf8_unicode_ci NOT NULL DEFAULT '0',
  PRIMARY KEY (`id`),
  UNIQUE KEY `craft_freeform_forms_handle_unq_idx` (`handle`)
) ENGINE=InnoDB AUTO_INCREMENT=2 DEFAULT CHARSET=utf8 COLLATE=utf8_unicode_ci;

--
-- Data for table `craft_freeform_forms`
--

INSERT INTO `craft_freeform_forms` (`id`, `name`, `handle`, `spamBlockCount`, `submissionTitleFormat`, `description`, `layoutJson`, `returnUrl`, `defaultStatus`, `color`, `dateCreated`, `dateUpdated`, `uid`) VALUES
 ('1', 'Contact Us', 'contactUs', '0', '{{ dateCreated|date(\"Y-m-d H:i:s\") }}', '', '{\"composer\":{\"layout\":[[{\"id\":\"P2rkn8LV8\",\"columns\":[\"NLOZrP0nX\"]},{\"id\":\"72y7GQwgz\",\"columns\":[\"mgEePYZor\"]},{\"id\":\"JD1jMk1Lq\",\"columns\":[\"d1EeG8Z68\",\"KNn41Q4x3\",\"Bb10jE4K3\"]},{\"id\":\"oBPLnjyM2\",\"columns\":[\"QBOZ7q06y\"]}]],\"properties\":{\"page0\":{\"type\":\"page\",\"label\":\"Contact Us\"},\"form\":{\"type\":\"form\",\"name\":\"Contact Us\",\"handle\":\"contactUs\",\"color\":\"#2b734e\",\"submissionTitleFormat\":\"{{ dateCreated|date(\\\"Y-m-d H:i:s\\\") }}\",\"description\":\"\",\"formTemplate\":\"flexbox.html\",\"returnUrl\":\"\\/\",\"storeData\":true,\"defaultStatus\":2},\"integration\":{\"type\":\"integration\",\"integrationId\":0,\"mapping\":[]},\"admin_notifications\":{\"type\":\"admin_notifications\",\"notificationId\":0,\"recipients\":\"\"},\"NLOZrP0nX\":{\"hash\":\"NLOZrP0nX\",\"id\":13,\"type\":\"select\",\"handle\":\"inquiryType\",\"label\":\"Inquiry Type\",\"required\":false,\"instructions\":\"\",\"showCustomValues\":true,\"value\":\"General Inquiry\",\"options\":[{\"label\":\"Job Opportunities\",\"value\":\"Job Opportunities\"},{\"label\":\"General Inquiry\",\"value\":\"General Inquiry\"}],\"values\":[]},\"mgEePYZor\":{\"hash\":\"mgEePYZor\",\"id\":14,\"type\":\"text\",\"handle\":\"fullName\",\"label\":\"Full Name\",\"required\":false,\"instructions\":\"\",\"value\":\"\",\"placeholder\":\"\"},\"d1EeG8Z68\":{\"hash\":\"d1EeG8Z68\",\"id\":3,\"type\":\"email\",\"handle\":\"email\",\"label\":\"Email\",\"required\":false,\"instructions\":\"\",\"notificationId\":0,\"values\":[],\"placeholder\":\"\"},\"KNn41Q4x3\":{\"hash\":\"KNn41Q4x3\",\"id\":7,\"type\":\"text\",\"handle\":\"organization\",\"label\":\"Organization\",\"required\":false,\"instructions\":\"\",\"value\":\"\",\"placeholder\":\"\"},\"QBOZ7q06y\":{\"hash\":\"QBOZ7q06y\",\"id\":12,\"type\":\"textarea\",\"handle\":\"message\",\"label\":\"Message\",\"required\":false,\"instructions\":\"\",\"value\":\"\",\"placeholder\":\"\",\"rows\":5},\"Bb10jE4K3\":{\"hash\":\"Bb10jE4K3\",\"id\":15,\"type\":\"file\",\"handle\":\"resume\",\"label\":\"Upload Your Resume\",\"required\":false,\"instructions\":\"\",\"assetSourceId\":0,\"maxFileSizeKB\":2048,\"fileKinds\":[\"image\",\"pdf\"]}}},\"context\":{\"page\":0,\"hash\":\"form\"}}', '/', '2', '#2b734e', '2017-06-15 20:19:31', '2017-06-15 20:22:58', '0ccfd796-7e6c-41d7-a20e-83855defb3d3');



DROP TABLE IF EXISTS `craft_freeform_integrations`;


--
-- Schema for table `craft_freeform_integrations`
--
CREATE TABLE `craft_freeform_integrations` (
  `id` int(11) NOT NULL AUTO_INCREMENT,
  `name` varchar(255) COLLATE utf8_unicode_ci NOT NULL,
  `handle` varchar(255) COLLATE utf8_unicode_ci NOT NULL,
  `type` enum('mailing_list','crm') COLLATE utf8_unicode_ci NOT NULL,
  `class` varchar(255) COLLATE utf8_unicode_ci NOT NULL,
  `accessToken` varchar(255) COLLATE utf8_unicode_ci DEFAULT NULL,
  `settings` text COLLATE utf8_unicode_ci,
  `forceUpdate` tinyint(1) unsigned NOT NULL DEFAULT '0',
  `lastUpdate` datetime DEFAULT NULL,
  `dateCreated` datetime NOT NULL,
  `dateUpdated` datetime NOT NULL,
  `uid` char(36) COLLATE utf8_unicode_ci NOT NULL DEFAULT '0',
  PRIMARY KEY (`id`),
  UNIQUE KEY `craft_freeform_integrations_class_handle_unq_idx` (`class`,`handle`),
  UNIQUE KEY `craft_freeform_integrations_handle_unq_idx` (`handle`)
) ENGINE=InnoDB DEFAULT CHARSET=utf8 COLLATE=utf8_unicode_ci;

DROP TABLE IF EXISTS `craft_freeform_mailing_list_fields`;


--
-- Schema for table `craft_freeform_mailing_list_fields`
--
CREATE TABLE `craft_freeform_mailing_list_fields` (
  `id` int(11) NOT NULL AUTO_INCREMENT,
  `mailingListId` int(11) NOT NULL,
  `handle` varchar(255) COLLATE utf8_unicode_ci NOT NULL,
  `label` varchar(255) COLLATE utf8_unicode_ci NOT NULL,
  `type` enum('string','numeric','boolean','array') COLLATE utf8_unicode_ci NOT NULL DEFAULT 'string',
  `required` int(1) unsigned NOT NULL DEFAULT '0',
  `dateCreated` datetime NOT NULL,
  `dateUpdated` datetime NOT NULL,
  `uid` char(36) COLLATE utf8_unicode_ci NOT NULL DEFAULT '0',
  PRIMARY KEY (`id`),
  UNIQUE KEY `craft_freeform_mailing_list_fields_mailingListId_handle_unq_idx` (`mailingListId`,`handle`)
) ENGINE=InnoDB DEFAULT CHARSET=utf8 COLLATE=utf8_unicode_ci;

DROP TABLE IF EXISTS `craft_freeform_mailing_lists`;


--
-- Schema for table `craft_freeform_mailing_lists`
--
CREATE TABLE `craft_freeform_mailing_lists` (
  `id` int(11) NOT NULL AUTO_INCREMENT,
  `integrationId` int(11) NOT NULL,
  `resourceId` varchar(255) COLLATE utf8_unicode_ci NOT NULL,
  `name` varchar(255) COLLATE utf8_unicode_ci NOT NULL,
  `memberCount` int(11) DEFAULT NULL,
  `dateCreated` datetime NOT NULL,
  `dateUpdated` datetime NOT NULL,
  `uid` char(36) COLLATE utf8_unicode_ci NOT NULL DEFAULT '0',
  PRIMARY KEY (`id`),
  UNIQUE KEY `craft_freeform_mailing_lists_integrationId_resourceId_unq_idx` (`integrationId`,`resourceId`)
) ENGINE=InnoDB DEFAULT CHARSET=utf8 COLLATE=utf8_unicode_ci;

DROP TABLE IF EXISTS `craft_freeform_notifications`;


--
-- Schema for table `craft_freeform_notifications`
--
CREATE TABLE `craft_freeform_notifications` (
  `id` int(11) NOT NULL AUTO_INCREMENT,
  `name` varchar(255) COLLATE utf8_unicode_ci DEFAULT NULL,
  `handle` varchar(255) COLLATE utf8_unicode_ci NOT NULL,
  `description` text COLLATE utf8_unicode_ci,
  `fromName` varchar(255) COLLATE utf8_unicode_ci DEFAULT NULL,
  `fromEmail` varchar(255) COLLATE utf8_unicode_ci DEFAULT NULL,
  `replyToEmail` varchar(255) COLLATE utf8_unicode_ci DEFAULT NULL,
  `includeAttachments` tinyint(1) unsigned NOT NULL DEFAULT '0',
  `subject` varchar(255) COLLATE utf8_unicode_ci DEFAULT NULL,
  `bodyHtml` text COLLATE utf8_unicode_ci,
  `bodyText` text COLLATE utf8_unicode_ci,
  `sortOrder` int(10) DEFAULT NULL,
  `dateCreated` datetime NOT NULL,
  `dateUpdated` datetime NOT NULL,
  `uid` char(36) COLLATE utf8_unicode_ci NOT NULL DEFAULT '0',
  PRIMARY KEY (`id`),
  UNIQUE KEY `craft_freeform_notifications_handle_unq_idx` (`handle`)
) ENGINE=InnoDB DEFAULT CHARSET=utf8 COLLATE=utf8_unicode_ci;

DROP TABLE IF EXISTS `craft_freeform_statuses`;


--
-- Schema for table `craft_freeform_statuses`
--
CREATE TABLE `craft_freeform_statuses` (
  `id` int(11) NOT NULL AUTO_INCREMENT,
  `name` varchar(255) COLLATE utf8_unicode_ci NOT NULL,
  `handle` varchar(255) COLLATE utf8_unicode_ci NOT NULL,
  `color` enum('green','blue','yellow','orange','red','pink','purple','turquoise','light','grey','black') COLLATE utf8_unicode_ci NOT NULL DEFAULT 'grey',
  `isDefault` tinyint(1) unsigned NOT NULL DEFAULT '0',
  `sortOrder` int(10) DEFAULT NULL,
  `dateCreated` datetime NOT NULL,
  `dateUpdated` datetime NOT NULL,
  `uid` char(36) COLLATE utf8_unicode_ci NOT NULL DEFAULT '0',
  PRIMARY KEY (`id`),
  UNIQUE KEY `craft_freeform_statuses_name_unq_idx` (`name`),
  UNIQUE KEY `craft_freeform_statuses_handle_unq_idx` (`handle`)
) ENGINE=InnoDB AUTO_INCREMENT=4 DEFAULT CHARSET=utf8 COLLATE=utf8_unicode_ci;

--
-- Data for table `craft_freeform_statuses`
--

INSERT INTO `craft_freeform_statuses` (`id`, `name`, `handle`, `color`, `isDefault`, `sortOrder`, `dateCreated`, `dateUpdated`, `uid`) VALUES
 ('1', 'Pending', 'pending', 'light', '0', '1', '2017-06-09 17:35:44', '2017-06-09 17:35:44', '43ae335e-df99-4a37-96c3-dfcd858e5003'),
 ('2', 'Open', 'open', 'green', '1', '2', '2017-06-09 17:35:44', '2017-06-09 17:35:44', '095502c2-306e-4b7f-b41c-5445af5ce17d'),
 ('3', 'Closed', 'closed', 'grey', '0', '3', '2017-06-09 17:35:44', '2017-06-09 17:35:44', 'bb398419-eecf-44da-a0b4-0cc36d0f6e07');



DROP TABLE IF EXISTS `craft_freeform_submissions`;


--
-- Schema for table `craft_freeform_submissions`
--
CREATE TABLE `craft_freeform_submissions` (
  `id` int(11) NOT NULL,
  `statusId` int(11) DEFAULT NULL,
  `formId` int(11) NOT NULL,
  `field_1` varchar(100) COLLATE utf8_unicode_ci DEFAULT NULL,
  `field_2` varchar(100) COLLATE utf8_unicode_ci DEFAULT NULL,
  `field_3` text COLLATE utf8_unicode_ci,
  `field_4` varchar(100) COLLATE utf8_unicode_ci DEFAULT NULL,
  `field_5` varchar(100) COLLATE utf8_unicode_ci DEFAULT NULL,
  `field_6` varchar(100) COLLATE utf8_unicode_ci DEFAULT NULL,
  `field_7` varchar(100) COLLATE utf8_unicode_ci DEFAULT NULL,
  `field_8` text COLLATE utf8_unicode_ci,
  `field_9` varchar(100) COLLATE utf8_unicode_ci DEFAULT NULL,
  `field_10` varchar(100) COLLATE utf8_unicode_ci DEFAULT NULL,
  `field_11` varchar(100) COLLATE utf8_unicode_ci DEFAULT NULL,
  `field_12` text COLLATE utf8_unicode_ci,
  `field_13` varchar(100) COLLATE utf8_unicode_ci DEFAULT NULL,
  `field_14` varchar(100) COLLATE utf8_unicode_ci DEFAULT NULL,
  `field_15` varchar(100) COLLATE utf8_unicode_ci DEFAULT NULL,
  `dateCreated` datetime NOT NULL,
  `dateUpdated` datetime NOT NULL,
  `uid` char(36) COLLATE utf8_unicode_ci NOT NULL DEFAULT '0',
  PRIMARY KEY (`id`),
  KEY `craft_freeform_submissions_statusId_fk` (`statusId`),
  KEY `craft_freeform_submissions_formId_fk` (`formId`)
) ENGINE=InnoDB DEFAULT CHARSET=utf8 COLLATE=utf8_unicode_ci;

DROP TABLE IF EXISTS `craft_freeform_unfinalized_files`;


--
-- Schema for table `craft_freeform_unfinalized_files`
--
CREATE TABLE `craft_freeform_unfinalized_files` (
  `id` int(11) NOT NULL AUTO_INCREMENT,
  `assetId` int(11) NOT NULL,
  `dateCreated` datetime NOT NULL,
  `dateUpdated` datetime NOT NULL,
  `uid` char(36) COLLATE utf8_unicode_ci NOT NULL DEFAULT '0',
  PRIMARY KEY (`id`),
  KEY `craft_freeform_unfinalized_files_assetId_fk` (`assetId`)
) ENGINE=InnoDB DEFAULT CHARSET=utf8 COLLATE=utf8_unicode_ci;

DROP TABLE IF EXISTS `craft_globalsets`;


--
-- Schema for table `craft_globalsets`
--
CREATE TABLE `craft_globalsets` (
  `id` int(11) NOT NULL,
  `name` varchar(255) COLLATE utf8_unicode_ci NOT NULL,
  `handle` varchar(255) COLLATE utf8_unicode_ci NOT NULL,
  `fieldLayoutId` int(10) DEFAULT NULL,
  `dateCreated` datetime NOT NULL,
  `dateUpdated` datetime NOT NULL,
  `uid` char(36) COLLATE utf8_unicode_ci NOT NULL DEFAULT '0',
  PRIMARY KEY (`id`),
  UNIQUE KEY `craft_globalsets_name_unq_idx` (`name`),
  UNIQUE KEY `craft_globalsets_handle_unq_idx` (`handle`),
  KEY `craft_globalsets_fieldLayoutId_fk` (`fieldLayoutId`)
) ENGINE=InnoDB DEFAULT CHARSET=utf8 COLLATE=utf8_unicode_ci;

DROP TABLE IF EXISTS `craft_info`;


--
-- Schema for table `craft_info`
--
CREATE TABLE `craft_info` (
  `id` int(11) NOT NULL AUTO_INCREMENT,
  `version` varchar(50) COLLATE utf8_unicode_ci NOT NULL,
  `schemaVersion` varchar(15) COLLATE utf8_unicode_ci NOT NULL,
  `edition` tinyint(1) unsigned NOT NULL DEFAULT '0',
  `siteName` varchar(100) COLLATE utf8_unicode_ci NOT NULL,
  `siteUrl` varchar(255) COLLATE utf8_unicode_ci NOT NULL,
  `timezone` varchar(30) COLLATE utf8_unicode_ci DEFAULT NULL,
  `on` tinyint(1) unsigned NOT NULL DEFAULT '0',
  `maintenance` tinyint(1) unsigned NOT NULL DEFAULT '0',
  `dateCreated` datetime NOT NULL,
  `dateUpdated` datetime NOT NULL,
  `uid` char(36) COLLATE utf8_unicode_ci NOT NULL DEFAULT '0',
  PRIMARY KEY (`id`)
) ENGINE=InnoDB AUTO_INCREMENT=2 DEFAULT CHARSET=utf8 COLLATE=utf8_unicode_ci;

--
-- Data for table `craft_info`
--

INSERT INTO `craft_info` (`id`, `version`, `schemaVersion`, `edition`, `siteName`, `siteUrl`, `timezone`, `on`, `maintenance`, `dateCreated`, `dateUpdated`, `uid`) VALUES
 ('1', '2.6.2983', '2.6.9', '0', 'Milone & MacBroom', 'http://mmi.ads.dsdev', 'UTC', '1', '1', '2017-06-09 17:32:18', '2017-07-10 18:18:28', '708ecbe9-2680-41aa-8bdc-89a755f39d01');



DROP TABLE IF EXISTS `craft_locales`;


--
-- Schema for table `craft_locales`
--
CREATE TABLE `craft_locales` (
  `locale` char(12) COLLATE utf8_unicode_ci NOT NULL,
  `sortOrder` smallint(6) unsigned DEFAULT NULL,
  `dateCreated` datetime NOT NULL,
  `dateUpdated` datetime NOT NULL,
  `uid` char(36) COLLATE utf8_unicode_ci NOT NULL DEFAULT '0',
  PRIMARY KEY (`locale`),
  KEY `craft_locales_sortOrder_idx` (`sortOrder`)
) ENGINE=InnoDB DEFAULT CHARSET=utf8 COLLATE=utf8_unicode_ci;

--
-- Data for table `craft_locales`
--

INSERT INTO `craft_locales` (`locale`, `sortOrder`, `dateCreated`, `dateUpdated`, `uid`) VALUES
 ('en_us', '1', '2017-06-09 17:32:19', '2017-06-09 17:32:19', '858e9885-d9c1-4cbb-aa68-15717328a35b');



DROP TABLE IF EXISTS `craft_matrixblocks`;


--
-- Schema for table `craft_matrixblocks`
--
CREATE TABLE `craft_matrixblocks` (
  `id` int(11) NOT NULL,
  `ownerId` int(11) NOT NULL,
  `fieldId` int(11) NOT NULL,
  `typeId` int(11) DEFAULT NULL,
  `sortOrder` smallint(6) unsigned DEFAULT NULL,
  `ownerLocale` char(12) COLLATE utf8_unicode_ci DEFAULT NULL,
  `dateCreated` datetime NOT NULL,
  `dateUpdated` datetime NOT NULL,
  `uid` char(36) COLLATE utf8_unicode_ci NOT NULL DEFAULT '0',
  PRIMARY KEY (`id`),
  KEY `craft_matrixblocks_ownerId_idx` (`ownerId`),
  KEY `craft_matrixblocks_fieldId_idx` (`fieldId`),
  KEY `craft_matrixblocks_typeId_idx` (`typeId`),
  KEY `craft_matrixblocks_sortOrder_idx` (`sortOrder`),
  KEY `craft_matrixblocks_ownerLocale_fk` (`ownerLocale`)
) ENGINE=InnoDB DEFAULT CHARSET=utf8 COLLATE=utf8_unicode_ci;

--
-- Data for table `craft_matrixblocks`
--

INSERT INTO `craft_matrixblocks` (`id`, `ownerId`, `fieldId`, `typeId`, `sortOrder`, `ownerLocale`, `dateCreated`, `dateUpdated`, `uid`) VALUES
 ('30', '28', '3', '1', '1', NULL, '2017-06-12 20:16:38', '2017-06-27 21:10:29', '42b1ffee-aed6-4f83-9525-4e5833a6d0c7'),
 ('36', '35', '39', '8', '1', NULL, '2017-06-15 15:05:59', '2017-06-15 16:17:13', '0c531225-34d4-4432-8f63-c3afa9215d32'),
 ('37', '35', '39', '8', '2', NULL, '2017-06-15 15:05:59', '2017-06-15 16:17:13', '7e16630a-2567-47f1-9b44-236ca3259d6c'),
 ('39', '35', '39', '8', '3', NULL, '2017-06-15 16:17:13', '2017-06-15 16:17:13', '8f57bba2-c128-41ba-bda1-efd636921aff'),
 ('56', '6', '3', '1', '1', NULL, '2017-06-26 21:28:58', '2017-06-28 13:35:02', '9b97518f-b92d-488c-91a3-0ef0dead7f42'),
 ('93', '6', '3', '12', '2', NULL, '2017-06-28 13:35:02', '2017-06-28 13:35:02', 'd2c2320b-97d9-4bc3-84e9-0f43277f8dd5'),
 ('114', '6', '3', '15', '3', NULL, '2017-06-28 13:35:02', '2017-06-28 13:35:02', 'ac231572-1679-4a2c-85d6-ea0f6a93524d'),
 ('115', '6', '3', '10', '4', NULL, '2017-06-28 13:35:02', '2017-06-28 13:35:02', 'f6cfd129-d1b3-45f6-a12e-ec2500cd75b2'),
 ('116', '6', '3', '3', '5', NULL, '2017-06-28 13:35:03', '2017-06-28 13:35:03', 'b52ba80d-e052-4d0b-99b6-19832c118a1c'),
 ('132', '17', '3', '1', '1', NULL, '2017-06-28 13:56:24', '2017-06-28 14:52:19', '4ab65f52-6cda-4e65-b060-a95969946fed'),
 ('134', '17', '3', '12', '2', NULL, '2017-06-28 13:56:24', '2017-06-28 14:52:19', '772602c7-b79f-461c-9a74-77fdf1b92b89'),
 ('135', '17', '3', '27', '3', NULL, '2017-06-28 13:56:24', '2017-06-28 14:52:19', 'a28e4c7b-25da-4bae-b50e-c22c8b065f95'),
 ('136', '17', '3', '10', '4', NULL, '2017-06-28 13:56:24', '2017-06-28 14:52:19', 'a1cd1274-a027-403e-9584-2cba7b5b4493'),
 ('137', '17', '3', '24', '5', NULL, '2017-06-28 13:56:24', '2017-06-28 14:52:19', 'e58b2850-2b03-47bd-9889-a7dbba65f1f1'),
 ('138', '17', '3', '3', '6', NULL, '2017-06-28 13:56:24', '2017-06-28 14:52:19', 'acc71711-0bbe-4ef0-bd0d-13be40feae42'),
 ('140', '139', '3', '1', '1', NULL, '2017-06-28 15:54:56', '2017-06-28 21:31:48', '0cfa01f8-d9d4-4804-9849-ff788d57db10'),
 ('142', '139', '3', '14', '2', NULL, '2017-06-28 15:54:56', '2017-06-28 21:31:48', '84d441d9-b008-4926-b206-28084559bfef'),
 ('143', '139', '3', '13', '3', NULL, '2017-06-28 15:54:56', '2017-06-28 21:31:48', '3b0900db-f001-4be9-a874-a77d97a06f57'),
 ('144', '139', '3', '14', '4', NULL, '2017-06-28 15:54:56', '2017-06-28 21:31:48', '81240c68-a7a4-46c6-943a-6f9c650b8f13'),
 ('145', '139', '3', '2', '5', NULL, '2017-06-28 15:57:44', '2017-06-28 21:31:48', '1ef34f7a-b92e-4dc4-95c8-dee544eae194'),
 ('146', '139', '3', '12', '6', NULL, '2017-06-28 15:57:44', '2017-06-28 21:31:48', '73d3c280-196c-4f03-84ca-f220f5d5772b'),
 ('148', '147', '3', '1', '1', NULL, '2017-06-28 19:29:30', '2017-06-28 19:29:30', '4e58f36e-43ca-4ba9-ac0c-f8da73a5d0f9'),
 ('150', '147', '3', '12', '2', NULL, '2017-06-28 19:29:30', '2017-06-28 19:29:30', '4a1652c5-6877-4a8e-ada6-4fc1ba4696c6'),
 ('151', '147', '3', '14', '3', NULL, '2017-06-28 19:29:30', '2017-06-28 19:29:30', 'a68ff959-527f-4b00-8599-b131d411b472'),
 ('152', '147', '3', '22', '4', NULL, '2017-06-28 19:29:30', '2017-06-28 19:29:30', '483cabdb-2295-49f5-9e85-24703a00219f'),
 ('161', '160', '3', '1', '1', NULL, '2017-07-09 19:15:34', '2017-07-09 19:57:34', 'b8f2e55a-a679-4610-af14-cb56923d535d'),
 ('163', '160', '3', '26', '2', NULL, '2017-07-09 19:15:34', '2017-07-09 19:57:34', '1d763c76-75c5-407f-9d40-3512c7882d6b');



DROP TABLE IF EXISTS `craft_matrixblocktypes`;


--
-- Schema for table `craft_matrixblocktypes`
--
CREATE TABLE `craft_matrixblocktypes` (
  `id` int(11) NOT NULL AUTO_INCREMENT,
  `fieldId` int(11) NOT NULL,
  `fieldLayoutId` int(11) DEFAULT NULL,
  `name` varchar(255) COLLATE utf8_unicode_ci NOT NULL,
  `handle` varchar(255) COLLATE utf8_unicode_ci NOT NULL,
  `sortOrder` smallint(6) unsigned DEFAULT NULL,
  `dateCreated` datetime NOT NULL,
  `dateUpdated` datetime NOT NULL,
  `uid` char(36) COLLATE utf8_unicode_ci NOT NULL DEFAULT '0',
  PRIMARY KEY (`id`),
  UNIQUE KEY `craft_matrixblocktypes_name_fieldId_unq_idx` (`name`,`fieldId`),
  UNIQUE KEY `craft_matrixblocktypes_handle_fieldId_unq_idx` (`handle`,`fieldId`),
  KEY `craft_matrixblocktypes_fieldId_fk` (`fieldId`),
  KEY `craft_matrixblocktypes_fieldLayoutId_fk` (`fieldLayoutId`)
) ENGINE=InnoDB AUTO_INCREMENT=29 DEFAULT CHARSET=utf8 COLLATE=utf8_unicode_ci;

--
-- Data for table `craft_matrixblocktypes`
--

INSERT INTO `craft_matrixblocktypes` (`id`, `fieldId`, `fieldLayoutId`, `name`, `handle`, `sortOrder`, `dateCreated`, `dateUpdated`, `uid`) VALUES
 ('1', '3', '1224', 'Masthead', 'masthead', '1', '2017-06-09 19:00:20', '2017-07-09 19:12:03', 'b9337a26-e0de-4266-886c-3eada0f1b738'),
 ('2', '3', '1226', 'Gallery', 'gallery', '2', '2017-06-12 19:02:25', '2017-07-09 19:12:03', '80871abb-7b7e-4c93-87e7-2177faf6f8ec'),
 ('3', '3', '1227', 'Related Work', 'relatedWork', '3', '2017-06-12 20:32:00', '2017-07-09 19:12:03', 'a99f1e43-b6d2-471d-996c-92223dc3e3bd'),
 ('4', '3', '1228', 'Related News', 'relatedNews', '4', '2017-06-12 20:43:11', '2017-07-09 19:12:03', '189b5572-4c84-42c9-9937-ddb4a9e1d880'),
 ('6', '3', '1231', 'Openings', 'openings', '5', '2017-06-14 15:25:43', '2017-07-09 19:12:04', 'ff291c08-452a-4e90-bba1-2ec9818e8781'),
 ('7', '3', '1232', 'Instagram Feed', 'instagramFeed', '6', '2017-06-14 18:50:59', '2017-07-09 19:12:04', 'ea82624c-0826-4429-9a8a-68e204611f5c'),
 ('8', '39', '128', 'Role(s)', 'roles', '1', '2017-06-15 14:59:47', '2017-06-15 14:59:47', '37f79f61-372c-437a-b201-701ce7873c99'),
 ('9', '42', '129', 'Social Links', 'socialLinks', '1', '2017-06-15 15:03:15', '2017-06-15 15:03:15', '54e95d3a-7436-4138-b714-8514e0975de4'),
 ('10', '3', '1233', 'PeopleGallery', 'peoplegallery', '7', '2017-06-15 16:53:38', '2017-07-09 19:12:04', '4dbd0009-f162-437c-8815-e14a066b7e4b'),
 ('11', '3', '1234', 'People', 'people', '8', '2017-06-15 17:16:37', '2017-07-09 19:12:04', '7bb5cbee-1975-40fa-a20c-5bd4812ea2b4'),
 ('12', '3', '1236', 'List Panel', 'listPanel', '9', '2017-06-15 18:19:42', '2017-07-09 19:12:04', 'f595e3b0-9cda-42e6-896b-7c14e7e7a73b'),
 ('13', '3', '1237', 'Text Panel', 'textPanel', '10', '2017-06-15 18:23:23', '2017-07-09 19:12:04', '0f08797a-5f72-4a7f-a7c1-a6e1d5629bd3'),
 ('14', '3', '1239', 'Image Text Panel', 'imageTextPanel', '11', '2017-06-15 18:27:59', '2017-07-09 19:12:04', 'f8a97e7c-f20c-4f57-a6a9-04ab86000bad'),
 ('15', '3', '1241', 'Large Image Text Panel', 'largeImageTextPanel', '12', '2017-06-15 18:39:05', '2017-07-09 19:12:04', '1cada867-e96d-4d55-8043-c0f47bf67482'),
 ('16', '3', '1242', 'Pull Quote', 'pullQuote', '13', '2017-06-15 18:41:55', '2017-07-09 19:12:04', 'ba077560-ef62-4f2b-9863-343874efce47'),
 ('17', '3', '1244', 'Resources', 'resources', '14', '2017-06-15 19:02:36', '2017-07-09 19:12:04', '6e794bb1-b5c0-48cf-ad26-5b02f46ef101'),
 ('18', '3', '1246', 'Highlights', 'highlights', '15', '2017-06-15 19:20:51', '2017-07-09 19:12:04', '5a948f68-ad86-48d3-a212-cc1d03ec1158'),
 ('19', '3', '1248', 'Featured Clients', 'featuredClients', '16', '2017-06-15 19:24:13', '2017-07-09 19:12:04', '8c37bd37-56b0-463d-8ed9-0d2d7c30fce6'),
 ('20', '3', '1251', 'Logo Panel', 'logoPanel', '17', '2017-06-15 19:33:37', '2017-07-09 19:12:04', '6a5bdf63-88bd-41c8-a620-183aaf70fb80'),
 ('21', '102', '482', 'Value', 'value', '1', '2017-06-15 19:42:13', '2017-06-15 19:42:14', '40a43e59-afa0-4ce5-8ffd-96202e9923e6'),
 ('22', '3', '1252', 'Values Panel', 'valuesPanel', '18', '2017-06-15 19:49:55', '2017-07-09 19:12:04', '60536e63-92a8-4f1b-85d4-3d2e5ed69e53'),
 ('23', '3', '1254', 'Content Selector', 'contentSelector', '19', '2017-06-15 19:57:44', '2017-07-09 19:12:05', '743751ab-d285-471b-8cf9-b278fd8415be'),
 ('24', '3', '1257', 'Call To Action Panel', 'callToActionPanel', '21', '2017-06-15 20:27:01', '2017-07-09 19:12:05', 'bb65c364-2646-4009-a60e-784391a7aea8'),
 ('25', '3', '1258', 'Locations Panel', 'locationsPanel', '22', '2017-06-15 20:28:42', '2017-07-09 19:12:05', 'b8723841-bad0-4938-8957-185e63de3b6d'),
 ('26', '3', '1259', 'Case Study Filter', 'caseStudyFilter', '23', '2017-06-26 19:07:48', '2017-07-09 19:12:05', 'be567bb8-d9ea-4788-b456-b3e80bc1c685'),
 ('27', '3', '1256', 'Service Listing', 'ctaListing', '20', '2017-06-27 15:02:06', '2017-07-09 19:12:05', 'fa5af3b8-dccb-47cc-adda-b1ad77c71ec1'),
 ('28', '3', '1260', 'Contact', 'contact', '24', '2017-06-28 20:52:08', '2017-07-09 19:12:05', '746383fe-8e02-453a-8c9b-d522577c6c52');



DROP TABLE IF EXISTS `craft_matrixcontent_components`;


--
-- Schema for table `craft_matrixcontent_components`
--
CREATE TABLE `craft_matrixcontent_components` (
  `id` int(11) NOT NULL AUTO_INCREMENT,
  `elementId` int(11) NOT NULL,
  `locale` char(12) COLLATE utf8_unicode_ci NOT NULL,
  `field_masthead_heading` text COLLATE utf8_unicode_ci,
  `field_masthead_subheading` text COLLATE utf8_unicode_ci,
  `field_relatedWork_heading` text COLLATE utf8_unicode_ci,
  `field_relatedNews_heading` text COLLATE utf8_unicode_ci,
  `field_relatedNews_callToAction` text COLLATE utf8_unicode_ci,
  `field_openings_loadMoreText` text COLLATE utf8_unicode_ci,
  `field_instagramFeed_heading` text COLLATE utf8_unicode_ci,
  `field_peoplegallery_heading` text COLLATE utf8_unicode_ci,
  `field_people_heading` text COLLATE utf8_unicode_ci,
  `field_listPanel_heading` text COLLATE utf8_unicode_ci,
  `field_listPanel_body` text COLLATE utf8_unicode_ci,
  `field_textPanel_heading` text COLLATE utf8_unicode_ci,
  `field_textPanel_body` text COLLATE utf8_unicode_ci,
  `field_imageTextPanel_orientation` varchar(255) COLLATE utf8_unicode_ci DEFAULT NULL,
  `field_imageTextPanel_heading` text COLLATE utf8_unicode_ci,
  `field_imageTextPanel_body` text COLLATE utf8_unicode_ci,
  `field_imageTextPanel_callToAction` text COLLATE utf8_unicode_ci,
  `field_largeImageTextPanel_orientation` varchar(255) COLLATE utf8_unicode_ci DEFAULT NULL,
  `field_largeImageTextPanel_heading` text COLLATE utf8_unicode_ci,
  `field_largeImageTextPanel_body` text COLLATE utf8_unicode_ci,
  `field_largeImageTextPanel_callToAction` text COLLATE utf8_unicode_ci,
  `field_pullQuote_quote` text COLLATE utf8_unicode_ci,
  `field_pullQuote_author` text COLLATE utf8_unicode_ci,
  `field_resources_heading` text COLLATE utf8_unicode_ci,
  `field_resources_body` text COLLATE utf8_unicode_ci,
  `field_highlights_heading` text COLLATE utf8_unicode_ci,
  `field_highlights_body` text COLLATE utf8_unicode_ci,
  `field_featuredClients_heading` text COLLATE utf8_unicode_ci,
  `field_featuredClients_body` text COLLATE utf8_unicode_ci,
  `field_logoPanel_heading` text COLLATE utf8_unicode_ci,
  `field_logoPanel_body` text COLLATE utf8_unicode_ci,
  `field_valuesPanel_heading` text COLLATE utf8_unicode_ci,
  `field_contentSelector_heading` text COLLATE utf8_unicode_ci,
  `field_caseStudyFilter_limit` int(10) unsigned DEFAULT '0',
  `field_gallery_heading` text COLLATE utf8_unicode_ci,
  `field_ctaListing_heading` text COLLATE utf8_unicode_ci,
  `field_locationsPanel_heading` text COLLATE utf8_unicode_ci,
  `field_contact_heading` text COLLATE utf8_unicode_ci,
  `dateCreated` datetime NOT NULL,
  `dateUpdated` datetime NOT NULL,
  `uid` char(36) COLLATE utf8_unicode_ci NOT NULL DEFAULT '0',
  PRIMARY KEY (`id`),
  UNIQUE KEY `craft_matrixcontent_components_elementId_locale_unq_idx` (`elementId`,`locale`),
  KEY `craft_matrixcontent_components_locale_idx` (`locale`)
) ENGINE=InnoDB AUTO_INCREMENT=28 DEFAULT CHARSET=utf8 COLLATE=utf8_unicode_ci;

--
-- Data for table `craft_matrixcontent_components`
--

INSERT INTO `craft_matrixcontent_components` (`id`, `elementId`, `locale`, `field_masthead_heading`, `field_masthead_subheading`, `field_relatedWork_heading`, `field_relatedNews_heading`, `field_relatedNews_callToAction`, `field_openings_loadMoreText`, `field_instagramFeed_heading`, `field_peoplegallery_heading`, `field_people_heading`, `field_listPanel_heading`, `field_listPanel_body`, `field_textPanel_heading`, `field_textPanel_body`, `field_imageTextPanel_orientation`, `field_imageTextPanel_heading`, `field_imageTextPanel_body`, `field_imageTextPanel_callToAction`, `field_largeImageTextPanel_orientation`, `field_largeImageTextPanel_heading`, `field_largeImageTextPanel_body`, `field_largeImageTextPanel_callToAction`, `field_pullQuote_quote`, `field_pullQuote_author`, `field_resources_heading`, `field_resources_body`, `field_highlights_heading`, `field_highlights_body`, `field_featuredClients_heading`, `field_featuredClients_body`, `field_logoPanel_heading`, `field_logoPanel_body`, `field_valuesPanel_heading`, `field_contentSelector_heading`, `field_caseStudyFilter_limit`, `field_gallery_heading`, `field_ctaListing_heading`, `field_locationsPanel_heading`, `field_contact_heading`, `dateCreated`, `dateUpdated`, `uid`) VALUES
 ('1', '30', 'en_us', 'Sustainable, human-centered solutions\r\nwith technical precision. ', 'Milone & MacBroom', NULL, NULL, NULL, NULL, NULL, NULL, NULL, NULL, NULL, NULL, NULL, NULL, NULL, NULL, NULL, NULL, NULL, NULL, NULL, NULL, NULL, NULL, NULL, NULL, NULL, NULL, NULL, NULL, NULL, NULL, NULL, NULL, NULL, NULL, NULL, NULL, '2017-06-12 20:16:38', '2017-06-27 21:10:29', '01af4219-3f70-4724-ba4a-92fe7e05e0a1'),
 ('3', '56', 'en_us', 'Leaders in design of surface transportation systems for nearly three decades ', 'Transportation Engineering ', NULL, NULL, NULL, NULL, NULL, NULL, NULL, NULL, NULL, NULL, NULL, NULL, NULL, NULL, NULL, NULL, NULL, NULL, NULL, NULL, NULL, NULL, NULL, NULL, NULL, NULL, NULL, NULL, NULL, NULL, NULL, NULL, NULL, NULL, NULL, NULL, '2017-06-26 21:28:58', '2017-06-28 13:35:02', '1b514ff4-d8b9-47ab-9813-1471d468b61d'),
 ('6', '93', 'en_us', NULL, NULL, NULL, NULL, NULL, NULL, NULL, NULL, NULL, 'Our team of highway, bridge, traffic engineers, and planners collaborate on a wide range of transportation system improvement projects.', '<p>In the public sector, we assist state agencies and municipalities in improving and expanding existing infrastructure. In the private sector, we assist clients in building infrastructure in support of residential, commercial, and other opportunities for growth. While performing a wide range of services, commonalities in design include multi-modal considerations, safe mobility, public consensus, and minimizing impacts to the environment.</p>', NULL, NULL, NULL, NULL, NULL, NULL, NULL, NULL, NULL, NULL, NULL, NULL, NULL, NULL, NULL, NULL, NULL, NULL, NULL, NULL, NULL, NULL, NULL, NULL, NULL, NULL, NULL, '2017-06-28 13:35:02', '2017-06-28 13:35:02', '831c3e7c-e8df-4b5d-9bbb-b80d7d0cc03c'),
 ('7', '114', 'en_us', NULL, NULL, NULL, NULL, NULL, NULL, NULL, NULL, NULL, NULL, NULL, NULL, NULL, NULL, NULL, NULL, NULL, 'left', 'We pride ourselves on an environmental and community based approach to design. ', '<p>Our highway, bridge, and traffic engineers routinely collaborate with our planners, landscape architects, and environmental scientists for repeated success on projects. Our goal on every project is to enhance mobility for all travel modes without compromising safety or adversely impacting the environment.  Whether widening a highway, enhancing operations along a signalized corridor, or rehabilitating a historic bridge, we achieve success by engaging project stakeholders and partners with regulatory agencies, ensuring compatibility between transportation facilities and the surrounding environment and communities we work in.</p>', '', NULL, NULL, NULL, NULL, NULL, NULL, NULL, NULL, NULL, NULL, NULL, NULL, NULL, NULL, NULL, NULL, NULL, '2017-06-28 13:35:02', '2017-06-28 13:35:02', '5b991018-62f5-4cca-9ec6-545b17d695f7'),
 ('8', '115', 'en_us', NULL, NULL, NULL, NULL, NULL, NULL, NULL, 'Our Transporation & Traffic Team ', NULL, NULL, NULL, NULL, NULL, NULL, NULL, NULL, NULL, NULL, NULL, NULL, NULL, NULL, NULL, NULL, NULL, NULL, NULL, NULL, NULL, NULL, NULL, NULL, NULL, NULL, NULL, NULL, NULL, NULL, '2017-06-28 13:35:02', '2017-06-28 13:35:02', '63466302-2319-4845-8b66-9870e27e1737'),
 ('9', '116', 'en_us', NULL, NULL, 'See how we\'ve improved transportation and traffic flow ', NULL, NULL, NULL, NULL, NULL, NULL, NULL, NULL, NULL, NULL, NULL, NULL, NULL, NULL, NULL, NULL, NULL, NULL, NULL, NULL, NULL, NULL, NULL, NULL, NULL, NULL, NULL, NULL, NULL, NULL, NULL, NULL, NULL, NULL, NULL, '2017-06-28 13:35:03', '2017-06-28 13:35:03', 'f8d2dd47-30e7-49b9-b2fc-b4b76cfe3c7c'),
 ('10', '132', 'en_us', 'Transforming communities to meet changing needs ', 'Planning', NULL, NULL, NULL, NULL, NULL, NULL, NULL, NULL, NULL, NULL, NULL, NULL, NULL, NULL, NULL, NULL, NULL, NULL, NULL, NULL, NULL, NULL, NULL, NULL, NULL, NULL, NULL, NULL, NULL, NULL, NULL, NULL, NULL, NULL, NULL, NULL, '2017-06-28 13:56:24', '2017-06-28 14:52:19', '916e8729-6af2-4444-9233-2daebe7ac33e'),
 ('11', '134', 'en_us', NULL, NULL, NULL, NULL, NULL, NULL, NULL, NULL, NULL, 'Planning is not a linear, rigid process but rather evolves during the planning period. ', '<p>Planning is the framework from which present and future challenges are addressed in a thoughtful, stakeholder-driven process, and the complexity of these challenges requires a range of professional training and experience. At Milone &amp; MacBroom, each assignment is guided by senior planning staff that have direct access to the resources of our entire organization.<br /></p>\n<p>As “what ifs” and “whys” emerge, our staff provides creative solutions based on sound analysis using GIS, mapping, public outreach, and traditional and new media approaches. Our team members pride themselves on their ability to work effectively with public and private sector stakeholders, as well as the general public, to achieve the desired outcome for every project on which they work.</p>', NULL, NULL, NULL, NULL, NULL, NULL, NULL, NULL, NULL, NULL, NULL, NULL, NULL, NULL, NULL, NULL, NULL, NULL, NULL, NULL, NULL, NULL, NULL, NULL, NULL, NULL, NULL, '2017-06-28 13:56:24', '2017-06-28 14:52:19', 'eded90e6-0806-4268-91d2-f6cd932d0766'),
 ('12', '135', 'en_us', NULL, NULL, NULL, NULL, NULL, NULL, NULL, NULL, NULL, NULL, NULL, NULL, NULL, NULL, NULL, NULL, NULL, NULL, NULL, NULL, NULL, NULL, NULL, NULL, NULL, NULL, NULL, NULL, NULL, NULL, NULL, NULL, NULL, NULL, NULL, 'Our specific planning services include: ', NULL, NULL, '2017-06-28 13:56:24', '2017-06-28 14:52:19', '297cfcbe-0857-4cdb-9283-8617d746df2d'),
 ('13', '136', 'en_us', NULL, NULL, NULL, NULL, NULL, NULL, NULL, '', NULL, NULL, NULL, NULL, NULL, NULL, NULL, NULL, NULL, NULL, NULL, NULL, NULL, NULL, NULL, NULL, NULL, NULL, NULL, NULL, NULL, NULL, NULL, NULL, NULL, NULL, NULL, NULL, NULL, NULL, '2017-06-28 13:56:24', '2017-06-28 14:52:19', '2d161604-3b59-41f8-81f8-4329e40264da'),
 ('14', '137', 'en_us', NULL, NULL, NULL, NULL, NULL, NULL, NULL, NULL, NULL, NULL, NULL, NULL, NULL, NULL, NULL, NULL, NULL, NULL, NULL, NULL, NULL, NULL, NULL, NULL, NULL, NULL, NULL, NULL, NULL, NULL, NULL, NULL, NULL, NULL, NULL, NULL, NULL, NULL, '2017-06-28 13:56:24', '2017-06-28 14:52:19', '7807df10-e9c9-4b55-b8e3-6d211123e8e0'),
 ('15', '138', 'en_us', NULL, NULL, 'Projects drive by a planning framework ', NULL, NULL, NULL, NULL, NULL, NULL, NULL, NULL, NULL, NULL, NULL, NULL, NULL, NULL, NULL, NULL, NULL, NULL, NULL, NULL, NULL, NULL, NULL, NULL, NULL, NULL, NULL, NULL, NULL, NULL, NULL, NULL, NULL, NULL, NULL, '2017-06-28 13:56:24', '2017-06-28 14:52:19', 'e7875e59-fe89-44b0-ac8b-89f2b9aa0f8f'),
 ('16', '140', 'en_us', 'Transform the virtually unusable into a true showcase athletic venue for the community and the region. ', 'The Challenge', NULL, NULL, NULL, NULL, NULL, NULL, NULL, NULL, NULL, NULL, NULL, NULL, NULL, NULL, NULL, NULL, NULL, NULL, NULL, NULL, NULL, NULL, NULL, NULL, NULL, NULL, NULL, NULL, NULL, NULL, NULL, NULL, NULL, NULL, NULL, NULL, '2017-06-28 15:54:56', '2017-06-28 21:31:48', '490670f9-7118-4821-9268-b6ba9b2c339c'),
 ('17', '142', 'en_us', NULL, NULL, NULL, NULL, NULL, NULL, NULL, NULL, NULL, NULL, NULL, NULL, NULL, 'right', 'What we faced. ', 'A wonderfully passionate community was in dire need of safer and more adequate athletic facilities at their High School Athletic Complex.  What existed was an outdated, unsafe, undersized, and unuseable track and bleacher system, non-accessible and inadequate restroom, concessions, and storage facilities.  The inadequate number of tennis courts in need of repair and an overall inefficient and unsafe layout of conflicting field and sport uses.', '', NULL, NULL, NULL, NULL, NULL, NULL, NULL, NULL, NULL, NULL, NULL, NULL, NULL, NULL, NULL, NULL, NULL, NULL, NULL, NULL, NULL, '2017-06-28 15:54:56', '2017-06-28 21:31:48', '0ecb0783-2323-4e9c-93f5-b5ee6dd0cf2d'),
 ('18', '143', 'en_us', NULL, NULL, NULL, NULL, NULL, NULL, NULL, NULL, NULL, NULL, NULL, 'Including Passionate Stakeholders in the Master Planning Process ', '<p>Although with every design project the actual details for construction are extremely important to the success of the project,  perhaps equally important is the early involvement of the stakeholders in the concept stages of the project.   Our goal of the masterplanning process was to engage with the Track Committee and the users of the facility, the coaches, the booster club, the players, and the maintenance and facilities staff.  Only after having an informed ideas of what the stakeholders envision, could we put our designer hats on and begin the design and concept planning.  By having periodic check-ins and presentations with the stakeholders during our concept design phases, it made the “buy-in” of the project design a much smoother and cost effective process as the plans and specifications advanced through to bid documents..  The success of the project was our design team\'s ability to create a balance between the the long wish list of stakeholder desires,  and the real constraints of the project budget. </p>', NULL, NULL, NULL, NULL, NULL, NULL, NULL, NULL, NULL, NULL, NULL, NULL, NULL, NULL, NULL, NULL, NULL, NULL, NULL, NULL, NULL, NULL, NULL, NULL, NULL, '2017-06-28 15:54:56', '2017-06-28 21:31:48', '0b9535ed-1e68-4709-a1b7-6e7984a5bd4a'),
 ('19', '144', 'en_us', NULL, NULL, NULL, NULL, NULL, NULL, NULL, NULL, NULL, NULL, NULL, NULL, NULL, 'left', 'The work in-progress ', 'Due the size of the project and the inclusion of the complete renovation of the the Boys & Girls locker and team room facilities internal to the school, the project was required to follow the MGL Chapter 149 bidding requirements.  This bidding procedure was lead by the MMI design team and led to a project that was completed within budget. \r\n\r\nThe resulting athletic facility is a true testament to a collaborative design process.  Collaborative not only in the sense of our engineers, planners and landscape architects, but a true collaboration between design team and the community.', '', NULL, NULL, NULL, NULL, NULL, NULL, NULL, NULL, NULL, NULL, NULL, NULL, NULL, NULL, NULL, NULL, NULL, NULL, NULL, NULL, NULL, '2017-06-28 15:54:56', '2017-06-28 21:31:48', '2ad4ce30-9739-4517-9dc7-fbf68798ce6b'),
 ('20', '145', 'en_us', NULL, NULL, NULL, NULL, NULL, NULL, NULL, NULL, NULL, NULL, NULL, NULL, NULL, NULL, NULL, NULL, NULL, NULL, NULL, NULL, NULL, NULL, NULL, NULL, NULL, NULL, NULL, NULL, NULL, NULL, NULL, NULL, NULL, NULL, 'A look at the finished product. ', NULL, NULL, NULL, '2017-06-28 15:57:44', '2017-06-28 21:31:48', '1ee959d1-0268-4d1d-8b2c-0c4b3b026dba'),
 ('21', '146', 'en_us', NULL, NULL, NULL, NULL, NULL, NULL, NULL, NULL, NULL, 'A list of Facility Improvements include: ', '', NULL, NULL, NULL, NULL, NULL, NULL, NULL, NULL, NULL, NULL, NULL, NULL, NULL, NULL, NULL, NULL, NULL, NULL, NULL, NULL, NULL, NULL, NULL, NULL, NULL, NULL, NULL, '2017-06-28 15:57:44', '2017-06-28 21:31:48', '0fcc0d6d-25ea-473d-82cb-a51009c8f986'),
 ('22', '148', 'en_us', 'Transforming communities through the fusion of art and science.  ', 'About Milone & MacBroom', NULL, NULL, NULL, NULL, NULL, NULL, NULL, NULL, NULL, NULL, NULL, NULL, NULL, NULL, NULL, NULL, NULL, NULL, NULL, NULL, NULL, NULL, NULL, NULL, NULL, NULL, NULL, NULL, NULL, NULL, NULL, NULL, NULL, NULL, NULL, NULL, '2017-06-28 19:29:30', '2017-06-28 19:29:30', '6fa3dc66-ec3e-49a5-ad7d-c990b542fa03'),
 ('23', '150', 'en_us', NULL, NULL, NULL, NULL, NULL, NULL, NULL, NULL, NULL, 'We solve problems with highly-efficient, sustainable solutions, adaptive designs, and technical precision. ', '<p>Milone &amp; MacBroom is one of the largest consulting firms in the northeast, offering a diverse set of specialty practices in the fields of engineering, planning, landscape architecture, and environmental science. We serve a multitude of industries from Government and NGO to Cities and Municipalities. Unlink niche companies or enterprise firms, Milone &amp; MacBroom has local expertise, cross functional teams, and a relationship first approach that sets us apart. That, combined with our technical precision, attention to detail, and passion behind our work, helps us to deliver the most efficient and sustainable solutions offered. </p>', NULL, NULL, NULL, NULL, NULL, NULL, NULL, NULL, NULL, NULL, NULL, NULL, NULL, NULL, NULL, NULL, NULL, NULL, NULL, NULL, NULL, NULL, NULL, NULL, NULL, NULL, NULL, '2017-06-28 19:29:30', '2017-06-28 19:29:30', '76f7a04a-bd35-410f-9627-621c480a8be1'),
 ('24', '151', 'en_us', NULL, NULL, NULL, NULL, NULL, NULL, NULL, NULL, NULL, NULL, NULL, NULL, NULL, 'right', 'Our Creation Story', 'Over 30 years ago, Milone & MacBroom gsgfjhlakgjhskjghlsk ', '', NULL, NULL, NULL, NULL, NULL, NULL, NULL, NULL, NULL, NULL, NULL, NULL, NULL, NULL, NULL, NULL, NULL, NULL, NULL, NULL, NULL, '2017-06-28 19:29:30', '2017-06-28 19:29:30', 'dd785563-d541-41b0-8698-bc8a1697cc39'),
 ('25', '152', 'en_us', NULL, NULL, NULL, NULL, NULL, NULL, NULL, NULL, NULL, NULL, NULL, NULL, NULL, NULL, NULL, NULL, NULL, NULL, NULL, NULL, NULL, NULL, NULL, NULL, NULL, NULL, NULL, NULL, NULL, NULL, NULL, 'Our Values ', NULL, NULL, NULL, NULL, NULL, NULL, '2017-06-28 19:29:30', '2017-06-28 19:29:30', '225fc4bc-896e-4e3e-9d68-98512937ed70'),
 ('26', '161', 'en_us', 'Connecting People,\r\nCreating Outcomes.', 'Our Work', NULL, NULL, NULL, NULL, NULL, NULL, NULL, NULL, NULL, NULL, NULL, NULL, NULL, NULL, NULL, NULL, NULL, NULL, NULL, NULL, NULL, NULL, NULL, NULL, NULL, NULL, NULL, NULL, NULL, NULL, NULL, NULL, NULL, NULL, NULL, NULL, '2017-07-09 19:15:34', '2017-07-09 19:57:34', 'cf5a50de-41b3-481f-807d-f81f4a45acba'),
 ('27', '163', 'en_us', NULL, NULL, NULL, NULL, NULL, NULL, NULL, NULL, NULL, NULL, NULL, NULL, NULL, NULL, NULL, NULL, NULL, NULL, NULL, NULL, NULL, NULL, NULL, NULL, NULL, NULL, NULL, NULL, NULL, NULL, NULL, NULL, NULL, '6', NULL, NULL, NULL, NULL, '2017-07-09 19:15:34', '2017-07-09 19:57:34', 'a312d96e-6b2f-44f0-8d02-c5e1b68c1ad9');



DROP TABLE IF EXISTS `craft_matrixcontent_roles`;


--
-- Schema for table `craft_matrixcontent_roles`
--
CREATE TABLE `craft_matrixcontent_roles` (
  `id` int(11) NOT NULL AUTO_INCREMENT,
  `elementId` int(11) NOT NULL,
  `locale` char(12) COLLATE utf8_unicode_ci NOT NULL,
  `field_roles_role` text COLLATE utf8_unicode_ci,
  `dateCreated` datetime NOT NULL,
  `dateUpdated` datetime NOT NULL,
  `uid` char(36) COLLATE utf8_unicode_ci NOT NULL DEFAULT '0',
  PRIMARY KEY (`id`),
  UNIQUE KEY `craft_matrixcontent_roles_elementId_locale_unq_idx` (`elementId`,`locale`),
  KEY `craft_matrixcontent_roles_locale_fk` (`locale`)
) ENGINE=InnoDB AUTO_INCREMENT=4 DEFAULT CHARSET=utf8 COLLATE=utf8_unicode_ci;

--
-- Data for table `craft_matrixcontent_roles`
--

INSERT INTO `craft_matrixcontent_roles` (`id`, `elementId`, `locale`, `field_roles_role`, `dateCreated`, `dateUpdated`, `uid`) VALUES
 ('1', '36', 'en_us', 'Vice President', '2017-06-15 15:05:59', '2017-06-15 16:17:13', 'fc0fac7b-f74f-4e79-80b5-abfc11226b31'),
 ('2', '37', 'en_us', 'Practice Lead', '2017-06-15 15:05:59', '2017-06-15 16:17:13', '0d880af7-1dce-4179-8556-b76ac78951b8'),
 ('3', '39', 'en_us', 'Project Manager', '2017-06-15 16:17:13', '2017-06-15 16:17:13', '5933280e-4328-48df-8821-102bc9e9a76a');



DROP TABLE IF EXISTS `craft_matrixcontent_sociallinks`;


--
-- Schema for table `craft_matrixcontent_sociallinks`
--
CREATE TABLE `craft_matrixcontent_sociallinks` (
  `id` int(11) NOT NULL AUTO_INCREMENT,
  `elementId` int(11) NOT NULL,
  `locale` char(12) COLLATE utf8_unicode_ci NOT NULL,
  `field_socialLinks_linkedin` text COLLATE utf8_unicode_ci,
  `field_socialLinks_facebook` text COLLATE utf8_unicode_ci,
  `field_socialLinks_twitter` text COLLATE utf8_unicode_ci,
  `dateCreated` datetime NOT NULL,
  `dateUpdated` datetime NOT NULL,
  `uid` char(36) COLLATE utf8_unicode_ci NOT NULL DEFAULT '0',
  PRIMARY KEY (`id`),
  UNIQUE KEY `craft_matrixcontent_sociallinks_elementId_locale_unq_idx` (`elementId`,`locale`),
  KEY `craft_matrixcontent_sociallinks_locale_fk` (`locale`)
) ENGINE=InnoDB DEFAULT CHARSET=utf8 COLLATE=utf8_unicode_ci;

DROP TABLE IF EXISTS `craft_matrixcontent_value`;


--
-- Schema for table `craft_matrixcontent_value`
--
CREATE TABLE `craft_matrixcontent_value` (
  `id` int(11) NOT NULL AUTO_INCREMENT,
  `elementId` int(11) NOT NULL,
  `locale` char(12) COLLATE utf8_unicode_ci NOT NULL,
  `field_value_value` text COLLATE utf8_unicode_ci,
  `field_value_heading` text COLLATE utf8_unicode_ci,
  `field_value_body` text COLLATE utf8_unicode_ci,
  `dateCreated` datetime NOT NULL,
  `dateUpdated` datetime NOT NULL,
  `uid` char(36) COLLATE utf8_unicode_ci NOT NULL DEFAULT '0',
  PRIMARY KEY (`id`),
  UNIQUE KEY `craft_matrixcontent_value_elementId_locale_unq_idx` (`elementId`,`locale`),
  KEY `craft_matrixcontent_value_locale_fk` (`locale`)
) ENGINE=InnoDB DEFAULT CHARSET=utf8 COLLATE=utf8_unicode_ci;

DROP TABLE IF EXISTS `craft_migrations`;


--
-- Schema for table `craft_migrations`
--
CREATE TABLE `craft_migrations` (
  `id` int(11) NOT NULL AUTO_INCREMENT,
  `pluginId` int(11) DEFAULT NULL,
  `version` varchar(255) COLLATE utf8_unicode_ci NOT NULL,
  `applyTime` datetime NOT NULL,
  `dateCreated` datetime NOT NULL,
  `dateUpdated` datetime NOT NULL,
  `uid` char(36) COLLATE utf8_unicode_ci NOT NULL DEFAULT '0',
  PRIMARY KEY (`id`),
  UNIQUE KEY `craft_migrations_version_unq_idx` (`version`),
  KEY `craft_migrations_pluginId_fk` (`pluginId`)
) ENGINE=InnoDB AUTO_INCREMENT=73 DEFAULT CHARSET=utf8 COLLATE=utf8_unicode_ci;

--
-- Data for table `craft_migrations`
--

INSERT INTO `craft_migrations` (`id`, `pluginId`, `version`, `applyTime`, `dateCreated`, `dateUpdated`, `uid`) VALUES
 ('1', NULL, 'm000000_000000_base', '2017-06-09 17:32:18', '2017-06-09 17:32:18', '2017-06-09 17:32:18', 'bb86d782-2bb2-4e7c-9c8f-3e3f76a43769'),
 ('2', NULL, 'm140730_000001_add_filename_and_format_to_transformindex', '2017-06-09 17:32:18', '2017-06-09 17:32:18', '2017-06-09 17:32:18', '7ffd8e01-bec3-4b38-afd1-530257bb1933'),
 ('3', NULL, 'm140815_000001_add_format_to_transforms', '2017-06-09 17:32:18', '2017-06-09 17:32:18', '2017-06-09 17:32:18', '70cdb2ba-9eb8-4581-b57f-59cb2ac6763c'),
 ('4', NULL, 'm140822_000001_allow_more_than_128_items_per_field', '2017-06-09 17:32:18', '2017-06-09 17:32:18', '2017-06-09 17:32:18', '3c48bb76-3ad5-430d-8b06-10349260cdf3'),
 ('5', NULL, 'm140829_000001_single_title_formats', '2017-06-09 17:32:18', '2017-06-09 17:32:18', '2017-06-09 17:32:18', 'cd765b62-e8bb-4c31-a379-3f2be9d72b39'),
 ('6', NULL, 'm140831_000001_extended_cache_keys', '2017-06-09 17:32:18', '2017-06-09 17:32:18', '2017-06-09 17:32:18', '79374939-2e89-4eda-8063-01edac54beca'),
 ('7', NULL, 'm140922_000001_delete_orphaned_matrix_blocks', '2017-06-09 17:32:18', '2017-06-09 17:32:18', '2017-06-09 17:32:18', '62468aed-ab8b-4b90-8f98-05f8227bac0e'),
 ('8', NULL, 'm141008_000001_elements_index_tune', '2017-06-09 17:32:18', '2017-06-09 17:32:18', '2017-06-09 17:32:18', '3c0c0b96-6dab-4055-b01e-9bbfd8c162c2'),
 ('9', NULL, 'm141009_000001_assets_source_handle', '2017-06-09 17:32:18', '2017-06-09 17:32:18', '2017-06-09 17:32:18', '22b0aab7-1ff3-4917-91df-fe73dedb94f7'),
 ('10', NULL, 'm141024_000001_field_layout_tabs', '2017-06-09 17:32:18', '2017-06-09 17:32:18', '2017-06-09 17:32:18', '157eeef8-d3d4-4f98-ab7d-4352ca66e745'),
 ('11', NULL, 'm141030_000000_plugin_schema_versions', '2017-06-09 17:32:18', '2017-06-09 17:32:18', '2017-06-09 17:32:18', '5d69a5e5-e4aa-491f-a683-78b254a6ca0d'),
 ('12', NULL, 'm141030_000001_drop_structure_move_permission', '2017-06-09 17:32:18', '2017-06-09 17:32:18', '2017-06-09 17:32:18', '96df28dc-7e3a-4bef-b7ab-bd612aa24d35'),
 ('13', NULL, 'm141103_000001_tag_titles', '2017-06-09 17:32:18', '2017-06-09 17:32:18', '2017-06-09 17:32:18', 'b48493f8-f955-42de-9008-9b0df756978c'),
 ('14', NULL, 'm141109_000001_user_status_shuffle', '2017-06-09 17:32:18', '2017-06-09 17:32:18', '2017-06-09 17:32:18', '65a47229-9dac-45e6-979b-6d842aea6038'),
 ('15', NULL, 'm141126_000001_user_week_start_day', '2017-06-09 17:32:18', '2017-06-09 17:32:18', '2017-06-09 17:32:18', '4cb78fcd-312e-4e0d-99b6-141353714845'),
 ('16', NULL, 'm150210_000001_adjust_user_photo_size', '2017-06-09 17:32:18', '2017-06-09 17:32:18', '2017-06-09 17:32:18', 'f4381fe4-8a98-4a1f-80cc-b0098fb4e36e'),
 ('17', NULL, 'm150724_000001_adjust_quality_settings', '2017-06-09 17:32:18', '2017-06-09 17:32:19', '2017-06-09 17:32:19', '8021b16f-cc85-4ce4-a42b-af5043c1cc1d'),
 ('18', NULL, 'm150827_000000_element_index_settings', '2017-06-09 17:32:18', '2017-06-09 17:32:19', '2017-06-09 17:32:19', 'c5851f93-9ec8-4f77-8048-f807329682d2'),
 ('19', NULL, 'm150918_000001_add_colspan_to_widgets', '2017-06-09 17:32:18', '2017-06-09 17:32:19', '2017-06-09 17:32:19', '2d426672-033e-4534-8546-23fb2bca7b55'),
 ('20', NULL, 'm151007_000000_clear_asset_caches', '2017-06-09 17:32:18', '2017-06-09 17:32:19', '2017-06-09 17:32:19', '33373f16-1589-4d70-a664-a43acd410f34'),
 ('21', NULL, 'm151109_000000_text_url_formats', '2017-06-09 17:32:18', '2017-06-09 17:32:19', '2017-06-09 17:32:19', '7e5629e6-ad5a-4d9d-b15d-d8da49c7918d'),
 ('22', NULL, 'm151110_000000_move_logo', '2017-06-09 17:32:18', '2017-06-09 17:32:19', '2017-06-09 17:32:19', '59bb37b5-d0f4-43be-b990-0ae7b4c5e9e5'),
 ('23', NULL, 'm151117_000000_adjust_image_widthheight', '2017-06-09 17:32:18', '2017-06-09 17:32:19', '2017-06-09 17:32:19', 'c56d8d08-e896-48cf-bec4-d405280e5420'),
 ('24', NULL, 'm151127_000000_clear_license_key_status', '2017-06-09 17:32:18', '2017-06-09 17:32:19', '2017-06-09 17:32:19', '165c7f5a-ff29-44c0-aa16-51f8aa80a036'),
 ('25', NULL, 'm151127_000000_plugin_license_keys', '2017-06-09 17:32:18', '2017-06-09 17:32:19', '2017-06-09 17:32:19', '7455f971-0cc2-4737-9337-f0228884ea34'),
 ('26', NULL, 'm151130_000000_update_pt_widget_feeds', '2017-06-09 17:32:18', '2017-06-09 17:32:19', '2017-06-09 17:32:19', 'ca38f8e6-c8ae-4a79-aef1-6e660c42d02d'),
 ('27', NULL, 'm160114_000000_asset_sources_public_url_default_true', '2017-06-09 17:32:18', '2017-06-09 17:32:19', '2017-06-09 17:32:19', '628be249-abb3-43a9-a1e7-b57b105e2f21'),
 ('28', NULL, 'm160223_000000_sortorder_to_smallint', '2017-06-09 17:32:18', '2017-06-09 17:32:19', '2017-06-09 17:32:19', 'b165c2ee-8288-4141-a129-e1373251c51b'),
 ('29', NULL, 'm160229_000000_set_default_entry_statuses', '2017-06-09 17:32:18', '2017-06-09 17:32:19', '2017-06-09 17:32:19', 'dd195855-2ddf-4ffb-a641-621ebc17d3c0'),
 ('30', NULL, 'm160304_000000_client_permissions', '2017-06-09 17:32:18', '2017-06-09 17:32:19', '2017-06-09 17:32:19', 'fb32d35f-e60c-4e98-9336-8802b0202307'),
 ('31', NULL, 'm160322_000000_asset_filesize', '2017-06-09 17:32:18', '2017-06-09 17:32:19', '2017-06-09 17:32:19', '715808d7-d4e8-4cee-8980-8ce2989a559c'),
 ('32', NULL, 'm160503_000000_orphaned_fieldlayouts', '2017-06-09 17:32:18', '2017-06-09 17:32:19', '2017-06-09 17:32:19', '03b4ae5b-5181-4671-b721-bff4c13e289e'),
 ('33', NULL, 'm160510_000000_tasksettings', '2017-06-09 17:32:18', '2017-06-09 17:32:19', '2017-06-09 17:32:19', 'df3debf1-411d-45c1-b3d6-7e62af74d26a'),
 ('34', NULL, 'm160829_000000_pending_user_content_cleanup', '2017-06-09 17:32:18', '2017-06-09 17:32:19', '2017-06-09 17:32:19', '67213591-3348-48ef-babe-5fb399815437'),
 ('35', NULL, 'm160830_000000_asset_index_uri_increase', '2017-06-09 17:32:18', '2017-06-09 17:32:19', '2017-06-09 17:32:19', '04b5492b-0da7-483d-8b43-c55d3aa5e6e2'),
 ('36', NULL, 'm160919_000000_usergroup_handle_title_unique', '2017-06-09 17:32:18', '2017-06-09 17:32:19', '2017-06-09 17:32:19', 'cf55a0ab-701c-4f79-ad6c-1e98c1273f2b'),
 ('37', NULL, 'm161108_000000_new_version_format', '2017-06-09 17:32:18', '2017-06-09 17:32:19', '2017-06-09 17:32:19', '5d5819c1-9eec-4613-ae47-bd189b3ad4fb'),
 ('38', NULL, 'm161109_000000_index_shuffle', '2017-06-09 17:32:18', '2017-06-09 17:32:19', '2017-06-09 17:32:19', 'f67717cf-c436-4df1-b65f-fe1b4ec275d0'),
 ('39', '1', 'm150901_144609_superTable_fixForContentTables', '2017-06-09 17:35:15', '2017-06-09 17:35:15', '2017-06-09 17:35:15', 'ae0f4e3b-f984-4fca-9ddb-cb8a5b0b2d3b'),
 ('40', '2', 'm151225_000000_seomatic_addHumansField', '2017-06-09 17:35:20', '2017-06-09 17:35:20', '2017-06-09 17:35:20', '473b7dd3-11a3-40b7-a6d7-44faae760233'),
 ('41', '2', 'm151226_000000_seomatic_addTwitterFacebookFields', '2017-06-09 17:35:20', '2017-06-09 17:35:20', '2017-06-09 17:35:20', '9eed508d-cc88-43e8-8850-bed49f83dd55'),
 ('42', '2', 'm160101_000000_seomatic_addRobotsFields', '2017-06-09 17:35:20', '2017-06-09 17:35:20', '2017-06-09 17:35:20', '2e48bb14-2792-4e30-bbd7-c5c380887e61'),
 ('43', '2', 'm160111_000000_seomatic_addTitleFields', '2017-06-09 17:35:20', '2017-06-09 17:35:20', '2017-06-09 17:35:20', 'f9958d31-6f2c-4b5a-8ed1-7080baa33559'),
 ('44', '2', 'm160122_000000_seomatic_addTypeFields', '2017-06-09 17:35:20', '2017-06-09 17:35:20', '2017-06-09 17:35:20', '4c4ce0d7-cd87-46ec-be52-e06bb7282d6d'),
 ('45', '2', 'm160123_000000_seomatic_addOpeningHours', '2017-06-09 17:35:20', '2017-06-09 17:35:20', '2017-06-09 17:35:20', '85255a8e-8cc8-49c7-8394-953ebefa4d6c'),
 ('46', '2', 'm160202_000000_seomatic_addSocialHandles', '2017-06-09 17:35:20', '2017-06-09 17:35:20', '2017-06-09 17:35:20', '3cccecc3-e073-4394-9723-4fd4747eb29f'),
 ('47', '2', 'm160204_000000_seomatic_addGoogleAnalytics', '2017-06-09 17:35:20', '2017-06-09 17:35:20', '2017-06-09 17:35:20', '81a4a934-ff91-4b70-8e9b-a8ec1085c599'),
 ('48', '2', 'm160205_000000_seomatic_addResturantMenu', '2017-06-09 17:35:20', '2017-06-09 17:35:20', '2017-06-09 17:35:20', '959b2dff-deac-4634-845d-d489af9915f5'),
 ('49', '2', 'm160206_000000_seomatic_addGoogleAnalyticsPlugins', '2017-06-09 17:35:20', '2017-06-09 17:35:20', '2017-06-09 17:35:20', 'a025fac0-7f02-43dc-af36-a18e9c9a81c5'),
 ('50', '2', 'm160206_000000_seomatic_addGoogleAnalyticsSendPageView', '2017-06-09 17:35:20', '2017-06-09 17:35:20', '2017-06-09 17:35:20', 'f1a64d29-5290-4088-b5a3-17b22d4c9c23'),
 ('51', '2', 'm160209_000000_seomatic_alterDescriptionsColumns', '2017-06-09 17:35:20', '2017-06-09 17:35:20', '2017-06-09 17:35:20', '5d05544f-8752-4889-b404-c1ebe4da7b72'),
 ('52', '2', 'm160209_000001_seomatic_addRobotsTxt', '2017-06-09 17:35:20', '2017-06-09 17:35:20', '2017-06-09 17:35:20', '34398a4e-7c93-4172-ad91-e4483e79f4bd'),
 ('53', '2', 'm160227_000000_seomatic_addFacebookAppId', '2017-06-09 17:35:20', '2017-06-09 17:35:20', '2017-06-09 17:35:20', '4b47effe-69a4-4045-9239-bc29a4fce0d1'),
 ('54', '2', 'm160416_000000_seomatic_addContactPoints', '2017-06-09 17:35:20', '2017-06-09 17:35:20', '2017-06-09 17:35:20', '3271863d-76bf-401e-a54c-b9b45712f377'),
 ('55', '2', 'm160509_000000_seomatic_addSiteLinksBing', '2017-06-09 17:35:20', '2017-06-09 17:35:20', '2017-06-09 17:35:20', '46d3f9be-38f5-4612-b36a-43658feeb4e4'),
 ('56', '2', 'm160707_000000_seomatic_addGoogleTagManager', '2017-06-09 17:35:20', '2017-06-09 17:35:20', '2017-06-09 17:35:20', 'ea2f27b8-4407-415f-bb41-0b39800f7aa5'),
 ('57', '2', 'm160715_000000_seomatic_addSeoImageTransforms', '2017-06-09 17:35:20', '2017-06-09 17:35:20', '2017-06-09 17:35:20', 'c1bd9d55-c8f6-4692-bd16-502a47150185'),
 ('58', '2', 'm160723_000000_seomatic_addSeoMainEntityOfPage', '2017-06-09 17:35:20', '2017-06-09 17:35:20', '2017-06-09 17:35:20', '3646e6a0-ab1a-41f4-8f9e-50e86604817d'),
 ('59', '2', 'm160724_000000_seomatic_addSeoMainEntityCategory', '2017-06-09 17:35:20', '2017-06-09 17:35:20', '2017-06-09 17:35:20', 'fb7df0f4-8939-4916-b5f7-b9fad6cdb5da'),
 ('60', '2', 'm160811_000000_seomatic_addVimeo', '2017-06-09 17:35:20', '2017-06-09 17:35:20', '2017-06-09 17:35:20', '8fdec446-670d-41a0-a808-88a42ee7c1b8'),
 ('61', '2', 'm160904_000000_seomatic_addTwitterFacebookImages', '2017-06-09 17:35:20', '2017-06-09 17:35:20', '2017-06-09 17:35:20', 'de4339bc-5c7e-47e6-a847-0801998a7cdc'),
 ('62', '2', 'm161220_000000_seomatic_addPriceRange', '2017-06-09 17:35:20', '2017-06-09 17:35:20', '2017-06-09 17:35:20', 'abbcb6b6-2208-4567-b177-794714c6bd57'),
 ('63', '2', 'm170212_000000_seomatic_addGoogleAnalyticsAnonymizeIp', '2017-06-09 17:35:20', '2017-06-09 17:35:20', '2017-06-09 17:35:20', 'b066ba49-a001-4979-9dfc-fbb66ab42e78'),
 ('64', '2', 'm170212_000000_seomatic_addWikipedia', '2017-06-09 17:35:20', '2017-06-09 17:35:20', '2017-06-09 17:35:20', '8a0f4ed6-fcad-42ab-9033-2aa76e712765'),
 ('65', '4', 'm161121_101534_freeform_AddCheckedAttributeToFieldModel', '2017-06-09 17:35:42', '2017-06-09 17:35:42', '2017-06-09 17:35:42', '9e6cd9ec-b05d-43e1-a578-1bf990105faa'),
 ('66', '4', 'm161129_134744_freeform_ChangingFieldDatabaseTypes', '2017-06-09 17:35:42', '2017-06-09 17:35:42', '2017-06-09 17:35:42', '5404f062-a7a6-415b-b56a-c3c419625a4d'),
 ('67', '4', 'm170127_083920_freeform_MakeFieldCheckedNullable', '2017-06-09 17:35:42', '2017-06-09 17:35:42', '2017-06-09 17:35:42', 'ce4b2442-f780-4a5e-b48b-0be49a45b276'),
 ('68', '4', 'm170127_095031_freeform_AddArrayTypeToIntegrationFields', '2017-06-09 17:35:42', '2017-06-09 17:35:42', '2017-06-09 17:35:42', '758c17e1-732b-47ef-b755-d1f3897c5484'),
 ('69', '4', 'm170207_111312_freeform_AddColorToForms', '2017-06-09 17:35:42', '2017-06-09 17:35:42', '2017-06-09 17:35:42', 'aa82168a-e5b8-4f00-a26f-fc7df45aa47a'),
 ('70', '5', 'm160922_150924_navee_AddRegexField', '2017-06-09 20:29:37', '2017-06-09 20:29:37', '2017-06-09 20:29:37', 'ae02cf62-89e0-47d6-a751-6a122d60fb0a'),
 ('71', '6', 'm160208_010101_FruitLinkIt_UpdateExistingLinkItFields', '2017-06-12 20:45:15', '2017-06-12 20:45:15', '2017-06-12 20:45:15', 'c3a24783-3fc3-4eac-bec4-cfbdeb322196'),
 ('72', '8', 'm160307_180819_picPuller_dataBaseCreation', '2017-06-15 14:27:34', '2017-06-15 14:27:34', '2017-06-15 14:27:34', '8eb1bf1c-b373-41d9-bc66-934f2a1500ce');



DROP TABLE IF EXISTS `craft_navee_navigations`;


--
-- Schema for table `craft_navee_navigations`
--
CREATE TABLE `craft_navee_navigations` (
  `id` int(11) NOT NULL AUTO_INCREMENT,
  `creatorId` int(11) DEFAULT NULL,
  `name` varchar(255) COLLATE utf8_unicode_ci NOT NULL,
  `handle` varchar(255) COLLATE utf8_unicode_ci NOT NULL,
  `maxLevels` int(10) DEFAULT NULL,
  `fieldLayoutId` int(10) DEFAULT NULL,
  `structureId` int(10) DEFAULT NULL,
  `dateCreated` datetime NOT NULL,
  `dateUpdated` datetime NOT NULL,
  `uid` char(36) COLLATE utf8_unicode_ci NOT NULL DEFAULT '0',
  PRIMARY KEY (`id`),
  UNIQUE KEY `craft_navee_navigations_name_unq_idx` (`name`),
  UNIQUE KEY `craft_navee_navigations_handle_unq_idx` (`handle`),
  KEY `craft_navee_navigations_fieldLayoutId_fk` (`fieldLayoutId`),
  KEY `craft_navee_navigations_creatorId_fk` (`creatorId`)
) ENGINE=InnoDB AUTO_INCREMENT=2 DEFAULT CHARSET=utf8 COLLATE=utf8_unicode_ci;

--
-- Data for table `craft_navee_navigations`
--

INSERT INTO `craft_navee_navigations` (`id`, `creatorId`, `name`, `handle`, `maxLevels`, `fieldLayoutId`, `structureId`, `dateCreated`, `dateUpdated`, `uid`) VALUES
 ('1', '1', 'Primary Navigation', 'primaryNavigation', NULL, '20', '4', '2017-06-09 20:30:45', '2017-06-09 20:30:45', '25eab53d-ed48-4d6c-a89e-4ab28562288a');



DROP TABLE IF EXISTS `craft_navee_nodes`;


--
-- Schema for table `craft_navee_nodes`
--
CREATE TABLE `craft_navee_nodes` (
  `id` int(11) NOT NULL,
  `navigationId` int(11) NOT NULL,
  `linkType` enum('entryId','assetId','categoryId','customUri','none') COLLATE utf8_unicode_ci DEFAULT NULL,
  `entryId` int(10) DEFAULT NULL,
  `assetId` int(10) DEFAULT NULL,
  `categoryId` int(10) DEFAULT NULL,
  `customUri` varchar(255) COLLATE utf8_unicode_ci DEFAULT NULL,
  `class` varchar(255) COLLATE utf8_unicode_ci DEFAULT NULL,
  `idAttr` varchar(255) COLLATE utf8_unicode_ci DEFAULT NULL,
  `rel` varchar(255) COLLATE utf8_unicode_ci DEFAULT NULL,
  `name` varchar(255) COLLATE utf8_unicode_ci DEFAULT NULL,
  `titleAttr` varchar(255) COLLATE utf8_unicode_ci DEFAULT NULL,
  `accessKey` varchar(255) COLLATE utf8_unicode_ci DEFAULT NULL,
  `target` varchar(255) COLLATE utf8_unicode_ci DEFAULT NULL,
  `includeInNavigation` tinyint(1) unsigned NOT NULL DEFAULT '0',
  `passive` tinyint(1) unsigned NOT NULL DEFAULT '0',
  `userGroups` text COLLATE utf8_unicode_ci,
  `regex` varchar(255) COLLATE utf8_unicode_ci DEFAULT NULL,
  `dateCreated` datetime NOT NULL,
  `dateUpdated` datetime NOT NULL,
  `uid` char(36) COLLATE utf8_unicode_ci NOT NULL DEFAULT '0',
  PRIMARY KEY (`id`),
  KEY `craft_navee_nodes_navigationId_fk` (`navigationId`)
) ENGINE=InnoDB DEFAULT CHARSET=utf8 COLLATE=utf8_unicode_ci;

--
-- Data for table `craft_navee_nodes`
--

INSERT INTO `craft_navee_nodes` (`id`, `navigationId`, `linkType`, `entryId`, `assetId`, `categoryId`, `customUri`, `class`, `idAttr`, `rel`, `name`, `titleAttr`, `accessKey`, `target`, `includeInNavigation`, `passive`, `userGroups`, `regex`, `dateCreated`, `dateUpdated`, `uid`) VALUES
 ('27', '1', 'entryId', '2', NULL, NULL, '', '', '', '', '', '', '', '', '1', '0', '[]', '', '2017-06-09 20:32:02', '2017-06-16 15:40:22', '60c7b8be-07fe-458e-8a4b-a9014687eeab');



DROP TABLE IF EXISTS `craft_picpuller_authorizations`;


--
-- Schema for table `craft_picpuller_authorizations`
--
CREATE TABLE `craft_picpuller_authorizations` (
  `id` int(11) NOT NULL AUTO_INCREMENT,
  `user_id` varchar(255) COLLATE utf8_unicode_ci NOT NULL,
  `instagram_id` varchar(255) COLLATE utf8_unicode_ci NOT NULL,
  `oauth` varchar(255) COLLATE utf8_unicode_ci NOT NULL,
  `dateCreated` datetime NOT NULL,
  `dateUpdated` datetime NOT NULL,
  `uid` char(36) COLLATE utf8_unicode_ci NOT NULL DEFAULT '0',
  PRIMARY KEY (`id`)
) ENGINE=InnoDB AUTO_INCREMENT=2 DEFAULT CHARSET=utf8 COLLATE=utf8_unicode_ci;

--
-- Data for table `craft_picpuller_authorizations`
--

INSERT INTO `craft_picpuller_authorizations` (`id`, `user_id`, `instagram_id`, `oauth`, `dateCreated`, `dateUpdated`, `uid`) VALUES
 ('1', '1', '2959445', '2959445.13fd619.5caa558f1b5e435a838a4f6a4c2906fe', '2017-06-15 14:31:26', '2017-06-15 14:31:26', '4e84372f-ae92-4db6-bfcb-4353aecf567d');



DROP TABLE IF EXISTS `craft_plugins`;


--
-- Schema for table `craft_plugins`
--
CREATE TABLE `craft_plugins` (
  `id` int(11) NOT NULL AUTO_INCREMENT,
  `class` varchar(150) COLLATE utf8_unicode_ci NOT NULL,
  `version` varchar(15) COLLATE utf8_unicode_ci NOT NULL,
  `schemaVersion` varchar(15) COLLATE utf8_unicode_ci DEFAULT NULL,
  `licenseKey` char(24) COLLATE utf8_unicode_ci DEFAULT NULL,
  `licenseKeyStatus` enum('valid','invalid','mismatched','unknown') COLLATE utf8_unicode_ci NOT NULL DEFAULT 'unknown',
  `enabled` tinyint(1) unsigned NOT NULL DEFAULT '0',
  `settings` text COLLATE utf8_unicode_ci,
  `installDate` datetime NOT NULL,
  `dateCreated` datetime NOT NULL,
  `dateUpdated` datetime NOT NULL,
  `uid` char(36) COLLATE utf8_unicode_ci NOT NULL DEFAULT '0',
  PRIMARY KEY (`id`)
) ENGINE=InnoDB AUTO_INCREMENT=12 DEFAULT CHARSET=utf8 COLLATE=utf8_unicode_ci;

--
-- Data for table `craft_plugins`
--

INSERT INTO `craft_plugins` (`id`, `class`, `version`, `schemaVersion`, `licenseKey`, `licenseKeyStatus`, `enabled`, `settings`, `installDate`, `dateCreated`, `dateUpdated`, `uid`) VALUES
 ('1', 'SuperTable', '1.0.4', '1.0.0', NULL, 'unknown', '1', NULL, '2017-06-09 17:35:15', '2017-06-09 17:35:15', '2017-07-10 18:18:25', 'bb9e441d-7865-48f3-90d9-d22711672bf2'),
 ('2', 'Seomatic', '1.1.47', '1.1.25', NULL, 'unknown', '1', NULL, '2017-06-09 17:35:20', '2017-06-09 17:35:20', '2017-07-10 18:18:25', 'bd05fa08-d301-4612-ad34-853fc004fa8f'),
 ('3', 'CacheBuster', '1.2.2', NULL, NULL, 'unknown', '1', NULL, '2017-06-09 17:35:38', '2017-06-09 17:35:38', '2017-07-10 18:18:25', '3dfe6a4c-849a-4898-8066-ca04160db0ec'),
 ('4', 'Freeform', '1.5.1', '1.0.5', NULL, 'unknown', '1', '{\"formTemplateDirectory\":null,\"emailTemplateDirectory\":null,\"emailTemplateStorage\":\"db\",\"license\":null,\"spamProtectionEnabled\":true,\"defaultView\":\"forms\",\"fieldDisplayOrder\":\"name\",\"showTutorial\":false}', '2017-06-09 17:35:42', '2017-06-09 17:35:42', '2017-07-10 18:18:25', '3b8f971a-c762-4565-9980-e763e1999fed'),
 ('5', 'Navee', '1.3.0', NULL, NULL, 'unknown', '1', NULL, '2017-06-09 20:29:37', '2017-06-09 20:29:37', '2017-07-10 18:18:25', '43618da2-b5bc-4dff-b999-4c4d23ecf773'),
 ('6', 'FruitLinkIt', '2.3.4', '2.3.0', NULL, 'unknown', '1', NULL, '2017-06-12 20:45:15', '2017-06-12 20:45:15', '2017-07-10 18:18:25', '522fbe77-f6a3-435e-ab5b-0b876cdf3ec0'),
 ('8', 'PicPuller', '2.3.2', '2.1.0', NULL, 'unknown', '1', '{\"shortname\":\"Instagram Social Feed\",\"shareoauth\":false,\"sharedoauthuser\":1}', '2017-06-15 14:27:34', '2017-06-15 14:27:34', '2017-07-10 18:18:25', '56c993bb-af19-4f81-bfdf-7553ac7dbf39'),
 ('9', 'SvgIcons', '0.0.6', '0.0.1', NULL, 'unknown', '1', NULL, '2017-06-16 15:23:46', '2017-06-16 15:23:46', '2017-07-10 18:18:25', '12adb31b-113c-49c7-b33e-d2393e4d4fa6'),
 ('10', 'ElementApi', '1.6.0', '1.0.0', NULL, 'unknown', '1', NULL, '2017-06-26 18:38:03', '2017-06-26 18:38:03', '2017-07-10 18:18:25', 'c640be58-862b-41da-80f7-bdd75eb5b68b'),
 ('11', 'VzAddress', '1.5.0', '1.0.0', NULL, 'unknown', '1', NULL, '2017-06-26 19:31:32', '2017-06-26 19:31:32', '2017-07-10 18:18:25', '3f1e21ae-186b-419d-82e9-ec148111062a');



DROP TABLE IF EXISTS `craft_rackspaceaccess`;


--
-- Schema for table `craft_rackspaceaccess`
--
CREATE TABLE `craft_rackspaceaccess` (
  `id` int(11) NOT NULL AUTO_INCREMENT,
  `connectionKey` varchar(255) COLLATE utf8_unicode_ci NOT NULL,
  `token` varchar(255) COLLATE utf8_unicode_ci NOT NULL,
  `storageUrl` varchar(255) COLLATE utf8_unicode_ci NOT NULL,
  `cdnUrl` varchar(255) COLLATE utf8_unicode_ci NOT NULL,
  `dateCreated` datetime NOT NULL,
  `dateUpdated` datetime NOT NULL,
  `uid` char(36) COLLATE utf8_unicode_ci NOT NULL DEFAULT '0',
  PRIMARY KEY (`id`),
  UNIQUE KEY `craft_rackspaceaccess_connectionKey_unq_idx` (`connectionKey`)
) ENGINE=InnoDB DEFAULT CHARSET=utf8 COLLATE=utf8_unicode_ci;

DROP TABLE IF EXISTS `craft_relations`;


--
-- Schema for table `craft_relations`
--
CREATE TABLE `craft_relations` (
  `id` int(11) NOT NULL AUTO_INCREMENT,
  `fieldId` int(11) NOT NULL,
  `sourceId` int(11) NOT NULL,
  `sourceLocale` char(12) COLLATE utf8_unicode_ci DEFAULT NULL,
  `targetId` int(11) NOT NULL,
  `sortOrder` smallint(6) DEFAULT NULL,
  `dateCreated` datetime NOT NULL,
  `dateUpdated` datetime NOT NULL,
  `uid` char(36) COLLATE utf8_unicode_ci NOT NULL DEFAULT '0',
  PRIMARY KEY (`id`),
  UNIQUE KEY `craft_relations_fieldId_sourceId_sourceLocale_targetId_unq_idx` (`fieldId`,`sourceId`,`sourceLocale`,`targetId`),
  KEY `craft_relations_sourceId_fk` (`sourceId`),
  KEY `craft_relations_sourceLocale_fk` (`sourceLocale`),
  KEY `craft_relations_targetId_fk` (`targetId`)
) ENGINE=InnoDB AUTO_INCREMENT=44 DEFAULT CHARSET=utf8 COLLATE=utf8_unicode_ci;

--
-- Data for table `craft_relations`
--

INSERT INTO `craft_relations` (`id`, `fieldId`, `sourceId`, `sourceLocale`, `targetId`, `sortOrder`, `dateCreated`, `dateUpdated`, `uid`) VALUES
 ('12', '112', '53', NULL, '20', '1', '2017-06-16 01:49:50', '2017-06-16 01:49:50', '230196fb-4f6a-438a-ac0a-400134c115b5'),
 ('13', '113', '53', NULL, '4', '1', '2017-06-16 01:49:50', '2017-06-16 01:49:50', '1c8fd3eb-ace5-4ccc-ac3d-fb4fbe02f839'),
 ('14', '113', '53', NULL, '5', '2', '2017-06-16 01:49:50', '2017-06-16 01:49:50', '2bc45608-6573-4ed6-a372-43668b59dc7d'),
 ('15', '113', '53', NULL, '16', '3', '2017-06-16 01:49:50', '2017-06-16 01:49:50', '0ec29b73-2bf1-4cf8-8341-1f0cfc2b1bc4'),
 ('16', '5', '31', NULL, '91', '1', '2017-06-27 21:10:29', '2017-06-27 21:10:29', 'e9b81a65-3982-49ab-a473-82bcddf87f8f'),
 ('17', '6', '31', NULL, '90', '1', '2017-06-27 21:10:29', '2017-06-27 21:10:29', '1d152502-bf0d-4ba3-9780-0fcebc069c12'),
 ('18', '15', '116', NULL, '53', '1', '2017-06-28 13:35:03', '2017-06-28 13:35:03', 'd2544e50-efc6-4cab-92bf-491f382e6e31'),
 ('20', '15', '138', NULL, '53', '1', '2017-06-28 14:52:19', '2017-06-28 14:52:19', '266534cf-24a5-4f94-867f-f7f363cc15f5'),
 ('33', '113', '52', NULL, '16', '1', '2017-06-28 20:33:56', '2017-06-28 20:33:56', '0efcbb62-aeb4-4f60-b397-0986ed697579'),
 ('34', '113', '52', NULL, '17', '2', '2017-06-28 20:33:56', '2017-06-28 20:33:56', '8eb3e5ae-0ccd-4053-a557-319840da5da2'),
 ('35', '39', '35', NULL, '41', '1', '2017-06-28 21:11:02', '2017-06-28 21:11:02', '2f9cafa1-29fe-4018-ab25-8f6e8cfe4e1d'),
 ('36', '39', '35', NULL, '42', '2', '2017-06-28 21:11:02', '2017-06-28 21:11:02', 'd7e9be41-fd28-4036-8818-ccd8d2a68883'),
 ('37', '39', '35', NULL, '158', '3', '2017-06-28 21:11:02', '2017-06-28 21:11:02', '44a22df2-8095-45de-af4b-6f9a431da470'),
 ('38', '112', '139', NULL, '22', '1', '2017-06-28 21:31:48', '2017-06-28 21:31:48', '293e18ba-7365-441c-9615-8499a26a9492'),
 ('39', '112', '139', NULL, '25', '2', '2017-06-28 21:31:48', '2017-06-28 21:31:48', '8548214a-18f6-49b0-88f2-6cab16b9f01c'),
 ('40', '113', '139', NULL, '4', '1', '2017-06-28 21:31:48', '2017-06-28 21:31:48', '008fa95c-f916-4d49-98e4-aa2d2da3c489'),
 ('41', '113', '139', NULL, '5', '2', '2017-06-28 21:31:48', '2017-06-28 21:31:48', '8400de74-7c6d-4d73-9494-03c816100e84'),
 ('42', '113', '139', NULL, '16', '3', '2017-06-28 21:31:48', '2017-06-28 21:31:48', 'c085d1bc-ca72-44ad-88d3-4cb9c4729dfd'),
 ('43', '113', '139', NULL, '18', '4', '2017-06-28 21:31:48', '2017-06-28 21:31:48', '3876f43a-da0e-40e1-ac67-08e726f64b6a');



DROP TABLE IF EXISTS `craft_routes`;


--
-- Schema for table `craft_routes`
--
CREATE TABLE `craft_routes` (
  `id` int(11) NOT NULL AUTO_INCREMENT,
  `locale` char(12) COLLATE utf8_unicode_ci DEFAULT NULL,
  `urlParts` varchar(255) COLLATE utf8_unicode_ci NOT NULL,
  `urlPattern` varchar(255) COLLATE utf8_unicode_ci NOT NULL,
  `template` varchar(255) COLLATE utf8_unicode_ci NOT NULL,
  `sortOrder` smallint(6) unsigned DEFAULT NULL,
  `dateCreated` datetime NOT NULL,
  `dateUpdated` datetime NOT NULL,
  `uid` char(36) COLLATE utf8_unicode_ci NOT NULL DEFAULT '0',
  PRIMARY KEY (`id`),
  UNIQUE KEY `craft_routes_urlPattern_unq_idx` (`urlPattern`),
  KEY `craft_routes_locale_idx` (`locale`)
) ENGINE=InnoDB DEFAULT CHARSET=utf8 COLLATE=utf8_unicode_ci;

DROP TABLE IF EXISTS `craft_searchindex`;


--
-- Schema for table `craft_searchindex`
--
CREATE TABLE `craft_searchindex` (
  `elementId` int(11) NOT NULL,
  `attribute` varchar(25) COLLATE utf8_unicode_ci NOT NULL,
  `fieldId` int(11) NOT NULL,
  `locale` char(12) COLLATE utf8_unicode_ci NOT NULL,
  `keywords` text COLLATE utf8_unicode_ci NOT NULL,
  PRIMARY KEY (`elementId`,`attribute`,`fieldId`,`locale`),
  FULLTEXT KEY `craft_searchindex_keywords_idx` (`keywords`)
) ENGINE=MyISAM DEFAULT CHARSET=utf8 COLLATE=utf8_unicode_ci;

--
-- Data for table `craft_searchindex`
--

INSERT INTO `craft_searchindex` (`elementId`, `attribute`, `fieldId`, `locale`, `keywords`) VALUES
 ('1', 'username', '0', 'en_us', ' admin '),
 ('1', 'firstname', '0', 'en_us', ''),
 ('1', 'lastname', '0', 'en_us', ''),
 ('1', 'fullname', '0', 'en_us', ''),
 ('1', 'email', '0', 'en_us', ' adam soffer digitalsurgeons com '),
 ('1', 'slug', '0', 'en_us', ''),
 ('35', 'field', '42', 'en_us', ' custom http facebook com _blank custom http twitter com _blank custom http linkedin com _blank '),
 ('35', 'field', '41', 'en_us', ' 1994 09 02 '),
 ('35', 'slug', '0', 'en_us', ' joanne samson '),
 ('35', 'title', '0', 'en_us', ' joanne samson '),
 ('36', 'field', '40', 'en_us', ' vice president '),
 ('36', 'slug', '0', 'en_us', ''),
 ('37', 'field', '40', 'en_us', ' practice lead '),
 ('37', 'slug', '0', 'en_us', ''),
 ('35', 'field', '39', 'en_us', ' board member practice lead vice president '),
 ('3', 'field', '1', 'en_us', ' craft is the cms that s powering mmi ads dsdev it s beautiful powerful flexible and easy to use and it s made by pixel tonic we can t wait to dive in and see what it s capable of this is even more captivating content which you couldn t see on the news index page because it was entered after a page break and the news index template only likes to show the content on the first page craft a nice alternative to word if you re making a website '),
 ('3', 'field', '2', 'en_us', ''),
 ('3', 'slug', '0', 'en_us', ' we just installed craft '),
 ('3', 'title', '0', 'en_us', ' we just installed craft '),
 ('4', 'slug', '0', 'en_us', ' engineering '),
 ('4', 'title', '0', 'en_us', ' engineering '),
 ('5', 'slug', '0', 'en_us', ' civil engineering '),
 ('5', 'title', '0', 'en_us', ' civil engineering '),
 ('6', 'slug', '0', 'en_us', ' transportation engineering '),
 ('6', 'title', '0', 'en_us', ' transportation engineering '),
 ('7', 'slug', '0', 'en_us', ' water resources '),
 ('7', 'title', '0', 'en_us', ' water resources '),
 ('8', 'slug', '0', 'en_us', ' structural engineering '),
 ('8', 'title', '0', 'en_us', ' structural engineering '),
 ('9', 'slug', '0', 'en_us', ' geotechnical engineering '),
 ('9', 'title', '0', 'en_us', ' geotechnical engineering '),
 ('10', 'slug', '0', 'en_us', ' water wastewater '),
 ('10', 'title', '0', 'en_us', ' water wastewater '),
 ('11', 'slug', '0', 'en_us', ' utility '),
 ('11', 'title', '0', 'en_us', ' utility '),
 ('12', 'slug', '0', 'en_us', ' environmental science '),
 ('12', 'title', '0', 'en_us', ' environmental science '),
 ('13', 'slug', '0', 'en_us', ' natural resource management '),
 ('13', 'title', '0', 'en_us', ' natural resource management '),
 ('14', 'slug', '0', 'en_us', ' building sciences '),
 ('14', 'title', '0', 'en_us', ' building sciences '),
 ('15', 'slug', '0', 'en_us', ' remediation '),
 ('15', 'title', '0', 'en_us', ' environmental impact permitting '),
 ('16', 'slug', '0', 'en_us', ' landscape architecture '),
 ('16', 'title', '0', 'en_us', ' landscape architecture '),
 ('17', 'slug', '0', 'en_us', ' planning '),
 ('17', 'title', '0', 'en_us', ' planning '),
 ('18', 'slug', '0', 'en_us', ' construction services '),
 ('18', 'title', '0', 'en_us', ' construction services '),
 ('19', 'slug', '0', 'en_us', ' land surveying '),
 ('19', 'title', '0', 'en_us', ' land surveying '),
 ('20', 'slug', '0', 'en_us', ' education '),
 ('20', 'title', '0', 'en_us', ' education '),
 ('21', 'slug', '0', 'en_us', ' development '),
 ('21', 'title', '0', 'en_us', ' development '),
 ('22', 'slug', '0', 'en_us', ' utilities '),
 ('22', 'title', '0', 'en_us', ' utilities '),
 ('23', 'slug', '0', 'en_us', ' transportation '),
 ('23', 'title', '0', 'en_us', ' transportation '),
 ('24', 'slug', '0', 'en_us', ' environment '),
 ('24', 'title', '0', 'en_us', ' environment '),
 ('25', 'slug', '0', 'en_us', ' community '),
 ('25', 'title', '0', 'en_us', ' community '),
 ('28', 'slug', '0', 'en_us', ' __home__ '),
 ('27', 'title', '0', 'en_us', ' about '),
 ('27', 'slug', '0', 'en_us', ' home '),
 ('28', 'title', '0', 'en_us', ' homepage '),
 ('29', 'filename', '0', 'en_us', ' cbiapage png '),
 ('29', 'extension', '0', 'en_us', ' png '),
 ('29', 'kind', '0', 'en_us', ' image '),
 ('29', 'slug', '0', 'en_us', ' cbiapage '),
 ('29', 'title', '0', 'en_us', ' cbiapage '),
 ('28', 'field', '3', 'en_us', ' sustainable human centered solutions with technical precision masthead home desktop masthead home milone macbroom '),
 ('30', 'field', '4', 'en_us', ' masthead home desktop masthead home '),
 ('30', 'field', '8', 'en_us', ' milone macbroom '),
 ('30', 'field', '7', 'en_us', ' sustainable human centered solutions with technical precision '),
 ('30', 'slug', '0', 'en_us', ''),
 ('31', 'field', '5', 'en_us', ' masthead home '),
 ('31', 'field', '6', 'en_us', ' masthead home desktop '),
 ('31', 'slug', '0', 'en_us', ''),
 ('6', 'field', '137', 'en_us', ''),
 ('38', 'field', '46', 'en_us', ' custom http twitter com _blank '),
 ('38', 'field', '47', 'en_us', ' custom http facebook com _blank '),
 ('38', 'field', '48', 'en_us', ' custom http linkedin com _blank '),
 ('38', 'slug', '0', 'en_us', ''),
 ('39', 'field', '40', 'en_us', ' project manager '),
 ('39', 'slug', '0', 'en_us', ''),
 ('41', 'slug', '0', 'en_us', ' board of directors '),
 ('41', 'title', '0', 'en_us', ' board member '),
 ('42', 'slug', '0', 'en_us', ' practice leads '),
 ('42', 'title', '0', 'en_us', ' practice lead '),
 ('52', 'field', '116', 'en_us', ' 99 realty drive cheshire '),
 ('52', 'field', '117', 'en_us', ''),
 ('52', 'field', '115', 'en_us', ' cheshire '),
 ('52', 'field', '114', 'en_us', ''),
 ('52', 'field', '124', 'en_us', ' 06410 '),
 ('52', 'field', '118', 'en_us', ' tel 2032711773 203 271 1773 '),
 ('52', 'field', '123', 'en_us', ''),
 ('52', 'field', '122', 'en_us', ''),
 ('52', 'field', '119', 'en_us', '');
INSERT INTO `craft_searchindex` (`elementId`, `attribute`, `fieldId`, `locale`, `keywords`) VALUES
 ('52', 'field', '120', 'en_us', ''),
 ('52', 'slug', '0', 'en_us', ' connecticut '),
 ('52', 'title', '0', 'en_us', ' connecticut '),
 ('52', 'field', '113', 'en_us', ' landscape architecture planning '),
 ('52', 'field', '125', 'en_us', ' 0 '),
 ('53', 'field', '3', 'en_us', ''),
 ('53', 'field', '112', 'en_us', ' education '),
 ('53', 'field', '113', 'en_us', ' engineering civil engineering landscape architecture '),
 ('53', 'slug', '0', 'en_us', ' the gunnery athletic fields redesign '),
 ('53', 'title', '0', 'en_us', ' the gunnery athletic fields redesign '),
 ('55', 'field', '3', 'en_us', ''),
 ('55', 'field', '127', 'en_us', ''),
 ('55', 'slug', '0', 'en_us', ' public education '),
 ('55', 'title', '0', 'en_us', ' public education '),
 ('6', 'field', '128', 'en_us', ' 000000 '),
 ('6', 'field', '3', 'en_us', ' leaders in design of surface transportation systems for nearly three decades transportation engineering in the public sector we assist state agencies and municipalities in improving and expanding existing infrastructure in the private sector we assist clients in building infrastructure in support of residential commercial and other opportunities for growth while performing a wide range of services commonalities in design include multi modal considerations safe mobility public consensus and minimizing impacts to the environment our team of highway bridge traffic engineers and planners collaborate on a wide range of transportation system improvement projects highway design bridge culvert design and inspection intersections roundabouts state traffic permits approvals greenways pedestrian facilities traffic signalization traffic calming complete streets innovative stormwater practices pavement rehabilitation streetscape enhancements surface parking utility relocations design right of way coordination environmental permitting funding assistance construction engineering inspection value engineering public involvement stakeholder engagement context sensitive design our highway bridge and traffic engineers routinely collaborate with our planners landscape architects and environmental scientists for repeated success on projects our goal on every project is to enhance mobility for all travel modes without compromising safety or adversely impacting the environment whether widening a highway enhancing operations along a signalized corridor or rehabilitating a historic bridge we achieve success by engaging project stakeholders and partners with regulatory agencies ensuring compatibility between transportation facilities and the surrounding environment and communities we work in we pride ourselves on an environmental and community based approach to design left our transporation traffic team see how we ve improved transportation and traffic flow the gunnery athletic fields redesign '),
 ('56', 'field', '4', 'en_us', ''),
 ('56', 'field', '8', 'en_us', ' transportation engineering '),
 ('56', 'field', '7', 'en_us', ' leaders in design of surface transportation systems for nearly three decades '),
 ('56', 'slug', '0', 'en_us', ''),
 ('57', 'field', '5', 'en_us', ''),
 ('57', 'field', '6', 'en_us', ''),
 ('57', 'slug', '0', 'en_us', ''),
 ('121', 'title', '0', 'en_us', ' environmental site assessment remediation '),
 ('121', 'field', '3', 'en_us', ''),
 ('121', 'slug', '0', 'en_us', ' environmental site assessment remediation '),
 ('119', 'title', '0', 'en_us', ' athletic facilities '),
 ('120', 'field', '137', 'en_us', ''),
 ('120', 'field', '128', 'en_us', ' 000000 '),
 ('120', 'field', '3', 'en_us', ''),
 ('120', 'slug', '0', 'en_us', ' bikes and greenways '),
 ('120', 'title', '0', 'en_us', ' bikes and greenways '),
 ('15', 'field', '137', 'en_us', ''),
 ('15', 'field', '128', 'en_us', ' 000000 '),
 ('15', 'field', '3', 'en_us', ''),
 ('121', 'field', '137', 'en_us', ''),
 ('121', 'field', '128', 'en_us', ' 000000 '),
 ('117', 'field', '3', 'en_us', ''),
 ('117', 'slug', '0', 'en_us', ' master planning and site design '),
 ('117', 'title', '0', 'en_us', ' master planning and site design '),
 ('118', 'field', '137', 'en_us', ''),
 ('118', 'field', '128', 'en_us', ' 000000 '),
 ('118', 'field', '3', 'en_us', ''),
 ('118', 'slug', '0', 'en_us', ' parks recreation '),
 ('118', 'title', '0', 'en_us', ' parks recreation '),
 ('119', 'field', '137', 'en_us', ''),
 ('119', 'field', '128', 'en_us', ' 000000 '),
 ('119', 'field', '3', 'en_us', ''),
 ('119', 'slug', '0', 'en_us', ' athletic facilities '),
 ('125', 'title', '0', 'en_us', ' school enrollment projections redistricting '),
 ('125', 'slug', '0', 'en_us', ' school enrollment projections redistricting '),
 ('125', 'field', '3', 'en_us', ''),
 ('125', 'field', '128', 'en_us', ' 000000 '),
 ('125', 'field', '137', 'en_us', ''),
 ('124', 'title', '0', 'en_us', ' redevelopment economic development '),
 ('124', 'slug', '0', 'en_us', ' redevelopment economic development '),
 ('124', 'field', '3', 'en_us', ''),
 ('124', 'field', '128', 'en_us', ' 000000 '),
 ('124', 'field', '137', 'en_us', ''),
 ('123', 'title', '0', 'en_us', ' community land use '),
 ('123', 'slug', '0', 'en_us', ' community land use '),
 ('123', 'field', '3', 'en_us', ''),
 ('123', 'field', '128', 'en_us', ' 000000 '),
 ('123', 'field', '137', 'en_us', ''),
 ('122', 'title', '0', 'en_us', ' industrial permitting '),
 ('122', 'slug', '0', 'en_us', ' industrial permitting '),
 ('122', 'field', '3', 'en_us', ''),
 ('122', 'field', '128', 'en_us', ' 000000 '),
 ('122', 'field', '137', 'en_us', ''),
 ('117', 'field', '128', 'en_us', ' 000000 '),
 ('117', 'field', '137', 'en_us', ''),
 ('80', 'field', '127', 'en_us', ''),
 ('80', 'field', '3', 'en_us', ''),
 ('80', 'slug', '0', 'en_us', ' higher education '),
 ('80', 'title', '0', 'en_us', ' higher education '),
 ('81', 'field', '127', 'en_us', ''),
 ('81', 'field', '3', 'en_us', ''),
 ('81', 'slug', '0', 'en_us', ' independent schools '),
 ('81', 'title', '0', 'en_us', ' independent schools '),
 ('82', 'field', '127', 'en_us', ''),
 ('82', 'field', '3', 'en_us', ''),
 ('82', 'slug', '0', 'en_us', ' residential '),
 ('82', 'title', '0', 'en_us', ' residential '),
 ('83', 'field', '127', 'en_us', ''),
 ('83', 'field', '3', 'en_us', ''),
 ('83', 'slug', '0', 'en_us', ' corporate industrial '),
 ('83', 'title', '0', 'en_us', ' corporate industrial '),
 ('84', 'field', '127', 'en_us', ''),
 ('84', 'field', '3', 'en_us', ''),
 ('84', 'slug', '0', 'en_us', ' healthcare '),
 ('84', 'title', '0', 'en_us', ' healthcare '),
 ('85', 'field', '127', 'en_us', ''),
 ('85', 'field', '3', 'en_us', ''),
 ('85', 'slug', '0', 'en_us', ' mixed use commercial '),
 ('85', 'title', '0', 'en_us', ' mixed use commercial '),
 ('86', 'field', '127', 'en_us', ''),
 ('86', 'field', '3', 'en_us', ''),
 ('86', 'slug', '0', 'en_us', ' civic '),
 ('86', 'title', '0', 'en_us', ' civic '),
 ('91', 'kind', '0', 'en_us', ' image ');
INSERT INTO `craft_searchindex` (`elementId`, `attribute`, `fieldId`, `locale`, `keywords`) VALUES
 ('91', 'slug', '0', 'en_us', ' masthead home '),
 ('91', 'extension', '0', 'en_us', ' jpg '),
 ('91', 'filename', '0', 'en_us', ' masthead home jpg '),
 ('92', 'kind', '0', 'en_us', ' image '),
 ('92', 'slug', '0', 'en_us', ' masthead work desktop '),
 ('92', 'extension', '0', 'en_us', ' jpg '),
 ('92', 'filename', '0', 'en_us', ' masthead work desktop jpg '),
 ('90', 'filename', '0', 'en_us', ' masthead home desktop jpg '),
 ('90', 'extension', '0', 'en_us', ' jpg '),
 ('90', 'kind', '0', 'en_us', ' image '),
 ('90', 'slug', '0', 'en_us', ' masthead home desktop '),
 ('90', 'title', '0', 'en_us', ' masthead home desktop '),
 ('91', 'title', '0', 'en_us', ' masthead home '),
 ('92', 'title', '0', 'en_us', ' masthead work desktop '),
 ('93', 'field', '54', 'en_us', ' our team of highway bridge traffic engineers and planners collaborate on a wide range of transportation system improvement projects '),
 ('93', 'field', '55', 'en_us', ' in the public sector we assist state agencies and municipalities in improving and expanding existing infrastructure in the private sector we assist clients in building infrastructure in support of residential commercial and other opportunities for growth while performing a wide range of services commonalities in design include multi modal considerations safe mobility public consensus and minimizing impacts to the environment '),
 ('93', 'field', '56', 'en_us', ' highway design bridge culvert design and inspection intersections roundabouts state traffic permits approvals greenways pedestrian facilities traffic signalization traffic calming complete streets innovative stormwater practices pavement rehabilitation streetscape enhancements surface parking utility relocations design right of way coordination environmental permitting funding assistance construction engineering inspection value engineering public involvement stakeholder engagement context sensitive design '),
 ('93', 'slug', '0', 'en_us', ''),
 ('94', 'field', '57', 'en_us', ' highway design '),
 ('94', 'slug', '0', 'en_us', ''),
 ('95', 'field', '57', 'en_us', ' bridge culvert design and inspection '),
 ('95', 'slug', '0', 'en_us', ''),
 ('96', 'field', '57', 'en_us', ' intersections roundabouts '),
 ('96', 'slug', '0', 'en_us', ''),
 ('97', 'field', '57', 'en_us', ' state traffic permits approvals '),
 ('97', 'slug', '0', 'en_us', ''),
 ('98', 'field', '57', 'en_us', ' greenways pedestrian facilities '),
 ('98', 'slug', '0', 'en_us', ''),
 ('99', 'field', '57', 'en_us', ' traffic signalization '),
 ('99', 'slug', '0', 'en_us', ''),
 ('100', 'field', '57', 'en_us', ' traffic calming '),
 ('100', 'slug', '0', 'en_us', ''),
 ('101', 'field', '57', 'en_us', ' complete streets '),
 ('101', 'slug', '0', 'en_us', ''),
 ('102', 'field', '57', 'en_us', ' innovative stormwater practices '),
 ('102', 'slug', '0', 'en_us', ''),
 ('103', 'field', '57', 'en_us', ' pavement rehabilitation '),
 ('103', 'slug', '0', 'en_us', ''),
 ('104', 'field', '57', 'en_us', ' streetscape enhancements '),
 ('104', 'slug', '0', 'en_us', ''),
 ('105', 'field', '57', 'en_us', ' surface parking '),
 ('105', 'slug', '0', 'en_us', ''),
 ('106', 'field', '57', 'en_us', ' utility relocations design '),
 ('106', 'slug', '0', 'en_us', ''),
 ('107', 'field', '57', 'en_us', ' right of way coordination '),
 ('107', 'slug', '0', 'en_us', ''),
 ('108', 'field', '57', 'en_us', ' environmental permitting '),
 ('108', 'slug', '0', 'en_us', ''),
 ('109', 'field', '57', 'en_us', ' funding assistance '),
 ('109', 'slug', '0', 'en_us', ''),
 ('110', 'field', '57', 'en_us', ' construction engineering inspection '),
 ('110', 'slug', '0', 'en_us', ''),
 ('111', 'field', '57', 'en_us', ' value engineering '),
 ('111', 'slug', '0', 'en_us', ''),
 ('112', 'field', '57', 'en_us', ' public involvement stakeholder engagement '),
 ('112', 'slug', '0', 'en_us', ''),
 ('113', 'field', '57', 'en_us', ' context sensitive design '),
 ('113', 'slug', '0', 'en_us', ''),
 ('114', 'field', '65', 'en_us', ' left '),
 ('114', 'field', '66', 'en_us', ' we pride ourselves on an environmental and community based approach to design '),
 ('114', 'field', '67', 'en_us', ' our highway bridge and traffic engineers routinely collaborate with our planners landscape architects and environmental scientists for repeated success on projects our goal on every project is to enhance mobility for all travel modes without compromising safety or adversely impacting the environment whether widening a highway enhancing operations along a signalized corridor or rehabilitating a historic bridge we achieve success by engaging project stakeholders and partners with regulatory agencies ensuring compatibility between transportation facilities and the surrounding environment and communities we work in '),
 ('114', 'field', '72', 'en_us', ''),
 ('114', 'field', '68', 'en_us', ''),
 ('114', 'field', '69', 'en_us', ''),
 ('114', 'slug', '0', 'en_us', ''),
 ('115', 'field', '51', 'en_us', ' our transporation traffic team '),
 ('115', 'slug', '0', 'en_us', ''),
 ('116', 'field', '17', 'en_us', ' see how we ve improved transportation and traffic flow '),
 ('116', 'field', '15', 'en_us', ' the gunnery athletic fields redesign '),
 ('116', 'slug', '0', 'en_us', ''),
 ('126', 'field', '137', 'en_us', ''),
 ('126', 'field', '128', 'en_us', ' 000000 '),
 ('126', 'field', '3', 'en_us', ''),
 ('126', 'slug', '0', 'en_us', ' transportation planning '),
 ('126', 'title', '0', 'en_us', ' transportation planning '),
 ('127', 'field', '137', 'en_us', ''),
 ('127', 'field', '128', 'en_us', ' 000000 '),
 ('127', 'field', '3', 'en_us', ''),
 ('127', 'slug', '0', 'en_us', ' hazard mitigation '),
 ('127', 'title', '0', 'en_us', ' hazard mitigation '),
 ('128', 'field', '137', 'en_us', ''),
 ('128', 'field', '128', 'en_us', ' 000000 '),
 ('128', 'field', '3', 'en_us', ''),
 ('128', 'slug', '0', 'en_us', ' coastal resilience '),
 ('128', 'title', '0', 'en_us', ' coastal resilience '),
 ('129', 'field', '137', 'en_us', ''),
 ('129', 'field', '128', 'en_us', ' 000000 '),
 ('129', 'field', '3', 'en_us', ''),
 ('129', 'slug', '0', 'en_us', ' project administration '),
 ('129', 'title', '0', 'en_us', ' project administration '),
 ('130', 'field', '137', 'en_us', ''),
 ('130', 'field', '128', 'en_us', ' 000000 '),
 ('130', 'field', '3', 'en_us', ''),
 ('130', 'slug', '0', 'en_us', ' resident engineering '),
 ('130', 'title', '0', 'en_us', ' resident engineering '),
 ('131', 'field', '137', 'en_us', ''),
 ('131', 'field', '128', 'en_us', ' 000000 '),
 ('131', 'field', '3', 'en_us', ''),
 ('131', 'slug', '0', 'en_us', ' value engineering '),
 ('131', 'title', '0', 'en_us', ' value engineering ');
INSERT INTO `craft_searchindex` (`elementId`, `attribute`, `fieldId`, `locale`, `keywords`) VALUES
 ('17', 'field', '137', 'en_us', ''),
 ('17', 'field', '128', 'en_us', ' 000000 '),
 ('17', 'field', '3', 'en_us', ' transforming communities to meet changing needs planning planning is the framework from which present and future challenges are addressed in a thoughtful stakeholder driven process and the complexity of these challenges requires a range of professional training and experience at milone macbroom each assignment is guided by senior planning staff that have direct access to the resources of our entire organization as what ifs and whys emerge our staff provides creative solutions based on sound analysis using gis mapping public outreach and traditional and new media approaches our team members pride themselves on their ability to work effectively with public and private sector stakeholders as well as the general public to achieve the desired outcome for every project on which they work planning is not a linear rigid process but rather evolves during the planning period our specific planning services include projects drive by a planning framework the gunnery athletic fields redesign '),
 ('132', 'field', '4', 'en_us', ''),
 ('132', 'field', '8', 'en_us', ' planning '),
 ('132', 'field', '7', 'en_us', ' transforming communities to meet changing needs '),
 ('132', 'slug', '0', 'en_us', ''),
 ('133', 'field', '5', 'en_us', ''),
 ('133', 'field', '6', 'en_us', ''),
 ('133', 'slug', '0', 'en_us', ''),
 ('134', 'field', '54', 'en_us', ' planning is not a linear rigid process but rather evolves during the planning period '),
 ('134', 'field', '55', 'en_us', ' planning is the framework from which present and future challenges are addressed in a thoughtful stakeholder driven process and the complexity of these challenges requires a range of professional training and experience at milone macbroom each assignment is guided by senior planning staff that have direct access to the resources of our entire organization as what ifs and whys emerge our staff provides creative solutions based on sound analysis using gis mapping public outreach and traditional and new media approaches our team members pride themselves on their ability to work effectively with public and private sector stakeholders as well as the general public to achieve the desired outcome for every project on which they work '),
 ('134', 'field', '56', 'en_us', ''),
 ('134', 'slug', '0', 'en_us', ''),
 ('135', 'field', '136', 'en_us', ' our specific planning services include '),
 ('135', 'slug', '0', 'en_us', ''),
 ('136', 'field', '51', 'en_us', ''),
 ('136', 'slug', '0', 'en_us', ''),
 ('137', 'slug', '0', 'en_us', ''),
 ('138', 'field', '17', 'en_us', ' projects drive by a planning framework '),
 ('138', 'field', '15', 'en_us', ' the gunnery athletic fields redesign '),
 ('138', 'slug', '0', 'en_us', ''),
 ('139', 'field', '133', 'en_us', ' agawam high school '),
 ('139', 'field', '132', 'en_us', ' agawam massachusetts us '),
 ('139', 'field', '130', 'en_us', ''),
 ('139', 'field', '112', 'en_us', ' utilities community '),
 ('139', 'field', '113', 'en_us', ' engineering civil engineering landscape architecture construction services '),
 ('139', 'field', '3', 'en_us', ' transform the virtually unusable into a true showcase athletic venue for the community and the region the challenge a wonderfully passionate community was in dire need of safer and more adequate athletic facilities at their high school athletic complex what existed was an outdated unsafe undersized and unuseable track and bleacher system non accessible and inadequate restroom concessions and storage facilities the inadequate number of tennis courts in need of repair and an overall inefficient and unsafe layout of conflicting field and sport uses what we faced right although with every design project the actual details for construction are extremely important to the success of the project perhaps equally important is the early involvement of the stakeholders in the concept stages of the project our goal of the masterplanning process was to engage with the track committee and the users of the facility the coaches the booster club the players and the maintenance and facilities staff only after having an informed ideas of what the stakeholders envision could we put our designer hats on and begin the design and concept planning by having periodic check ins and presentations with the stakeholders during our concept design phases it made the buy in of the project design a much smoother and cost effective process as the plans and specifications advanced through to bid documents the success of the project was our design team s ability to create a balance between the the long wish list of stakeholder desires and the real constraints of the project budget including passionate stakeholders in the master planning process due the size of the project and the inclusion of the complete renovation of the the boys girls locker and team room facilities internal to the school the project was required to follow the mgl chapter 149 bidding requirements this bidding procedure was lead by the mmi design team and led to a project that was completed within budget the resulting athletic facility is a true testament to a collaborative design process collaborative not only in the sense of our engineers planners and landscape architects but a true collaboration between design team and the community the work in progress left a look at the finished product a list of facility improvements include '),
 ('139', 'slug', '0', 'en_us', ' agawam high school athletic facility renovation '),
 ('139', 'title', '0', 'en_us', ' agawam high school athletic facility renovation '),
 ('140', 'field', '4', 'en_us', ''),
 ('140', 'field', '8', 'en_us', ' the challenge '),
 ('140', 'field', '7', 'en_us', ' transform the virtually unusable into a true showcase athletic venue for the community and the region '),
 ('140', 'slug', '0', 'en_us', ''),
 ('141', 'field', '5', 'en_us', ''),
 ('141', 'field', '6', 'en_us', ''),
 ('141', 'slug', '0', 'en_us', ''),
 ('142', 'field', '60', 'en_us', ' right '),
 ('142', 'field', '61', 'en_us', ' what we faced '),
 ('142', 'field', '62', 'en_us', ' a wonderfully passionate community was in dire need of safer and more adequate athletic facilities at their high school athletic complex what existed was an outdated unsafe undersized and unuseable track and bleacher system non accessible and inadequate restroom concessions and storage facilities the inadequate number of tennis courts in need of repair and an overall inefficient and unsafe layout of conflicting field and sport uses '),
 ('142', 'field', '70', 'en_us', ''),
 ('142', 'field', '63', 'en_us', ''),
 ('142', 'field', '64', 'en_us', ''),
 ('142', 'slug', '0', 'en_us', ''),
 ('143', 'field', '58', 'en_us', ' including passionate stakeholders in the master planning process '),
 ('143', 'field', '59', 'en_us', ' although with every design project the actual details for construction are extremely important to the success of the project perhaps equally important is the early involvement of the stakeholders in the concept stages of the project our goal of the masterplanning process was to engage with the track committee and the users of the facility the coaches the booster club the players and the maintenance and facilities staff only after having an informed ideas of what the stakeholders envision could we put our designer hats on and begin the design and concept planning by having periodic check ins and presentations with the stakeholders during our concept design phases it made the buy in of the project design a much smoother and cost effective process as the plans and specifications advanced through to bid documents the success of the project was our design team s ability to create a balance between the the long wish list of stakeholder desires and the real constraints of the project budget '),
 ('143', 'slug', '0', 'en_us', ''),
 ('144', 'field', '60', 'en_us', ' left '),
 ('144', 'field', '61', 'en_us', ' the work in progress '),
 ('144', 'field', '62', 'en_us', ' due the size of the project and the inclusion of the complete renovation of the the boys girls locker and team room facilities internal to the school the project was required to follow the mgl chapter 149 bidding requirements this bidding procedure was lead by the mmi design team and led to a project that was completed within budget the resulting athletic facility is a true testament to a collaborative design process collaborative not only in the sense of our engineers planners and landscape architects but a true collaboration between design team and the community '),
 ('144', 'field', '70', 'en_us', ''),
 ('144', 'field', '63', 'en_us', ''),
 ('144', 'field', '64', 'en_us', ''),
 ('144', 'slug', '0', 'en_us', ''),
 ('145', 'field', '134', 'en_us', ' a look at the finished product '),
 ('145', 'field', '12', 'en_us', ''),
 ('145', 'slug', '0', 'en_us', ''),
 ('146', 'field', '54', 'en_us', ' a list of facility improvements include '),
 ('146', 'field', '55', 'en_us', ''),
 ('146', 'field', '56', 'en_us', ''),
 ('146', 'slug', '0', 'en_us', ''),
 ('147', 'field', '3', 'en_us', ' transforming communities through the fusion of art and science about milone macbroom milone macbroom is one of the largest consulting firms in the northeast offering a diverse set of specialty practices in the fields of engineering planning landscape architecture and environmental science we serve a multitude of industries from government and ngo to cities and municipalities unlink niche companies or enterprise firms milone macbroom has local expertise cross functional teams and a relationship first approach that sets us apart that combined with our technical precision attention to detail and passion behind our work helps us to deliver the most efficient and sustainable solutions offered we solve problems with highly efficient sustainable solutions adaptive designs and technical precision over 30 years ago milone macbroom gsgfjhlakgjhskjghlsk our creation story right our values '),
 ('147', 'slug', '0', 'en_us', ' about '),
 ('147', 'title', '0', 'en_us', ' about '),
 ('148', 'field', '4', 'en_us', ''),
 ('148', 'field', '8', 'en_us', ' about milone macbroom '),
 ('148', 'field', '7', 'en_us', ' transforming communities through the fusion of art and science '),
 ('148', 'slug', '0', 'en_us', ''),
 ('149', 'field', '5', 'en_us', ''),
 ('149', 'field', '6', 'en_us', ''),
 ('149', 'slug', '0', 'en_us', ''),
 ('150', 'field', '54', 'en_us', ' we solve problems with highly efficient sustainable solutions adaptive designs and technical precision '),
 ('150', 'field', '55', 'en_us', ' milone macbroom is one of the largest consulting firms in the northeast offering a diverse set of specialty practices in the fields of engineering planning landscape architecture and environmental science we serve a multitude of industries from government and ngo to cities and municipalities unlink niche companies or enterprise firms milone macbroom has local expertise cross functional teams and a relationship first approach that sets us apart that combined with our technical precision attention to detail and passion behind our work helps us to deliver the most efficient and sustainable solutions offered '),
 ('150', 'field', '56', 'en_us', ''),
 ('150', 'slug', '0', 'en_us', ''),
 ('151', 'field', '60', 'en_us', ' right '),
 ('151', 'field', '61', 'en_us', ' our creation story '),
 ('151', 'field', '62', 'en_us', ' over 30 years ago milone macbroom gsgfjhlakgjhskjghlsk '),
 ('151', 'field', '70', 'en_us', ''),
 ('151', 'field', '63', 'en_us', ''),
 ('151', 'field', '64', 'en_us', ''),
 ('151', 'slug', '0', 'en_us', ''),
 ('152', 'field', '106', 'en_us', ' our values '),
 ('152', 'slug', '0', 'en_us', ''),
 ('153', 'field', '132', 'en_us', ' maine 121 middle street suite 201 portland me 04101 us '),
 ('153', 'field', '118', 'en_us', ' tel 2075419544 207 541 9544 '),
 ('153', 'field', '113', 'en_us', ''),
 ('153', 'field', '123', 'en_us', ''),
 ('153', 'field', '122', 'en_us', ''),
 ('153', 'field', '120', 'en_us', ''),
 ('153', 'field', '125', 'en_us', ' 0 '),
 ('153', 'slug', '0', 'en_us', ' maine '),
 ('153', 'title', '0', 'en_us', ' maine '),
 ('154', 'field', '132', 'en_us', ' massachusetts 1350 main street suite 1012 springfield ma 01103 us '),
 ('154', 'field', '118', 'en_us', ' tel 4132416920 413 241 6920 '),
 ('154', 'field', '113', 'en_us', ''),
 ('154', 'field', '123', 'en_us', ''),
 ('154', 'field', '122', 'en_us', ''),
 ('154', 'field', '120', 'en_us', ''),
 ('154', 'field', '125', 'en_us', ' 0 ');
INSERT INTO `craft_searchindex` (`elementId`, `attribute`, `fieldId`, `locale`, `keywords`) VALUES
 ('154', 'slug', '0', 'en_us', ' massachusetts '),
 ('154', 'title', '0', 'en_us', ' massachusetts '),
 ('155', 'field', '132', 'en_us', ' new hampshire 1 sundial avenue suite 505n manchester nh 03103 us '),
 ('155', 'field', '118', 'en_us', ' tel 6032182320 603 218 2320 '),
 ('155', 'field', '113', 'en_us', ''),
 ('155', 'field', '123', 'en_us', ''),
 ('155', 'field', '122', 'en_us', ''),
 ('155', 'field', '120', 'en_us', ''),
 ('155', 'field', '125', 'en_us', ' 0 '),
 ('155', 'slug', '0', 'en_us', ' new hampshire '),
 ('155', 'title', '0', 'en_us', ' new hampshire '),
 ('156', 'field', '132', 'en_us', ' new york 231 main street suit 102 new paltz ny 12561 us '),
 ('156', 'field', '118', 'en_us', ' tel 8456338153 845 633 8153 '),
 ('156', 'field', '113', 'en_us', ''),
 ('156', 'field', '123', 'en_us', ''),
 ('156', 'field', '122', 'en_us', ''),
 ('156', 'field', '120', 'en_us', ''),
 ('156', 'field', '125', 'en_us', ' 0 '),
 ('156', 'slug', '0', 'en_us', ' new york '),
 ('156', 'title', '0', 'en_us', ' new york '),
 ('157', 'field', '132', 'en_us', ' vermont 1 south main street waterbury vt 05676 us '),
 ('157', 'field', '118', 'en_us', ' tel 8028828335 802 882 8335 '),
 ('157', 'field', '113', 'en_us', ''),
 ('157', 'field', '123', 'en_us', ''),
 ('157', 'field', '122', 'en_us', ''),
 ('157', 'field', '120', 'en_us', ''),
 ('157', 'field', '125', 'en_us', ' 0 '),
 ('157', 'slug', '0', 'en_us', ' vermont '),
 ('157', 'title', '0', 'en_us', ' vermont '),
 ('52', 'field', '132', 'en_us', ' connecticut 99 realty drive cheshire ct 06410 us '),
 ('158', 'slug', '0', 'en_us', ' vice president '),
 ('158', 'title', '0', 'en_us', ' vice president '),
 ('35', 'field', '49', 'en_us', ''),
 ('35', 'field', '50', 'en_us', ''),
 ('159', 'field', '13', 'en_us', ''),
 ('159', 'field', '14', 'en_us', ''),
 ('159', 'slug', '0', 'en_us', ''),
 ('53', 'field', '133', 'en_us', ''),
 ('53', 'field', '132', 'en_us', ''),
 ('53', 'field', '130', 'en_us', ''),
 ('160', 'field', '3', 'en_us', ' connecting people creating outcomes our work 6 '),
 ('160', 'slug', '0', 'en_us', ' work '),
 ('160', 'title', '0', 'en_us', ' case studies '),
 ('161', 'field', '4', 'en_us', ''),
 ('161', 'field', '8', 'en_us', ' our work '),
 ('161', 'field', '7', 'en_us', ' connecting people creating outcomes '),
 ('161', 'slug', '0', 'en_us', ''),
 ('162', 'field', '5', 'en_us', ''),
 ('162', 'field', '6', 'en_us', ''),
 ('162', 'slug', '0', 'en_us', ''),
 ('163', 'field', '131', 'en_us', ' 6 '),
 ('163', 'slug', '0', 'en_us', '');



DROP TABLE IF EXISTS `craft_sections`;


--
-- Schema for table `craft_sections`
--
CREATE TABLE `craft_sections` (
  `id` int(11) NOT NULL AUTO_INCREMENT,
  `structureId` int(11) DEFAULT NULL,
  `name` varchar(255) COLLATE utf8_unicode_ci NOT NULL,
  `handle` varchar(255) COLLATE utf8_unicode_ci NOT NULL,
  `type` enum('single','channel','structure') COLLATE utf8_unicode_ci NOT NULL DEFAULT 'channel',
  `hasUrls` tinyint(1) unsigned NOT NULL DEFAULT '1',
  `template` varchar(500) COLLATE utf8_unicode_ci DEFAULT NULL,
  `enableVersioning` tinyint(1) unsigned NOT NULL DEFAULT '0',
  `dateCreated` datetime NOT NULL,
  `dateUpdated` datetime NOT NULL,
  `uid` char(36) COLLATE utf8_unicode_ci NOT NULL DEFAULT '0',
  PRIMARY KEY (`id`),
  UNIQUE KEY `craft_sections_name_unq_idx` (`name`),
  UNIQUE KEY `craft_sections_handle_unq_idx` (`handle`),
  KEY `craft_sections_structureId_fk` (`structureId`)
) ENGINE=InnoDB AUTO_INCREMENT=9 DEFAULT CHARSET=utf8 COLLATE=utf8_unicode_ci;

--
-- Data for table `craft_sections`
--

INSERT INTO `craft_sections` (`id`, `structureId`, `name`, `handle`, `type`, `hasUrls`, `template`, `enableVersioning`, `dateCreated`, `dateUpdated`, `uid`) VALUES
 ('2', NULL, 'News', 'news', 'channel', '1', 'news/_entry', '1', '2017-06-09 17:32:25', '2017-06-09 17:55:35', '9ea24c96-cf8f-4a1b-b32b-78317fb66db9'),
 ('3', NULL, 'Case Study', 'caseStudy', 'channel', '1', 'caseStudy/_entry', '1', '2017-06-09 17:52:37', '2017-07-09 18:53:21', '06a8e8ec-4ef8-491f-ac07-7695495a452e'),
 ('7', NULL, 'Pages', 'page', 'channel', '1', 'page', '1', '2017-06-09 20:34:58', '2017-06-09 21:05:29', '90a56e98-15b8-4d40-bec1-e30a85a7507e'),
 ('8', NULL, 'Team', 'team', 'channel', '1', 'team/_entry', '1', '2017-06-15 14:56:59', '2017-06-15 14:56:59', '9180d08f-d4e7-42b3-9d84-2d495bb06329');



DROP TABLE IF EXISTS `craft_sections_i18n`;


--
-- Schema for table `craft_sections_i18n`
--
CREATE TABLE `craft_sections_i18n` (
  `id` int(11) NOT NULL AUTO_INCREMENT,
  `sectionId` int(11) NOT NULL,
  `locale` char(12) COLLATE utf8_unicode_ci NOT NULL,
  `enabledByDefault` tinyint(1) unsigned NOT NULL DEFAULT '1',
  `urlFormat` text COLLATE utf8_unicode_ci,
  `nestedUrlFormat` text COLLATE utf8_unicode_ci,
  `dateCreated` datetime NOT NULL,
  `dateUpdated` datetime NOT NULL,
  `uid` char(36) COLLATE utf8_unicode_ci NOT NULL DEFAULT '0',
  PRIMARY KEY (`id`),
  UNIQUE KEY `craft_sections_i18n_sectionId_locale_unq_idx` (`sectionId`,`locale`),
  KEY `craft_sections_i18n_locale_fk` (`locale`)
) ENGINE=InnoDB AUTO_INCREMENT=9 DEFAULT CHARSET=utf8 COLLATE=utf8_unicode_ci;

--
-- Data for table `craft_sections_i18n`
--

INSERT INTO `craft_sections_i18n` (`id`, `sectionId`, `locale`, `enabledByDefault`, `urlFormat`, `nestedUrlFormat`, `dateCreated`, `dateUpdated`, `uid`) VALUES
 ('2', '2', 'en_us', '1', 'news/{postDate.year}/{slug}', NULL, '2017-06-09 17:32:25', '2017-06-09 17:32:25', '4bde2e76-11e1-4218-ab67-2d072ace3a1e'),
 ('3', '3', 'en_us', '1', 'work/{slug}', NULL, '2017-06-09 17:52:37', '2017-06-09 17:52:37', '18c9c20f-1401-4541-9a42-77c866f35aa4'),
 ('7', '7', 'en_us', '1', '{slug}', NULL, '2017-06-09 20:34:58', '2017-06-09 20:34:58', '14238e7f-355d-4f9f-8a7a-dfc1b8de4298'),
 ('8', '8', 'en_us', '1', 'team/{slug}', NULL, '2017-06-15 14:56:59', '2017-06-15 14:56:59', '258f810f-9e9f-4081-8ed6-40e819de0404');



DROP TABLE IF EXISTS `craft_seomatic_meta`;


--
-- Schema for table `craft_seomatic_meta`
--
CREATE TABLE `craft_seomatic_meta` (
  `id` int(11) NOT NULL,
  `seoImageId` int(11) DEFAULT NULL,
  `seoTwitterImageId` int(11) DEFAULT NULL,
  `seoFacebookImageId` int(11) DEFAULT NULL,
  `locale` varchar(255) COLLATE utf8_unicode_ci DEFAULT 'en_us',
  `elementId` int(10) DEFAULT '0',
  `metaType` enum('default','template') COLLATE utf8_unicode_ci DEFAULT 'template',
  `metaPath` varchar(255) COLLATE utf8_unicode_ci DEFAULT '',
  `seoMainEntityCategory` varchar(255) COLLATE utf8_unicode_ci DEFAULT '',
  `seoMainEntityOfPage` varchar(255) COLLATE utf8_unicode_ci DEFAULT '',
  `seoTitle` varchar(255) COLLATE utf8_unicode_ci DEFAULT '',
  `seoDescription` varchar(255) COLLATE utf8_unicode_ci DEFAULT '',
  `seoKeywords` varchar(255) COLLATE utf8_unicode_ci DEFAULT '',
  `seoImageTransform` varchar(255) COLLATE utf8_unicode_ci DEFAULT '',
  `seoFacebookImageTransform` varchar(255) COLLATE utf8_unicode_ci DEFAULT '',
  `seoTwitterImageTransform` varchar(255) COLLATE utf8_unicode_ci DEFAULT '',
  `twitterCardType` varchar(255) COLLATE utf8_unicode_ci DEFAULT 'summary',
  `openGraphType` varchar(255) COLLATE utf8_unicode_ci DEFAULT 'website',
  `robots` varchar(255) COLLATE utf8_unicode_ci DEFAULT '',
  `dateCreated` datetime NOT NULL,
  `dateUpdated` datetime NOT NULL,
  `uid` char(36) COLLATE utf8_unicode_ci NOT NULL DEFAULT '0',
  PRIMARY KEY (`id`),
  KEY `craft_seomatic_meta_seoImageId_fk` (`seoImageId`),
  KEY `craft_seomatic_meta_seoTwitterImageId_fk` (`seoTwitterImageId`),
  KEY `craft_seomatic_meta_seoFacebookImageId_fk` (`seoFacebookImageId`)
) ENGINE=InnoDB DEFAULT CHARSET=utf8 COLLATE=utf8_unicode_ci;

DROP TABLE IF EXISTS `craft_seomatic_settings`;


--
-- Schema for table `craft_seomatic_settings`
--
CREATE TABLE `craft_seomatic_settings` (
  `id` int(11) NOT NULL AUTO_INCREMENT,
  `siteSeoImageId` int(11) DEFAULT NULL,
  `siteSeoTwitterImageId` int(11) DEFAULT NULL,
  `siteSeoFacebookImageId` int(11) DEFAULT NULL,
  `genericOwnerImageId` int(11) DEFAULT NULL,
  `genericCreatorImageId` int(11) DEFAULT NULL,
  `locale` varchar(255) COLLATE utf8_unicode_ci DEFAULT '',
  `siteSeoName` varchar(255) COLLATE utf8_unicode_ci DEFAULT '',
  `siteSeoTitle` varchar(255) COLLATE utf8_unicode_ci DEFAULT '',
  `siteSeoTitleSeparator` varchar(10) COLLATE utf8_unicode_ci DEFAULT '|',
  `siteSeoTitlePlacement` enum('before','after','none') COLLATE utf8_unicode_ci DEFAULT 'after',
  `siteSeoDescription` varchar(255) COLLATE utf8_unicode_ci DEFAULT '',
  `siteSeoKeywords` varchar(255) COLLATE utf8_unicode_ci DEFAULT '',
  `siteSeoImageTransform` varchar(100) COLLATE utf8_unicode_ci DEFAULT '',
  `siteSeoFacebookImageTransform` varchar(100) COLLATE utf8_unicode_ci DEFAULT '',
  `siteSeoTwitterImageTransform` varchar(100) COLLATE utf8_unicode_ci DEFAULT '',
  `siteTwitterCardType` varchar(50) COLLATE utf8_unicode_ci DEFAULT '',
  `siteOpenGraphType` varchar(50) COLLATE utf8_unicode_ci DEFAULT '',
  `siteRobots` varchar(50) COLLATE utf8_unicode_ci DEFAULT '',
  `siteRobotsTxt` text COLLATE utf8_unicode_ci,
  `siteLinksSearchTargets` text COLLATE utf8_unicode_ci,
  `siteLinksQueryInput` varchar(50) COLLATE utf8_unicode_ci DEFAULT '',
  `googleSiteVerification` varchar(100) COLLATE utf8_unicode_ci DEFAULT '',
  `bingSiteVerification` varchar(100) COLLATE utf8_unicode_ci DEFAULT '',
  `googleAnalyticsUID` varchar(50) COLLATE utf8_unicode_ci DEFAULT '',
  `googleTagManagerID` varchar(50) COLLATE utf8_unicode_ci DEFAULT '',
  `googleAnalyticsSendPageview` tinyint(1) unsigned NOT NULL DEFAULT '1',
  `googleAnalyticsAdvertising` tinyint(1) unsigned NOT NULL DEFAULT '0',
  `googleAnalyticsEcommerce` tinyint(1) unsigned NOT NULL DEFAULT '0',
  `googleAnalyticsEEcommerce` tinyint(1) unsigned NOT NULL DEFAULT '0',
  `googleAnalyticsLinkAttribution` tinyint(1) unsigned NOT NULL DEFAULT '0',
  `googleAnalyticsLinker` tinyint(1) unsigned NOT NULL DEFAULT '0',
  `googleAnalyticsAnonymizeIp` tinyint(1) unsigned NOT NULL DEFAULT '0',
  `siteOwnerType` varchar(50) COLLATE utf8_unicode_ci DEFAULT '',
  `siteOwnerSubType` varchar(50) COLLATE utf8_unicode_ci DEFAULT '',
  `siteOwnerSpecificType` varchar(50) COLLATE utf8_unicode_ci DEFAULT '',
  `genericOwnerName` varchar(255) COLLATE utf8_unicode_ci DEFAULT '',
  `genericOwnerAlternateName` varchar(255) COLLATE utf8_unicode_ci DEFAULT '',
  `genericOwnerDescription` varchar(1024) COLLATE utf8_unicode_ci DEFAULT '',
  `genericOwnerUrl` varchar(255) COLLATE utf8_unicode_ci DEFAULT '',
  `genericOwnerTelephone` varchar(255) COLLATE utf8_unicode_ci DEFAULT '',
  `genericOwnerEmail` varchar(255) COLLATE utf8_unicode_ci DEFAULT '',
  `genericOwnerStreetAddress` varchar(255) COLLATE utf8_unicode_ci DEFAULT '',
  `genericOwnerAddressLocality` varchar(255) COLLATE utf8_unicode_ci DEFAULT '',
  `genericOwnerAddressRegion` varchar(255) COLLATE utf8_unicode_ci DEFAULT '',
  `genericOwnerPostalCode` varchar(255) COLLATE utf8_unicode_ci DEFAULT '',
  `genericOwnerAddressCountry` varchar(255) COLLATE utf8_unicode_ci DEFAULT '',
  `genericOwnerGeoLatitude` varchar(255) COLLATE utf8_unicode_ci DEFAULT '',
  `genericOwnerGeoLongitude` varchar(255) COLLATE utf8_unicode_ci DEFAULT '',
  `organizationOwnerDuns` varchar(255) COLLATE utf8_unicode_ci DEFAULT '',
  `organizationOwnerFounder` varchar(255) COLLATE utf8_unicode_ci DEFAULT '',
  `organizationOwnerFoundingDate` varchar(255) COLLATE utf8_unicode_ci DEFAULT '',
  `organizationOwnerFoundingLocation` varchar(255) COLLATE utf8_unicode_ci DEFAULT '',
  `organizationOwnerContactPoints` text COLLATE utf8_unicode_ci,
  `localBusinessPriceRange` varchar(10) COLLATE utf8_unicode_ci DEFAULT '$$$',
  `localBusinessOwnerOpeningHours` text COLLATE utf8_unicode_ci,
  `corporationOwnerTickerSymbol` varchar(255) COLLATE utf8_unicode_ci DEFAULT '',
  `restaurantOwnerServesCuisine` varchar(255) COLLATE utf8_unicode_ci DEFAULT '',
  `restaurantOwnerMenuUrl` varchar(255) COLLATE utf8_unicode_ci DEFAULT '',
  `restaurantOwnerReservationsUrl` varchar(255) COLLATE utf8_unicode_ci DEFAULT '',
  `personOwnerGender` varchar(255) COLLATE utf8_unicode_ci DEFAULT '',
  `personOwnerBirthPlace` varchar(255) COLLATE utf8_unicode_ci DEFAULT '',
  `twitterHandle` varchar(50) COLLATE utf8_unicode_ci DEFAULT '',
  `facebookHandle` varchar(50) COLLATE utf8_unicode_ci DEFAULT '',
  `facebookProfileId` varchar(50) COLLATE utf8_unicode_ci DEFAULT '',
  `facebookAppId` varchar(50) COLLATE utf8_unicode_ci DEFAULT '',
  `linkedInHandle` varchar(50) COLLATE utf8_unicode_ci DEFAULT '',
  `googlePlusHandle` varchar(50) COLLATE utf8_unicode_ci DEFAULT '',
  `youtubeHandle` varchar(50) COLLATE utf8_unicode_ci DEFAULT '',
  `youtubeChannelHandle` varchar(50) COLLATE utf8_unicode_ci DEFAULT '',
  `instagramHandle` varchar(50) COLLATE utf8_unicode_ci DEFAULT '',
  `pinterestHandle` varchar(50) COLLATE utf8_unicode_ci DEFAULT '',
  `githubHandle` varchar(50) COLLATE utf8_unicode_ci DEFAULT '',
  `vimeoHandle` varchar(50) COLLATE utf8_unicode_ci DEFAULT '',
  `wikipediaUrl` varchar(100) COLLATE utf8_unicode_ci DEFAULT '',
  `siteCreatorType` varchar(255) COLLATE utf8_unicode_ci DEFAULT '',
  `siteCreatorSubType` varchar(255) COLLATE utf8_unicode_ci DEFAULT '',
  `siteCreatorSpecificType` varchar(255) COLLATE utf8_unicode_ci DEFAULT '',
  `genericCreatorName` varchar(255) COLLATE utf8_unicode_ci DEFAULT '',
  `genericCreatorAlternateName` varchar(255) COLLATE utf8_unicode_ci DEFAULT '',
  `genericCreatorDescription` varchar(1024) COLLATE utf8_unicode_ci DEFAULT '',
  `genericCreatorUrl` varchar(255) COLLATE utf8_unicode_ci DEFAULT '',
  `genericCreatorTelephone` varchar(255) COLLATE utf8_unicode_ci DEFAULT '',
  `genericCreatorEmail` varchar(255) COLLATE utf8_unicode_ci DEFAULT '',
  `genericCreatorStreetAddress` varchar(255) COLLATE utf8_unicode_ci DEFAULT '',
  `genericCreatorAddressLocality` varchar(255) COLLATE utf8_unicode_ci DEFAULT '',
  `genericCreatorAddressRegion` varchar(255) COLLATE utf8_unicode_ci DEFAULT '',
  `genericCreatorPostalCode` varchar(255) COLLATE utf8_unicode_ci DEFAULT '',
  `genericCreatorAddressCountry` varchar(255) COLLATE utf8_unicode_ci DEFAULT '',
  `genericCreatorGeoLatitude` varchar(255) COLLATE utf8_unicode_ci DEFAULT '',
  `genericCreatorGeoLongitude` varchar(255) COLLATE utf8_unicode_ci DEFAULT '',
  `organizationCreatorDuns` varchar(255) COLLATE utf8_unicode_ci DEFAULT '',
  `organizationCreatorFounder` varchar(255) COLLATE utf8_unicode_ci DEFAULT '',
  `organizationCreatorFoundingDate` varchar(255) COLLATE utf8_unicode_ci DEFAULT '',
  `organizationCreatorFoundingLocation` varchar(255) COLLATE utf8_unicode_ci DEFAULT '',
  `organizationCreatorContactPoints` text COLLATE utf8_unicode_ci,
  `localBusinessCreatorOpeningHours` text COLLATE utf8_unicode_ci,
  `corporationCreatorTickerSymbol` varchar(255) COLLATE utf8_unicode_ci DEFAULT '',
  `restaurantCreatorServesCuisine` varchar(255) COLLATE utf8_unicode_ci DEFAULT '',
  `restaurantCreatorMenuUrl` varchar(255) COLLATE utf8_unicode_ci DEFAULT '',
  `restaurantCreatorReservationsUrl` varchar(255) COLLATE utf8_unicode_ci DEFAULT '',
  `personCreatorGender` varchar(255) COLLATE utf8_unicode_ci DEFAULT '',
  `personCreatorBirthPlace` varchar(255) COLLATE utf8_unicode_ci DEFAULT '',
  `genericCreatorHumansTxt` text COLLATE utf8_unicode_ci,
  `dateCreated` datetime NOT NULL,
  `dateUpdated` datetime NOT NULL,
  `uid` char(36) COLLATE utf8_unicode_ci NOT NULL DEFAULT '0',
  PRIMARY KEY (`id`),
  KEY `craft_seomatic_settings_siteSeoImageId_fk` (`siteSeoImageId`),
  KEY `craft_seomatic_settings_siteSeoTwitterImageId_fk` (`siteSeoTwitterImageId`),
  KEY `craft_seomatic_settings_siteSeoFacebookImageId_fk` (`siteSeoFacebookImageId`),
  KEY `craft_seomatic_settings_genericOwnerImageId_fk` (`genericOwnerImageId`),
  KEY `craft_seomatic_settings_genericCreatorImageId_fk` (`genericCreatorImageId`)
) ENGINE=InnoDB AUTO_INCREMENT=2 DEFAULT CHARSET=utf8 COLLATE=utf8_unicode_ci;

--
-- Data for table `craft_seomatic_settings`
--

INSERT INTO `craft_seomatic_settings` (`id`, `siteSeoImageId`, `siteSeoTwitterImageId`, `siteSeoFacebookImageId`, `genericOwnerImageId`, `genericCreatorImageId`, `locale`, `siteSeoName`, `siteSeoTitle`, `siteSeoTitleSeparator`, `siteSeoTitlePlacement`, `siteSeoDescription`, `siteSeoKeywords`, `siteSeoImageTransform`, `siteSeoFacebookImageTransform`, `siteSeoTwitterImageTransform`, `siteTwitterCardType`, `siteOpenGraphType`, `siteRobots`, `siteRobotsTxt`, `siteLinksSearchTargets`, `siteLinksQueryInput`, `googleSiteVerification`, `bingSiteVerification`, `googleAnalyticsUID`, `googleTagManagerID`, `googleAnalyticsSendPageview`, `googleAnalyticsAdvertising`, `googleAnalyticsEcommerce`, `googleAnalyticsEEcommerce`, `googleAnalyticsLinkAttribution`, `googleAnalyticsLinker`, `googleAnalyticsAnonymizeIp`, `siteOwnerType`, `siteOwnerSubType`, `siteOwnerSpecificType`, `genericOwnerName`, `genericOwnerAlternateName`, `genericOwnerDescription`, `genericOwnerUrl`, `genericOwnerTelephone`, `genericOwnerEmail`, `genericOwnerStreetAddress`, `genericOwnerAddressLocality`, `genericOwnerAddressRegion`, `genericOwnerPostalCode`, `genericOwnerAddressCountry`, `genericOwnerGeoLatitude`, `genericOwnerGeoLongitude`, `organizationOwnerDuns`, `organizationOwnerFounder`, `organizationOwnerFoundingDate`, `organizationOwnerFoundingLocation`, `organizationOwnerContactPoints`, `localBusinessPriceRange`, `localBusinessOwnerOpeningHours`, `corporationOwnerTickerSymbol`, `restaurantOwnerServesCuisine`, `restaurantOwnerMenuUrl`, `restaurantOwnerReservationsUrl`, `personOwnerGender`, `personOwnerBirthPlace`, `twitterHandle`, `facebookHandle`, `facebookProfileId`, `facebookAppId`, `linkedInHandle`, `googlePlusHandle`, `youtubeHandle`, `youtubeChannelHandle`, `instagramHandle`, `pinterestHandle`, `githubHandle`, `vimeoHandle`, `wikipediaUrl`, `siteCreatorType`, `siteCreatorSubType`, `siteCreatorSpecificType`, `genericCreatorName`, `genericCreatorAlternateName`, `genericCreatorDescription`, `genericCreatorUrl`, `genericCreatorTelephone`, `genericCreatorEmail`, `genericCreatorStreetAddress`, `genericCreatorAddressLocality`, `genericCreatorAddressRegion`, `genericCreatorPostalCode`, `genericCreatorAddressCountry`, `genericCreatorGeoLatitude`, `genericCreatorGeoLongitude`, `organizationCreatorDuns`, `organizationCreatorFounder`, `organizationCreatorFoundingDate`, `organizationCreatorFoundingLocation`, `organizationCreatorContactPoints`, `localBusinessCreatorOpeningHours`, `corporationCreatorTickerSymbol`, `restaurantCreatorServesCuisine`, `restaurantCreatorMenuUrl`, `restaurantCreatorReservationsUrl`, `personCreatorGender`, `personCreatorBirthPlace`, `genericCreatorHumansTxt`, `dateCreated`, `dateUpdated`, `uid`) VALUES
 ('1', NULL, NULL, NULL, NULL, NULL, 'en_us', 'Milone & MacBroom', 'This is the default global title of the site pages.', '|', 'after', 'This is the default global natural language description of the content on the site pages.', 'default,global,comma-separated,keywords', '', '', '', 'summary', 'website', '', '# robots.txt for {{ siteUrl }}\n\nSitemap: {{ siteUrl |trim(\'/\') }}/sitemap.xml\n\n# Don\'t allow web crawlers to index Craft\n\nUser-agent: *\nDisallow: /craft/\n', '', '', '', '', '', '', '1', '0', '0', '0', '0', '0', '0', 'Organization', 'Corporation', '', 'Milone & MacBroom', '', '', 'http://mmi.ads.dsdev/', '', '', '', '', '', '', '', '', '', '', '', '', '', '', '$$$', '', '', '', '', '', '', '', '', '', '', '', '', '', '', '', '', '', '', '', '', 'Organization', 'Corporation', '', '', '', '', '', '', '', '', '', '', '', '', '', '', '', '', '', '', '', '', '', '', '', '', '', '', '/* TEAM */\n\n{% if seomaticCreator.name is defined and seomaticCreator.name %}\nCreator: {{ seomaticCreator.name }}\n{% endif %}\n{% if seomaticCreator.url is defined and seomaticCreator.url %}\nURL: {{ seomaticCreator.url }}\n{% endif %}\n{% if seomaticCreator.description is defined and seomaticCreator.description %}\nDescription: {{ seomaticCreator.description }}\n{% endif %}\n\n/* THANKS */\n\nPixel & Tonic - https://pixelandtonic.com\n\n/* SITE */\n\nStandards: HTML5, CSS3\nComponents: Craft CMS, Yii, PHP, Javascript, SEOmatic', '2017-06-09 17:35:25', '2017-06-09 17:35:25', '67b03fb6-719c-4815-812e-e0caadc498f1');



DROP TABLE IF EXISTS `craft_sessions`;


--
-- Schema for table `craft_sessions`
--
CREATE TABLE `craft_sessions` (
  `id` int(11) NOT NULL AUTO_INCREMENT,
  `userId` int(11) NOT NULL,
  `token` char(100) COLLATE utf8_unicode_ci NOT NULL,
  `dateCreated` datetime NOT NULL,
  `dateUpdated` datetime NOT NULL,
  `uid` char(36) COLLATE utf8_unicode_ci NOT NULL DEFAULT '0',
  PRIMARY KEY (`id`),
  KEY `craft_sessions_uid_idx` (`uid`),
  KEY `craft_sessions_token_idx` (`token`),
  KEY `craft_sessions_dateUpdated_idx` (`dateUpdated`),
  KEY `craft_sessions_userId_fk` (`userId`)
) ENGINE=InnoDB AUTO_INCREMENT=21 DEFAULT CHARSET=utf8 COLLATE=utf8_unicode_ci;

DROP TABLE IF EXISTS `craft_shunnedmessages`;


--
-- Schema for table `craft_shunnedmessages`
--
CREATE TABLE `craft_shunnedmessages` (
  `id` int(11) NOT NULL AUTO_INCREMENT,
  `userId` int(11) NOT NULL,
  `message` varchar(255) COLLATE utf8_unicode_ci NOT NULL,
  `expiryDate` datetime DEFAULT NULL,
  `dateCreated` datetime NOT NULL,
  `dateUpdated` datetime NOT NULL,
  `uid` char(36) COLLATE utf8_unicode_ci NOT NULL DEFAULT '0',
  PRIMARY KEY (`id`),
  UNIQUE KEY `craft_shunnedmessages_userId_message_unq_idx` (`userId`,`message`)
) ENGINE=InnoDB DEFAULT CHARSET=utf8 COLLATE=utf8_unicode_ci;

DROP TABLE IF EXISTS `craft_structureelements`;


--
-- Schema for table `craft_structureelements`
--
CREATE TABLE `craft_structureelements` (
  `id` int(11) NOT NULL AUTO_INCREMENT,
  `structureId` int(11) NOT NULL,
  `elementId` int(11) DEFAULT NULL,
  `root` int(11) unsigned DEFAULT NULL,
  `lft` int(11) unsigned NOT NULL,
  `rgt` int(11) unsigned NOT NULL,
  `level` smallint(6) unsigned NOT NULL,
  `dateCreated` datetime NOT NULL,
  `dateUpdated` datetime NOT NULL,
  `uid` char(36) COLLATE utf8_unicode_ci NOT NULL DEFAULT '0',
  PRIMARY KEY (`id`),
  UNIQUE KEY `craft_structureelements_structureId_elementId_unq_idx` (`structureId`,`elementId`),
  KEY `craft_structureelements_root_idx` (`root`),
  KEY `craft_structureelements_lft_idx` (`lft`),
  KEY `craft_structureelements_rgt_idx` (`rgt`),
  KEY `craft_structureelements_level_idx` (`level`),
  KEY `craft_structureelements_elementId_fk` (`elementId`)
) ENGINE=InnoDB AUTO_INCREMENT=64 DEFAULT CHARSET=utf8 COLLATE=utf8_unicode_ci;

--
-- Data for table `craft_structureelements`
--

INSERT INTO `craft_structureelements` (`id`, `structureId`, `elementId`, `root`, `lft`, `rgt`, `level`, `dateCreated`, `dateUpdated`, `uid`) VALUES
 ('1', '2', NULL, '1', '1', '64', '0', '2017-06-09 19:41:56', '2017-06-09 19:41:56', '4f7ad8de-4deb-494d-8d50-8ab02992ff53'),
 ('2', '2', '4', '1', '2', '17', '1', '2017-06-09 19:41:56', '2017-06-09 19:41:56', '24b73d3d-2a70-4a63-8dda-1d43faf73f85'),
 ('3', '2', '5', '1', '3', '4', '2', '2017-06-09 19:42:28', '2017-06-09 19:42:28', '5e9079bc-24f3-463f-ad33-194f6819e040'),
 ('4', '2', '6', '1', '5', '6', '2', '2017-06-09 19:44:01', '2017-06-09 19:44:01', 'd532479a-e829-45e9-8a89-6356dc82db8f'),
 ('5', '2', '7', '1', '7', '8', '2', '2017-06-09 19:44:22', '2017-06-09 19:44:22', 'd1c25a80-479e-4aee-8260-60ff71c6a123'),
 ('6', '2', '8', '1', '9', '10', '2', '2017-06-09 19:44:31', '2017-06-09 19:44:31', '9a2d40cb-64db-4e38-9e71-0e83b19d2b06'),
 ('7', '2', '9', '1', '11', '12', '2', '2017-06-09 19:44:43', '2017-06-09 19:44:43', 'ab94888f-206a-4192-9480-eddc468343d0'),
 ('8', '2', '10', '1', '13', '14', '2', '2017-06-09 19:44:53', '2017-06-09 19:44:53', 'f5c6a48f-192c-4c4c-8d7a-3be8dfab5089'),
 ('9', '2', '11', '1', '15', '16', '2', '2017-06-09 19:45:00', '2017-06-09 19:45:00', '4f8743eb-c41d-4a73-b213-c72a02625b83'),
 ('10', '2', '12', '1', '18', '29', '1', '2017-06-09 19:45:26', '2017-06-09 19:45:26', '5720d007-f34b-435b-83ea-a452344557a7'),
 ('11', '2', '13', '1', '19', '20', '2', '2017-06-09 19:45:41', '2017-06-09 19:45:41', '3ef57c66-1c66-4bfc-b92d-c67a681be1a9'),
 ('12', '2', '14', '1', '21', '22', '2', '2017-06-09 19:46:01', '2017-06-09 19:46:01', 'e41c9a2d-1be1-4381-a1e9-950f2b81c0eb'),
 ('13', '2', '15', '1', '23', '24', '2', '2017-06-09 19:46:38', '2017-06-09 19:46:38', 'e8beb52b-3ebb-4af9-ae54-056d7bc53281'),
 ('14', '2', '16', '1', '30', '39', '1', '2017-06-09 19:47:07', '2017-06-09 19:47:07', 'ecfb3a10-159c-4177-9ce0-cd280f004d0a'),
 ('15', '2', '17', '1', '40', '53', '1', '2017-06-09 19:47:22', '2017-06-09 19:47:22', 'b27ea76b-7ed2-43bb-93b4-17a6be1cfea7'),
 ('16', '2', '18', '1', '54', '61', '1', '2017-06-09 19:47:32', '2017-06-09 19:47:32', 'f575f81f-cb69-4400-9dea-ca698d2b4ab8'),
 ('17', '2', '19', '1', '62', '63', '1', '2017-06-09 19:47:46', '2017-06-09 19:47:46', 'addcecf4-176c-4a1f-8dff-7c4295f14604'),
 ('18', '1', NULL, '18', '1', '30', '0', '2017-06-09 19:48:11', '2017-06-09 19:48:11', '6ef55089-ee95-4340-8ab3-6ca5c77bf03e'),
 ('19', '1', '20', '18', '2', '9', '1', '2017-06-09 19:48:11', '2017-06-09 19:48:11', 'eabf6ad1-7f20-49aa-b89b-adf8b48e6056'),
 ('20', '1', '21', '18', '10', '21', '1', '2017-06-09 19:48:22', '2017-06-09 19:48:22', 'f2d5001e-e8cb-4d46-a689-4f43387c1508'),
 ('21', '1', '22', '18', '22', '23', '1', '2017-06-09 19:48:34', '2017-06-09 19:48:34', '3988737f-3254-44c5-8449-9b1fd1cbae95'),
 ('22', '1', '23', '18', '24', '25', '1', '2017-06-09 19:48:55', '2017-06-09 19:48:55', 'e767dba5-282a-46d4-9eb3-43337ee78248'),
 ('23', '1', '24', '18', '26', '27', '1', '2017-06-09 19:49:34', '2017-06-09 19:49:34', '5502f007-1b72-4dd4-91f3-be786be9a217'),
 ('24', '1', '25', '18', '28', '29', '1', '2017-06-09 19:49:43', '2017-06-09 19:49:43', 'a48f3cb6-b683-412a-9988-9d2380357c85'),
 ('27', '4', NULL, '27', '1', '4', '0', '2017-06-09 20:32:02', '2017-06-09 20:32:02', 'dc651e77-8e50-48d7-8e47-9d86ae9c91dc'),
 ('28', '4', '27', '27', '2', '3', '1', '2017-06-09 20:32:02', '2017-06-09 20:32:02', '44697eec-dc27-4569-ac18-d81c298b07d6'),
 ('30', '5', NULL, '30', '1', '8', '0', '2017-06-15 16:39:26', '2017-06-15 16:39:26', '3c67bd63-6754-45c6-b839-3a961112b558'),
 ('31', '5', '41', '30', '2', '3', '1', '2017-06-15 16:39:26', '2017-06-15 16:39:26', '85416eb5-8339-4605-9a1e-13d6ee29f714'),
 ('32', '5', '42', '30', '4', '5', '1', '2017-06-15 16:39:39', '2017-06-15 16:39:39', '4b3038aa-2c2a-4924-8eaa-821402007637'),
 ('33', '6', NULL, '33', '1', '14', '0', '2017-06-15 22:20:32', '2017-06-15 22:20:32', '311cd536-4e35-4fbb-9c2d-47bd10dc431f'),
 ('34', '6', '52', '33', '2', '3', '1', '2017-06-15 22:20:32', '2017-06-15 22:20:32', 'd05b0d14-9596-490c-947c-8abe80ad38a9'),
 ('35', '1', '55', '18', '3', '4', '2', '2017-06-26 21:09:48', '2017-06-26 21:09:48', '9a2ae7c6-ce83-4c4a-b776-b837bd06d8df'),
 ('36', '1', '80', '18', '5', '6', '2', '2017-06-26 21:41:31', '2017-06-26 21:41:31', 'e56a6481-9fa2-4b3c-b50e-0d1fd456f8e7'),
 ('37', '1', '81', '18', '7', '8', '2', '2017-06-26 21:41:49', '2017-06-26 21:41:49', 'f92651e5-7baa-4704-9af7-fed954d330f5'),
 ('38', '1', '82', '18', '11', '12', '2', '2017-06-26 21:42:14', '2017-06-26 21:42:14', '393b0379-d2e2-4797-9077-217abe67cb7e'),
 ('39', '1', '83', '18', '13', '14', '2', '2017-06-26 21:42:35', '2017-06-26 21:42:35', '01f2787c-2070-440c-bd0d-aa28a2cdeae1'),
 ('40', '1', '84', '18', '15', '16', '2', '2017-06-26 21:42:51', '2017-06-26 21:42:51', 'bdbf48de-8c7e-47dc-b75c-b360745b38fa'),
 ('41', '1', '85', '18', '17', '18', '2', '2017-06-26 21:43:18', '2017-06-26 21:43:18', 'dd747343-f1ae-4bdc-a8d6-0567e06996da'),
 ('42', '1', '86', '18', '19', '20', '2', '2017-06-26 21:43:34', '2017-06-26 21:43:34', 'e6f258f9-3d52-48dd-b882-8045b983566e'),
 ('43', '2', '117', '1', '31', '32', '2', '2017-06-28 13:44:16', '2017-06-28 13:44:16', '724a420b-0921-481f-ad78-e30849c75890'),
 ('44', '2', '118', '1', '33', '34', '2', '2017-06-28 13:44:45', '2017-06-28 13:44:45', 'b73cf496-db6a-4265-b710-dea94b43fc9b'),
 ('45', '2', '119', '1', '35', '36', '2', '2017-06-28 13:45:13', '2017-06-28 13:45:13', '83185106-796a-4569-93af-a9f55a6b425a'),
 ('46', '2', '120', '1', '37', '38', '2', '2017-06-28 13:45:30', '2017-06-28 13:45:30', '0b9e83e7-ac97-487e-95f4-0d884cc6c160'),
 ('47', '2', '121', '1', '25', '26', '2', '2017-06-28 13:47:36', '2017-06-28 13:47:36', 'f37ab67f-4ae4-4fc5-858e-f72d141d16a0'),
 ('48', '2', '122', '1', '27', '28', '2', '2017-06-28 13:47:58', '2017-06-28 13:47:58', 'e591c537-9ac0-4e14-affb-c73cea029fe2'),
 ('49', '2', '123', '1', '41', '42', '2', '2017-06-28 13:49:26', '2017-06-28 13:49:26', '741c74df-496c-48c5-90bc-66c68e39d903'),
 ('50', '2', '124', '1', '43', '44', '2', '2017-06-28 13:49:45', '2017-06-28 13:49:45', '2af32915-3ae2-4cc9-9c67-483295d4abc0'),
 ('51', '2', '125', '1', '45', '46', '2', '2017-06-28 13:50:08', '2017-06-28 13:50:08', 'e3003f65-d870-44d7-b607-e27d68a59a49'),
 ('52', '2', '126', '1', '47', '48', '2', '2017-06-28 13:50:24', '2017-06-28 13:50:24', '913cef9c-99aa-4e50-b150-86185069b971'),
 ('53', '2', '127', '1', '49', '50', '2', '2017-06-28 13:50:39', '2017-06-28 13:50:39', '732495ec-f1eb-492e-bd15-e34d524a7edd'),
 ('54', '2', '128', '1', '51', '52', '2', '2017-06-28 13:51:01', '2017-06-28 13:51:01', 'b3571c41-ee56-4b92-a443-4851b7cf5d8d'),
 ('55', '2', '129', '1', '55', '56', '2', '2017-06-28 13:51:39', '2017-06-28 13:51:39', '53f4317b-2d62-4fc4-a04c-da20f18906d6'),
 ('56', '2', '130', '1', '57', '58', '2', '2017-06-28 13:51:54', '2017-06-28 13:51:54', '71b56d76-29f1-4949-b66d-13fa89a36b51'),
 ('57', '2', '131', '1', '59', '60', '2', '2017-06-28 13:52:06', '2017-06-28 13:52:06', '043fd687-8698-404e-873e-8208fed8c22a'),
 ('58', '6', '153', '33', '4', '5', '1', '2017-06-28 20:21:43', '2017-06-28 20:21:43', '9b1e3cac-bcbe-44fa-a733-77b57a31a002'),
 ('59', '6', '154', '33', '6', '7', '1', '2017-06-28 20:23:06', '2017-06-28 20:23:06', '1f7669f9-cd7f-4c04-9d07-8063f7849909'),
 ('60', '6', '155', '33', '8', '9', '1', '2017-06-28 20:23:59', '2017-06-28 20:23:59', 'abf396cb-1dc3-4381-b0ab-e0dde66f658c'),
 ('61', '6', '156', '33', '10', '11', '1', '2017-06-28 20:25:04', '2017-06-28 20:25:04', '2b6f5e4e-652d-4aa7-b159-457f0f38c966'),
 ('62', '6', '157', '33', '12', '13', '1', '2017-06-28 20:25:47', '2017-06-28 20:25:47', '98476bdb-0f65-49ba-8e23-d56d4071fd19'),
 ('63', '5', '158', '30', '6', '7', '1', '2017-06-28 21:10:47', '2017-06-28 21:10:47', '29a8ca58-2049-4b2d-bd97-77b110d20fa1');



DROP TABLE IF EXISTS `craft_structures`;


--
-- Schema for table `craft_structures`
--
CREATE TABLE `craft_structures` (
  `id` int(11) NOT NULL AUTO_INCREMENT,
  `maxLevels` smallint(6) unsigned DEFAULT NULL,
  `dateCreated` datetime NOT NULL,
  `dateUpdated` datetime NOT NULL,
  `uid` char(36) COLLATE utf8_unicode_ci NOT NULL DEFAULT '0',
  PRIMARY KEY (`id`)
) ENGINE=InnoDB AUTO_INCREMENT=8 DEFAULT CHARSET=utf8 COLLATE=utf8_unicode_ci;

--
-- Data for table `craft_structures`
--

INSERT INTO `craft_structures` (`id`, `maxLevels`, `dateCreated`, `dateUpdated`, `uid`) VALUES
 ('1', NULL, '2017-06-09 18:05:04', '2017-06-16 14:59:27', 'd77d6d24-adcd-4adc-af7b-5d94eea8e1c1'),
 ('2', NULL, '2017-06-09 18:05:54', '2017-06-27 15:04:29', '63a6cdfc-56bc-4b58-9772-d28ad9cd8fe5'),
 ('4', NULL, '2017-06-09 20:30:45', '2017-06-09 20:30:45', '5fbff6b3-1013-47c5-838a-f1d7a5d1478b'),
 ('5', NULL, '2017-06-15 16:38:54', '2017-06-15 20:46:35', 'a844831f-5adc-4cba-8480-f9a4866169c7'),
 ('6', '1', '2017-06-15 22:00:42', '2017-06-26 19:32:51', '9d77f487-7352-4f00-928a-151f201f0252'),
 ('7', NULL, '2017-06-20 14:39:39', '2017-06-20 14:39:39', '74485c72-c238-43a6-bc43-24fa0f99d74f');



DROP TABLE IF EXISTS `craft_supertableblocks`;


--
-- Schema for table `craft_supertableblocks`
--
CREATE TABLE `craft_supertableblocks` (
  `id` int(11) NOT NULL,
  `ownerId` int(11) NOT NULL,
  `fieldId` int(11) NOT NULL,
  `typeId` int(11) DEFAULT NULL,
  `sortOrder` smallint(6) unsigned DEFAULT NULL,
  `ownerLocale` char(12) COLLATE utf8_unicode_ci DEFAULT NULL,
  `dateCreated` datetime NOT NULL,
  `dateUpdated` datetime NOT NULL,
  `uid` char(36) COLLATE utf8_unicode_ci NOT NULL DEFAULT '0',
  PRIMARY KEY (`id`),
  KEY `craft_supertableblocks_ownerId_idx` (`ownerId`),
  KEY `craft_supertableblocks_fieldId_idx` (`fieldId`),
  KEY `craft_supertableblocks_typeId_idx` (`typeId`),
  KEY `craft_supertableblocks_sortOrder_idx` (`sortOrder`),
  KEY `craft_supertableblocks_ownerLocale_fk` (`ownerLocale`)
) ENGINE=InnoDB DEFAULT CHARSET=utf8 COLLATE=utf8_unicode_ci;

--
-- Data for table `craft_supertableblocks`
--

INSERT INTO `craft_supertableblocks` (`id`, `ownerId`, `fieldId`, `typeId`, `sortOrder`, `ownerLocale`, `dateCreated`, `dateUpdated`, `uid`) VALUES
 ('31', '30', '4', '1', '1', NULL, '2017-06-12 20:16:38', '2017-06-27 21:10:29', 'ecdd533c-7975-4cc5-ab8d-dfa8b6e029d9'),
 ('38', '35', '42', '7', '1', NULL, '2017-06-15 16:04:27', '2017-06-28 21:11:02', '322aed0e-a1cd-4817-afa1-f9536b5ad057'),
 ('57', '56', '4', '1', '1', NULL, '2017-06-26 21:28:58', '2017-06-28 13:35:02', '4c737e61-ae3e-441d-963d-02026d1bb5e2'),
 ('94', '93', '56', '8', '1', NULL, '2017-06-28 13:35:02', '2017-06-28 13:35:02', 'aa2d0706-740a-482b-8703-6a50eafae0a1'),
 ('95', '93', '56', '8', '2', NULL, '2017-06-28 13:35:02', '2017-06-28 13:35:02', '6334be9d-d85d-4f7a-ae9b-d5007e8dbe38'),
 ('96', '93', '56', '8', '3', NULL, '2017-06-28 13:35:02', '2017-06-28 13:35:02', '421983fb-8c03-4438-944c-e723b38e5c64'),
 ('97', '93', '56', '8', '4', NULL, '2017-06-28 13:35:02', '2017-06-28 13:35:02', '1189aa81-3075-49ed-854b-fa4e06287d16'),
 ('98', '93', '56', '8', '5', NULL, '2017-06-28 13:35:02', '2017-06-28 13:35:02', '335f6e92-37e0-40a8-b818-8d0e44e56a64'),
 ('99', '93', '56', '8', '6', NULL, '2017-06-28 13:35:02', '2017-06-28 13:35:02', 'a3a5b8e1-0392-43ef-b466-b0cdef7631a6'),
 ('100', '93', '56', '8', '7', NULL, '2017-06-28 13:35:02', '2017-06-28 13:35:02', 'fa0eaac9-93e0-4d61-9bd5-a2269a2e808e'),
 ('101', '93', '56', '8', '8', NULL, '2017-06-28 13:35:02', '2017-06-28 13:35:02', '99fd937a-c50b-4ae6-a523-234d717e2091'),
 ('102', '93', '56', '8', '9', NULL, '2017-06-28 13:35:02', '2017-06-28 13:35:02', '11dc720f-6fa9-4974-b50b-99e919f588d6'),
 ('103', '93', '56', '8', '10', NULL, '2017-06-28 13:35:02', '2017-06-28 13:35:02', '895e7a89-38d0-45d3-9227-48a30ed9297d'),
 ('104', '93', '56', '8', '11', NULL, '2017-06-28 13:35:02', '2017-06-28 13:35:02', 'ae8482ba-e3c5-4715-89a3-5089face0752'),
 ('105', '93', '56', '8', '12', NULL, '2017-06-28 13:35:02', '2017-06-28 13:35:02', '8dfaa948-3e1f-40ca-8cd8-0f2a308bb380'),
 ('106', '93', '56', '8', '13', NULL, '2017-06-28 13:35:02', '2017-06-28 13:35:02', 'fb3a0cb9-2ad6-4d6d-b0a3-befd0083117c'),
 ('107', '93', '56', '8', '14', NULL, '2017-06-28 13:35:02', '2017-06-28 13:35:02', 'c1f83f8a-3414-4292-b969-d010b24131e5'),
 ('108', '93', '56', '8', '15', NULL, '2017-06-28 13:35:02', '2017-06-28 13:35:02', '606c35ca-a156-45fa-8892-adac7f26a084'),
 ('109', '93', '56', '8', '16', NULL, '2017-06-28 13:35:02', '2017-06-28 13:35:02', '3f983301-2ada-4300-8f60-5cb3378e657b'),
 ('110', '93', '56', '8', '17', NULL, '2017-06-28 13:35:02', '2017-06-28 13:35:02', '2955197c-5876-488a-bb9e-af609430694e'),
 ('111', '93', '56', '8', '18', NULL, '2017-06-28 13:35:02', '2017-06-28 13:35:02', '56aefd1d-8903-4719-8261-e35524b36d1c'),
 ('112', '93', '56', '8', '19', NULL, '2017-06-28 13:35:02', '2017-06-28 13:35:02', '6c40186f-a282-48d0-abdd-e2ae2836c2af'),
 ('113', '93', '56', '8', '20', NULL, '2017-06-28 13:35:02', '2017-06-28 13:35:02', '5036b8e8-d2e3-4694-b0e9-721647b7c780'),
 ('133', '132', '4', '1', '1', NULL, '2017-06-28 13:56:24', '2017-06-28 14:52:19', 'a73978b5-6ec9-452e-90a0-aa3fdd008324'),
 ('141', '140', '4', '1', '1', NULL, '2017-06-28 15:54:56', '2017-06-28 21:31:48', 'd0a7f448-1287-4dd4-bcf7-d915ba327dd4'),
 ('149', '148', '4', '1', '1', NULL, '2017-06-28 19:29:30', '2017-06-28 19:29:30', 'a098b8a5-56c8-4b4c-a6e9-0f4e78da2bce'),
 ('159', '145', '12', '3', '1', NULL, '2017-06-28 21:31:48', '2017-06-28 21:31:48', '10772079-9c7b-4ae0-b1ad-23231dd3d062'),
 ('162', '161', '4', '1', '1', NULL, '2017-07-09 19:15:34', '2017-07-09 19:57:34', '93421520-1d7e-44ce-9742-245de2841bca');



DROP TABLE IF EXISTS `craft_supertableblocktypes`;


--
-- Schema for table `craft_supertableblocktypes`
--
CREATE TABLE `craft_supertableblocktypes` (
  `id` int(11) NOT NULL AUTO_INCREMENT,
  `fieldId` int(11) NOT NULL,
  `fieldLayoutId` int(11) DEFAULT NULL,
  `dateCreated` datetime NOT NULL,
  `dateUpdated` datetime NOT NULL,
  `uid` char(36) COLLATE utf8_unicode_ci NOT NULL DEFAULT '0',
  PRIMARY KEY (`id`),
  KEY `craft_supertableblocktypes_fieldId_fk` (`fieldId`),
  KEY `craft_supertableblocktypes_fieldLayoutId_fk` (`fieldLayoutId`)
) ENGINE=InnoDB AUTO_INCREMENT=19 DEFAULT CHARSET=utf8 COLLATE=utf8_unicode_ci;

--
-- Data for table `craft_supertableblocktypes`
--

INSERT INTO `craft_supertableblocktypes` (`id`, `fieldId`, `fieldLayoutId`, `dateCreated`, `dateUpdated`, `uid`) VALUES
 ('1', '4', '1223', '2017-06-09 19:00:20', '2017-07-09 19:12:03', 'f54ed218-3446-435a-a87d-70dde2e2d21e'),
 ('3', '12', '1225', '2017-06-12 19:03:17', '2017-07-09 19:12:03', '387655b6-e5ef-47fa-975f-678c076a2b49'),
 ('4', '15', '62', '2017-06-12 20:32:00', '2017-06-12 20:32:00', 'aa2d8302-4ac4-40c6-b33c-51244eb73fd3'),
 ('5', '28', '1229', '2017-06-14 15:25:44', '2017-07-09 19:12:03', 'c19f13e0-67c1-4610-9043-fbc8cabb78bf'),
 ('6', '33', '1230', '2017-06-14 15:25:45', '2017-07-09 19:12:04', 'faaf6443-0b46-4133-9470-33add6b59e43'),
 ('7', '42', '134', '2017-06-15 15:08:34', '2017-06-15 16:16:29', 'cb81b594-d50c-4044-ae67-9c60ac000c63'),
 ('8', '56', '1235', '2017-06-15 18:19:42', '2017-07-09 19:12:04', '867f882a-9596-4cbd-86b4-d12b67d739e7'),
 ('9', '70', '1238', '2017-06-15 18:40:19', '2017-07-09 19:12:04', 'ffec5e1d-e9a9-4323-8412-ed34c370160e'),
 ('10', '72', '1240', '2017-06-15 18:40:58', '2017-07-09 19:12:04', 'f69192de-515e-426b-ac1f-409574b7603f'),
 ('11', '78', '1243', '2017-06-15 19:02:36', '2017-07-09 19:12:04', '014c7ecc-8aed-40f3-8a57-5e07af12cc75'),
 ('12', '84', '1245', '2017-06-15 19:20:51', '2017-07-09 19:12:04', '2fa329aa-8e8c-416c-aa81-655717e8ede9'),
 ('13', '90', '1247', '2017-06-15 19:24:14', '2017-07-09 19:12:04', '8924a1f3-1e4d-4ea8-8200-100d9cc59768'),
 ('14', '96', '1249', '2017-06-15 19:33:38', '2017-07-09 19:12:04', '9d00ba6c-0655-4631-be3d-521d072d344f'),
 ('15', '98', '1250', '2017-06-15 19:33:38', '2017-07-09 19:12:04', 'cb06b729-c8d5-476f-a194-f090dabd80d0'),
 ('16', '109', '1253', '2017-06-15 19:57:44', '2017-07-09 19:12:05', '5b8929fb-884e-400c-ae43-48fda54ff81a'),
 ('17', '120', '620', '2017-06-15 22:13:15', '2017-06-15 22:13:15', '8e608dcd-e26e-4957-ab24-7a494756d196'),
 ('18', '140', '1255', '2017-06-28 20:50:53', '2017-07-09 19:12:05', '1649dd00-f0c7-4003-a649-69124de0d5ec');



DROP TABLE IF EXISTS `craft_supertablecontent_12_list`;


--
-- Schema for table `craft_supertablecontent_12_list`
--
CREATE TABLE `craft_supertablecontent_12_list` (
  `id` int(11) NOT NULL AUTO_INCREMENT,
  `elementId` int(11) NOT NULL,
  `locale` char(12) COLLATE utf8_unicode_ci NOT NULL,
  `field_listItem` text COLLATE utf8_unicode_ci,
  `dateCreated` datetime NOT NULL,
  `dateUpdated` datetime NOT NULL,
  `uid` char(36) COLLATE utf8_unicode_ci NOT NULL DEFAULT '0',
  PRIMARY KEY (`id`),
  UNIQUE KEY `craft_supertablecontent_12_list_elementId_locale_unq_idx` (`elementId`,`locale`),
  KEY `craft_supertablecontent_12_list_locale_fk` (`locale`)
) ENGINE=InnoDB AUTO_INCREMENT=21 DEFAULT CHARSET=utf8 COLLATE=utf8_unicode_ci;

--
-- Data for table `craft_supertablecontent_12_list`
--

INSERT INTO `craft_supertablecontent_12_list` (`id`, `elementId`, `locale`, `field_listItem`, `dateCreated`, `dateUpdated`, `uid`) VALUES
 ('1', '94', 'en_us', 'Highway Design', '2017-06-28 13:35:02', '2017-06-28 13:35:02', 'e36b0d1a-2be2-4d9a-876d-abbd76ba0a60'),
 ('2', '95', 'en_us', 'Bridge & Culvert Design and Inspection ', '2017-06-28 13:35:02', '2017-06-28 13:35:02', '9e00f031-badd-47ac-b29a-f82cae64c9b7'),
 ('3', '96', 'en_us', 'Intersections & Roundabouts ', '2017-06-28 13:35:02', '2017-06-28 13:35:02', 'afa64b78-8bbb-41d9-9ad3-d235041dcc89'),
 ('4', '97', 'en_us', 'State Traffic Permits & Approvals ', '2017-06-28 13:35:02', '2017-06-28 13:35:02', '79f2e162-e6c3-498a-bd30-81bc33c140fc'),
 ('5', '98', 'en_us', 'Greenways & Pedestrian Facilities', '2017-06-28 13:35:02', '2017-06-28 13:35:02', '57938ed4-92ca-40a7-a561-e17c13084a9c'),
 ('6', '99', 'en_us', 'Traffic Signalization ', '2017-06-28 13:35:02', '2017-06-28 13:35:02', 'f96a0b3b-c182-4f49-a6c1-6531929b4964'),
 ('7', '100', 'en_us', 'Traffic Calming', '2017-06-28 13:35:02', '2017-06-28 13:35:02', 'a18aa128-f4e7-4543-ae68-695a4ab2e879'),
 ('8', '101', 'en_us', 'Complete Streets ', '2017-06-28 13:35:02', '2017-06-28 13:35:02', '175bc4ba-93df-48d7-9277-3829d2600e79'),
 ('9', '102', 'en_us', 'Innovative Stormwater Practices', '2017-06-28 13:35:02', '2017-06-28 13:35:02', '4686a9d9-07bd-4a34-af10-c95e0b92ccbc'),
 ('10', '103', 'en_us', 'Pavement Rehabilitation', '2017-06-28 13:35:02', '2017-06-28 13:35:02', '9caa5218-9437-4b84-b0e5-b1968254bfb5'),
 ('11', '104', 'en_us', 'Streetscape Enhancements ', '2017-06-28 13:35:02', '2017-06-28 13:35:02', '16f3d94b-e9b6-45d0-9302-4866c755af79'),
 ('12', '105', 'en_us', 'Surface Parking', '2017-06-28 13:35:02', '2017-06-28 13:35:02', 'b42b9570-40be-4756-8a7b-c58b6574eeb3'),
 ('13', '106', 'en_us', 'Utility Relocations & Design ', '2017-06-28 13:35:02', '2017-06-28 13:35:02', '128f6530-3208-4d2d-9f8b-60895c51ef76'),
 ('14', '107', 'en_us', 'Right-of-Way Coordination', '2017-06-28 13:35:02', '2017-06-28 13:35:02', '79848aa3-6544-4e45-a34b-41258954e7d8'),
 ('15', '108', 'en_us', 'Environmental Permitting', '2017-06-28 13:35:02', '2017-06-28 13:35:02', 'b055b55a-1dde-4668-a0e0-4ec4b09b1810'),
 ('16', '109', 'en_us', 'Funding Assistance ', '2017-06-28 13:35:02', '2017-06-28 13:35:02', '1e9ca948-01cf-4143-8367-6b01823f9bbb'),
 ('17', '110', 'en_us', 'Construction Engineering & Inspection ', '2017-06-28 13:35:02', '2017-06-28 13:35:02', '4bdc6a43-d524-4b03-8c9c-d36b80e19b7b'),
 ('18', '111', 'en_us', 'Value Engineering ', '2017-06-28 13:35:02', '2017-06-28 13:35:02', '00525b09-58ff-415c-aa8b-7c68dfe76494'),
 ('19', '112', 'en_us', 'Public Involvement & Stakeholder Engagement ', '2017-06-28 13:35:02', '2017-06-28 13:35:02', '27fdd6a5-aaea-435b-a458-6adb6cedc0fc'),
 ('20', '113', 'en_us', 'Context-Sensitive Design ', '2017-06-28 13:35:02', '2017-06-28 13:35:02', '4aee5c5f-0e57-447d-bf95-822d454ae47a');



DROP TABLE IF EXISTS `craft_supertablecontent_14_list`;


--
-- Schema for table `craft_supertablecontent_14_list`
--
CREATE TABLE `craft_supertablecontent_14_list` (
  `id` int(11) NOT NULL AUTO_INCREMENT,
  `elementId` int(11) NOT NULL,
  `locale` char(12) COLLATE utf8_unicode_ci NOT NULL,
  `field_item` text COLLATE utf8_unicode_ci,
  `dateCreated` datetime NOT NULL,
  `dateUpdated` datetime NOT NULL,
  `uid` char(36) COLLATE utf8_unicode_ci NOT NULL DEFAULT '0',
  PRIMARY KEY (`id`),
  UNIQUE KEY `craft_supertablecontent_14_list_elementId_locale_unq_idx` (`elementId`,`locale`),
  KEY `craft_supertablecontent_14_list_locale_fk` (`locale`)
) ENGINE=InnoDB DEFAULT CHARSET=utf8 COLLATE=utf8_unicode_ci;

DROP TABLE IF EXISTS `craft_supertablecontent_15_list`;


--
-- Schema for table `craft_supertablecontent_15_list`
--
CREATE TABLE `craft_supertablecontent_15_list` (
  `id` int(11) NOT NULL AUTO_INCREMENT,
  `elementId` int(11) NOT NULL,
  `locale` char(12) COLLATE utf8_unicode_ci NOT NULL,
  `field_item` text COLLATE utf8_unicode_ci,
  `dateCreated` datetime NOT NULL,
  `dateUpdated` datetime NOT NULL,
  `uid` char(36) COLLATE utf8_unicode_ci NOT NULL DEFAULT '0',
  PRIMARY KEY (`id`),
  UNIQUE KEY `craft_supertablecontent_15_list_elementId_locale_unq_idx` (`elementId`,`locale`),
  KEY `craft_supertablecontent_15_list_locale_fk` (`locale`)
) ENGINE=InnoDB DEFAULT CHARSET=utf8 COLLATE=utf8_unicode_ci;

DROP TABLE IF EXISTS `craft_supertablecontent_17_resources`;


--
-- Schema for table `craft_supertablecontent_17_resources`
--
CREATE TABLE `craft_supertablecontent_17_resources` (
  `id` int(11) NOT NULL AUTO_INCREMENT,
  `elementId` int(11) NOT NULL,
  `locale` char(12) COLLATE utf8_unicode_ci NOT NULL,
  `field_resource` text COLLATE utf8_unicode_ci,
  `field_type` varchar(255) COLLATE utf8_unicode_ci DEFAULT NULL,
  `field_featured` tinyint(1) unsigned NOT NULL DEFAULT '0',
  `dateCreated` datetime NOT NULL,
  `dateUpdated` datetime NOT NULL,
  `uid` char(36) COLLATE utf8_unicode_ci NOT NULL DEFAULT '0',
  PRIMARY KEY (`id`),
  UNIQUE KEY `craft_supertablecontent_17_resources_elementId_locale_unq_idx` (`elementId`,`locale`),
  KEY `craft_supertablecontent_17_resources_locale_fk` (`locale`)
) ENGINE=InnoDB DEFAULT CHARSET=utf8 COLLATE=utf8_unicode_ci;

DROP TABLE IF EXISTS `craft_supertablecontent_18_highlights`;


--
-- Schema for table `craft_supertablecontent_18_highlights`
--
CREATE TABLE `craft_supertablecontent_18_highlights` (
  `id` int(11) NOT NULL AUTO_INCREMENT,
  `elementId` int(11) NOT NULL,
  `locale` char(12) COLLATE utf8_unicode_ci NOT NULL,
  `field_highlightTitle` text COLLATE utf8_unicode_ci,
  `field_image` text COLLATE utf8_unicode_ci,
  `field_orientation` varchar(255) COLLATE utf8_unicode_ci DEFAULT NULL,
  `dateCreated` datetime NOT NULL,
  `dateUpdated` datetime NOT NULL,
  `uid` char(36) COLLATE utf8_unicode_ci NOT NULL DEFAULT '0',
  PRIMARY KEY (`id`),
  UNIQUE KEY `craft_supertablecontent_18_highlights_elementId_locale_unq_idx` (`elementId`,`locale`),
  KEY `craft_supertablecontent_18_highlights_locale_fk` (`locale`)
) ENGINE=InnoDB DEFAULT CHARSET=utf8 COLLATE=utf8_unicode_ci;

DROP TABLE IF EXISTS `craft_supertablecontent_19_clients`;


--
-- Schema for table `craft_supertablecontent_19_clients`
--
CREATE TABLE `craft_supertablecontent_19_clients` (
  `id` int(11) NOT NULL AUTO_INCREMENT,
  `elementId` int(11) NOT NULL,
  `locale` char(12) COLLATE utf8_unicode_ci NOT NULL,
  `field_clientName` text COLLATE utf8_unicode_ci,
  `field_clientLocation` text COLLATE utf8_unicode_ci,
  `dateCreated` datetime NOT NULL,
  `dateUpdated` datetime NOT NULL,
  `uid` char(36) COLLATE utf8_unicode_ci NOT NULL DEFAULT '0',
  PRIMARY KEY (`id`),
  UNIQUE KEY `craft_supertablecontent_19_clients_elementId_locale_unq_idx` (`elementId`,`locale`),
  KEY `craft_supertablecontent_19_clients_locale_fk` (`locale`)
) ENGINE=InnoDB DEFAULT CHARSET=utf8 COLLATE=utf8_unicode_ci;

DROP TABLE IF EXISTS `craft_supertablecontent_1_image`;


--
-- Schema for table `craft_supertablecontent_1_image`
--
CREATE TABLE `craft_supertablecontent_1_image` (
  `id` int(11) NOT NULL AUTO_INCREMENT,
  `elementId` int(11) NOT NULL,
  `locale` char(12) COLLATE utf8_unicode_ci NOT NULL,
  `dateCreated` datetime NOT NULL,
  `dateUpdated` datetime NOT NULL,
  `uid` char(36) COLLATE utf8_unicode_ci NOT NULL DEFAULT '0',
  PRIMARY KEY (`id`),
  UNIQUE KEY `craft_supertablecontent_1_image_elementId_locale_unq_idx` (`elementId`,`locale`),
  KEY `craft_supertablecontent_1_image_locale_fk` (`locale`)
) ENGINE=InnoDB AUTO_INCREMENT=7 DEFAULT CHARSET=utf8 COLLATE=utf8_unicode_ci;

--
-- Data for table `craft_supertablecontent_1_image`
--

INSERT INTO `craft_supertablecontent_1_image` (`id`, `elementId`, `locale`, `dateCreated`, `dateUpdated`, `uid`) VALUES
 ('1', '31', 'en_us', '2017-06-12 20:16:38', '2017-06-27 21:10:29', 'c3ab6a42-7076-4184-b653-12ab6acad1a8'),
 ('2', '57', 'en_us', '2017-06-26 21:28:58', '2017-06-28 13:35:02', 'ea3a3e91-decd-44f3-a7c0-1f8dabb5a8d2'),
 ('3', '133', 'en_us', '2017-06-28 13:56:24', '2017-06-28 14:52:19', '81b0389a-2598-4da9-aa52-6b0576ac2123'),
 ('4', '141', 'en_us', '2017-06-28 15:54:56', '2017-06-28 21:31:48', 'ba1959bf-6f3a-4ee8-82eb-36d177b0d8b7'),
 ('5', '149', 'en_us', '2017-06-28 19:29:30', '2017-06-28 19:29:30', '9050c84e-0442-4c94-b9c2-d6d8732b9fdc'),
 ('6', '162', 'en_us', '2017-07-09 19:15:34', '2017-07-09 19:57:34', '54a96ffb-88c6-45fc-aa1f-9fb3ce79a148');



DROP TABLE IF EXISTS `craft_supertablecontent_20_bulletlist`;


--
-- Schema for table `craft_supertablecontent_20_bulletlist`
--
CREATE TABLE `craft_supertablecontent_20_bulletlist` (
  `id` int(11) NOT NULL AUTO_INCREMENT,
  `elementId` int(11) NOT NULL,
  `locale` char(12) COLLATE utf8_unicode_ci NOT NULL,
  `field_item` text COLLATE utf8_unicode_ci,
  `dateCreated` datetime NOT NULL,
  `dateUpdated` datetime NOT NULL,
  `uid` char(36) COLLATE utf8_unicode_ci NOT NULL DEFAULT '0',
  PRIMARY KEY (`id`),
  UNIQUE KEY `craft_supertablecontent_20_bulletlist_elementId_locale_unq_idx` (`elementId`,`locale`),
  KEY `craft_supertablecontent_20_bulletlist_locale_fk` (`locale`)
) ENGINE=InnoDB DEFAULT CHARSET=utf8 COLLATE=utf8_unicode_ci;

DROP TABLE IF EXISTS `craft_supertablecontent_20_logolist`;


--
-- Schema for table `craft_supertablecontent_20_logolist`
--
CREATE TABLE `craft_supertablecontent_20_logolist` (
  `id` int(11) NOT NULL AUTO_INCREMENT,
  `elementId` int(11) NOT NULL,
  `locale` char(12) COLLATE utf8_unicode_ci NOT NULL,
  `field_logoName` text COLLATE utf8_unicode_ci,
  `dateCreated` datetime NOT NULL,
  `dateUpdated` datetime NOT NULL,
  `uid` char(36) COLLATE utf8_unicode_ci NOT NULL DEFAULT '0',
  PRIMARY KEY (`id`),
  UNIQUE KEY `craft_supertablecontent_20_logolist_elementId_locale_unq_idx` (`elementId`,`locale`),
  KEY `craft_supertablecontent_20_logolist_locale_fk` (`locale`)
) ENGINE=InnoDB DEFAULT CHARSET=utf8 COLLATE=utf8_unicode_ci;

DROP TABLE IF EXISTS `craft_supertablecontent_23_benefit`;


--
-- Schema for table `craft_supertablecontent_23_benefit`
--
CREATE TABLE `craft_supertablecontent_23_benefit` (
  `id` int(11) NOT NULL AUTO_INCREMENT,
  `elementId` int(11) NOT NULL,
  `locale` char(12) COLLATE utf8_unicode_ci NOT NULL,
  `field_benefitName` text COLLATE utf8_unicode_ci,
  `field_body` text COLLATE utf8_unicode_ci,
  `dateCreated` datetime NOT NULL,
  `dateUpdated` datetime NOT NULL,
  `uid` char(36) COLLATE utf8_unicode_ci NOT NULL DEFAULT '0',
  PRIMARY KEY (`id`),
  UNIQUE KEY `craft_supertablecontent_23_benefit_elementId_locale_unq_idx` (`elementId`,`locale`),
  KEY `craft_supertablecontent_23_benefit_locale_fk` (`locale`)
) ENGINE=InnoDB DEFAULT CHARSET=utf8 COLLATE=utf8_unicode_ci;

DROP TABLE IF EXISTS `craft_supertablecontent_27_listings`;


--
-- Schema for table `craft_supertablecontent_27_listings`
--
CREATE TABLE `craft_supertablecontent_27_listings` (
  `id` int(11) NOT NULL AUTO_INCREMENT,
  `elementId` int(11) NOT NULL,
  `locale` char(12) COLLATE utf8_unicode_ci NOT NULL,
  `field_listItemTitle` text COLLATE utf8_unicode_ci,
  `field_excerpt` text COLLATE utf8_unicode_ci,
  `field_callToAction` text COLLATE utf8_unicode_ci,
  `dateCreated` datetime NOT NULL,
  `dateUpdated` datetime NOT NULL,
  `uid` char(36) COLLATE utf8_unicode_ci NOT NULL DEFAULT '0',
  PRIMARY KEY (`id`),
  UNIQUE KEY `craft_supertablecontent_27_listings_elementId_locale_unq_idx` (`elementId`,`locale`),
  KEY `craft_supertablecontent_27_listings_locale_fk` (`locale`)
) ENGINE=InnoDB DEFAULT CHARSET=utf8 COLLATE=utf8_unicode_ci;

DROP TABLE IF EXISTS `craft_supertablecontent_2_gallery`;


--
-- Schema for table `craft_supertablecontent_2_gallery`
--
CREATE TABLE `craft_supertablecontent_2_gallery` (
  `id` int(11) NOT NULL AUTO_INCREMENT,
  `elementId` int(11) NOT NULL,
  `locale` char(12) COLLATE utf8_unicode_ci NOT NULL,
  `field_caption` text COLLATE utf8_unicode_ci,
  `dateCreated` datetime NOT NULL,
  `dateUpdated` datetime NOT NULL,
  `uid` char(36) COLLATE utf8_unicode_ci NOT NULL DEFAULT '0',
  PRIMARY KEY (`id`),
  UNIQUE KEY `craft_supertablecontent_2_gallery_elementId_locale_unq_idx` (`elementId`,`locale`),
  KEY `craft_supertablecontent_2_gallery_locale_idx` (`locale`)
) ENGINE=InnoDB AUTO_INCREMENT=3 DEFAULT CHARSET=utf8 COLLATE=utf8_unicode_ci;

--
-- Data for table `craft_supertablecontent_2_gallery`
--

INSERT INTO `craft_supertablecontent_2_gallery` (`id`, `elementId`, `locale`, `field_caption`, `dateCreated`, `dateUpdated`, `uid`) VALUES
 ('2', '159', 'en_us', '', '2017-06-28 21:31:48', '2017-06-28 21:31:48', 'b264d5ed-9dc9-4280-9aab-5ec0361e39b2');



DROP TABLE IF EXISTS `craft_supertablecontent_3_projectcard`;


--
-- Schema for table `craft_supertablecontent_3_projectcard`
--
CREATE TABLE `craft_supertablecontent_3_projectcard` (
  `id` int(11) NOT NULL AUTO_INCREMENT,
  `elementId` int(11) NOT NULL,
  `locale` char(12) COLLATE utf8_unicode_ci NOT NULL,
  `dateCreated` datetime NOT NULL,
  `dateUpdated` datetime NOT NULL,
  `uid` char(36) COLLATE utf8_unicode_ci NOT NULL DEFAULT '0',
  PRIMARY KEY (`id`),
  UNIQUE KEY `craft_supertablecontent_3_projectcard_elementId_locale_unq_idx` (`elementId`,`locale`),
  KEY `craft_supertablecontent_3_projectcard_locale_fk` (`locale`)
) ENGINE=InnoDB DEFAULT CHARSET=utf8 COLLATE=utf8_unicode_ci;

DROP TABLE IF EXISTS `craft_supertablecontent_6_footer`;


--
-- Schema for table `craft_supertablecontent_6_footer`
--
CREATE TABLE `craft_supertablecontent_6_footer` (
  `id` int(11) NOT NULL AUTO_INCREMENT,
  `elementId` int(11) NOT NULL,
  `locale` char(12) COLLATE utf8_unicode_ci NOT NULL,
  `field_heading` text COLLATE utf8_unicode_ci,
  `field_callToAction` text COLLATE utf8_unicode_ci,
  `dateCreated` datetime NOT NULL,
  `dateUpdated` datetime NOT NULL,
  `uid` char(36) COLLATE utf8_unicode_ci NOT NULL DEFAULT '0',
  PRIMARY KEY (`id`),
  UNIQUE KEY `craft_supertablecontent_6_footer_elementId_locale_unq_idx` (`elementId`,`locale`),
  KEY `craft_supertablecontent_6_footer_locale_fk` (`locale`)
) ENGINE=InnoDB DEFAULT CHARSET=utf8 COLLATE=utf8_unicode_ci;

DROP TABLE IF EXISTS `craft_supertablecontent_6_internshipcard`;


--
-- Schema for table `craft_supertablecontent_6_internshipcard`
--
CREATE TABLE `craft_supertablecontent_6_internshipcard` (
  `id` int(11) NOT NULL AUTO_INCREMENT,
  `elementId` int(11) NOT NULL,
  `locale` char(12) COLLATE utf8_unicode_ci NOT NULL,
  `field_cardTitle` text COLLATE utf8_unicode_ci,
  `field_description` text COLLATE utf8_unicode_ci,
  `field_callToAction` text COLLATE utf8_unicode_ci,
  `dateCreated` datetime NOT NULL,
  `dateUpdated` datetime NOT NULL,
  `uid` char(36) COLLATE utf8_unicode_ci NOT NULL DEFAULT '0',
  PRIMARY KEY (`id`),
  UNIQUE KEY `craft_supertablecontent_6_internshipcard_elementId_locale_unq_id` (`elementId`,`locale`),
  KEY `craft_supertablecontent_6_internshipcard_locale_fk` (`locale`)
) ENGINE=InnoDB DEFAULT CHARSET=utf8 COLLATE=utf8_unicode_ci;

DROP TABLE IF EXISTS `craft_supertablecontent_communityinvolvement`;


--
-- Schema for table `craft_supertablecontent_communityinvolvement`
--
CREATE TABLE `craft_supertablecontent_communityinvolvement` (
  `id` int(11) NOT NULL AUTO_INCREMENT,
  `elementId` int(11) NOT NULL,
  `locale` char(12) COLLATE utf8_unicode_ci NOT NULL,
  `field_communityInvolvement` text COLLATE utf8_unicode_ci,
  `dateCreated` datetime NOT NULL,
  `dateUpdated` datetime NOT NULL,
  `uid` char(36) COLLATE utf8_unicode_ci NOT NULL DEFAULT '0',
  PRIMARY KEY (`id`),
  UNIQUE KEY `craft_supertableconten_communityinvolveme_elementI_locale_unq_id` (`elementId`,`locale`),
  KEY `craft_supertablecontent_communityinvolvement_locale_fk` (`locale`)
) ENGINE=InnoDB DEFAULT CHARSET=utf8 COLLATE=utf8_unicode_ci;

DROP TABLE IF EXISTS `craft_supertablecontent_sociallinks`;


--
-- Schema for table `craft_supertablecontent_sociallinks`
--
CREATE TABLE `craft_supertablecontent_sociallinks` (
  `id` int(11) NOT NULL AUTO_INCREMENT,
  `elementId` int(11) NOT NULL,
  `locale` char(12) COLLATE utf8_unicode_ci NOT NULL,
  `field_linkedin` text COLLATE utf8_unicode_ci,
  `field_facebook` text COLLATE utf8_unicode_ci,
  `field_twitter` text COLLATE utf8_unicode_ci,
  `dateCreated` datetime NOT NULL,
  `dateUpdated` datetime NOT NULL,
  `uid` char(36) COLLATE utf8_unicode_ci NOT NULL DEFAULT '0',
  PRIMARY KEY (`id`),
  UNIQUE KEY `craft_supertablecontent_sociallinks_elementId_locale_unq_idx` (`elementId`,`locale`),
  KEY `craft_supertablecontent_sociallinks_locale_fk` (`locale`)
) ENGINE=InnoDB AUTO_INCREMENT=2 DEFAULT CHARSET=utf8 COLLATE=utf8_unicode_ci;

--
-- Data for table `craft_supertablecontent_sociallinks`
--

INSERT INTO `craft_supertablecontent_sociallinks` (`id`, `elementId`, `locale`, `field_linkedin`, `field_facebook`, `field_twitter`, `dateCreated`, `dateUpdated`, `uid`) VALUES
 ('1', '38', 'en_us', '{\"type\":\"custom\",\"custom\":\"http:\\/\\/twitter.com\",\"target\":\"_blank\"}', '{\"type\":\"custom\",\"custom\":\"http:\\/\\/facebook.com\",\"target\":\"_blank\"}', '{\"type\":\"custom\",\"custom\":\"http:\\/\\/linkedin.com\",\"target\":\"_blank\"}', '2017-06-15 16:04:27', '2017-06-28 21:11:02', 'd1e3b8ef-9ad0-45b1-a6f6-6b9b047cf4e0');



DROP TABLE IF EXISTS `craft_systemsettings`;


--
-- Schema for table `craft_systemsettings`
--
CREATE TABLE `craft_systemsettings` (
  `id` int(11) NOT NULL AUTO_INCREMENT,
  `category` varchar(15) COLLATE utf8_unicode_ci NOT NULL,
  `settings` text COLLATE utf8_unicode_ci,
  `dateCreated` datetime NOT NULL,
  `dateUpdated` datetime NOT NULL,
  `uid` char(36) COLLATE utf8_unicode_ci NOT NULL DEFAULT '0',
  PRIMARY KEY (`id`),
  UNIQUE KEY `craft_systemsettings_category_unq_idx` (`category`)
) ENGINE=InnoDB AUTO_INCREMENT=2 DEFAULT CHARSET=utf8 COLLATE=utf8_unicode_ci;

--
-- Data for table `craft_systemsettings`
--

INSERT INTO `craft_systemsettings` (`id`, `category`, `settings`, `dateCreated`, `dateUpdated`, `uid`) VALUES
 ('1', 'email', '{\"protocol\":\"php\",\"emailAddress\":\"adam.soffer@digitalsurgeons.com\",\"senderName\":\"Milone & MacBroom\"}', '2017-06-09 17:32:24', '2017-06-09 17:32:24', 'b163c16f-8a91-4c7d-98a2-1c80dec34e8d');



DROP TABLE IF EXISTS `craft_taggroups`;


--
-- Schema for table `craft_taggroups`
--
CREATE TABLE `craft_taggroups` (
  `id` int(11) NOT NULL AUTO_INCREMENT,
  `name` varchar(255) COLLATE utf8_unicode_ci NOT NULL,
  `handle` varchar(255) COLLATE utf8_unicode_ci NOT NULL,
  `fieldLayoutId` int(10) DEFAULT NULL,
  `dateCreated` datetime NOT NULL,
  `dateUpdated` datetime NOT NULL,
  `uid` char(36) COLLATE utf8_unicode_ci NOT NULL DEFAULT '0',
  PRIMARY KEY (`id`),
  UNIQUE KEY `craft_taggroups_name_unq_idx` (`name`),
  UNIQUE KEY `craft_taggroups_handle_unq_idx` (`handle`),
  KEY `craft_taggroups_fieldLayoutId_fk` (`fieldLayoutId`)
) ENGINE=InnoDB AUTO_INCREMENT=2 DEFAULT CHARSET=utf8 COLLATE=utf8_unicode_ci;

--
-- Data for table `craft_taggroups`
--

INSERT INTO `craft_taggroups` (`id`, `name`, `handle`, `fieldLayoutId`, `dateCreated`, `dateUpdated`, `uid`) VALUES
 ('1', 'Default', 'default', '1', '2017-06-09 17:32:24', '2017-06-09 17:32:24', 'f100b6ec-0637-4f3c-9a0a-c0317064ab7c');



DROP TABLE IF EXISTS `craft_tags`;


--
-- Schema for table `craft_tags`
--
CREATE TABLE `craft_tags` (
  `id` int(11) NOT NULL,
  `groupId` int(11) NOT NULL,
  `dateCreated` datetime NOT NULL,
  `dateUpdated` datetime NOT NULL,
  `uid` char(36) COLLATE utf8_unicode_ci NOT NULL DEFAULT '0',
  PRIMARY KEY (`id`),
  KEY `craft_tags_groupId_fk` (`groupId`)
) ENGINE=InnoDB DEFAULT CHARSET=utf8 COLLATE=utf8_unicode_ci;

DROP TABLE IF EXISTS `craft_tasks`;


--
-- Schema for table `craft_tasks`
--
CREATE TABLE `craft_tasks` (
  `id` int(11) NOT NULL AUTO_INCREMENT,
  `root` int(11) unsigned DEFAULT NULL,
  `lft` int(11) unsigned NOT NULL,
  `rgt` int(11) unsigned NOT NULL,
  `level` smallint(6) unsigned NOT NULL,
  `currentStep` int(11) unsigned DEFAULT NULL,
  `totalSteps` int(11) unsigned DEFAULT NULL,
  `status` enum('pending','error','running') COLLATE utf8_unicode_ci DEFAULT NULL,
  `type` varchar(150) COLLATE utf8_unicode_ci NOT NULL,
  `description` varchar(255) COLLATE utf8_unicode_ci DEFAULT NULL,
  `settings` mediumtext COLLATE utf8_unicode_ci,
  `dateCreated` datetime NOT NULL,
  `dateUpdated` datetime NOT NULL,
  `uid` char(36) COLLATE utf8_unicode_ci NOT NULL DEFAULT '0',
  PRIMARY KEY (`id`),
  KEY `craft_tasks_root_idx` (`root`),
  KEY `craft_tasks_lft_idx` (`lft`),
  KEY `craft_tasks_rgt_idx` (`rgt`),
  KEY `craft_tasks_level_idx` (`level`)
) ENGINE=InnoDB DEFAULT CHARSET=utf8 COLLATE=utf8_unicode_ci;

DROP TABLE IF EXISTS `craft_templatecachecriteria`;


--
-- Schema for table `craft_templatecachecriteria`
--
CREATE TABLE `craft_templatecachecriteria` (
  `id` int(11) NOT NULL AUTO_INCREMENT,
  `cacheId` int(11) NOT NULL,
  `type` varchar(150) COLLATE utf8_unicode_ci NOT NULL,
  `criteria` text COLLATE utf8_unicode_ci NOT NULL,
  PRIMARY KEY (`id`),
  KEY `craft_templatecachecriteria_cacheId_fk` (`cacheId`),
  KEY `craft_templatecachecriteria_type_idx` (`type`)
) ENGINE=InnoDB DEFAULT CHARSET=utf8 COLLATE=utf8_unicode_ci;

DROP TABLE IF EXISTS `craft_templatecacheelements`;


--
-- Schema for table `craft_templatecacheelements`
--
CREATE TABLE `craft_templatecacheelements` (
  `cacheId` int(11) NOT NULL,
  `elementId` int(11) NOT NULL,
  KEY `craft_templatecacheelements_cacheId_fk` (`cacheId`),
  KEY `craft_templatecacheelements_elementId_fk` (`elementId`)
) ENGINE=InnoDB DEFAULT CHARSET=utf8 COLLATE=utf8_unicode_ci;

DROP TABLE IF EXISTS `craft_templatecaches`;


--
-- Schema for table `craft_templatecaches`
--
CREATE TABLE `craft_templatecaches` (
  `id` int(11) NOT NULL AUTO_INCREMENT,
  `cacheKey` varchar(255) COLLATE utf8_unicode_ci NOT NULL,
  `locale` char(12) COLLATE utf8_unicode_ci NOT NULL,
  `path` varchar(255) COLLATE utf8_unicode_ci DEFAULT NULL,
  `expiryDate` datetime NOT NULL,
  `body` mediumtext COLLATE utf8_unicode_ci NOT NULL,
  PRIMARY KEY (`id`),
  KEY `craft_templatecaches_expiryDate_cacheKey_locale_path_idx` (`expiryDate`,`cacheKey`,`locale`,`path`),
  KEY `craft_templatecaches_locale_fk` (`locale`)
) ENGINE=InnoDB DEFAULT CHARSET=utf8 COLLATE=utf8_unicode_ci;

DROP TABLE IF EXISTS `craft_tokens`;


--
-- Schema for table `craft_tokens`
--
CREATE TABLE `craft_tokens` (
  `id` int(11) NOT NULL AUTO_INCREMENT,
  `token` char(32) COLLATE utf8_unicode_ci NOT NULL,
  `route` text COLLATE utf8_unicode_ci,
  `usageLimit` tinyint(3) unsigned DEFAULT NULL,
  `usageCount` tinyint(3) unsigned DEFAULT NULL,
  `expiryDate` datetime NOT NULL,
  `dateCreated` datetime NOT NULL,
  `dateUpdated` datetime NOT NULL,
  `uid` char(36) COLLATE utf8_unicode_ci NOT NULL DEFAULT '0',
  PRIMARY KEY (`id`),
  UNIQUE KEY `craft_tokens_token_unq_idx` (`token`),
  KEY `craft_tokens_expiryDate_idx` (`expiryDate`)
) ENGINE=InnoDB DEFAULT CHARSET=utf8 COLLATE=utf8_unicode_ci;

DROP TABLE IF EXISTS `craft_usergroups`;


--
-- Schema for table `craft_usergroups`
--
CREATE TABLE `craft_usergroups` (
  `id` int(11) NOT NULL AUTO_INCREMENT,
  `name` varchar(255) COLLATE utf8_unicode_ci NOT NULL,
  `handle` varchar(255) COLLATE utf8_unicode_ci NOT NULL,
  `dateCreated` datetime NOT NULL,
  `dateUpdated` datetime NOT NULL,
  `uid` char(36) COLLATE utf8_unicode_ci NOT NULL DEFAULT '0',
  PRIMARY KEY (`id`),
  UNIQUE KEY `craft_usergroups_name_unq_idx` (`name`),
  UNIQUE KEY `craft_usergroups_handle_unq_idx` (`handle`)
) ENGINE=InnoDB DEFAULT CHARSET=utf8 COLLATE=utf8_unicode_ci;

DROP TABLE IF EXISTS `craft_usergroups_users`;


--
-- Schema for table `craft_usergroups_users`
--
CREATE TABLE `craft_usergroups_users` (
  `id` int(11) NOT NULL AUTO_INCREMENT,
  `groupId` int(11) NOT NULL,
  `userId` int(11) NOT NULL,
  `dateCreated` datetime NOT NULL,
  `dateUpdated` datetime NOT NULL,
  `uid` char(36) COLLATE utf8_unicode_ci NOT NULL DEFAULT '0',
  PRIMARY KEY (`id`),
  UNIQUE KEY `craft_usergroups_users_groupId_userId_unq_idx` (`groupId`,`userId`),
  KEY `craft_usergroups_users_userId_fk` (`userId`)
) ENGINE=InnoDB DEFAULT CHARSET=utf8 COLLATE=utf8_unicode_ci;

DROP TABLE IF EXISTS `craft_userpermissions`;


--
-- Schema for table `craft_userpermissions`
--
CREATE TABLE `craft_userpermissions` (
  `id` int(11) NOT NULL AUTO_INCREMENT,
  `name` varchar(255) COLLATE utf8_unicode_ci NOT NULL,
  `dateCreated` datetime NOT NULL,
  `dateUpdated` datetime NOT NULL,
  `uid` char(36) COLLATE utf8_unicode_ci NOT NULL DEFAULT '0',
  PRIMARY KEY (`id`),
  UNIQUE KEY `craft_userpermissions_name_unq_idx` (`name`)
) ENGINE=InnoDB DEFAULT CHARSET=utf8 COLLATE=utf8_unicode_ci;

DROP TABLE IF EXISTS `craft_userpermissions_usergroups`;


--
-- Schema for table `craft_userpermissions_usergroups`
--
CREATE TABLE `craft_userpermissions_usergroups` (
  `id` int(11) NOT NULL AUTO_INCREMENT,
  `permissionId` int(11) NOT NULL,
  `groupId` int(11) NOT NULL,
  `dateCreated` datetime NOT NULL,
  `dateUpdated` datetime NOT NULL,
  `uid` char(36) COLLATE utf8_unicode_ci NOT NULL DEFAULT '0',
  PRIMARY KEY (`id`),
  UNIQUE KEY `craft_userpermissions_usergroups_permissionId_groupId_unq_idx` (`permissionId`,`groupId`),
  KEY `craft_userpermissions_usergroups_groupId_fk` (`groupId`)
) ENGINE=InnoDB DEFAULT CHARSET=utf8 COLLATE=utf8_unicode_ci;

DROP TABLE IF EXISTS `craft_userpermissions_users`;


--
-- Schema for table `craft_userpermissions_users`
--
CREATE TABLE `craft_userpermissions_users` (
  `id` int(11) NOT NULL AUTO_INCREMENT,
  `permissionId` int(11) NOT NULL,
  `userId` int(11) NOT NULL,
  `dateCreated` datetime NOT NULL,
  `dateUpdated` datetime NOT NULL,
  `uid` char(36) COLLATE utf8_unicode_ci NOT NULL DEFAULT '0',
  PRIMARY KEY (`id`),
  UNIQUE KEY `craft_userpermissions_users_permissionId_userId_unq_idx` (`permissionId`,`userId`),
  KEY `craft_userpermissions_users_userId_fk` (`userId`)
) ENGINE=InnoDB DEFAULT CHARSET=utf8 COLLATE=utf8_unicode_ci;

DROP TABLE IF EXISTS `craft_users`;


--
-- Schema for table `craft_users`
--
CREATE TABLE `craft_users` (
  `id` int(11) NOT NULL,
  `username` varchar(100) COLLATE utf8_unicode_ci NOT NULL,
  `photo` varchar(100) COLLATE utf8_unicode_ci DEFAULT NULL,
  `firstName` varchar(100) COLLATE utf8_unicode_ci DEFAULT NULL,
  `lastName` varchar(100) COLLATE utf8_unicode_ci DEFAULT NULL,
  `email` varchar(255) COLLATE utf8_unicode_ci NOT NULL,
  `password` char(255) COLLATE utf8_unicode_ci DEFAULT NULL,
  `preferredLocale` char(12) COLLATE utf8_unicode_ci DEFAULT NULL,
  `weekStartDay` tinyint(1) unsigned NOT NULL DEFAULT '0',
  `admin` tinyint(1) unsigned NOT NULL DEFAULT '0',
  `client` tinyint(1) unsigned NOT NULL DEFAULT '0',
  `locked` tinyint(1) unsigned NOT NULL DEFAULT '0',
  `suspended` tinyint(1) unsigned NOT NULL DEFAULT '0',
  `pending` tinyint(1) unsigned NOT NULL DEFAULT '0',
  `archived` tinyint(1) unsigned NOT NULL DEFAULT '0',
  `lastLoginDate` datetime DEFAULT NULL,
  `lastLoginAttemptIPAddress` varchar(45) COLLATE utf8_unicode_ci DEFAULT NULL,
  `invalidLoginWindowStart` datetime DEFAULT NULL,
  `invalidLoginCount` tinyint(4) unsigned DEFAULT NULL,
  `lastInvalidLoginDate` datetime DEFAULT NULL,
  `lockoutDate` datetime DEFAULT NULL,
  `verificationCode` char(100) COLLATE utf8_unicode_ci DEFAULT NULL,
  `verificationCodeIssuedDate` datetime DEFAULT NULL,
  `unverifiedEmail` varchar(255) COLLATE utf8_unicode_ci DEFAULT NULL,
  `passwordResetRequired` tinyint(1) unsigned NOT NULL DEFAULT '0',
  `lastPasswordChangeDate` datetime DEFAULT NULL,
  `dateCreated` datetime NOT NULL,
  `dateUpdated` datetime NOT NULL,
  `uid` char(36) COLLATE utf8_unicode_ci NOT NULL DEFAULT '0',
  PRIMARY KEY (`id`),
  UNIQUE KEY `craft_users_username_unq_idx` (`username`),
  UNIQUE KEY `craft_users_email_unq_idx` (`email`),
  KEY `craft_users_verificationCode_idx` (`verificationCode`),
  KEY `craft_users_uid_idx` (`uid`),
  KEY `craft_users_preferredLocale_fk` (`preferredLocale`)
) ENGINE=InnoDB DEFAULT CHARSET=utf8 COLLATE=utf8_unicode_ci;

--
-- Data for table `craft_users`
--

INSERT INTO `craft_users` (`id`, `username`, `photo`, `firstName`, `lastName`, `email`, `password`, `preferredLocale`, `weekStartDay`, `admin`, `client`, `locked`, `suspended`, `pending`, `archived`, `lastLoginDate`, `lastLoginAttemptIPAddress`, `invalidLoginWindowStart`, `invalidLoginCount`, `lastInvalidLoginDate`, `lockoutDate`, `verificationCode`, `verificationCodeIssuedDate`, `unverifiedEmail`, `passwordResetRequired`, `lastPasswordChangeDate`, `dateCreated`, `dateUpdated`, `uid`) VALUES
 ('1', 'admin', NULL, NULL, NULL, 'adam.soffer@digitalsurgeons.com', '$2y$13$cLnOhTWmkIlkJ4UuBwQtj.UZ4pMaQqVtrJBfAzCTEnfSUcI4sVbwe', NULL, '0', '1', '0', '0', '0', '0', '0', '2017-07-10 17:56:24', '::1', NULL, NULL, NULL, NULL, NULL, NULL, NULL, '0', '2017-06-09 17:32:21', '2017-06-09 17:32:22', '2017-07-10 17:56:24', '22c3d7d7-2a31-4b83-8d1f-ac1df8efa8a9');



DROP TABLE IF EXISTS `craft_widgets`;


--
-- Schema for table `craft_widgets`
--
CREATE TABLE `craft_widgets` (
  `id` int(11) NOT NULL AUTO_INCREMENT,
  `userId` int(11) NOT NULL,
  `type` varchar(150) COLLATE utf8_unicode_ci NOT NULL,
  `sortOrder` smallint(6) unsigned DEFAULT NULL,
  `colspan` tinyint(4) unsigned DEFAULT NULL,
  `settings` text COLLATE utf8_unicode_ci,
  `enabled` tinyint(1) unsigned NOT NULL DEFAULT '1',
  `dateCreated` datetime NOT NULL,
  `dateUpdated` datetime NOT NULL,
  `uid` char(36) COLLATE utf8_unicode_ci NOT NULL DEFAULT '0',
  PRIMARY KEY (`id`),
  KEY `craft_widgets_userId_fk` (`userId`)
) ENGINE=InnoDB AUTO_INCREMENT=5 DEFAULT CHARSET=utf8 COLLATE=utf8_unicode_ci;

--
-- Data for table `craft_widgets`
--

INSERT INTO `craft_widgets` (`id`, `userId`, `type`, `sortOrder`, `colspan`, `settings`, `enabled`, `dateCreated`, `dateUpdated`, `uid`) VALUES
 ('1', '1', 'RecentEntries', '1', NULL, NULL, '1', '2017-06-09 17:32:32', '2017-06-09 17:32:32', '8b0a3f84-5450-4821-b47e-2d3c61c03da7'),
 ('2', '1', 'GetHelp', '2', NULL, NULL, '1', '2017-06-09 17:32:32', '2017-06-09 17:32:32', 'cfca1b08-f5f8-4ce6-9803-a28bbfec90ad'),
 ('3', '1', 'Updates', '3', NULL, NULL, '1', '2017-06-09 17:32:32', '2017-06-09 17:32:32', '7756979f-72a1-43bf-a5ab-76dc89752333'),
 ('4', '1', 'Feed', '4', NULL, '{\"url\":\"https:\\/\\/craftcms.com\\/news.rss\",\"title\":\"Craft News\"}', '1', '2017-06-09 17:32:32', '2017-06-09 17:32:32', '65980cf8-b911-454f-beb4-187229ffadb3');


--
-- Constraints for tables
--


--
-- Constraints for table `craft_assetfiles`
--
ALTER TABLE `craft_assetfiles`
	ADD CONSTRAINT `craft_assetfiles_folderId_fk` FOREIGN KEY (`folderId`) REFERENCES `craft_assetfolders` (`id`) ON DELETE CASCADE,
	ADD CONSTRAINT `craft_assetfiles_id_fk` FOREIGN KEY (`id`) REFERENCES `craft_elements` (`id`) ON DELETE CASCADE,
	ADD CONSTRAINT `craft_assetfiles_sourceId_fk` FOREIGN KEY (`sourceId`) REFERENCES `craft_assetsources` (`id`) ON DELETE CASCADE;

--
-- Constraints for table `craft_assetfolders`
--
ALTER TABLE `craft_assetfolders`
	ADD CONSTRAINT `craft_assetfolders_parentId_fk` FOREIGN KEY (`parentId`) REFERENCES `craft_assetfolders` (`id`) ON DELETE CASCADE,
	ADD CONSTRAINT `craft_assetfolders_sourceId_fk` FOREIGN KEY (`sourceId`) REFERENCES `craft_assetsources` (`id`) ON DELETE CASCADE;

--
-- Constraints for table `craft_assetindexdata`
--
ALTER TABLE `craft_assetindexdata`
	ADD CONSTRAINT `craft_assetindexdata_sourceId_fk` FOREIGN KEY (`sourceId`) REFERENCES `craft_assetsources` (`id`) ON DELETE CASCADE;

--
-- Constraints for table `craft_assetsources`
--
ALTER TABLE `craft_assetsources`
	ADD CONSTRAINT `craft_assetsources_fieldLayoutId_fk` FOREIGN KEY (`fieldLayoutId`) REFERENCES `craft_fieldlayouts` (`id`) ON DELETE SET NULL;

--
-- Constraints for table `craft_categories`
--
ALTER TABLE `craft_categories`
	ADD CONSTRAINT `craft_categories_groupId_fk` FOREIGN KEY (`groupId`) REFERENCES `craft_categorygroups` (`id`) ON DELETE CASCADE,
	ADD CONSTRAINT `craft_categories_id_fk` FOREIGN KEY (`id`) REFERENCES `craft_elements` (`id`) ON DELETE CASCADE;

--
-- Constraints for table `craft_categorygroups`
--
ALTER TABLE `craft_categorygroups`
	ADD CONSTRAINT `craft_categorygroups_fieldLayoutId_fk` FOREIGN KEY (`fieldLayoutId`) REFERENCES `craft_fieldlayouts` (`id`) ON DELETE SET NULL,
	ADD CONSTRAINT `craft_categorygroups_structureId_fk` FOREIGN KEY (`structureId`) REFERENCES `craft_structures` (`id`) ON DELETE CASCADE;

--
-- Constraints for table `craft_categorygroups_i18n`
--
ALTER TABLE `craft_categorygroups_i18n`
	ADD CONSTRAINT `craft_categorygroups_i18n_groupId_fk` FOREIGN KEY (`groupId`) REFERENCES `craft_categorygroups` (`id`) ON DELETE CASCADE,
	ADD CONSTRAINT `craft_categorygroups_i18n_locale_fk` FOREIGN KEY (`locale`) REFERENCES `craft_locales` (`locale`) ON DELETE CASCADE ON UPDATE CASCADE;

--
-- Constraints for table `craft_content`
--
ALTER TABLE `craft_content`
	ADD CONSTRAINT `craft_content_elementId_fk` FOREIGN KEY (`elementId`) REFERENCES `craft_elements` (`id`) ON DELETE CASCADE,
	ADD CONSTRAINT `craft_content_locale_fk` FOREIGN KEY (`locale`) REFERENCES `craft_locales` (`locale`) ON DELETE CASCADE ON UPDATE CASCADE;

--
-- Constraints for table `craft_elements_i18n`
--
ALTER TABLE `craft_elements_i18n`
	ADD CONSTRAINT `craft_elements_i18n_elementId_fk` FOREIGN KEY (`elementId`) REFERENCES `craft_elements` (`id`) ON DELETE CASCADE,
	ADD CONSTRAINT `craft_elements_i18n_locale_fk` FOREIGN KEY (`locale`) REFERENCES `craft_locales` (`locale`) ON DELETE CASCADE ON UPDATE CASCADE;

--
-- Constraints for table `craft_emailmessages`
--
ALTER TABLE `craft_emailmessages`
	ADD CONSTRAINT `craft_emailmessages_locale_fk` FOREIGN KEY (`locale`) REFERENCES `craft_locales` (`locale`) ON DELETE CASCADE ON UPDATE CASCADE;

--
-- Constraints for table `craft_entries`
--
ALTER TABLE `craft_entries`
	ADD CONSTRAINT `craft_entries_authorId_fk` FOREIGN KEY (`authorId`) REFERENCES `craft_users` (`id`) ON DELETE CASCADE,
	ADD CONSTRAINT `craft_entries_id_fk` FOREIGN KEY (`id`) REFERENCES `craft_elements` (`id`) ON DELETE CASCADE,
	ADD CONSTRAINT `craft_entries_sectionId_fk` FOREIGN KEY (`sectionId`) REFERENCES `craft_sections` (`id`) ON DELETE CASCADE,
	ADD CONSTRAINT `craft_entries_typeId_fk` FOREIGN KEY (`typeId`) REFERENCES `craft_entrytypes` (`id`) ON DELETE CASCADE;

--
-- Constraints for table `craft_entrydrafts`
--
ALTER TABLE `craft_entrydrafts`
	ADD CONSTRAINT `craft_entrydrafts_creatorId_fk` FOREIGN KEY (`creatorId`) REFERENCES `craft_users` (`id`) ON DELETE CASCADE,
	ADD CONSTRAINT `craft_entrydrafts_entryId_fk` FOREIGN KEY (`entryId`) REFERENCES `craft_entries` (`id`) ON DELETE CASCADE,
	ADD CONSTRAINT `craft_entrydrafts_locale_fk` FOREIGN KEY (`locale`) REFERENCES `craft_locales` (`locale`) ON DELETE CASCADE ON UPDATE CASCADE,
	ADD CONSTRAINT `craft_entrydrafts_sectionId_fk` FOREIGN KEY (`sectionId`) REFERENCES `craft_sections` (`id`) ON DELETE CASCADE;

--
-- Constraints for table `craft_entrytypes`
--
ALTER TABLE `craft_entrytypes`
	ADD CONSTRAINT `craft_entrytypes_fieldLayoutId_fk` FOREIGN KEY (`fieldLayoutId`) REFERENCES `craft_fieldlayouts` (`id`) ON DELETE SET NULL,
	ADD CONSTRAINT `craft_entrytypes_sectionId_fk` FOREIGN KEY (`sectionId`) REFERENCES `craft_sections` (`id`) ON DELETE CASCADE;

--
-- Constraints for table `craft_entryversions`
--
ALTER TABLE `craft_entryversions`
	ADD CONSTRAINT `craft_entryversions_creatorId_fk` FOREIGN KEY (`creatorId`) REFERENCES `craft_users` (`id`) ON DELETE SET NULL,
	ADD CONSTRAINT `craft_entryversions_entryId_fk` FOREIGN KEY (`entryId`) REFERENCES `craft_entries` (`id`) ON DELETE CASCADE,
	ADD CONSTRAINT `craft_entryversions_locale_fk` FOREIGN KEY (`locale`) REFERENCES `craft_locales` (`locale`) ON DELETE CASCADE ON UPDATE CASCADE,
	ADD CONSTRAINT `craft_entryversions_sectionId_fk` FOREIGN KEY (`sectionId`) REFERENCES `craft_sections` (`id`) ON DELETE CASCADE;

--
-- Constraints for table `craft_fieldlayoutfields`
--
ALTER TABLE `craft_fieldlayoutfields`
	ADD CONSTRAINT `craft_fieldlayoutfields_fieldId_fk` FOREIGN KEY (`fieldId`) REFERENCES `craft_fields` (`id`) ON DELETE CASCADE,
	ADD CONSTRAINT `craft_fieldlayoutfields_layoutId_fk` FOREIGN KEY (`layoutId`) REFERENCES `craft_fieldlayouts` (`id`) ON DELETE CASCADE,
	ADD CONSTRAINT `craft_fieldlayoutfields_tabId_fk` FOREIGN KEY (`tabId`) REFERENCES `craft_fieldlayouttabs` (`id`) ON DELETE CASCADE;

--
-- Constraints for table `craft_fieldlayouttabs`
--
ALTER TABLE `craft_fieldlayouttabs`
	ADD CONSTRAINT `craft_fieldlayouttabs_layoutId_fk` FOREIGN KEY (`layoutId`) REFERENCES `craft_fieldlayouts` (`id`) ON DELETE CASCADE;

--
-- Constraints for table `craft_fields`
--
ALTER TABLE `craft_fields`
	ADD CONSTRAINT `craft_fields_groupId_fk` FOREIGN KEY (`groupId`) REFERENCES `craft_fieldgroups` (`id`) ON DELETE CASCADE;

--
-- Constraints for table `craft_freeform_crm_fields`
--
ALTER TABLE `craft_freeform_crm_fields`
	ADD CONSTRAINT `craft_freeform_crm_fields_integrationId_fk` FOREIGN KEY (`integrationId`) REFERENCES `craft_freeform_integrations` (`id`) ON DELETE CASCADE;

--
-- Constraints for table `craft_freeform_fields`
--
ALTER TABLE `craft_freeform_fields`
	ADD CONSTRAINT `craft_freeform_fields_assetSourceId_fk` FOREIGN KEY (`assetSourceId`) REFERENCES `craft_assetsources` (`id`) ON DELETE SET NULL,
	ADD CONSTRAINT `craft_freeform_fields_notificationId_fk` FOREIGN KEY (`notificationId`) REFERENCES `craft_freeform_notifications` (`id`) ON DELETE SET NULL;

--
-- Constraints for table `craft_freeform_mailing_list_fields`
--
ALTER TABLE `craft_freeform_mailing_list_fields`
	ADD CONSTRAINT `craft_freeform_mailing_list_fields_mailingListId_fk` FOREIGN KEY (`mailingListId`) REFERENCES `craft_freeform_mailing_lists` (`id`) ON DELETE CASCADE;

--
-- Constraints for table `craft_freeform_mailing_lists`
--
ALTER TABLE `craft_freeform_mailing_lists`
	ADD CONSTRAINT `craft_freeform_mailing_lists_integrationId_fk` FOREIGN KEY (`integrationId`) REFERENCES `craft_freeform_integrations` (`id`) ON DELETE CASCADE;

--
-- Constraints for table `craft_freeform_submissions`
--
ALTER TABLE `craft_freeform_submissions`
	ADD CONSTRAINT `craft_freeform_submissions_formId_fk` FOREIGN KEY (`formId`) REFERENCES `craft_freeform_forms` (`id`) ON DELETE CASCADE,
	ADD CONSTRAINT `craft_freeform_submissions_id_fk` FOREIGN KEY (`id`) REFERENCES `craft_elements` (`id`) ON DELETE CASCADE,
	ADD CONSTRAINT `craft_freeform_submissions_statusId_fk` FOREIGN KEY (`statusId`) REFERENCES `craft_freeform_statuses` (`id`) ON DELETE SET NULL;

--
-- Constraints for table `craft_freeform_unfinalized_files`
--
ALTER TABLE `craft_freeform_unfinalized_files`
	ADD CONSTRAINT `craft_freeform_unfinalized_files_assetId_fk` FOREIGN KEY (`assetId`) REFERENCES `craft_assetfiles` (`id`) ON DELETE CASCADE;

--
-- Constraints for table `craft_globalsets`
--
ALTER TABLE `craft_globalsets`
	ADD CONSTRAINT `craft_globalsets_fieldLayoutId_fk` FOREIGN KEY (`fieldLayoutId`) REFERENCES `craft_fieldlayouts` (`id`) ON DELETE SET NULL,
	ADD CONSTRAINT `craft_globalsets_id_fk` FOREIGN KEY (`id`) REFERENCES `craft_elements` (`id`) ON DELETE CASCADE;

--
-- Constraints for table `craft_matrixblocks`
--
ALTER TABLE `craft_matrixblocks`
	ADD CONSTRAINT `craft_matrixblocks_fieldId_fk` FOREIGN KEY (`fieldId`) REFERENCES `craft_fields` (`id`) ON DELETE CASCADE,
	ADD CONSTRAINT `craft_matrixblocks_id_fk` FOREIGN KEY (`id`) REFERENCES `craft_elements` (`id`) ON DELETE CASCADE,
	ADD CONSTRAINT `craft_matrixblocks_ownerId_fk` FOREIGN KEY (`ownerId`) REFERENCES `craft_elements` (`id`) ON DELETE CASCADE,
	ADD CONSTRAINT `craft_matrixblocks_ownerLocale_fk` FOREIGN KEY (`ownerLocale`) REFERENCES `craft_locales` (`locale`) ON DELETE CASCADE ON UPDATE CASCADE,
	ADD CONSTRAINT `craft_matrixblocks_typeId_fk` FOREIGN KEY (`typeId`) REFERENCES `craft_matrixblocktypes` (`id`) ON DELETE CASCADE;

--
-- Constraints for table `craft_matrixblocktypes`
--
ALTER TABLE `craft_matrixblocktypes`
	ADD CONSTRAINT `craft_matrixblocktypes_fieldId_fk` FOREIGN KEY (`fieldId`) REFERENCES `craft_fields` (`id`) ON DELETE CASCADE,
	ADD CONSTRAINT `craft_matrixblocktypes_fieldLayoutId_fk` FOREIGN KEY (`fieldLayoutId`) REFERENCES `craft_fieldlayouts` (`id`) ON DELETE SET NULL;

--
-- Constraints for table `craft_matrixcontent_components`
--
ALTER TABLE `craft_matrixcontent_components`
	ADD CONSTRAINT `craft_matrixcontent_components_elementId_fk` FOREIGN KEY (`elementId`) REFERENCES `craft_elements` (`id`) ON DELETE CASCADE,
	ADD CONSTRAINT `craft_matrixcontent_components_locale_fk` FOREIGN KEY (`locale`) REFERENCES `craft_locales` (`locale`) ON DELETE CASCADE ON UPDATE CASCADE;

--
-- Constraints for table `craft_matrixcontent_roles`
--
ALTER TABLE `craft_matrixcontent_roles`
	ADD CONSTRAINT `craft_matrixcontent_roles_elementId_fk` FOREIGN KEY (`elementId`) REFERENCES `craft_elements` (`id`) ON DELETE CASCADE,
	ADD CONSTRAINT `craft_matrixcontent_roles_locale_fk` FOREIGN KEY (`locale`) REFERENCES `craft_locales` (`locale`) ON DELETE CASCADE ON UPDATE CASCADE;

--
-- Constraints for table `craft_matrixcontent_sociallinks`
--
ALTER TABLE `craft_matrixcontent_sociallinks`
	ADD CONSTRAINT `craft_matrixcontent_sociallinks_elementId_fk` FOREIGN KEY (`elementId`) REFERENCES `craft_elements` (`id`) ON DELETE CASCADE,
	ADD CONSTRAINT `craft_matrixcontent_sociallinks_locale_fk` FOREIGN KEY (`locale`) REFERENCES `craft_locales` (`locale`) ON DELETE CASCADE ON UPDATE CASCADE;

--
-- Constraints for table `craft_matrixcontent_value`
--
ALTER TABLE `craft_matrixcontent_value`
	ADD CONSTRAINT `craft_matrixcontent_value_elementId_fk` FOREIGN KEY (`elementId`) REFERENCES `craft_elements` (`id`) ON DELETE CASCADE,
	ADD CONSTRAINT `craft_matrixcontent_value_locale_fk` FOREIGN KEY (`locale`) REFERENCES `craft_locales` (`locale`) ON DELETE CASCADE ON UPDATE CASCADE;

--
-- Constraints for table `craft_migrations`
--
ALTER TABLE `craft_migrations`
	ADD CONSTRAINT `craft_migrations_pluginId_fk` FOREIGN KEY (`pluginId`) REFERENCES `craft_plugins` (`id`) ON DELETE CASCADE;

--
-- Constraints for table `craft_navee_navigations`
--
ALTER TABLE `craft_navee_navigations`
	ADD CONSTRAINT `craft_navee_navigations_creatorId_fk` FOREIGN KEY (`creatorId`) REFERENCES `craft_users` (`id`) ON DELETE SET NULL,
	ADD CONSTRAINT `craft_navee_navigations_fieldLayoutId_fk` FOREIGN KEY (`fieldLayoutId`) REFERENCES `craft_fieldlayouts` (`id`) ON DELETE SET NULL;

--
-- Constraints for table `craft_navee_nodes`
--
ALTER TABLE `craft_navee_nodes`
	ADD CONSTRAINT `craft_navee_nodes_id_fk` FOREIGN KEY (`id`) REFERENCES `craft_elements` (`id`) ON DELETE CASCADE,
	ADD CONSTRAINT `craft_navee_nodes_navigationId_fk` FOREIGN KEY (`navigationId`) REFERENCES `craft_navee_navigations` (`id`) ON DELETE CASCADE;

--
-- Constraints for table `craft_relations`
--
ALTER TABLE `craft_relations`
	ADD CONSTRAINT `craft_relations_fieldId_fk` FOREIGN KEY (`fieldId`) REFERENCES `craft_fields` (`id`) ON DELETE CASCADE,
	ADD CONSTRAINT `craft_relations_sourceId_fk` FOREIGN KEY (`sourceId`) REFERENCES `craft_elements` (`id`) ON DELETE CASCADE,
	ADD CONSTRAINT `craft_relations_sourceLocale_fk` FOREIGN KEY (`sourceLocale`) REFERENCES `craft_locales` (`locale`) ON DELETE CASCADE ON UPDATE CASCADE,
	ADD CONSTRAINT `craft_relations_targetId_fk` FOREIGN KEY (`targetId`) REFERENCES `craft_elements` (`id`) ON DELETE CASCADE;

--
-- Constraints for table `craft_routes`
--
ALTER TABLE `craft_routes`
	ADD CONSTRAINT `craft_routes_locale_fk` FOREIGN KEY (`locale`) REFERENCES `craft_locales` (`locale`) ON DELETE CASCADE ON UPDATE CASCADE;

--
-- Constraints for table `craft_sections`
--
ALTER TABLE `craft_sections`
	ADD CONSTRAINT `craft_sections_structureId_fk` FOREIGN KEY (`structureId`) REFERENCES `craft_structures` (`id`) ON DELETE SET NULL;

--
-- Constraints for table `craft_sections_i18n`
--
ALTER TABLE `craft_sections_i18n`
	ADD CONSTRAINT `craft_sections_i18n_locale_fk` FOREIGN KEY (`locale`) REFERENCES `craft_locales` (`locale`) ON DELETE CASCADE ON UPDATE CASCADE,
	ADD CONSTRAINT `craft_sections_i18n_sectionId_fk` FOREIGN KEY (`sectionId`) REFERENCES `craft_sections` (`id`) ON DELETE CASCADE;

--
-- Constraints for table `craft_seomatic_meta`
--
ALTER TABLE `craft_seomatic_meta`
	ADD CONSTRAINT `craft_seomatic_meta_id_fk` FOREIGN KEY (`id`) REFERENCES `craft_elements` (`id`) ON DELETE CASCADE,
	ADD CONSTRAINT `craft_seomatic_meta_seoFacebookImageId_fk` FOREIGN KEY (`seoFacebookImageId`) REFERENCES `craft_assetfiles` (`id`) ON DELETE SET NULL,
	ADD CONSTRAINT `craft_seomatic_meta_seoImageId_fk` FOREIGN KEY (`seoImageId`) REFERENCES `craft_assetfiles` (`id`) ON DELETE SET NULL,
	ADD CONSTRAINT `craft_seomatic_meta_seoTwitterImageId_fk` FOREIGN KEY (`seoTwitterImageId`) REFERENCES `craft_assetfiles` (`id`) ON DELETE SET NULL;

--
-- Constraints for table `craft_seomatic_settings`
--
ALTER TABLE `craft_seomatic_settings`
	ADD CONSTRAINT `craft_seomatic_settings_genericCreatorImageId_fk` FOREIGN KEY (`genericCreatorImageId`) REFERENCES `craft_assetfiles` (`id`) ON DELETE SET NULL,
	ADD CONSTRAINT `craft_seomatic_settings_genericOwnerImageId_fk` FOREIGN KEY (`genericOwnerImageId`) REFERENCES `craft_assetfiles` (`id`) ON DELETE SET NULL,
	ADD CONSTRAINT `craft_seomatic_settings_siteSeoFacebookImageId_fk` FOREIGN KEY (`siteSeoFacebookImageId`) REFERENCES `craft_assetfiles` (`id`) ON DELETE SET NULL,
	ADD CONSTRAINT `craft_seomatic_settings_siteSeoImageId_fk` FOREIGN KEY (`siteSeoImageId`) REFERENCES `craft_assetfiles` (`id`) ON DELETE SET NULL,
	ADD CONSTRAINT `craft_seomatic_settings_siteSeoTwitterImageId_fk` FOREIGN KEY (`siteSeoTwitterImageId`) REFERENCES `craft_assetfiles` (`id`) ON DELETE SET NULL;

--
-- Constraints for table `craft_sessions`
--
ALTER TABLE `craft_sessions`
	ADD CONSTRAINT `craft_sessions_userId_fk` FOREIGN KEY (`userId`) REFERENCES `craft_users` (`id`) ON DELETE CASCADE;

--
-- Constraints for table `craft_shunnedmessages`
--
ALTER TABLE `craft_shunnedmessages`
	ADD CONSTRAINT `craft_shunnedmessages_userId_fk` FOREIGN KEY (`userId`) REFERENCES `craft_users` (`id`) ON DELETE CASCADE;

--
-- Constraints for table `craft_structureelements`
--
ALTER TABLE `craft_structureelements`
	ADD CONSTRAINT `craft_structureelements_elementId_fk` FOREIGN KEY (`elementId`) REFERENCES `craft_elements` (`id`) ON DELETE CASCADE,
	ADD CONSTRAINT `craft_structureelements_structureId_fk` FOREIGN KEY (`structureId`) REFERENCES `craft_structures` (`id`) ON DELETE CASCADE;

--
-- Constraints for table `craft_supertableblocks`
--
ALTER TABLE `craft_supertableblocks`
	ADD CONSTRAINT `craft_supertableblocks_fieldId_fk` FOREIGN KEY (`fieldId`) REFERENCES `craft_fields` (`id`) ON DELETE CASCADE,
	ADD CONSTRAINT `craft_supertableblocks_id_fk` FOREIGN KEY (`id`) REFERENCES `craft_elements` (`id`) ON DELETE CASCADE,
	ADD CONSTRAINT `craft_supertableblocks_ownerId_fk` FOREIGN KEY (`ownerId`) REFERENCES `craft_elements` (`id`) ON DELETE CASCADE,
	ADD CONSTRAINT `craft_supertableblocks_ownerLocale_fk` FOREIGN KEY (`ownerLocale`) REFERENCES `craft_locales` (`locale`) ON DELETE CASCADE ON UPDATE CASCADE,
	ADD CONSTRAINT `craft_supertableblocks_typeId_fk` FOREIGN KEY (`typeId`) REFERENCES `craft_supertableblocktypes` (`id`) ON DELETE CASCADE;

--
-- Constraints for table `craft_supertableblocktypes`
--
ALTER TABLE `craft_supertableblocktypes`
	ADD CONSTRAINT `craft_supertableblocktypes_fieldId_fk` FOREIGN KEY (`fieldId`) REFERENCES `craft_fields` (`id`) ON DELETE CASCADE,
	ADD CONSTRAINT `craft_supertableblocktypes_fieldLayoutId_fk` FOREIGN KEY (`fieldLayoutId`) REFERENCES `craft_fieldlayouts` (`id`) ON DELETE SET NULL;

--
-- Constraints for table `craft_supertablecontent_12_list`
--
ALTER TABLE `craft_supertablecontent_12_list`
	ADD CONSTRAINT `craft_supertablecontent_12_list_elementId_fk` FOREIGN KEY (`elementId`) REFERENCES `craft_elements` (`id`) ON DELETE CASCADE,
	ADD CONSTRAINT `craft_supertablecontent_12_list_locale_fk` FOREIGN KEY (`locale`) REFERENCES `craft_locales` (`locale`) ON DELETE CASCADE ON UPDATE CASCADE;

--
-- Constraints for table `craft_supertablecontent_14_list`
--
ALTER TABLE `craft_supertablecontent_14_list`
	ADD CONSTRAINT `craft_supertablecontent_14_list_elementId_fk` FOREIGN KEY (`elementId`) REFERENCES `craft_elements` (`id`) ON DELETE CASCADE,
	ADD CONSTRAINT `craft_supertablecontent_14_list_locale_fk` FOREIGN KEY (`locale`) REFERENCES `craft_locales` (`locale`) ON DELETE CASCADE ON UPDATE CASCADE;

--
-- Constraints for table `craft_supertablecontent_15_list`
--
ALTER TABLE `craft_supertablecontent_15_list`
	ADD CONSTRAINT `craft_supertablecontent_15_list_elementId_fk` FOREIGN KEY (`elementId`) REFERENCES `craft_elements` (`id`) ON DELETE CASCADE,
	ADD CONSTRAINT `craft_supertablecontent_15_list_locale_fk` FOREIGN KEY (`locale`) REFERENCES `craft_locales` (`locale`) ON DELETE CASCADE ON UPDATE CASCADE;

--
-- Constraints for table `craft_supertablecontent_17_resources`
--
ALTER TABLE `craft_supertablecontent_17_resources`
	ADD CONSTRAINT `craft_supertablecontent_17_resources_elementId_fk` FOREIGN KEY (`elementId`) REFERENCES `craft_elements` (`id`) ON DELETE CASCADE,
	ADD CONSTRAINT `craft_supertablecontent_17_resources_locale_fk` FOREIGN KEY (`locale`) REFERENCES `craft_locales` (`locale`) ON DELETE CASCADE ON UPDATE CASCADE;

--
-- Constraints for table `craft_supertablecontent_18_highlights`
--
ALTER TABLE `craft_supertablecontent_18_highlights`
	ADD CONSTRAINT `craft_supertablecontent_18_highlights_elementId_fk` FOREIGN KEY (`elementId`) REFERENCES `craft_elements` (`id`) ON DELETE CASCADE,
	ADD CONSTRAINT `craft_supertablecontent_18_highlights_locale_fk` FOREIGN KEY (`locale`) REFERENCES `craft_locales` (`locale`) ON DELETE CASCADE ON UPDATE CASCADE;

--
-- Constraints for table `craft_supertablecontent_19_clients`
--
ALTER TABLE `craft_supertablecontent_19_clients`
	ADD CONSTRAINT `craft_supertablecontent_19_clients_elementId_fk` FOREIGN KEY (`elementId`) REFERENCES `craft_elements` (`id`) ON DELETE CASCADE,
	ADD CONSTRAINT `craft_supertablecontent_19_clients_locale_fk` FOREIGN KEY (`locale`) REFERENCES `craft_locales` (`locale`) ON DELETE CASCADE ON UPDATE CASCADE;

--
-- Constraints for table `craft_supertablecontent_1_image`
--
ALTER TABLE `craft_supertablecontent_1_image`
	ADD CONSTRAINT `craft_supertablecontent_1_image_elementId_fk` FOREIGN KEY (`elementId`) REFERENCES `craft_elements` (`id`) ON DELETE CASCADE,
	ADD CONSTRAINT `craft_supertablecontent_1_image_locale_fk` FOREIGN KEY (`locale`) REFERENCES `craft_locales` (`locale`) ON DELETE CASCADE ON UPDATE CASCADE;

--
-- Constraints for table `craft_supertablecontent_20_bulletlist`
--
ALTER TABLE `craft_supertablecontent_20_bulletlist`
	ADD CONSTRAINT `craft_supertablecontent_20_bulletlist_elementId_fk` FOREIGN KEY (`elementId`) REFERENCES `craft_elements` (`id`) ON DELETE CASCADE,
	ADD CONSTRAINT `craft_supertablecontent_20_bulletlist_locale_fk` FOREIGN KEY (`locale`) REFERENCES `craft_locales` (`locale`) ON DELETE CASCADE ON UPDATE CASCADE;

--
-- Constraints for table `craft_supertablecontent_20_logolist`
--
ALTER TABLE `craft_supertablecontent_20_logolist`
	ADD CONSTRAINT `craft_supertablecontent_20_logolist_elementId_fk` FOREIGN KEY (`elementId`) REFERENCES `craft_elements` (`id`) ON DELETE CASCADE,
	ADD CONSTRAINT `craft_supertablecontent_20_logolist_locale_fk` FOREIGN KEY (`locale`) REFERENCES `craft_locales` (`locale`) ON DELETE CASCADE ON UPDATE CASCADE;

--
-- Constraints for table `craft_supertablecontent_23_benefit`
--
ALTER TABLE `craft_supertablecontent_23_benefit`
	ADD CONSTRAINT `craft_supertablecontent_23_benefit_elementId_fk` FOREIGN KEY (`elementId`) REFERENCES `craft_elements` (`id`) ON DELETE CASCADE,
	ADD CONSTRAINT `craft_supertablecontent_23_benefit_locale_fk` FOREIGN KEY (`locale`) REFERENCES `craft_locales` (`locale`) ON DELETE CASCADE ON UPDATE CASCADE;

--
-- Constraints for table `craft_supertablecontent_27_listings`
--
ALTER TABLE `craft_supertablecontent_27_listings`
	ADD CONSTRAINT `craft_supertablecontent_27_listings_elementId_fk` FOREIGN KEY (`elementId`) REFERENCES `craft_elements` (`id`) ON DELETE CASCADE,
	ADD CONSTRAINT `craft_supertablecontent_27_listings_locale_fk` FOREIGN KEY (`locale`) REFERENCES `craft_locales` (`locale`) ON DELETE CASCADE ON UPDATE CASCADE;

--
-- Constraints for table `craft_supertablecontent_2_gallery`
--
ALTER TABLE `craft_supertablecontent_2_gallery`
	ADD CONSTRAINT `craft_supertablecontent_2_gallery_elementId_fk` FOREIGN KEY (`elementId`) REFERENCES `craft_elements` (`id`) ON DELETE CASCADE,
	ADD CONSTRAINT `craft_supertablecontent_2_gallery_locale_fk` FOREIGN KEY (`locale`) REFERENCES `craft_locales` (`locale`) ON DELETE CASCADE ON UPDATE CASCADE;

--
-- Constraints for table `craft_supertablecontent_3_projectcard`
--
ALTER TABLE `craft_supertablecontent_3_projectcard`
	ADD CONSTRAINT `craft_supertablecontent_3_projectcard_elementId_fk` FOREIGN KEY (`elementId`) REFERENCES `craft_elements` (`id`) ON DELETE CASCADE,
	ADD CONSTRAINT `craft_supertablecontent_3_projectcard_locale_fk` FOREIGN KEY (`locale`) REFERENCES `craft_locales` (`locale`) ON DELETE CASCADE ON UPDATE CASCADE;

--
-- Constraints for table `craft_supertablecontent_6_footer`
--
ALTER TABLE `craft_supertablecontent_6_footer`
	ADD CONSTRAINT `craft_supertablecontent_6_footer_elementId_fk` FOREIGN KEY (`elementId`) REFERENCES `craft_elements` (`id`) ON DELETE CASCADE,
	ADD CONSTRAINT `craft_supertablecontent_6_footer_locale_fk` FOREIGN KEY (`locale`) REFERENCES `craft_locales` (`locale`) ON DELETE CASCADE ON UPDATE CASCADE;

--
-- Constraints for table `craft_supertablecontent_6_internshipcard`
--
ALTER TABLE `craft_supertablecontent_6_internshipcard`
	ADD CONSTRAINT `craft_supertablecontent_6_internshipcard_elementId_fk` FOREIGN KEY (`elementId`) REFERENCES `craft_elements` (`id`) ON DELETE CASCADE,
	ADD CONSTRAINT `craft_supertablecontent_6_internshipcard_locale_fk` FOREIGN KEY (`locale`) REFERENCES `craft_locales` (`locale`) ON DELETE CASCADE ON UPDATE CASCADE;

--
-- Constraints for table `craft_supertablecontent_communityinvolvement`
--
ALTER TABLE `craft_supertablecontent_communityinvolvement`
	ADD CONSTRAINT `craft_supertablecontent_communityinvolvement_elementId_fk` FOREIGN KEY (`elementId`) REFERENCES `craft_elements` (`id`) ON DELETE CASCADE,
	ADD CONSTRAINT `craft_supertablecontent_communityinvolvement_locale_fk` FOREIGN KEY (`locale`) REFERENCES `craft_locales` (`locale`) ON DELETE CASCADE ON UPDATE CASCADE;

--
-- Constraints for table `craft_supertablecontent_sociallinks`
--
ALTER TABLE `craft_supertablecontent_sociallinks`
	ADD CONSTRAINT `craft_supertablecontent_sociallinks_elementId_fk` FOREIGN KEY (`elementId`) REFERENCES `craft_elements` (`id`) ON DELETE CASCADE,
	ADD CONSTRAINT `craft_supertablecontent_sociallinks_locale_fk` FOREIGN KEY (`locale`) REFERENCES `craft_locales` (`locale`) ON DELETE CASCADE ON UPDATE CASCADE;

--
-- Constraints for table `craft_taggroups`
--
ALTER TABLE `craft_taggroups`
	ADD CONSTRAINT `craft_taggroups_fieldLayoutId_fk` FOREIGN KEY (`fieldLayoutId`) REFERENCES `craft_fieldlayouts` (`id`) ON DELETE SET NULL;

--
-- Constraints for table `craft_tags`
--
ALTER TABLE `craft_tags`
	ADD CONSTRAINT `craft_tags_groupId_fk` FOREIGN KEY (`groupId`) REFERENCES `craft_taggroups` (`id`) ON DELETE CASCADE,
	ADD CONSTRAINT `craft_tags_id_fk` FOREIGN KEY (`id`) REFERENCES `craft_elements` (`id`) ON DELETE CASCADE;

--
-- Constraints for table `craft_templatecachecriteria`
--
ALTER TABLE `craft_templatecachecriteria`
	ADD CONSTRAINT `craft_templatecachecriteria_cacheId_fk` FOREIGN KEY (`cacheId`) REFERENCES `craft_templatecaches` (`id`) ON DELETE CASCADE;

--
-- Constraints for table `craft_templatecacheelements`
--
ALTER TABLE `craft_templatecacheelements`
	ADD CONSTRAINT `craft_templatecacheelements_cacheId_fk` FOREIGN KEY (`cacheId`) REFERENCES `craft_templatecaches` (`id`) ON DELETE CASCADE,
	ADD CONSTRAINT `craft_templatecacheelements_elementId_fk` FOREIGN KEY (`elementId`) REFERENCES `craft_elements` (`id`) ON DELETE CASCADE;

--
-- Constraints for table `craft_templatecaches`
--
ALTER TABLE `craft_templatecaches`
	ADD CONSTRAINT `craft_templatecaches_locale_fk` FOREIGN KEY (`locale`) REFERENCES `craft_locales` (`locale`) ON DELETE CASCADE ON UPDATE CASCADE;

--
-- Constraints for table `craft_usergroups_users`
--
ALTER TABLE `craft_usergroups_users`
	ADD CONSTRAINT `craft_usergroups_users_groupId_fk` FOREIGN KEY (`groupId`) REFERENCES `craft_usergroups` (`id`) ON DELETE CASCADE,
	ADD CONSTRAINT `craft_usergroups_users_userId_fk` FOREIGN KEY (`userId`) REFERENCES `craft_users` (`id`) ON DELETE CASCADE;

--
-- Constraints for table `craft_userpermissions_usergroups`
--
ALTER TABLE `craft_userpermissions_usergroups`
	ADD CONSTRAINT `craft_userpermissions_usergroups_groupId_fk` FOREIGN KEY (`groupId`) REFERENCES `craft_usergroups` (`id`) ON DELETE CASCADE,
	ADD CONSTRAINT `craft_userpermissions_usergroups_permissionId_fk` FOREIGN KEY (`permissionId`) REFERENCES `craft_userpermissions` (`id`) ON DELETE CASCADE;

--
-- Constraints for table `craft_userpermissions_users`
--
ALTER TABLE `craft_userpermissions_users`
	ADD CONSTRAINT `craft_userpermissions_users_permissionId_fk` FOREIGN KEY (`permissionId`) REFERENCES `craft_userpermissions` (`id`) ON DELETE CASCADE,
	ADD CONSTRAINT `craft_userpermissions_users_userId_fk` FOREIGN KEY (`userId`) REFERENCES `craft_users` (`id`) ON DELETE CASCADE;

--
-- Constraints for table `craft_users`
--
ALTER TABLE `craft_users`
	ADD CONSTRAINT `craft_users_id_fk` FOREIGN KEY (`id`) REFERENCES `craft_elements` (`id`) ON DELETE CASCADE,
	ADD CONSTRAINT `craft_users_preferredLocale_fk` FOREIGN KEY (`preferredLocale`) REFERENCES `craft_locales` (`locale`) ON DELETE SET NULL ON UPDATE CASCADE;

--
-- Constraints for table `craft_widgets`
--
ALTER TABLE `craft_widgets`
	ADD CONSTRAINT `craft_widgets_userId_fk` FOREIGN KEY (`userId`) REFERENCES `craft_users` (`id`) ON DELETE CASCADE;

SET FOREIGN_KEY_CHECKS = 1;
