-- Generated by Craft v2.6.2982 on Jun 12, 2017, 8:07:36 PM.

--
-- Disable foreign key checks and autocommit.
--

SET FOREIGN_KEY_CHECKS = 0;
SET SQL_MODE = "NO_AUTO_VALUE_ON_ZERO";
SET AUTOCOMMIT = 0;
SET NAMES utf8;


DROP TABLE IF EXISTS `craft_assetfiles`;


--
-- Schema for table `craft_assetfiles`
--
CREATE TABLE `craft_assetfiles` (
  `id` int(11) NOT NULL,
  `sourceId` int(11) DEFAULT NULL,
  `folderId` int(11) NOT NULL,
  `filename` varchar(255) COLLATE utf8_unicode_ci NOT NULL,
  `kind` varchar(50) COLLATE utf8_unicode_ci NOT NULL DEFAULT 'unknown',
  `width` int(11) unsigned DEFAULT NULL,
  `height` int(11) unsigned DEFAULT NULL,
  `size` bigint(20) unsigned DEFAULT NULL,
  `dateModified` datetime DEFAULT NULL,
  `dateCreated` datetime NOT NULL,
  `dateUpdated` datetime NOT NULL,
  `uid` char(36) COLLATE utf8_unicode_ci NOT NULL DEFAULT '0',
  PRIMARY KEY (`id`),
  UNIQUE KEY `craft_assetfiles_filename_folderId_unq_idx` (`filename`,`folderId`),
  KEY `craft_assetfiles_sourceId_fk` (`sourceId`),
  KEY `craft_assetfiles_folderId_fk` (`folderId`)
) ENGINE=InnoDB DEFAULT CHARSET=utf8 COLLATE=utf8_unicode_ci;

DROP TABLE IF EXISTS `craft_assetfolders`;


--
-- Schema for table `craft_assetfolders`
--
CREATE TABLE `craft_assetfolders` (
  `id` int(11) NOT NULL AUTO_INCREMENT,
  `parentId` int(11) DEFAULT NULL,
  `sourceId` int(11) DEFAULT NULL,
  `name` varchar(255) COLLATE utf8_unicode_ci NOT NULL,
  `path` varchar(255) COLLATE utf8_unicode_ci DEFAULT NULL,
  `dateCreated` datetime NOT NULL,
  `dateUpdated` datetime NOT NULL,
  `uid` char(36) COLLATE utf8_unicode_ci NOT NULL DEFAULT '0',
  PRIMARY KEY (`id`),
  UNIQUE KEY `craft_assetfolders_name_parentId_sourceId_unq_idx` (`name`,`parentId`,`sourceId`),
  KEY `craft_assetfolders_parentId_fk` (`parentId`),
  KEY `craft_assetfolders_sourceId_fk` (`sourceId`)
) ENGINE=InnoDB AUTO_INCREMENT=3 DEFAULT CHARSET=utf8 COLLATE=utf8_unicode_ci;

--
-- Data for table `craft_assetfolders`
--

INSERT INTO `craft_assetfolders` (`id`, `parentId`, `sourceId`, `name`, `path`, `dateCreated`, `dateUpdated`, `uid`) VALUES
 ('1', NULL, '1', 'Video Gallery', '', '2017-06-12 20:00:29', '2017-06-12 20:01:04', '7ea37e55-3820-4f1f-b831-1fd06f0d8d62'),
 ('2', NULL, '2', 'Mastheads', '', '2017-06-12 20:03:34', '2017-06-12 20:03:34', 'e90f19ea-7242-4522-9d50-ed204ff03551');



DROP TABLE IF EXISTS `craft_assetindexdata`;


--
-- Schema for table `craft_assetindexdata`
--
CREATE TABLE `craft_assetindexdata` (
  `id` int(11) NOT NULL AUTO_INCREMENT,
  `sessionId` varchar(36) COLLATE utf8_unicode_ci NOT NULL DEFAULT '',
  `sourceId` int(10) NOT NULL,
  `offset` int(10) NOT NULL,
  `uri` varchar(255) COLLATE utf8_unicode_ci DEFAULT NULL,
  `size` varchar(255) COLLATE utf8_unicode_ci DEFAULT NULL,
  `recordId` int(10) DEFAULT NULL,
  `dateCreated` datetime NOT NULL,
  `dateUpdated` datetime NOT NULL,
  `uid` char(36) COLLATE utf8_unicode_ci NOT NULL DEFAULT '0',
  PRIMARY KEY (`id`),
  UNIQUE KEY `craft_assetindexdata_sessionId_sourceId_offset_unq_idx` (`sessionId`,`sourceId`,`offset`),
  KEY `craft_assetindexdata_sourceId_fk` (`sourceId`)
) ENGINE=InnoDB DEFAULT CHARSET=utf8 COLLATE=utf8_unicode_ci;

DROP TABLE IF EXISTS `craft_assetsources`;


--
-- Schema for table `craft_assetsources`
--
CREATE TABLE `craft_assetsources` (
  `id` int(11) NOT NULL AUTO_INCREMENT,
  `name` varchar(255) COLLATE utf8_unicode_ci NOT NULL,
  `handle` varchar(255) COLLATE utf8_unicode_ci NOT NULL,
  `type` varchar(150) COLLATE utf8_unicode_ci NOT NULL,
  `settings` text COLLATE utf8_unicode_ci,
  `sortOrder` smallint(6) unsigned DEFAULT NULL,
  `fieldLayoutId` int(10) DEFAULT NULL,
  `dateCreated` datetime NOT NULL,
  `dateUpdated` datetime NOT NULL,
  `uid` char(36) COLLATE utf8_unicode_ci NOT NULL DEFAULT '0',
  PRIMARY KEY (`id`),
  UNIQUE KEY `craft_assetsources_name_unq_idx` (`name`),
  UNIQUE KEY `craft_assetsources_handle_unq_idx` (`handle`),
  KEY `craft_assetsources_fieldLayoutId_fk` (`fieldLayoutId`)
) ENGINE=InnoDB AUTO_INCREMENT=3 DEFAULT CHARSET=utf8 COLLATE=utf8_unicode_ci;

--
-- Data for table `craft_assetsources`
--

INSERT INTO `craft_assetsources` (`id`, `name`, `handle`, `type`, `settings`, `sortOrder`, `fieldLayoutId`, `dateCreated`, `dateUpdated`, `uid`) VALUES
 ('1', 'Video Gallery', 'videoGallery', 'Local', '{\"path\":\"\\/Users\\/ads1018\\/Sites\\/mmi\\/public\\/uploads\\/videoGallery\\/\",\"publicURLs\":\"1\",\"url\":\"http:\\/\\/mmi.ads.dsdev\\/uploads\\/videoGallery\\/\"}', '1', '48', '2017-06-12 20:00:29', '2017-06-12 20:04:24', '6467022a-82f5-456f-be8e-6856566be579'),
 ('2', 'Mastheads', 'mastheads', 'Local', '{\"path\":\"\\/Users\\/ads1018\\/Sites\\/mmi\\/public\\/uploads\\/mastheads\\/\",\"publicURLs\":\"1\",\"url\":\"http:\\/\\/mmi.ads.dsdev\\/uploads\\/mastheads\\/\"}', '2', '49', '2017-06-12 20:03:34', '2017-06-12 20:04:40', 'd47ee864-e653-405d-b1c5-b5468b182a7c');



DROP TABLE IF EXISTS `craft_assettransformindex`;


--
-- Schema for table `craft_assettransformindex`
--
CREATE TABLE `craft_assettransformindex` (
  `id` int(11) NOT NULL AUTO_INCREMENT,
  `fileId` int(11) NOT NULL,
  `filename` varchar(255) COLLATE utf8_unicode_ci DEFAULT NULL,
  `format` varchar(255) COLLATE utf8_unicode_ci DEFAULT NULL,
  `location` varchar(255) COLLATE utf8_unicode_ci NOT NULL,
  `sourceId` int(11) DEFAULT NULL,
  `fileExists` tinyint(1) DEFAULT NULL,
  `inProgress` tinyint(1) DEFAULT NULL,
  `dateIndexed` datetime DEFAULT NULL,
  `dateCreated` datetime NOT NULL,
  `dateUpdated` datetime NOT NULL,
  `uid` char(36) COLLATE utf8_unicode_ci NOT NULL DEFAULT '0',
  PRIMARY KEY (`id`),
  KEY `craft_assettransformindex_sourceId_fileId_location_idx` (`sourceId`,`fileId`,`location`)
) ENGINE=InnoDB DEFAULT CHARSET=utf8 COLLATE=utf8_unicode_ci;

DROP TABLE IF EXISTS `craft_assettransforms`;


--
-- Schema for table `craft_assettransforms`
--
CREATE TABLE `craft_assettransforms` (
  `id` int(11) NOT NULL AUTO_INCREMENT,
  `name` varchar(255) COLLATE utf8_unicode_ci NOT NULL,
  `handle` varchar(255) COLLATE utf8_unicode_ci NOT NULL,
  `mode` enum('stretch','fit','crop') COLLATE utf8_unicode_ci NOT NULL DEFAULT 'crop',
  `position` enum('top-left','top-center','top-right','center-left','center-center','center-right','bottom-left','bottom-center','bottom-right') COLLATE utf8_unicode_ci NOT NULL DEFAULT 'center-center',
  `height` int(10) DEFAULT NULL,
  `width` int(10) DEFAULT NULL,
  `format` varchar(255) COLLATE utf8_unicode_ci DEFAULT NULL,
  `quality` int(10) DEFAULT NULL,
  `dimensionChangeTime` datetime DEFAULT NULL,
  `dateCreated` datetime NOT NULL,
  `dateUpdated` datetime NOT NULL,
  `uid` char(36) COLLATE utf8_unicode_ci NOT NULL DEFAULT '0',
  PRIMARY KEY (`id`),
  UNIQUE KEY `craft_assettransforms_name_unq_idx` (`name`),
  UNIQUE KEY `craft_assettransforms_handle_unq_idx` (`handle`)
) ENGINE=InnoDB DEFAULT CHARSET=utf8 COLLATE=utf8_unicode_ci;

DROP TABLE IF EXISTS `craft_categories`;


--
-- Schema for table `craft_categories`
--
CREATE TABLE `craft_categories` (
  `id` int(11) NOT NULL,
  `groupId` int(11) NOT NULL,
  `dateCreated` datetime NOT NULL,
  `dateUpdated` datetime NOT NULL,
  `uid` char(36) COLLATE utf8_unicode_ci NOT NULL DEFAULT '0',
  PRIMARY KEY (`id`),
  KEY `craft_categories_groupId_fk` (`groupId`)
) ENGINE=InnoDB DEFAULT CHARSET=utf8 COLLATE=utf8_unicode_ci;

--
-- Data for table `craft_categories`
--

INSERT INTO `craft_categories` (`id`, `groupId`, `dateCreated`, `dateUpdated`, `uid`) VALUES
 ('4', '2', '2017-06-09 19:41:56', '2017-06-09 19:41:56', 'cb567f8d-bba2-4902-8399-38bdd129cb1a'),
 ('5', '2', '2017-06-09 19:42:28', '2017-06-09 19:42:28', 'b2b48ac6-017d-41f1-9198-c9ed7a6ac2a7'),
 ('6', '2', '2017-06-09 19:44:01', '2017-06-09 19:44:12', '81b0302b-8f97-4e78-8b8d-5d13846f2333'),
 ('7', '2', '2017-06-09 19:44:22', '2017-06-09 19:44:22', '28a34611-9f85-414e-83ef-17ef641a9d41'),
 ('8', '2', '2017-06-09 19:44:31', '2017-06-09 19:44:31', '3ae8ed08-a76a-4abc-b9a0-4cd67af9e328'),
 ('9', '2', '2017-06-09 19:44:43', '2017-06-09 19:44:43', '47d8cf01-a8d8-4e5b-a447-559fa68e642b'),
 ('10', '2', '2017-06-09 19:44:53', '2017-06-09 19:44:53', '2efb2854-2892-46cc-a199-42881c04dd37'),
 ('11', '2', '2017-06-09 19:45:00', '2017-06-09 19:45:00', '186f0642-2f26-434c-9b7a-7c1d85d7e365'),
 ('12', '2', '2017-06-09 19:45:26', '2017-06-09 19:45:26', '8b99dee9-218c-4edb-bfe7-ff24df751fe4'),
 ('13', '2', '2017-06-09 19:45:41', '2017-06-09 19:46:16', '3f5bbda1-3189-4487-bd43-e317278bd395'),
 ('14', '2', '2017-06-09 19:46:01', '2017-06-09 19:46:01', 'c7286541-ed4b-40fe-b79e-1be0548fd6fe'),
 ('15', '2', '2017-06-09 19:46:38', '2017-06-09 19:46:38', 'f7ef7147-d198-4055-afea-16cb5cf97b3b'),
 ('16', '2', '2017-06-09 19:47:07', '2017-06-09 19:47:17', 'efbb06a0-ac48-4f18-90e3-5fc912bd1ed7'),
 ('17', '2', '2017-06-09 19:47:22', '2017-06-09 19:47:22', '52ec0e5e-eb8c-4c49-a7d6-f10257937df4'),
 ('18', '2', '2017-06-09 19:47:32', '2017-06-09 19:47:40', '9a2e19f5-5aba-41ed-a0db-29a7adb3e41f'),
 ('19', '2', '2017-06-09 19:47:46', '2017-06-09 19:47:46', '58e2c6e0-ce95-4480-994d-90addae4785f'),
 ('20', '1', '2017-06-09 19:48:11', '2017-06-09 19:48:17', '5ff66d1a-b72c-4460-b16a-40f792396570'),
 ('21', '1', '2017-06-09 19:48:22', '2017-06-09 19:48:27', 'f58916e3-e337-45d7-8498-a43a18ecbd9b'),
 ('22', '1', '2017-06-09 19:48:34', '2017-06-09 19:49:14', 'ee063fc3-3259-45bc-a184-a2635b9257f0'),
 ('23', '1', '2017-06-09 19:48:55', '2017-06-09 19:48:55', 'c6a532d7-4963-48d6-860a-9eee73034677'),
 ('24', '1', '2017-06-09 19:49:34', '2017-06-09 19:49:39', '4ee9e7e5-d08e-4e43-b96c-24ac85d523b2'),
 ('25', '1', '2017-06-09 19:49:43', '2017-06-09 19:49:43', '3ece77d4-61de-404a-b774-0e83ab00ba04');



DROP TABLE IF EXISTS `craft_categorygroups`;


--
-- Schema for table `craft_categorygroups`
--
CREATE TABLE `craft_categorygroups` (
  `id` int(11) NOT NULL AUTO_INCREMENT,
  `structureId` int(11) NOT NULL,
  `fieldLayoutId` int(11) DEFAULT NULL,
  `name` varchar(255) COLLATE utf8_unicode_ci NOT NULL,
  `handle` varchar(255) COLLATE utf8_unicode_ci NOT NULL,
  `hasUrls` tinyint(1) unsigned NOT NULL DEFAULT '1',
  `template` varchar(500) COLLATE utf8_unicode_ci DEFAULT NULL,
  `dateCreated` datetime NOT NULL,
  `dateUpdated` datetime NOT NULL,
  `uid` char(36) COLLATE utf8_unicode_ci NOT NULL DEFAULT '0',
  PRIMARY KEY (`id`),
  UNIQUE KEY `craft_categorygroups_name_unq_idx` (`name`),
  UNIQUE KEY `craft_categorygroups_handle_unq_idx` (`handle`),
  KEY `craft_categorygroups_structureId_fk` (`structureId`),
  KEY `craft_categorygroups_fieldLayoutId_fk` (`fieldLayoutId`)
) ENGINE=InnoDB AUTO_INCREMENT=3 DEFAULT CHARSET=utf8 COLLATE=utf8_unicode_ci;

--
-- Data for table `craft_categorygroups`
--

INSERT INTO `craft_categorygroups` (`id`, `structureId`, `fieldLayoutId`, `name`, `handle`, `hasUrls`, `template`, `dateCreated`, `dateUpdated`, `uid`) VALUES
 ('1', '1', '9', 'Types of Markets', 'typesOfMarkets', '1', '', '2017-06-09 18:05:04', '2017-06-09 18:05:04', '3d2b88fe-c92f-40d2-95bf-031016140d4f'),
 ('2', '2', '10', 'Types of Services', 'typesOfServices', '1', '', '2017-06-09 18:05:54', '2017-06-09 18:05:54', '92c015d5-3e45-41e5-8544-7c7d0153cb94');



DROP TABLE IF EXISTS `craft_categorygroups_i18n`;


--
-- Schema for table `craft_categorygroups_i18n`
--
CREATE TABLE `craft_categorygroups_i18n` (
  `id` int(11) NOT NULL AUTO_INCREMENT,
  `groupId` int(11) NOT NULL,
  `locale` char(12) COLLATE utf8_unicode_ci NOT NULL,
  `urlFormat` text COLLATE utf8_unicode_ci,
  `nestedUrlFormat` text COLLATE utf8_unicode_ci,
  `dateCreated` datetime NOT NULL,
  `dateUpdated` datetime NOT NULL,
  `uid` char(36) COLLATE utf8_unicode_ci NOT NULL DEFAULT '0',
  PRIMARY KEY (`id`),
  UNIQUE KEY `craft_categorygroups_i18n_groupId_locale_unq_idx` (`groupId`,`locale`),
  KEY `craft_categorygroups_i18n_locale_fk` (`locale`)
) ENGINE=InnoDB AUTO_INCREMENT=3 DEFAULT CHARSET=utf8 COLLATE=utf8_unicode_ci;

--
-- Data for table `craft_categorygroups_i18n`
--

INSERT INTO `craft_categorygroups_i18n` (`id`, `groupId`, `locale`, `urlFormat`, `nestedUrlFormat`, `dateCreated`, `dateUpdated`, `uid`) VALUES
 ('1', '1', 'en_us', 'market/{slug}', '{parent.uri}/{slug}', '2017-06-09 18:05:04', '2017-06-09 18:05:04', 'e63c3d65-87be-472f-84ab-5240fb36d6f3'),
 ('2', '2', 'en_us', 'service/{slug}', '{parent.uri}/{slug}', '2017-06-09 18:05:54', '2017-06-09 18:05:54', '26b4f0a8-ecbe-422c-9b01-999b9a3ed08e');



DROP TABLE IF EXISTS `craft_content`;


--
-- Schema for table `craft_content`
--
CREATE TABLE `craft_content` (
  `id` int(11) NOT NULL AUTO_INCREMENT,
  `elementId` int(11) NOT NULL,
  `locale` char(12) COLLATE utf8_unicode_ci NOT NULL,
  `title` varchar(255) COLLATE utf8_unicode_ci DEFAULT NULL,
  `field_body` text COLLATE utf8_unicode_ci,
  `dateCreated` datetime NOT NULL,
  `dateUpdated` datetime NOT NULL,
  `uid` char(36) COLLATE utf8_unicode_ci NOT NULL DEFAULT '0',
  PRIMARY KEY (`id`),
  UNIQUE KEY `craft_content_elementId_locale_unq_idx` (`elementId`,`locale`),
  KEY `craft_content_title_idx` (`title`),
  KEY `craft_content_locale_fk` (`locale`)
) ENGINE=InnoDB AUTO_INCREMENT=29 DEFAULT CHARSET=utf8 COLLATE=utf8_unicode_ci;

--
-- Data for table `craft_content`
--

INSERT INTO `craft_content` (`id`, `elementId`, `locale`, `title`, `field_body`, `dateCreated`, `dateUpdated`, `uid`) VALUES
 ('1', '1', 'en_us', NULL, NULL, '2017-06-09 17:32:21', '2017-06-09 17:32:21', '8f8edc73-b17d-4ad2-ab48-5c0f243a06d4'),
 ('2', '2', 'en_us', 'Welcome to Mmi.ads.dsdev!', '<p>It’s true, this site doesn’t have a whole lot of content yet, but don’t worry. Our web developers have just installed the CMS, and they’re setting things up for the content editors this very moment. Soon Mmi.ads.dsdev will be an oasis of fresh perspectives, sharp analyses, and astute opinions that will keep you coming back again and again.</p>', '2017-06-09 17:32:25', '2017-06-09 20:23:55', '69e066ab-7c3e-4adf-bac3-65412703a37b'),
 ('3', '3', 'en_us', 'We just installed Craft!', '<p>Craft is the CMS that’s powering Mmi.ads.dsdev. It’s beautiful, powerful, flexible, and easy-to-use, and it’s made by Pixel &amp; Tonic. We can’t wait to dive in and see what it’s capable of!</p><!--pagebreak--><p>This is even more captivating content, which you couldn’t see on the News index page because it was entered after a Page Break, and the News index template only likes to show the content on the first page.</p><p>Craft: a nice alternative to Word, if you’re making a website.</p>', '2017-06-09 17:32:25', '2017-06-09 17:55:35', '888322b8-352c-441c-b0bb-c5f39b33a1b6'),
 ('4', '4', 'en_us', 'Engineering', NULL, '2017-06-09 19:41:56', '2017-06-09 19:41:56', '203e965f-412a-4860-84bd-9ee5174b9347'),
 ('5', '5', 'en_us', 'Civil Engineering', NULL, '2017-06-09 19:42:27', '2017-06-09 19:42:27', 'cf27d55b-b32c-4624-8187-423563794a2e'),
 ('6', '6', 'en_us', 'Transportation Engineering', NULL, '2017-06-09 19:44:01', '2017-06-09 19:44:12', 'be86a121-9873-4842-998e-6d0c5abd160e'),
 ('7', '7', 'en_us', 'Water Resources', NULL, '2017-06-09 19:44:22', '2017-06-09 19:44:22', 'c9c6d900-e325-4c9c-8c78-fc548ca08c45'),
 ('8', '8', 'en_us', 'Structural Engineering', NULL, '2017-06-09 19:44:31', '2017-06-09 19:44:31', 'f2180843-c2e6-473f-800c-386e7f12b15a'),
 ('9', '9', 'en_us', 'Geotechnical Engineering', NULL, '2017-06-09 19:44:43', '2017-06-09 19:44:43', '0bc336dd-ef76-411a-a842-c60c46897b6a'),
 ('10', '10', 'en_us', 'Water & Wastewater', NULL, '2017-06-09 19:44:53', '2017-06-09 19:44:53', '45852bb3-6bbe-4a83-8ff9-76e4de6cc3e9'),
 ('11', '11', 'en_us', 'Utility', NULL, '2017-06-09 19:45:00', '2017-06-09 19:45:00', '5c2f4d90-a22f-4302-820f-138e6492257d'),
 ('12', '12', 'en_us', 'Environmental Science', NULL, '2017-06-09 19:45:26', '2017-06-09 19:45:26', '1aa247ad-8263-44b2-a711-a96bbe61aea6'),
 ('13', '13', 'en_us', 'Natural Resource Management', NULL, '2017-06-09 19:45:41', '2017-06-09 19:46:16', 'f7ec11d4-fca6-45c0-b171-ebf51b9737f8'),
 ('14', '14', 'en_us', 'Building Sciences', NULL, '2017-06-09 19:46:01', '2017-06-09 19:46:01', '3c22be07-68bc-49f7-8e0f-07fec7398600'),
 ('15', '15', 'en_us', 'Remediation', NULL, '2017-06-09 19:46:38', '2017-06-09 19:46:38', 'aa737dc7-f12c-4d76-8501-aa3646e3e0ab'),
 ('16', '16', 'en_us', 'Landscape Architecture', NULL, '2017-06-09 19:47:07', '2017-06-09 19:47:17', '82bda845-1169-424e-8ed0-0ca2a701f318'),
 ('17', '17', 'en_us', 'Planning', NULL, '2017-06-09 19:47:22', '2017-06-09 19:47:22', 'ddec9639-404e-40f4-aeb4-5feaa2322f74'),
 ('18', '18', 'en_us', 'Construction Services', NULL, '2017-06-09 19:47:32', '2017-06-09 19:47:40', '4eb9435d-3970-4f66-9041-c43b455603c0'),
 ('19', '19', 'en_us', 'Land Surveying', NULL, '2017-06-09 19:47:46', '2017-06-09 19:47:46', '12de6217-d7f4-4a2e-8ba8-be62048a82fb'),
 ('20', '20', 'en_us', 'Education', NULL, '2017-06-09 19:48:11', '2017-06-09 19:48:17', 'b2fb8d38-5424-407c-b153-7becf0fb79b0'),
 ('21', '21', 'en_us', 'Development', NULL, '2017-06-09 19:48:22', '2017-06-09 19:48:27', '3086b30f-9e3d-4e18-b372-91bd4a4f7423'),
 ('22', '22', 'en_us', 'Utilities', NULL, '2017-06-09 19:48:34', '2017-06-09 19:49:14', '20be3d7b-2fe0-42a3-bfac-a8dd5e70d115'),
 ('23', '23', 'en_us', 'Transportation', NULL, '2017-06-09 19:48:55', '2017-06-09 19:48:55', '6e1f8527-9a76-4451-ab3d-711fb69885da'),
 ('24', '24', 'en_us', 'Environment', NULL, '2017-06-09 19:49:34', '2017-06-09 19:49:38', 'cdfa17e3-ceeb-4197-8936-09d3122da35a'),
 ('25', '25', 'en_us', 'Community', NULL, '2017-06-09 19:49:42', '2017-06-09 19:49:42', 'e11ed56f-3bc2-4879-8920-2bdc5e2b1f81'),
 ('27', '27', 'en_us', 'Home', NULL, '2017-06-09 20:32:02', '2017-06-09 20:32:02', '2104094f-f6bc-480a-85e7-89f2a2200fb2'),
 ('28', '28', 'en_us', 'Pages', NULL, '2017-06-09 20:34:58', '2017-06-09 21:05:29', '317d033a-e858-4644-a424-4cce74e45883');



DROP TABLE IF EXISTS `craft_deprecationerrors`;


--
-- Schema for table `craft_deprecationerrors`
--
CREATE TABLE `craft_deprecationerrors` (
  `id` int(11) NOT NULL AUTO_INCREMENT,
  `key` varchar(255) COLLATE utf8_unicode_ci NOT NULL,
  `fingerprint` varchar(255) COLLATE utf8_unicode_ci NOT NULL,
  `lastOccurrence` datetime NOT NULL,
  `file` varchar(255) COLLATE utf8_unicode_ci NOT NULL,
  `line` smallint(6) unsigned NOT NULL,
  `class` varchar(255) COLLATE utf8_unicode_ci DEFAULT NULL,
  `method` varchar(255) COLLATE utf8_unicode_ci DEFAULT NULL,
  `template` varchar(255) COLLATE utf8_unicode_ci DEFAULT NULL,
  `templateLine` smallint(6) unsigned DEFAULT NULL,
  `message` varchar(255) COLLATE utf8_unicode_ci DEFAULT NULL,
  `traces` text COLLATE utf8_unicode_ci,
  `dateCreated` datetime NOT NULL,
  `dateUpdated` datetime NOT NULL,
  `uid` char(36) COLLATE utf8_unicode_ci NOT NULL DEFAULT '0',
  PRIMARY KEY (`id`),
  UNIQUE KEY `craft_deprecationerrors_key_fingerprint_unq_idx` (`key`,`fingerprint`)
) ENGINE=InnoDB DEFAULT CHARSET=utf8 COLLATE=utf8_unicode_ci;

DROP TABLE IF EXISTS `craft_elementindexsettings`;


--
-- Schema for table `craft_elementindexsettings`
--
CREATE TABLE `craft_elementindexsettings` (
  `id` int(11) NOT NULL AUTO_INCREMENT,
  `type` varchar(150) COLLATE utf8_unicode_ci NOT NULL,
  `settings` text COLLATE utf8_unicode_ci,
  `dateCreated` datetime NOT NULL,
  `dateUpdated` datetime NOT NULL,
  `uid` char(36) COLLATE utf8_unicode_ci NOT NULL DEFAULT '0',
  PRIMARY KEY (`id`),
  UNIQUE KEY `craft_elementindexsettings_type_unq_idx` (`type`)
) ENGINE=InnoDB DEFAULT CHARSET=utf8 COLLATE=utf8_unicode_ci;

DROP TABLE IF EXISTS `craft_elements`;


--
-- Schema for table `craft_elements`
--
CREATE TABLE `craft_elements` (
  `id` int(11) NOT NULL AUTO_INCREMENT,
  `type` varchar(150) COLLATE utf8_unicode_ci NOT NULL,
  `enabled` tinyint(1) unsigned NOT NULL DEFAULT '1',
  `archived` tinyint(1) unsigned NOT NULL DEFAULT '0',
  `dateCreated` datetime NOT NULL,
  `dateUpdated` datetime NOT NULL,
  `uid` char(36) COLLATE utf8_unicode_ci NOT NULL DEFAULT '0',
  PRIMARY KEY (`id`),
  KEY `craft_elements_type_idx` (`type`),
  KEY `craft_elements_enabled_idx` (`enabled`),
  KEY `craft_elements_archived_dateCreated_idx` (`archived`,`dateCreated`)
) ENGINE=InnoDB AUTO_INCREMENT=29 DEFAULT CHARSET=utf8 COLLATE=utf8_unicode_ci;

--
-- Data for table `craft_elements`
--

INSERT INTO `craft_elements` (`id`, `type`, `enabled`, `archived`, `dateCreated`, `dateUpdated`, `uid`) VALUES
 ('1', 'User', '1', '0', '2017-06-09 17:32:21', '2017-06-09 17:32:21', 'dcad5cb0-fd9f-4b81-a8ce-db6e7a81edca'),
 ('2', 'Entry', '1', '0', '2017-06-09 17:32:25', '2017-06-09 20:23:55', '0c05678b-3b99-4fcf-8a22-12379e8bd861'),
 ('3', 'Entry', '1', '0', '2017-06-09 17:32:25', '2017-06-09 17:55:35', 'da780abd-0fb6-4413-b39a-78b284a30cc1'),
 ('4', 'Category', '1', '0', '2017-06-09 19:41:56', '2017-06-09 19:41:56', '550badb7-4403-414d-9686-1517de6c4cda'),
 ('5', 'Category', '1', '0', '2017-06-09 19:42:27', '2017-06-09 19:42:27', '26f983d5-b62c-440b-b84a-67a536c829c8'),
 ('6', 'Category', '1', '0', '2017-06-09 19:44:01', '2017-06-09 19:44:12', '7ec28156-5f59-43e0-b477-81cc7b6e5b68'),
 ('7', 'Category', '1', '0', '2017-06-09 19:44:22', '2017-06-09 19:44:22', 'e1a42feb-f898-4c1c-ae3b-2adcd310e4d9'),
 ('8', 'Category', '1', '0', '2017-06-09 19:44:31', '2017-06-09 19:44:31', 'd43868ec-6424-418b-ac40-1d6055902507'),
 ('9', 'Category', '1', '0', '2017-06-09 19:44:43', '2017-06-09 19:44:43', 'fb4951c2-998f-4878-a884-c7e6db2e9e2f'),
 ('10', 'Category', '1', '0', '2017-06-09 19:44:53', '2017-06-09 19:44:53', '39a5cd68-45be-4d96-9fda-3aa0f636dc9f'),
 ('11', 'Category', '1', '0', '2017-06-09 19:45:00', '2017-06-09 19:45:00', '1ee1e60a-7610-4165-9ed5-0c106d010d20'),
 ('12', 'Category', '1', '0', '2017-06-09 19:45:26', '2017-06-09 19:45:26', '5219c564-1369-4c78-a8dc-3c32474300b8'),
 ('13', 'Category', '1', '0', '2017-06-09 19:45:41', '2017-06-09 19:46:16', 'a7488513-f2fe-49ac-ac5f-91436e949a32'),
 ('14', 'Category', '1', '0', '2017-06-09 19:46:01', '2017-06-09 19:46:01', '7d0984e5-df19-497a-b122-1a16cb2477dc'),
 ('15', 'Category', '1', '0', '2017-06-09 19:46:38', '2017-06-09 19:46:38', '51de71af-f82f-4039-96fb-289a8f266790'),
 ('16', 'Category', '1', '0', '2017-06-09 19:47:07', '2017-06-09 19:47:17', 'f6357640-9a0d-43a6-bc2b-d26dfa25ba0e'),
 ('17', 'Category', '1', '0', '2017-06-09 19:47:22', '2017-06-09 19:47:22', '4d9c65f8-99c9-439c-b99e-0fabef48884d'),
 ('18', 'Category', '1', '0', '2017-06-09 19:47:32', '2017-06-09 19:47:40', 'ff44de85-c5c6-4923-b858-56ae907012b2'),
 ('19', 'Category', '1', '0', '2017-06-09 19:47:46', '2017-06-09 19:47:46', '4c258a16-3f39-4b77-8dcc-391bae53dee8'),
 ('20', 'Category', '1', '0', '2017-06-09 19:48:11', '2017-06-09 19:48:17', '136f56c0-8494-44df-bf55-653c197463e7'),
 ('21', 'Category', '1', '0', '2017-06-09 19:48:22', '2017-06-09 19:48:27', '6bcedf37-a9a3-4e63-8639-3220eb415b34'),
 ('22', 'Category', '1', '0', '2017-06-09 19:48:34', '2017-06-09 19:49:14', 'a9d6d314-fc2c-4a10-b936-173901be8758'),
 ('23', 'Category', '1', '0', '2017-06-09 19:48:55', '2017-06-09 19:48:55', '8219a3c6-d558-4e69-9d68-83ee5668949d'),
 ('24', 'Category', '1', '0', '2017-06-09 19:49:34', '2017-06-09 19:49:38', '7c06e541-af7a-44d0-a49a-e1315abfa060'),
 ('25', 'Category', '1', '0', '2017-06-09 19:49:42', '2017-06-09 19:49:42', '25e04356-a1c5-4b88-8810-b9fd98de4582'),
 ('27', 'Navee_Node', '1', '0', '2017-06-09 20:32:02', '2017-06-09 20:32:02', 'b9c18767-4e1b-4dd0-84a7-6bccf8889bec'),
 ('28', 'Entry', '1', '0', '2017-06-09 20:34:58', '2017-06-09 21:05:29', '53cda700-f01d-4f44-a6b0-526f54c9b613');



DROP TABLE IF EXISTS `craft_elements_i18n`;


--
-- Schema for table `craft_elements_i18n`
--
CREATE TABLE `craft_elements_i18n` (
  `id` int(11) NOT NULL AUTO_INCREMENT,
  `elementId` int(11) NOT NULL,
  `locale` char(12) COLLATE utf8_unicode_ci NOT NULL,
  `slug` varchar(255) COLLATE utf8_unicode_ci DEFAULT NULL,
  `uri` varchar(255) COLLATE utf8_unicode_ci DEFAULT NULL,
  `enabled` tinyint(1) unsigned NOT NULL DEFAULT '1',
  `dateCreated` datetime NOT NULL,
  `dateUpdated` datetime NOT NULL,
  `uid` char(36) COLLATE utf8_unicode_ci NOT NULL DEFAULT '0',
  PRIMARY KEY (`id`),
  UNIQUE KEY `craft_elements_i18n_elementId_locale_unq_idx` (`elementId`,`locale`),
  UNIQUE KEY `craft_elements_i18n_uri_locale_unq_idx` (`uri`,`locale`),
  KEY `craft_elements_i18n_slug_locale_idx` (`slug`,`locale`),
  KEY `craft_elements_i18n_enabled_idx` (`enabled`),
  KEY `craft_elements_i18n_locale_fk` (`locale`)
) ENGINE=InnoDB AUTO_INCREMENT=29 DEFAULT CHARSET=utf8 COLLATE=utf8_unicode_ci;

--
-- Data for table `craft_elements_i18n`
--

INSERT INTO `craft_elements_i18n` (`id`, `elementId`, `locale`, `slug`, `uri`, `enabled`, `dateCreated`, `dateUpdated`, `uid`) VALUES
 ('1', '1', 'en_us', '', NULL, '1', '2017-06-09 17:32:21', '2017-06-09 17:32:21', '0e3a9c4e-45c1-415e-a10d-816614530d69'),
 ('2', '2', 'en_us', 'homepage', '__home__', '1', '2017-06-09 17:32:25', '2017-06-09 20:23:55', 'eddbdad7-54b4-425d-9a1d-3b43fbb7b38d'),
 ('3', '3', 'en_us', 'we-just-installed-craft', 'news/2017/we-just-installed-craft', '1', '2017-06-09 17:32:25', '2017-06-09 17:55:36', '90fea180-f1fb-4894-8443-7b5c63ef01d4'),
 ('4', '4', 'en_us', 'engineering', 'service/engineering', '1', '2017-06-09 19:41:56', '2017-06-09 19:41:56', 'f56f4255-956d-4cce-88ea-8748c1a4d434'),
 ('5', '5', 'en_us', 'civil-engineering', 'service/engineering/civil-engineering', '1', '2017-06-09 19:42:28', '2017-06-09 19:42:28', 'a5d3fdd0-aead-49d3-983a-94e87ab07604'),
 ('6', '6', 'en_us', 'transportation-engineering', 'service/engineering/transportation-engineering', '1', '2017-06-09 19:44:01', '2017-06-09 19:44:12', '36f46cb0-0330-4858-8e1e-6d4911543eff'),
 ('7', '7', 'en_us', 'water-resources', 'service/engineering/water-resources', '1', '2017-06-09 19:44:22', '2017-06-09 19:44:22', 'd01e8bd2-f277-49c8-a07c-59e5dadc7ec8'),
 ('8', '8', 'en_us', 'structural-engineering', 'service/engineering/structural-engineering', '1', '2017-06-09 19:44:31', '2017-06-09 19:44:31', 'aba3d847-cb04-4d6a-b4f0-3bf0a71f996c'),
 ('9', '9', 'en_us', 'geotechnical-engineering', 'service/engineering/geotechnical-engineering', '1', '2017-06-09 19:44:43', '2017-06-09 19:44:43', 'f248d4b7-77fb-48a6-95f4-9fe604a16ae4'),
 ('10', '10', 'en_us', 'water-wastewater', 'service/engineering/water-wastewater', '1', '2017-06-09 19:44:53', '2017-06-09 19:44:53', '3829a002-9547-4ed7-be17-0c08d9e9b3e0'),
 ('11', '11', 'en_us', 'utility', 'service/engineering/utility', '1', '2017-06-09 19:45:00', '2017-06-09 19:45:00', '69165701-f3f7-4ed4-a379-4468362849dc'),
 ('12', '12', 'en_us', 'environmental-science', 'service/environmental-science', '1', '2017-06-09 19:45:26', '2017-06-09 19:45:26', '315abffa-a189-4664-9ff7-542a8e8cfa4f'),
 ('13', '13', 'en_us', 'natural-resource-management', 'service/environmental-science/natural-resource-management', '1', '2017-06-09 19:45:41', '2017-06-09 19:46:25', 'ba450dea-1d36-490d-a356-c8032967dee6'),
 ('14', '14', 'en_us', 'building-sciences', 'service/environmental-science/building-sciences', '1', '2017-06-09 19:46:01', '2017-06-09 19:46:01', '07085b8d-2b2c-49b2-9018-a2a44951c226'),
 ('15', '15', 'en_us', 'remediation', 'service/environmental-science/remediation', '1', '2017-06-09 19:46:38', '2017-06-09 19:46:38', '74bc3173-748e-4b38-94bb-d8319886dbdc'),
 ('16', '16', 'en_us', 'landscape-architecture', 'service/landscape-architecture', '1', '2017-06-09 19:47:07', '2017-06-09 19:47:17', '4b2af400-d55d-4f41-8191-1b7b085bb027'),
 ('17', '17', 'en_us', 'planning', 'service/planning', '1', '2017-06-09 19:47:22', '2017-06-09 19:47:22', '9b974629-3242-4822-ad0b-c7e9f7845900'),
 ('18', '18', 'en_us', 'construction-services', 'service/construction-services', '1', '2017-06-09 19:47:32', '2017-06-09 19:47:40', '6e0f2240-04dd-4d23-8627-ef8ae6b5af4d'),
 ('19', '19', 'en_us', 'land-surveying', 'service/land-surveying', '1', '2017-06-09 19:47:46', '2017-06-09 19:47:46', '8f57531a-72ef-45ad-b5d8-8aac0c60796b'),
 ('20', '20', 'en_us', 'education', 'market/education', '1', '2017-06-09 19:48:11', '2017-06-09 19:48:17', 'ca1a8ea2-d0f5-46b4-a209-cfad33bfbc06'),
 ('21', '21', 'en_us', 'development', 'market/development', '1', '2017-06-09 19:48:22', '2017-06-09 19:48:27', '92dbc9c8-496d-41e8-93f7-ab856398cfd4'),
 ('22', '22', 'en_us', 'utilities', 'market/utilities', '1', '2017-06-09 19:48:34', '2017-06-09 19:49:14', '1cf6894a-ccb1-4004-8c36-59edfd3ed342'),
 ('23', '23', 'en_us', 'transportation', 'market/transportation', '1', '2017-06-09 19:48:55', '2017-06-09 19:48:55', '02174618-c5b7-4f1b-916d-4cc7531dd31e'),
 ('24', '24', 'en_us', 'environment', 'market/environment', '1', '2017-06-09 19:49:34', '2017-06-09 19:49:38', '5ead603e-4c75-4444-a5f1-fe9b5493c936'),
 ('25', '25', 'en_us', 'community', 'market/community', '1', '2017-06-09 19:49:42', '2017-06-09 19:49:43', '4439a086-1498-469d-86c6-6a4e07d32465'),
 ('27', '27', 'en_us', 'home', NULL, '1', '2017-06-09 20:32:02', '2017-06-09 20:32:02', '41a290e3-0327-4bf8-ac1c-52160e7583f5'),
 ('28', '28', 'en_us', 'page', 'page', '1', '2017-06-09 20:34:58', '2017-06-09 21:05:29', 'cac33f54-cdb1-4607-8b74-2492e123d903');



DROP TABLE IF EXISTS `craft_emailmessages`;


--
-- Schema for table `craft_emailmessages`
--
CREATE TABLE `craft_emailmessages` (
  `id` int(11) NOT NULL AUTO_INCREMENT,
  `key` char(150) COLLATE utf8_unicode_ci NOT NULL,
  `locale` char(12) COLLATE utf8_unicode_ci NOT NULL,
  `subject` varchar(1000) COLLATE utf8_unicode_ci NOT NULL,
  `body` text COLLATE utf8_unicode_ci NOT NULL,
  `dateCreated` datetime NOT NULL,
  `dateUpdated` datetime NOT NULL,
  `uid` char(36) COLLATE utf8_unicode_ci NOT NULL DEFAULT '0',
  PRIMARY KEY (`id`),
  UNIQUE KEY `craft_emailmessages_key_locale_unq_idx` (`key`,`locale`),
  KEY `craft_emailmessages_locale_fk` (`locale`)
) ENGINE=InnoDB DEFAULT CHARSET=utf8 COLLATE=utf8_unicode_ci;

DROP TABLE IF EXISTS `craft_entries`;


--
-- Schema for table `craft_entries`
--
CREATE TABLE `craft_entries` (
  `id` int(11) NOT NULL,
  `sectionId` int(11) NOT NULL,
  `typeId` int(11) DEFAULT NULL,
  `authorId` int(11) DEFAULT NULL,
  `postDate` datetime DEFAULT NULL,
  `expiryDate` datetime DEFAULT NULL,
  `dateCreated` datetime NOT NULL,
  `dateUpdated` datetime NOT NULL,
  `uid` char(36) COLLATE utf8_unicode_ci NOT NULL DEFAULT '0',
  PRIMARY KEY (`id`),
  KEY `craft_entries_sectionId_idx` (`sectionId`),
  KEY `craft_entries_typeId_idx` (`typeId`),
  KEY `craft_entries_postDate_idx` (`postDate`),
  KEY `craft_entries_expiryDate_idx` (`expiryDate`),
  KEY `craft_entries_authorId_fk` (`authorId`)
) ENGINE=InnoDB DEFAULT CHARSET=utf8 COLLATE=utf8_unicode_ci;

--
-- Data for table `craft_entries`
--

INSERT INTO `craft_entries` (`id`, `sectionId`, `typeId`, `authorId`, `postDate`, `expiryDate`, `dateCreated`, `dateUpdated`, `uid`) VALUES
 ('2', '1', '1', NULL, '2017-06-09 20:23:55', NULL, '2017-06-09 17:32:25', '2017-06-09 20:23:55', 'ba83730f-5093-4bf8-813e-2301edc8a8dc'),
 ('3', '2', '2', '1', '2017-06-09 17:32:25', NULL, '2017-06-09 17:32:25', '2017-06-09 17:32:25', 'd913a1fd-d85d-4556-9aa6-9aa4534fabe8'),
 ('28', '7', NULL, NULL, '2017-06-09 20:34:58', NULL, '2017-06-09 20:34:58', '2017-06-09 20:34:58', 'fa934232-b858-4597-ae3b-0462f7bd61a5');



DROP TABLE IF EXISTS `craft_entrydrafts`;


--
-- Schema for table `craft_entrydrafts`
--
CREATE TABLE `craft_entrydrafts` (
  `id` int(11) NOT NULL AUTO_INCREMENT,
  `entryId` int(11) NOT NULL,
  `sectionId` int(11) NOT NULL,
  `creatorId` int(11) NOT NULL,
  `locale` char(12) COLLATE utf8_unicode_ci NOT NULL,
  `name` varchar(255) COLLATE utf8_unicode_ci NOT NULL,
  `notes` tinytext COLLATE utf8_unicode_ci,
  `data` mediumtext COLLATE utf8_unicode_ci NOT NULL,
  `dateCreated` datetime NOT NULL,
  `dateUpdated` datetime NOT NULL,
  `uid` char(36) COLLATE utf8_unicode_ci NOT NULL DEFAULT '0',
  PRIMARY KEY (`id`),
  KEY `craft_entrydrafts_entryId_locale_idx` (`entryId`,`locale`),
  KEY `craft_entrydrafts_sectionId_fk` (`sectionId`),
  KEY `craft_entrydrafts_creatorId_fk` (`creatorId`),
  KEY `craft_entrydrafts_locale_fk` (`locale`)
) ENGINE=InnoDB DEFAULT CHARSET=utf8 COLLATE=utf8_unicode_ci;

DROP TABLE IF EXISTS `craft_entrytypes`;


--
-- Schema for table `craft_entrytypes`
--
CREATE TABLE `craft_entrytypes` (
  `id` int(11) NOT NULL AUTO_INCREMENT,
  `sectionId` int(11) NOT NULL,
  `fieldLayoutId` int(11) DEFAULT NULL,
  `name` varchar(255) COLLATE utf8_unicode_ci NOT NULL,
  `handle` varchar(255) COLLATE utf8_unicode_ci NOT NULL,
  `hasTitleField` tinyint(1) unsigned NOT NULL DEFAULT '1',
  `titleLabel` varchar(255) COLLATE utf8_unicode_ci DEFAULT 'Title',
  `titleFormat` varchar(255) COLLATE utf8_unicode_ci DEFAULT NULL,
  `sortOrder` smallint(6) unsigned DEFAULT NULL,
  `dateCreated` datetime NOT NULL,
  `dateUpdated` datetime NOT NULL,
  `uid` char(36) COLLATE utf8_unicode_ci NOT NULL DEFAULT '0',
  PRIMARY KEY (`id`),
  UNIQUE KEY `craft_entrytypes_name_sectionId_unq_idx` (`name`,`sectionId`),
  UNIQUE KEY `craft_entrytypes_handle_sectionId_unq_idx` (`handle`,`sectionId`),
  KEY `craft_entrytypes_sectionId_fk` (`sectionId`),
  KEY `craft_entrytypes_fieldLayoutId_fk` (`fieldLayoutId`)
) ENGINE=InnoDB AUTO_INCREMENT=8 DEFAULT CHARSET=utf8 COLLATE=utf8_unicode_ci;

--
-- Data for table `craft_entrytypes`
--

INSERT INTO `craft_entrytypes` (`id`, `sectionId`, `fieldLayoutId`, `name`, `handle`, `hasTitleField`, `titleLabel`, `titleFormat`, `sortOrder`, `dateCreated`, `dateUpdated`, `uid`) VALUES
 ('1', '1', '31', 'Homepage', 'homepage', '1', 'Title', NULL, '1', '2017-06-09 17:32:25', '2017-06-12 18:50:43', '51604f16-7063-413d-9650-c48da4a35e5f'),
 ('2', '2', '5', 'News', 'news', '1', 'Title', NULL, '1', '2017-06-09 17:32:25', '2017-06-09 17:32:25', 'c95c1539-e40a-40a4-a6a8-d45ec7aa3925'),
 ('3', '3', '6', 'Work', 'work', '1', 'Title', NULL, '1', '2017-06-09 17:52:37', '2017-06-09 17:52:37', 'd72fcbe9-2000-4bbd-95d2-8e38f6ddb720'),
 ('4', '4', '7', 'Market', 'market', '1', 'Title', NULL, '1', '2017-06-09 17:52:55', '2017-06-09 17:52:55', '6a35b436-58eb-41a9-a9d4-26a047f97606'),
 ('5', '5', '8', 'Service', 'service', '1', 'Title', NULL, '1', '2017-06-09 17:53:25', '2017-06-09 17:53:25', 'bf93dbfa-34c9-4a1e-8c18-da823fe68637'),
 ('7', '7', '27', 'Page', 'page', '0', NULL, '{section.name|raw}', '1', '2017-06-09 20:34:58', '2017-06-09 21:08:13', '080cb984-f0b5-4bd9-a6c7-9d2a262cbfef');



DROP TABLE IF EXISTS `craft_entryversions`;


--
-- Schema for table `craft_entryversions`
--
CREATE TABLE `craft_entryversions` (
  `id` int(11) NOT NULL AUTO_INCREMENT,
  `entryId` int(11) NOT NULL,
  `sectionId` int(11) NOT NULL,
  `creatorId` int(11) DEFAULT NULL,
  `locale` char(12) COLLATE utf8_unicode_ci NOT NULL,
  `num` smallint(6) unsigned NOT NULL,
  `notes` tinytext COLLATE utf8_unicode_ci,
  `data` mediumtext COLLATE utf8_unicode_ci NOT NULL,
  `dateCreated` datetime NOT NULL,
  `dateUpdated` datetime NOT NULL,
  `uid` char(36) COLLATE utf8_unicode_ci NOT NULL DEFAULT '0',
  PRIMARY KEY (`id`),
  KEY `craft_entryversions_entryId_locale_idx` (`entryId`,`locale`),
  KEY `craft_entryversions_sectionId_fk` (`sectionId`),
  KEY `craft_entryversions_creatorId_fk` (`creatorId`),
  KEY `craft_entryversions_locale_fk` (`locale`)
) ENGINE=InnoDB AUTO_INCREMENT=7 DEFAULT CHARSET=utf8 COLLATE=utf8_unicode_ci;

--
-- Data for table `craft_entryversions`
--

INSERT INTO `craft_entryversions` (`id`, `entryId`, `sectionId`, `creatorId`, `locale`, `num`, `notes`, `data`, `dateCreated`, `dateUpdated`, `uid`) VALUES
 ('1', '2', '1', '1', 'en_us', '1', NULL, '{\"typeId\":\"1\",\"authorId\":null,\"title\":\"Homepage\",\"slug\":\"homepage\",\"postDate\":1497029545,\"expiryDate\":null,\"enabled\":1,\"parentId\":null,\"fields\":[]}', '2017-06-09 17:32:25', '2017-06-09 17:32:25', '16db5795-2ef9-4ca1-bde0-4a8abed3c04a'),
 ('2', '2', '1', '1', 'en_us', '2', NULL, '{\"typeId\":null,\"authorId\":null,\"title\":\"Welcome to Mmi.ads.dsdev!\",\"slug\":\"homepage\",\"postDate\":1497029545,\"expiryDate\":null,\"enabled\":\"1\",\"parentId\":null,\"fields\":{\"1\":\"<p>It\\u2019s true, this site doesn\\u2019t have a whole lot of content yet, but don\\u2019t worry. Our web developers have just installed the CMS, and they\\u2019re setting things up for the content editors this very moment. Soon Mmi.ads.dsdev will be an oasis of fresh perspectives, sharp analyses, and astute opinions that will keep you coming back again and again.<\\/p>\"}}', '2017-06-09 17:32:25', '2017-06-09 17:32:25', 'af5df9ef-d492-4848-9929-d826b2dd88b2'),
 ('3', '3', '2', '1', 'en_us', '1', NULL, '{\"typeId\":\"2\",\"authorId\":\"1\",\"title\":\"We just installed Craft!\",\"slug\":\"we-just-installed-craft\",\"postDate\":1497029545,\"expiryDate\":null,\"enabled\":1,\"parentId\":null,\"fields\":[]}', '2017-06-09 17:32:25', '2017-06-09 17:32:25', '359f7de3-0a1c-4a83-90bc-a34e8e04bb58'),
 ('6', '28', '7', '1', 'en_us', '1', NULL, '{\"typeId\":\"7\",\"authorId\":null,\"title\":\"Page\",\"slug\":\"page\",\"postDate\":1497040498,\"expiryDate\":null,\"enabled\":1,\"parentId\":null,\"fields\":[]}', '2017-06-09 20:34:58', '2017-06-09 20:34:58', '01cc8b74-882d-4290-b687-123b25c04195');



DROP TABLE IF EXISTS `craft_fieldgroups`;


--
-- Schema for table `craft_fieldgroups`
--
CREATE TABLE `craft_fieldgroups` (
  `id` int(11) NOT NULL AUTO_INCREMENT,
  `name` varchar(255) COLLATE utf8_unicode_ci NOT NULL,
  `dateCreated` datetime NOT NULL,
  `dateUpdated` datetime NOT NULL,
  `uid` char(36) COLLATE utf8_unicode_ci NOT NULL DEFAULT '0',
  PRIMARY KEY (`id`),
  UNIQUE KEY `craft_fieldgroups_name_unq_idx` (`name`)
) ENGINE=InnoDB AUTO_INCREMENT=2 DEFAULT CHARSET=utf8 COLLATE=utf8_unicode_ci;

--
-- Data for table `craft_fieldgroups`
--

INSERT INTO `craft_fieldgroups` (`id`, `name`, `dateCreated`, `dateUpdated`, `uid`) VALUES
 ('1', 'Default', '2017-06-09 17:32:24', '2017-06-09 17:32:24', '4ce7cd10-c025-46b3-b63b-9d52353a798c');



DROP TABLE IF EXISTS `craft_fieldlayoutfields`;


--
-- Schema for table `craft_fieldlayoutfields`
--
CREATE TABLE `craft_fieldlayoutfields` (
  `id` int(11) NOT NULL AUTO_INCREMENT,
  `layoutId` int(11) NOT NULL,
  `tabId` int(11) NOT NULL,
  `fieldId` int(11) NOT NULL,
  `required` tinyint(1) unsigned NOT NULL DEFAULT '0',
  `sortOrder` smallint(6) unsigned DEFAULT NULL,
  `dateCreated` datetime NOT NULL,
  `dateUpdated` datetime NOT NULL,
  `uid` char(36) COLLATE utf8_unicode_ci NOT NULL DEFAULT '0',
  PRIMARY KEY (`id`),
  UNIQUE KEY `craft_fieldlayoutfields_layoutId_fieldId_unq_idx` (`layoutId`,`fieldId`),
  KEY `craft_fieldlayoutfields_sortOrder_idx` (`sortOrder`),
  KEY `craft_fieldlayoutfields_tabId_fk` (`tabId`),
  KEY `craft_fieldlayoutfields_fieldId_fk` (`fieldId`)
) ENGINE=InnoDB AUTO_INCREMENT=63 DEFAULT CHARSET=utf8 COLLATE=utf8_unicode_ci;

--
-- Data for table `craft_fieldlayoutfields`
--

INSERT INTO `craft_fieldlayoutfields` (`id`, `layoutId`, `tabId`, `fieldId`, `required`, `sortOrder`, `dateCreated`, `dateUpdated`, `uid`) VALUES
 ('2', '5', '2', '1', '1', '1', '2017-06-09 17:32:25', '2017-06-09 17:32:25', 'cbb3c7e2-361b-4701-89aa-0d2cd39cd42d'),
 ('3', '5', '2', '2', '0', '2', '2017-06-09 17:32:25', '2017-06-09 17:32:25', '5e9cd07a-c931-4b78-a79f-a98f18673e33'),
 ('31', '27', '16', '3', '0', '1', '2017-06-09 21:08:13', '2017-06-09 21:08:13', '0b1fa82c-9281-4c19-9e12-8b2f460a8b5b'),
 ('39', '31', '20', '1', '1', '1', '2017-06-12 18:50:43', '2017-06-12 18:50:43', '0f60b6e5-9c24-4d90-aca1-76bda8af5c13'),
 ('40', '31', '20', '3', '0', '2', '2017-06-12 18:50:43', '2017-06-12 18:50:43', '98f44cc0-0e57-4aaa-b26f-5cd616aab2ae'),
 ('55', '39', '28', '5', '0', '1', '2017-06-12 19:03:32', '2017-06-12 19:03:32', '3880b4f2-5e5e-4aaa-abcd-97c3315fd15d'),
 ('56', '39', '28', '6', '0', '2', '2017-06-12 19:03:32', '2017-06-12 19:03:32', 'faa624ef-1b90-4a53-b114-92a45f37f752'),
 ('57', '40', '29', '4', '0', '1', '2017-06-12 19:03:32', '2017-06-12 19:03:32', '7722bdab-a5ea-4933-991e-3b484d7c44ab'),
 ('58', '40', '29', '8', '0', '2', '2017-06-12 19:03:32', '2017-06-12 19:03:32', '15d715e8-8e4f-4a70-8a35-d1a685400b41'),
 ('59', '40', '29', '7', '0', '3', '2017-06-12 19:03:32', '2017-06-12 19:03:32', '0ccb857f-50e0-41f2-b4b8-0ef3d3a1f3db'),
 ('60', '41', '30', '13', '0', '1', '2017-06-12 19:03:33', '2017-06-12 19:03:33', 'e0f9e684-0c91-40e0-b5f9-498b1fde2f0f'),
 ('61', '41', '30', '14', '0', '2', '2017-06-12 19:03:33', '2017-06-12 19:03:33', '78bf5821-ffab-47bf-b86c-d61e615d7f88'),
 ('62', '42', '31', '12', '0', '1', '2017-06-12 19:03:33', '2017-06-12 19:03:33', 'fc216db6-9069-4241-b313-15e611d36809');



DROP TABLE IF EXISTS `craft_fieldlayouts`;


--
-- Schema for table `craft_fieldlayouts`
--
CREATE TABLE `craft_fieldlayouts` (
  `id` int(11) NOT NULL AUTO_INCREMENT,
  `type` varchar(150) COLLATE utf8_unicode_ci NOT NULL,
  `dateCreated` datetime NOT NULL,
  `dateUpdated` datetime NOT NULL,
  `uid` char(36) COLLATE utf8_unicode_ci NOT NULL DEFAULT '0',
  PRIMARY KEY (`id`),
  KEY `craft_fieldlayouts_type_idx` (`type`)
) ENGINE=InnoDB AUTO_INCREMENT=50 DEFAULT CHARSET=utf8 COLLATE=utf8_unicode_ci;

--
-- Data for table `craft_fieldlayouts`
--

INSERT INTO `craft_fieldlayouts` (`id`, `type`, `dateCreated`, `dateUpdated`, `uid`) VALUES
 ('1', 'Tag', '2017-06-09 17:32:24', '2017-06-09 17:32:24', '217dfe9a-6d5b-4347-b51f-1799406bf347'),
 ('5', 'Entry', '2017-06-09 17:32:25', '2017-06-09 17:32:25', '17d6608f-09e5-4b7b-9ef7-03a91d3a90c5'),
 ('6', 'Entry', '2017-06-09 17:52:37', '2017-06-09 17:52:37', 'bfc2be1f-ca5d-43f6-b6fe-1f0421c39f3d'),
 ('7', 'Entry', '2017-06-09 17:52:55', '2017-06-09 17:52:55', 'f83928e5-7860-48fc-8298-19838e64001d'),
 ('8', 'Entry', '2017-06-09 17:53:25', '2017-06-09 17:53:25', '492df215-b7bf-4af6-9e51-7f36a8e5c013'),
 ('9', 'Category', '2017-06-09 18:05:04', '2017-06-09 18:05:04', 'baad2f2c-3dc4-4e12-a3e8-190231f14b0f'),
 ('10', 'Category', '2017-06-09 18:05:54', '2017-06-09 18:05:54', '1eb236ea-a860-4784-a0ed-2ffd840da815'),
 ('20', 'Navee_Node', '2017-06-09 20:30:45', '2017-06-09 20:30:45', '4911b1a7-4103-4d0f-96f4-2ec92bd37f09'),
 ('27', 'Entry', '2017-06-09 21:08:13', '2017-06-09 21:08:13', 'b623708c-d196-4279-bcdc-90d2c5dfe786'),
 ('31', 'Entry', '2017-06-12 18:50:43', '2017-06-12 18:50:43', '6b190f35-6930-4881-9d6b-33a59b8b88d5'),
 ('39', 'SuperTable_Block', '2017-06-12 19:03:32', '2017-06-12 19:03:32', '3d09edc4-80fc-428b-aea2-f5467bd30d18'),
 ('40', 'MatrixBlock', '2017-06-12 19:03:32', '2017-06-12 19:03:32', 'c5136392-f3fe-4b44-890f-5796799d2e62'),
 ('41', 'SuperTable_Block', '2017-06-12 19:03:33', '2017-06-12 19:03:33', '97a2ae82-11f7-4f0e-8f56-0193172c22eb'),
 ('42', 'MatrixBlock', '2017-06-12 19:03:33', '2017-06-12 19:03:33', '88c6213b-74c9-42c0-8900-0931a0257433'),
 ('48', 'Asset', '2017-06-12 20:04:24', '2017-06-12 20:04:24', '968078a9-41f5-483f-8745-a6d57a5e6aa6'),
 ('49', 'Asset', '2017-06-12 20:04:40', '2017-06-12 20:04:40', '34aec3e4-619e-4623-9ad8-59c06bf69d10');



DROP TABLE IF EXISTS `craft_fieldlayouttabs`;


--
-- Schema for table `craft_fieldlayouttabs`
--
CREATE TABLE `craft_fieldlayouttabs` (
  `id` int(11) NOT NULL AUTO_INCREMENT,
  `layoutId` int(11) NOT NULL,
  `name` varchar(255) COLLATE utf8_unicode_ci NOT NULL,
  `sortOrder` smallint(6) unsigned DEFAULT NULL,
  `dateCreated` datetime NOT NULL,
  `dateUpdated` datetime NOT NULL,
  `uid` char(36) COLLATE utf8_unicode_ci NOT NULL DEFAULT '0',
  PRIMARY KEY (`id`),
  KEY `craft_fieldlayouttabs_sortOrder_idx` (`sortOrder`),
  KEY `craft_fieldlayouttabs_layoutId_fk` (`layoutId`)
) ENGINE=InnoDB AUTO_INCREMENT=32 DEFAULT CHARSET=utf8 COLLATE=utf8_unicode_ci;

--
-- Data for table `craft_fieldlayouttabs`
--

INSERT INTO `craft_fieldlayouttabs` (`id`, `layoutId`, `name`, `sortOrder`, `dateCreated`, `dateUpdated`, `uid`) VALUES
 ('2', '5', 'Content', '1', '2017-06-09 17:32:25', '2017-06-09 17:32:25', 'd3824465-d120-4861-bde1-32fae867df69'),
 ('16', '27', 'Page Layout', '1', '2017-06-09 21:08:13', '2017-06-09 21:08:13', 'ae37cd5d-3421-4afa-8526-b26e278c67ac'),
 ('20', '31', 'Content', '1', '2017-06-12 18:50:43', '2017-06-12 18:50:43', '0c3c30ad-af23-4263-badf-997de6b63a9a'),
 ('28', '39', 'Content', '1', '2017-06-12 19:03:32', '2017-06-12 19:03:32', 'c65591aa-2ee7-4e27-99be-9f26306ecd46'),
 ('29', '40', 'Content', '1', '2017-06-12 19:03:32', '2017-06-12 19:03:32', '394e33e7-3d62-4669-b705-625223c3d244'),
 ('30', '41', 'Content', '1', '2017-06-12 19:03:33', '2017-06-12 19:03:33', '93e3f249-9123-41dc-a4fe-6d38cbc6a389'),
 ('31', '42', 'Content', '1', '2017-06-12 19:03:33', '2017-06-12 19:03:33', 'eb4e3186-2e76-42fb-967e-a2cb489b838a');



DROP TABLE IF EXISTS `craft_fields`;


--
-- Schema for table `craft_fields`
--
CREATE TABLE `craft_fields` (
  `id` int(11) NOT NULL AUTO_INCREMENT,
  `groupId` int(11) DEFAULT NULL,
  `name` varchar(255) COLLATE utf8_unicode_ci NOT NULL,
  `handle` varchar(58) COLLATE utf8_unicode_ci NOT NULL,
  `context` varchar(255) COLLATE utf8_unicode_ci NOT NULL DEFAULT 'global',
  `instructions` text COLLATE utf8_unicode_ci,
  `translatable` tinyint(1) unsigned NOT NULL DEFAULT '0',
  `type` varchar(150) COLLATE utf8_unicode_ci NOT NULL,
  `settings` text COLLATE utf8_unicode_ci,
  `dateCreated` datetime NOT NULL,
  `dateUpdated` datetime NOT NULL,
  `uid` char(36) COLLATE utf8_unicode_ci NOT NULL DEFAULT '0',
  PRIMARY KEY (`id`),
  UNIQUE KEY `craft_fields_handle_context_unq_idx` (`handle`,`context`),
  KEY `craft_fields_context_idx` (`context`),
  KEY `craft_fields_groupId_fk` (`groupId`)
) ENGINE=InnoDB AUTO_INCREMENT=15 DEFAULT CHARSET=utf8 COLLATE=utf8_unicode_ci;

--
-- Data for table `craft_fields`
--

INSERT INTO `craft_fields` (`id`, `groupId`, `name`, `handle`, `context`, `instructions`, `translatable`, `type`, `settings`, `dateCreated`, `dateUpdated`, `uid`) VALUES
 ('1', '1', 'Body', 'body', 'global', NULL, '1', 'RichText', '{\"configFile\":\"Standard.json\",\"columnType\":\"text\"}', '2017-06-09 17:32:24', '2017-06-09 17:32:24', '2dffd240-f196-4810-9e4e-01a6805ea9a2'),
 ('2', '1', 'Tags', 'tags', 'global', NULL, '0', 'Tags', '{\"source\":\"taggroup:1\"}', '2017-06-09 17:32:25', '2017-06-09 17:32:25', '286cb263-8214-4d8e-b700-88a7e183a950'),
 ('3', '1', 'Components', 'components', 'global', '', '0', 'Matrix', '{\"maxBlocks\":null}', '2017-06-09 19:00:19', '2017-06-12 19:03:32', 'f6b0c9b0-5d48-4459-8887-fe4d183a9534'),
 ('4', NULL, 'Image', 'image', 'matrixBlockType:1', '', '0', 'SuperTable', '{\"columns\":{\"5\":{\"width\":\"\"},\"6\":{\"width\":\"\"}},\"fieldLayout\":\"table\",\"staticField\":\"1\",\"selectionLabel\":\"Add a row\",\"maxRows\":null,\"minRows\":null}', '2017-06-09 19:00:20', '2017-06-12 19:03:32', '4e19d133-f72f-4bd9-b045-2258e043d707'),
 ('5', NULL, 'Mobile Image', 'mobileImage', 'superTableBlockType:1', '', '0', 'Assets', '{\"useSingleFolder\":\"\",\"defaultUploadLocationSubpath\":\"\",\"singleUploadLocationSubpath\":\"\",\"restrictFiles\":\"1\",\"allowedKinds\":[\"image\"],\"limit\":\"\",\"viewMode\":\"list\",\"selectionLabel\":\"\"}', '2017-06-09 19:00:20', '2017-06-12 19:03:32', 'a2009320-f94b-480d-85b8-274404450e61'),
 ('6', NULL, 'Desktop Image', 'desktopImage', 'superTableBlockType:1', '', '0', 'Assets', '{\"useSingleFolder\":\"\",\"defaultUploadLocationSubpath\":\"\",\"singleUploadLocationSubpath\":\"\",\"restrictFiles\":\"1\",\"allowedKinds\":[\"image\"],\"limit\":\"\",\"viewMode\":\"list\",\"selectionLabel\":\"\"}', '2017-06-09 19:00:20', '2017-06-12 19:03:32', '7c6aa10a-e9c9-40d3-816b-1378abb8d6b3'),
 ('7', NULL, 'Primary Title', 'primaryTitle', 'matrixBlockType:1', '', '0', 'PlainText', '{\"placeholder\":\"\",\"maxLength\":\"\",\"multiline\":\"\",\"initialRows\":\"4\"}', '2017-06-09 19:00:20', '2017-06-12 19:03:32', 'f7805c67-7c09-4d0d-a676-4c30be96edb0'),
 ('8', NULL, 'Subtitle', 'subtitle', 'matrixBlockType:1', '', '0', 'PlainText', '{\"placeholder\":\"\",\"maxLength\":\"\",\"multiline\":\"\",\"initialRows\":\"4\"}', '2017-06-09 19:05:49', '2017-06-12 19:03:32', '77c12fab-08dd-4e59-8beb-06fe6801e9e8'),
 ('9', '1', 'Page', 'page', 'global', '', '0', 'Entries', '{\"sources\":[\"section:4\",\"section:2\",\"section:5\",\"singles\",\"section:3\"],\"limit\":\"1\",\"selectionLabel\":\"\"}', '2017-06-09 20:19:21', '2017-06-09 20:19:21', '2a85dad7-d5e4-4ede-ae6c-1cb405e90a2c'),
 ('12', NULL, 'videoGallery', 'videoGallery', 'matrixBlockType:2', '', '0', 'SuperTable', '{\"columns\":{\"13\":{\"width\":\"\"},\"14\":{\"width\":\"\"}},\"fieldLayout\":\"table\",\"staticField\":null,\"selectionLabel\":\"Add a row\",\"maxRows\":null,\"minRows\":null}', '2017-06-12 19:02:25', '2017-06-12 19:03:32', '731684b5-658e-41f9-b5e2-1e8fc2135ab2'),
 ('13', NULL, 'Video', 'video', 'superTableBlockType:3', '', '0', 'Assets', '{\"useSingleFolder\":\"\",\"defaultUploadLocationSubpath\":\"\",\"singleUploadLocationSubpath\":\"\",\"restrictFiles\":\"\",\"limit\":\"\",\"viewMode\":\"list\",\"selectionLabel\":\"\"}', '2017-06-12 19:03:17', '2017-06-12 19:03:33', '31125a57-9b9b-4f89-9028-77273f871bb8'),
 ('14', NULL, 'caption', 'caption', 'superTableBlockType:3', '', '0', 'PlainText', '{\"placeholder\":\"\",\"maxLength\":\"\",\"multiline\":\"\",\"initialRows\":\"4\"}', '2017-06-12 19:03:17', '2017-06-12 19:03:33', 'ae984a63-20c5-470d-95c0-c57c1bed38a6');



DROP TABLE IF EXISTS `craft_freeform_crm_fields`;


--
-- Schema for table `craft_freeform_crm_fields`
--
CREATE TABLE `craft_freeform_crm_fields` (
  `id` int(11) NOT NULL AUTO_INCREMENT,
  `integrationId` int(11) NOT NULL,
  `handle` varchar(255) COLLATE utf8_unicode_ci NOT NULL,
  `label` varchar(255) COLLATE utf8_unicode_ci NOT NULL,
  `type` enum('string','numeric','boolean','array') COLLATE utf8_unicode_ci NOT NULL DEFAULT 'string',
  `required` int(1) unsigned NOT NULL DEFAULT '0',
  `dateCreated` datetime NOT NULL,
  `dateUpdated` datetime NOT NULL,
  `uid` char(36) COLLATE utf8_unicode_ci NOT NULL DEFAULT '0',
  PRIMARY KEY (`id`),
  UNIQUE KEY `craft_freeform_crm_fields_integrationId_handle_unq_idx` (`integrationId`,`handle`)
) ENGINE=InnoDB DEFAULT CHARSET=utf8 COLLATE=utf8_unicode_ci;

DROP TABLE IF EXISTS `craft_freeform_fields`;


--
-- Schema for table `craft_freeform_fields`
--
CREATE TABLE `craft_freeform_fields` (
  `id` int(11) NOT NULL AUTO_INCREMENT,
  `notificationId` int(11) DEFAULT NULL,
  `assetSourceId` int(11) DEFAULT NULL,
  `type` enum('text','textarea','email','hidden','select','checkbox','checkbox_group','radio_group','file','dynamic_recipients') COLLATE utf8_unicode_ci DEFAULT NULL,
  `handle` varchar(255) COLLATE utf8_unicode_ci NOT NULL,
  `label` varchar(255) COLLATE utf8_unicode_ci NOT NULL,
  `required` tinyint(1) unsigned NOT NULL DEFAULT '0',
  `value` varchar(255) COLLATE utf8_unicode_ci DEFAULT NULL,
  `placeholder` varchar(255) COLLATE utf8_unicode_ci DEFAULT NULL,
  `instructions` text COLLATE utf8_unicode_ci,
  `values` text COLLATE utf8_unicode_ci,
  `options` text COLLATE utf8_unicode_ci,
  `checked` tinyint(1) unsigned DEFAULT '0',
  `rows` int(10) DEFAULT NULL,
  `fileKinds` text COLLATE utf8_unicode_ci,
  `maxFileSizeKB` int(10) DEFAULT NULL,
  `dateCreated` datetime NOT NULL,
  `dateUpdated` datetime NOT NULL,
  `uid` char(36) COLLATE utf8_unicode_ci NOT NULL DEFAULT '0',
  PRIMARY KEY (`id`),
  UNIQUE KEY `craft_freeform_fields_handle_unq_idx` (`handle`),
  KEY `craft_freeform_fields_notificationId_fk` (`notificationId`),
  KEY `craft_freeform_fields_assetSourceId_fk` (`assetSourceId`)
) ENGINE=InnoDB AUTO_INCREMENT=13 DEFAULT CHARSET=utf8 COLLATE=utf8_unicode_ci;

--
-- Data for table `craft_freeform_fields`
--

INSERT INTO `craft_freeform_fields` (`id`, `notificationId`, `assetSourceId`, `type`, `handle`, `label`, `required`, `value`, `placeholder`, `instructions`, `values`, `options`, `checked`, `rows`, `fileKinds`, `maxFileSizeKB`, `dateCreated`, `dateUpdated`, `uid`) VALUES
 ('1', NULL, NULL, 'text', 'firstName', 'First Name', '0', NULL, NULL, NULL, NULL, NULL, '0', NULL, NULL, NULL, '2017-06-09 17:35:43', '2017-06-09 17:35:43', 'e8c730ec-5b42-42d2-8887-62dfe17f29a9'),
 ('2', NULL, NULL, 'text', 'lastName', 'Last Name', '0', NULL, NULL, NULL, NULL, NULL, '0', NULL, NULL, NULL, '2017-06-09 17:35:44', '2017-06-09 17:35:44', '1e8d9e09-c982-4f44-814d-226d1dd8667d'),
 ('3', NULL, NULL, 'email', 'email', 'Email', '0', NULL, NULL, NULL, NULL, NULL, '0', NULL, NULL, NULL, '2017-06-09 17:35:44', '2017-06-09 17:35:44', '3361ec6e-394e-483b-874e-b2ba7037d182'),
 ('4', NULL, NULL, 'text', 'website', 'Website', '0', NULL, NULL, NULL, NULL, NULL, '0', NULL, NULL, NULL, '2017-06-09 17:35:44', '2017-06-09 17:35:44', '2340aa75-fb3a-45ba-bd28-101a50a92237'),
 ('5', NULL, NULL, 'text', 'cellPhone', 'Cell Phone', '0', NULL, NULL, NULL, NULL, NULL, '0', NULL, NULL, NULL, '2017-06-09 17:35:44', '2017-06-09 17:35:44', 'ba80cdcd-6388-4090-96aa-4a5ff78683cc'),
 ('6', NULL, NULL, 'text', 'homePhone', 'Home Phone', '0', NULL, NULL, NULL, NULL, NULL, '0', NULL, NULL, NULL, '2017-06-09 17:35:44', '2017-06-09 17:35:44', '84d44cc4-3b21-4ed3-a13f-ef6f6ed76248'),
 ('7', NULL, NULL, 'text', 'companyName', 'Company Name', '0', NULL, NULL, NULL, NULL, NULL, '0', NULL, NULL, NULL, '2017-06-09 17:35:44', '2017-06-09 17:35:44', '1edceb56-2da2-4f79-bc39-8aa0063006e2'),
 ('8', NULL, NULL, 'textarea', 'address', 'Address', '0', NULL, NULL, NULL, NULL, NULL, '0', '2', NULL, NULL, '2017-06-09 17:35:44', '2017-06-09 17:35:44', '0db1f0c9-eab0-410c-b803-a88439c5a9c2'),
 ('9', NULL, NULL, 'text', 'city', 'City', '0', NULL, NULL, NULL, NULL, NULL, '0', NULL, NULL, NULL, '2017-06-09 17:35:44', '2017-06-09 17:35:44', 'a9a07804-fc48-44e9-bd67-418b49e5ec90'),
 ('10', NULL, NULL, 'select', 'state', 'State', '0', NULL, NULL, NULL, NULL, '[{\"value\":\"\",\"label\":\"Select a State\"},{\"value\":\"AL\",\"label\":\"Alabama\"},{\"value\":\"AK\",\"label\":\"Alaska\"},{\"value\":\"AZ\",\"label\":\"Arizona\"},{\"value\":\"AR\",\"label\":\"Arkansas\"},{\"value\":\"CA\",\"label\":\"California\"},{\"value\":\"CO\",\"label\":\"Colorado\"},{\"value\":\"CT\",\"label\":\"Connecticut\"},{\"value\":\"DE\",\"label\":\"Delaware\"},{\"value\":\"DC\",\"label\":\"District of Columbia\"},{\"value\":\"FL\",\"label\":\"Florida\"},{\"value\":\"GA\",\"label\":\"Georgia\"},{\"value\":\"HI\",\"label\":\"Hawaii\"},{\"value\":\"ID\",\"label\":\"Idaho\"},{\"value\":\"IL\",\"label\":\"Illinois\"},{\"value\":\"IN\",\"label\":\"Indiana\"},{\"value\":\"IA\",\"label\":\"Iowa\"},{\"value\":\"KS\",\"label\":\"Kansas\"},{\"value\":\"KY\",\"label\":\"Kentucky\"},{\"value\":\"LA\",\"label\":\"Louisiana\"},{\"value\":\"ME\",\"label\":\"Maine\"},{\"value\":\"MD\",\"label\":\"Maryland\"},{\"value\":\"MA\",\"label\":\"Massachusetts\"},{\"value\":\"MI\",\"label\":\"Michigan\"},{\"value\":\"MN\",\"label\":\"Minnesota\"},{\"value\":\"MS\",\"label\":\"Mississippi\"},{\"value\":\"MO\",\"label\":\"Missouri\"},{\"value\":\"MT\",\"label\":\"Montana\"},{\"value\":\"NE\",\"label\":\"Nebraska\"},{\"value\":\"NV\",\"label\":\"Nevada\"},{\"value\":\"NH\",\"label\":\"New Hampshire\"},{\"value\":\"NJ\",\"label\":\"New Jersey\"},{\"value\":\"NM\",\"label\":\"New Mexico\"},{\"value\":\"NY\",\"label\":\"New York\"},{\"value\":\"NC\",\"label\":\"North Carolina\"},{\"value\":\"ND\",\"label\":\"North Dakota\"},{\"value\":\"OH\",\"label\":\"Ohio\"},{\"value\":\"OK\",\"label\":\"Oklahoma\"},{\"value\":\"OR\",\"label\":\"Oregon\"},{\"value\":\"PA\",\"label\":\"Pennsylvania\"},{\"value\":\"RI\",\"label\":\"Rhode Island\"},{\"value\":\"SC\",\"label\":\"South Carolina\"},{\"value\":\"SD\",\"label\":\"South Dakota\"},{\"value\":\"TN\",\"label\":\"Tennessee\"},{\"value\":\"TX\",\"label\":\"Texas\"},{\"value\":\"UT\",\"label\":\"Utah\"},{\"value\":\"VT\",\"label\":\"Vermont\"},{\"value\":\"VA\",\"label\":\"Virginia\"},{\"value\":\"WA\",\"label\":\"Washington\"},{\"value\":\"WV\",\"label\":\"West Virginia\"},{\"value\":\"WI\",\"label\":\"Wisconsin\"},{\"value\":\"WY\",\"label\":\"Wyoming\"}]', '0', NULL, NULL, NULL, '2017-06-09 17:35:44', '2017-06-09 17:35:44', '74535d18-b513-4dd2-b731-c7bd9bfcee4f'),
 ('11', NULL, NULL, 'text', 'zipCode', 'Zip Code', '0', NULL, NULL, NULL, NULL, NULL, '0', NULL, NULL, NULL, '2017-06-09 17:35:44', '2017-06-09 17:35:44', '4a3bab68-0c54-462d-a6f0-e1c5f1a78304'),
 ('12', NULL, NULL, 'textarea', 'message', 'Message', '0', NULL, NULL, NULL, NULL, NULL, '0', '5', NULL, NULL, '2017-06-09 17:35:44', '2017-06-09 17:35:44', '58a35f01-709e-4f84-b163-2472eac4b043');



DROP TABLE IF EXISTS `craft_freeform_forms`;


--
-- Schema for table `craft_freeform_forms`
--
CREATE TABLE `craft_freeform_forms` (
  `id` int(11) NOT NULL AUTO_INCREMENT,
  `name` varchar(255) COLLATE utf8_unicode_ci NOT NULL,
  `handle` varchar(255) COLLATE utf8_unicode_ci NOT NULL,
  `spamBlockCount` int(10) DEFAULT '0',
  `submissionTitleFormat` varchar(255) COLLATE utf8_unicode_ci NOT NULL,
  `description` text COLLATE utf8_unicode_ci,
  `layoutJson` text COLLATE utf8_unicode_ci NOT NULL,
  `returnUrl` varchar(255) COLLATE utf8_unicode_ci DEFAULT NULL,
  `defaultStatus` int(10) NOT NULL,
  `color` varchar(255) COLLATE utf8_unicode_ci DEFAULT NULL,
  `dateCreated` datetime NOT NULL,
  `dateUpdated` datetime NOT NULL,
  `uid` char(36) COLLATE utf8_unicode_ci NOT NULL DEFAULT '0',
  PRIMARY KEY (`id`),
  UNIQUE KEY `craft_freeform_forms_handle_unq_idx` (`handle`)
) ENGINE=InnoDB DEFAULT CHARSET=utf8 COLLATE=utf8_unicode_ci;

DROP TABLE IF EXISTS `craft_freeform_integrations`;


--
-- Schema for table `craft_freeform_integrations`
--
CREATE TABLE `craft_freeform_integrations` (
  `id` int(11) NOT NULL AUTO_INCREMENT,
  `name` varchar(255) COLLATE utf8_unicode_ci NOT NULL,
  `handle` varchar(255) COLLATE utf8_unicode_ci NOT NULL,
  `type` enum('mailing_list','crm') COLLATE utf8_unicode_ci NOT NULL,
  `class` varchar(255) COLLATE utf8_unicode_ci NOT NULL,
  `accessToken` varchar(255) COLLATE utf8_unicode_ci DEFAULT NULL,
  `settings` text COLLATE utf8_unicode_ci,
  `forceUpdate` tinyint(1) unsigned NOT NULL DEFAULT '0',
  `lastUpdate` datetime DEFAULT NULL,
  `dateCreated` datetime NOT NULL,
  `dateUpdated` datetime NOT NULL,
  `uid` char(36) COLLATE utf8_unicode_ci NOT NULL DEFAULT '0',
  PRIMARY KEY (`id`),
  UNIQUE KEY `craft_freeform_integrations_class_handle_unq_idx` (`class`,`handle`),
  UNIQUE KEY `craft_freeform_integrations_handle_unq_idx` (`handle`)
) ENGINE=InnoDB DEFAULT CHARSET=utf8 COLLATE=utf8_unicode_ci;

DROP TABLE IF EXISTS `craft_freeform_mailing_list_fields`;


--
-- Schema for table `craft_freeform_mailing_list_fields`
--
CREATE TABLE `craft_freeform_mailing_list_fields` (
  `id` int(11) NOT NULL AUTO_INCREMENT,
  `mailingListId` int(11) NOT NULL,
  `handle` varchar(255) COLLATE utf8_unicode_ci NOT NULL,
  `label` varchar(255) COLLATE utf8_unicode_ci NOT NULL,
  `type` enum('string','numeric','boolean','array') COLLATE utf8_unicode_ci NOT NULL DEFAULT 'string',
  `required` int(1) unsigned NOT NULL DEFAULT '0',
  `dateCreated` datetime NOT NULL,
  `dateUpdated` datetime NOT NULL,
  `uid` char(36) COLLATE utf8_unicode_ci NOT NULL DEFAULT '0',
  PRIMARY KEY (`id`),
  UNIQUE KEY `craft_freeform_mailing_list_fields_mailingListId_handle_unq_idx` (`mailingListId`,`handle`)
) ENGINE=InnoDB DEFAULT CHARSET=utf8 COLLATE=utf8_unicode_ci;

DROP TABLE IF EXISTS `craft_freeform_mailing_lists`;


--
-- Schema for table `craft_freeform_mailing_lists`
--
CREATE TABLE `craft_freeform_mailing_lists` (
  `id` int(11) NOT NULL AUTO_INCREMENT,
  `integrationId` int(11) NOT NULL,
  `resourceId` varchar(255) COLLATE utf8_unicode_ci NOT NULL,
  `name` varchar(255) COLLATE utf8_unicode_ci NOT NULL,
  `memberCount` int(11) DEFAULT NULL,
  `dateCreated` datetime NOT NULL,
  `dateUpdated` datetime NOT NULL,
  `uid` char(36) COLLATE utf8_unicode_ci NOT NULL DEFAULT '0',
  PRIMARY KEY (`id`),
  UNIQUE KEY `craft_freeform_mailing_lists_integrationId_resourceId_unq_idx` (`integrationId`,`resourceId`)
) ENGINE=InnoDB DEFAULT CHARSET=utf8 COLLATE=utf8_unicode_ci;

DROP TABLE IF EXISTS `craft_freeform_notifications`;


--
-- Schema for table `craft_freeform_notifications`
--
CREATE TABLE `craft_freeform_notifications` (
  `id` int(11) NOT NULL AUTO_INCREMENT,
  `name` varchar(255) COLLATE utf8_unicode_ci DEFAULT NULL,
  `handle` varchar(255) COLLATE utf8_unicode_ci NOT NULL,
  `description` text COLLATE utf8_unicode_ci,
  `fromName` varchar(255) COLLATE utf8_unicode_ci DEFAULT NULL,
  `fromEmail` varchar(255) COLLATE utf8_unicode_ci DEFAULT NULL,
  `replyToEmail` varchar(255) COLLATE utf8_unicode_ci DEFAULT NULL,
  `includeAttachments` tinyint(1) unsigned NOT NULL DEFAULT '0',
  `subject` varchar(255) COLLATE utf8_unicode_ci DEFAULT NULL,
  `bodyHtml` text COLLATE utf8_unicode_ci,
  `bodyText` text COLLATE utf8_unicode_ci,
  `sortOrder` int(10) DEFAULT NULL,
  `dateCreated` datetime NOT NULL,
  `dateUpdated` datetime NOT NULL,
  `uid` char(36) COLLATE utf8_unicode_ci NOT NULL DEFAULT '0',
  PRIMARY KEY (`id`),
  UNIQUE KEY `craft_freeform_notifications_handle_unq_idx` (`handle`)
) ENGINE=InnoDB DEFAULT CHARSET=utf8 COLLATE=utf8_unicode_ci;

DROP TABLE IF EXISTS `craft_freeform_statuses`;


--
-- Schema for table `craft_freeform_statuses`
--
CREATE TABLE `craft_freeform_statuses` (
  `id` int(11) NOT NULL AUTO_INCREMENT,
  `name` varchar(255) COLLATE utf8_unicode_ci NOT NULL,
  `handle` varchar(255) COLLATE utf8_unicode_ci NOT NULL,
  `color` enum('green','blue','yellow','orange','red','pink','purple','turquoise','light','grey','black') COLLATE utf8_unicode_ci NOT NULL DEFAULT 'grey',
  `isDefault` tinyint(1) unsigned NOT NULL DEFAULT '0',
  `sortOrder` int(10) DEFAULT NULL,
  `dateCreated` datetime NOT NULL,
  `dateUpdated` datetime NOT NULL,
  `uid` char(36) COLLATE utf8_unicode_ci NOT NULL DEFAULT '0',
  PRIMARY KEY (`id`),
  UNIQUE KEY `craft_freeform_statuses_name_unq_idx` (`name`),
  UNIQUE KEY `craft_freeform_statuses_handle_unq_idx` (`handle`)
) ENGINE=InnoDB AUTO_INCREMENT=4 DEFAULT CHARSET=utf8 COLLATE=utf8_unicode_ci;

--
-- Data for table `craft_freeform_statuses`
--

INSERT INTO `craft_freeform_statuses` (`id`, `name`, `handle`, `color`, `isDefault`, `sortOrder`, `dateCreated`, `dateUpdated`, `uid`) VALUES
 ('1', 'Pending', 'pending', 'light', '0', '1', '2017-06-09 17:35:44', '2017-06-09 17:35:44', '43ae335e-df99-4a37-96c3-dfcd858e5003'),
 ('2', 'Open', 'open', 'green', '1', '2', '2017-06-09 17:35:44', '2017-06-09 17:35:44', '095502c2-306e-4b7f-b41c-5445af5ce17d'),
 ('3', 'Closed', 'closed', 'grey', '0', '3', '2017-06-09 17:35:44', '2017-06-09 17:35:44', 'bb398419-eecf-44da-a0b4-0cc36d0f6e07');



DROP TABLE IF EXISTS `craft_freeform_submissions`;


--
-- Schema for table `craft_freeform_submissions`
--
CREATE TABLE `craft_freeform_submissions` (
  `id` int(11) NOT NULL,
  `statusId` int(11) DEFAULT NULL,
  `formId` int(11) NOT NULL,
  `field_1` varchar(100) COLLATE utf8_unicode_ci DEFAULT NULL,
  `field_2` varchar(100) COLLATE utf8_unicode_ci DEFAULT NULL,
  `field_3` text COLLATE utf8_unicode_ci,
  `field_4` varchar(100) COLLATE utf8_unicode_ci DEFAULT NULL,
  `field_5` varchar(100) COLLATE utf8_unicode_ci DEFAULT NULL,
  `field_6` varchar(100) COLLATE utf8_unicode_ci DEFAULT NULL,
  `field_7` varchar(100) COLLATE utf8_unicode_ci DEFAULT NULL,
  `field_8` text COLLATE utf8_unicode_ci,
  `field_9` varchar(100) COLLATE utf8_unicode_ci DEFAULT NULL,
  `field_10` varchar(100) COLLATE utf8_unicode_ci DEFAULT NULL,
  `field_11` varchar(100) COLLATE utf8_unicode_ci DEFAULT NULL,
  `field_12` text COLLATE utf8_unicode_ci,
  `dateCreated` datetime NOT NULL,
  `dateUpdated` datetime NOT NULL,
  `uid` char(36) COLLATE utf8_unicode_ci NOT NULL DEFAULT '0',
  PRIMARY KEY (`id`),
  KEY `craft_freeform_submissions_statusId_fk` (`statusId`),
  KEY `craft_freeform_submissions_formId_fk` (`formId`)
) ENGINE=InnoDB DEFAULT CHARSET=utf8 COLLATE=utf8_unicode_ci;

DROP TABLE IF EXISTS `craft_freeform_unfinalized_files`;


--
-- Schema for table `craft_freeform_unfinalized_files`
--
CREATE TABLE `craft_freeform_unfinalized_files` (
  `id` int(11) NOT NULL AUTO_INCREMENT,
  `assetId` int(11) NOT NULL,
  `dateCreated` datetime NOT NULL,
  `dateUpdated` datetime NOT NULL,
  `uid` char(36) COLLATE utf8_unicode_ci NOT NULL DEFAULT '0',
  PRIMARY KEY (`id`),
  KEY `craft_freeform_unfinalized_files_assetId_fk` (`assetId`)
) ENGINE=InnoDB DEFAULT CHARSET=utf8 COLLATE=utf8_unicode_ci;

DROP TABLE IF EXISTS `craft_globalsets`;


--
-- Schema for table `craft_globalsets`
--
CREATE TABLE `craft_globalsets` (
  `id` int(11) NOT NULL,
  `name` varchar(255) COLLATE utf8_unicode_ci NOT NULL,
  `handle` varchar(255) COLLATE utf8_unicode_ci NOT NULL,
  `fieldLayoutId` int(10) DEFAULT NULL,
  `dateCreated` datetime NOT NULL,
  `dateUpdated` datetime NOT NULL,
  `uid` char(36) COLLATE utf8_unicode_ci NOT NULL DEFAULT '0',
  PRIMARY KEY (`id`),
  UNIQUE KEY `craft_globalsets_name_unq_idx` (`name`),
  UNIQUE KEY `craft_globalsets_handle_unq_idx` (`handle`),
  KEY `craft_globalsets_fieldLayoutId_fk` (`fieldLayoutId`)
) ENGINE=InnoDB DEFAULT CHARSET=utf8 COLLATE=utf8_unicode_ci;

DROP TABLE IF EXISTS `craft_info`;


--
-- Schema for table `craft_info`
--
CREATE TABLE `craft_info` (
  `id` int(11) NOT NULL AUTO_INCREMENT,
  `version` varchar(50) COLLATE utf8_unicode_ci NOT NULL,
  `schemaVersion` varchar(15) COLLATE utf8_unicode_ci NOT NULL,
  `edition` tinyint(1) unsigned NOT NULL DEFAULT '0',
  `siteName` varchar(100) COLLATE utf8_unicode_ci NOT NULL,
  `siteUrl` varchar(255) COLLATE utf8_unicode_ci NOT NULL,
  `timezone` varchar(30) COLLATE utf8_unicode_ci DEFAULT NULL,
  `on` tinyint(1) unsigned NOT NULL DEFAULT '0',
  `maintenance` tinyint(1) unsigned NOT NULL DEFAULT '0',
  `dateCreated` datetime NOT NULL,
  `dateUpdated` datetime NOT NULL,
  `uid` char(36) COLLATE utf8_unicode_ci NOT NULL DEFAULT '0',
  PRIMARY KEY (`id`)
) ENGINE=InnoDB AUTO_INCREMENT=2 DEFAULT CHARSET=utf8 COLLATE=utf8_unicode_ci;

--
-- Data for table `craft_info`
--

INSERT INTO `craft_info` (`id`, `version`, `schemaVersion`, `edition`, `siteName`, `siteUrl`, `timezone`, `on`, `maintenance`, `dateCreated`, `dateUpdated`, `uid`) VALUES
 ('1', '2.6.2982', '2.6.9', '0', 'Milone & MacBroom', 'http://mmi.ads.dsdev', 'UTC', '1', '1', '2017-06-09 17:32:18', '2017-06-12 20:07:36', '708ecbe9-2680-41aa-8bdc-89a755f39d01');



DROP TABLE IF EXISTS `craft_locales`;


--
-- Schema for table `craft_locales`
--
CREATE TABLE `craft_locales` (
  `locale` char(12) COLLATE utf8_unicode_ci NOT NULL,
  `sortOrder` smallint(6) unsigned DEFAULT NULL,
  `dateCreated` datetime NOT NULL,
  `dateUpdated` datetime NOT NULL,
  `uid` char(36) COLLATE utf8_unicode_ci NOT NULL DEFAULT '0',
  PRIMARY KEY (`locale`),
  KEY `craft_locales_sortOrder_idx` (`sortOrder`)
) ENGINE=InnoDB DEFAULT CHARSET=utf8 COLLATE=utf8_unicode_ci;

--
-- Data for table `craft_locales`
--

INSERT INTO `craft_locales` (`locale`, `sortOrder`, `dateCreated`, `dateUpdated`, `uid`) VALUES
 ('en_us', '1', '2017-06-09 17:32:19', '2017-06-09 17:32:19', '858e9885-d9c1-4cbb-aa68-15717328a35b');



DROP TABLE IF EXISTS `craft_matrixblocks`;


--
-- Schema for table `craft_matrixblocks`
--
CREATE TABLE `craft_matrixblocks` (
  `id` int(11) NOT NULL,
  `ownerId` int(11) NOT NULL,
  `fieldId` int(11) NOT NULL,
  `typeId` int(11) DEFAULT NULL,
  `sortOrder` smallint(6) unsigned DEFAULT NULL,
  `ownerLocale` char(12) COLLATE utf8_unicode_ci DEFAULT NULL,
  `dateCreated` datetime NOT NULL,
  `dateUpdated` datetime NOT NULL,
  `uid` char(36) COLLATE utf8_unicode_ci NOT NULL DEFAULT '0',
  PRIMARY KEY (`id`),
  KEY `craft_matrixblocks_ownerId_idx` (`ownerId`),
  KEY `craft_matrixblocks_fieldId_idx` (`fieldId`),
  KEY `craft_matrixblocks_typeId_idx` (`typeId`),
  KEY `craft_matrixblocks_sortOrder_idx` (`sortOrder`),
  KEY `craft_matrixblocks_ownerLocale_fk` (`ownerLocale`)
) ENGINE=InnoDB DEFAULT CHARSET=utf8 COLLATE=utf8_unicode_ci;

DROP TABLE IF EXISTS `craft_matrixblocktypes`;


--
-- Schema for table `craft_matrixblocktypes`
--
CREATE TABLE `craft_matrixblocktypes` (
  `id` int(11) NOT NULL AUTO_INCREMENT,
  `fieldId` int(11) NOT NULL,
  `fieldLayoutId` int(11) DEFAULT NULL,
  `name` varchar(255) COLLATE utf8_unicode_ci NOT NULL,
  `handle` varchar(255) COLLATE utf8_unicode_ci NOT NULL,
  `sortOrder` smallint(6) unsigned DEFAULT NULL,
  `dateCreated` datetime NOT NULL,
  `dateUpdated` datetime NOT NULL,
  `uid` char(36) COLLATE utf8_unicode_ci NOT NULL DEFAULT '0',
  PRIMARY KEY (`id`),
  UNIQUE KEY `craft_matrixblocktypes_name_fieldId_unq_idx` (`name`,`fieldId`),
  UNIQUE KEY `craft_matrixblocktypes_handle_fieldId_unq_idx` (`handle`,`fieldId`),
  KEY `craft_matrixblocktypes_fieldId_fk` (`fieldId`),
  KEY `craft_matrixblocktypes_fieldLayoutId_fk` (`fieldLayoutId`)
) ENGINE=InnoDB AUTO_INCREMENT=3 DEFAULT CHARSET=utf8 COLLATE=utf8_unicode_ci;

--
-- Data for table `craft_matrixblocktypes`
--

INSERT INTO `craft_matrixblocktypes` (`id`, `fieldId`, `fieldLayoutId`, `name`, `handle`, `sortOrder`, `dateCreated`, `dateUpdated`, `uid`) VALUES
 ('1', '3', '40', 'Masthead', 'masthead', '1', '2017-06-09 19:00:20', '2017-06-12 19:03:32', 'b9337a26-e0de-4266-886c-3eada0f1b738'),
 ('2', '3', '42', 'videoGallery', 'videogallery', '2', '2017-06-12 19:02:25', '2017-06-12 19:03:33', '80871abb-7b7e-4c93-87e7-2177faf6f8ec');



DROP TABLE IF EXISTS `craft_matrixcontent_components`;


--
-- Schema for table `craft_matrixcontent_components`
--
CREATE TABLE `craft_matrixcontent_components` (
  `id` int(11) NOT NULL AUTO_INCREMENT,
  `elementId` int(11) NOT NULL,
  `locale` char(12) COLLATE utf8_unicode_ci NOT NULL,
  `field_masthead_primaryTitle` text COLLATE utf8_unicode_ci,
  `field_masthead_subtitle` text COLLATE utf8_unicode_ci,
  `dateCreated` datetime NOT NULL,
  `dateUpdated` datetime NOT NULL,
  `uid` char(36) COLLATE utf8_unicode_ci NOT NULL DEFAULT '0',
  PRIMARY KEY (`id`),
  UNIQUE KEY `craft_matrixcontent_components_elementId_locale_unq_idx` (`elementId`,`locale`),
  KEY `craft_matrixcontent_components_locale_idx` (`locale`)
) ENGINE=InnoDB DEFAULT CHARSET=utf8 COLLATE=utf8_unicode_ci;

DROP TABLE IF EXISTS `craft_migrations`;


--
-- Schema for table `craft_migrations`
--
CREATE TABLE `craft_migrations` (
  `id` int(11) NOT NULL AUTO_INCREMENT,
  `pluginId` int(11) DEFAULT NULL,
  `version` varchar(255) COLLATE utf8_unicode_ci NOT NULL,
  `applyTime` datetime NOT NULL,
  `dateCreated` datetime NOT NULL,
  `dateUpdated` datetime NOT NULL,
  `uid` char(36) COLLATE utf8_unicode_ci NOT NULL DEFAULT '0',
  PRIMARY KEY (`id`),
  UNIQUE KEY `craft_migrations_version_unq_idx` (`version`),
  KEY `craft_migrations_pluginId_fk` (`pluginId`)
) ENGINE=InnoDB AUTO_INCREMENT=71 DEFAULT CHARSET=utf8 COLLATE=utf8_unicode_ci;

--
-- Data for table `craft_migrations`
--

INSERT INTO `craft_migrations` (`id`, `pluginId`, `version`, `applyTime`, `dateCreated`, `dateUpdated`, `uid`) VALUES
 ('1', NULL, 'm000000_000000_base', '2017-06-09 17:32:18', '2017-06-09 17:32:18', '2017-06-09 17:32:18', 'bb86d782-2bb2-4e7c-9c8f-3e3f76a43769'),
 ('2', NULL, 'm140730_000001_add_filename_and_format_to_transformindex', '2017-06-09 17:32:18', '2017-06-09 17:32:18', '2017-06-09 17:32:18', '7ffd8e01-bec3-4b38-afd1-530257bb1933'),
 ('3', NULL, 'm140815_000001_add_format_to_transforms', '2017-06-09 17:32:18', '2017-06-09 17:32:18', '2017-06-09 17:32:18', '70cdb2ba-9eb8-4581-b57f-59cb2ac6763c'),
 ('4', NULL, 'm140822_000001_allow_more_than_128_items_per_field', '2017-06-09 17:32:18', '2017-06-09 17:32:18', '2017-06-09 17:32:18', '3c48bb76-3ad5-430d-8b06-10349260cdf3'),
 ('5', NULL, 'm140829_000001_single_title_formats', '2017-06-09 17:32:18', '2017-06-09 17:32:18', '2017-06-09 17:32:18', 'cd765b62-e8bb-4c31-a379-3f2be9d72b39'),
 ('6', NULL, 'm140831_000001_extended_cache_keys', '2017-06-09 17:32:18', '2017-06-09 17:32:18', '2017-06-09 17:32:18', '79374939-2e89-4eda-8063-01edac54beca'),
 ('7', NULL, 'm140922_000001_delete_orphaned_matrix_blocks', '2017-06-09 17:32:18', '2017-06-09 17:32:18', '2017-06-09 17:32:18', '62468aed-ab8b-4b90-8f98-05f8227bac0e'),
 ('8', NULL, 'm141008_000001_elements_index_tune', '2017-06-09 17:32:18', '2017-06-09 17:32:18', '2017-06-09 17:32:18', '3c0c0b96-6dab-4055-b01e-9bbfd8c162c2'),
 ('9', NULL, 'm141009_000001_assets_source_handle', '2017-06-09 17:32:18', '2017-06-09 17:32:18', '2017-06-09 17:32:18', '22b0aab7-1ff3-4917-91df-fe73dedb94f7'),
 ('10', NULL, 'm141024_000001_field_layout_tabs', '2017-06-09 17:32:18', '2017-06-09 17:32:18', '2017-06-09 17:32:18', '157eeef8-d3d4-4f98-ab7d-4352ca66e745'),
 ('11', NULL, 'm141030_000000_plugin_schema_versions', '2017-06-09 17:32:18', '2017-06-09 17:32:18', '2017-06-09 17:32:18', '5d69a5e5-e4aa-491f-a683-78b254a6ca0d'),
 ('12', NULL, 'm141030_000001_drop_structure_move_permission', '2017-06-09 17:32:18', '2017-06-09 17:32:18', '2017-06-09 17:32:18', '96df28dc-7e3a-4bef-b7ab-bd612aa24d35'),
 ('13', NULL, 'm141103_000001_tag_titles', '2017-06-09 17:32:18', '2017-06-09 17:32:18', '2017-06-09 17:32:18', 'b48493f8-f955-42de-9008-9b0df756978c'),
 ('14', NULL, 'm141109_000001_user_status_shuffle', '2017-06-09 17:32:18', '2017-06-09 17:32:18', '2017-06-09 17:32:18', '65a47229-9dac-45e6-979b-6d842aea6038'),
 ('15', NULL, 'm141126_000001_user_week_start_day', '2017-06-09 17:32:18', '2017-06-09 17:32:18', '2017-06-09 17:32:18', '4cb78fcd-312e-4e0d-99b6-141353714845'),
 ('16', NULL, 'm150210_000001_adjust_user_photo_size', '2017-06-09 17:32:18', '2017-06-09 17:32:18', '2017-06-09 17:32:18', 'f4381fe4-8a98-4a1f-80cc-b0098fb4e36e'),
 ('17', NULL, 'm150724_000001_adjust_quality_settings', '2017-06-09 17:32:18', '2017-06-09 17:32:19', '2017-06-09 17:32:19', '8021b16f-cc85-4ce4-a42b-af5043c1cc1d'),
 ('18', NULL, 'm150827_000000_element_index_settings', '2017-06-09 17:32:18', '2017-06-09 17:32:19', '2017-06-09 17:32:19', 'c5851f93-9ec8-4f77-8048-f807329682d2'),
 ('19', NULL, 'm150918_000001_add_colspan_to_widgets', '2017-06-09 17:32:18', '2017-06-09 17:32:19', '2017-06-09 17:32:19', '2d426672-033e-4534-8546-23fb2bca7b55'),
 ('20', NULL, 'm151007_000000_clear_asset_caches', '2017-06-09 17:32:18', '2017-06-09 17:32:19', '2017-06-09 17:32:19', '33373f16-1589-4d70-a664-a43acd410f34'),
 ('21', NULL, 'm151109_000000_text_url_formats', '2017-06-09 17:32:18', '2017-06-09 17:32:19', '2017-06-09 17:32:19', '7e5629e6-ad5a-4d9d-b15d-d8da49c7918d'),
 ('22', NULL, 'm151110_000000_move_logo', '2017-06-09 17:32:18', '2017-06-09 17:32:19', '2017-06-09 17:32:19', '59bb37b5-d0f4-43be-b990-0ae7b4c5e9e5'),
 ('23', NULL, 'm151117_000000_adjust_image_widthheight', '2017-06-09 17:32:18', '2017-06-09 17:32:19', '2017-06-09 17:32:19', 'c56d8d08-e896-48cf-bec4-d405280e5420'),
 ('24', NULL, 'm151127_000000_clear_license_key_status', '2017-06-09 17:32:18', '2017-06-09 17:32:19', '2017-06-09 17:32:19', '165c7f5a-ff29-44c0-aa16-51f8aa80a036'),
 ('25', NULL, 'm151127_000000_plugin_license_keys', '2017-06-09 17:32:18', '2017-06-09 17:32:19', '2017-06-09 17:32:19', '7455f971-0cc2-4737-9337-f0228884ea34'),
 ('26', NULL, 'm151130_000000_update_pt_widget_feeds', '2017-06-09 17:32:18', '2017-06-09 17:32:19', '2017-06-09 17:32:19', 'ca38f8e6-c8ae-4a79-aef1-6e660c42d02d'),
 ('27', NULL, 'm160114_000000_asset_sources_public_url_default_true', '2017-06-09 17:32:18', '2017-06-09 17:32:19', '2017-06-09 17:32:19', '628be249-abb3-43a9-a1e7-b57b105e2f21'),
 ('28', NULL, 'm160223_000000_sortorder_to_smallint', '2017-06-09 17:32:18', '2017-06-09 17:32:19', '2017-06-09 17:32:19', 'b165c2ee-8288-4141-a129-e1373251c51b'),
 ('29', NULL, 'm160229_000000_set_default_entry_statuses', '2017-06-09 17:32:18', '2017-06-09 17:32:19', '2017-06-09 17:32:19', 'dd195855-2ddf-4ffb-a641-621ebc17d3c0'),
 ('30', NULL, 'm160304_000000_client_permissions', '2017-06-09 17:32:18', '2017-06-09 17:32:19', '2017-06-09 17:32:19', 'fb32d35f-e60c-4e98-9336-8802b0202307'),
 ('31', NULL, 'm160322_000000_asset_filesize', '2017-06-09 17:32:18', '2017-06-09 17:32:19', '2017-06-09 17:32:19', '715808d7-d4e8-4cee-8980-8ce2989a559c'),
 ('32', NULL, 'm160503_000000_orphaned_fieldlayouts', '2017-06-09 17:32:18', '2017-06-09 17:32:19', '2017-06-09 17:32:19', '03b4ae5b-5181-4671-b721-bff4c13e289e'),
 ('33', NULL, 'm160510_000000_tasksettings', '2017-06-09 17:32:18', '2017-06-09 17:32:19', '2017-06-09 17:32:19', 'df3debf1-411d-45c1-b3d6-7e62af74d26a'),
 ('34', NULL, 'm160829_000000_pending_user_content_cleanup', '2017-06-09 17:32:18', '2017-06-09 17:32:19', '2017-06-09 17:32:19', '67213591-3348-48ef-babe-5fb399815437'),
 ('35', NULL, 'm160830_000000_asset_index_uri_increase', '2017-06-09 17:32:18', '2017-06-09 17:32:19', '2017-06-09 17:32:19', '04b5492b-0da7-483d-8b43-c55d3aa5e6e2'),
 ('36', NULL, 'm160919_000000_usergroup_handle_title_unique', '2017-06-09 17:32:18', '2017-06-09 17:32:19', '2017-06-09 17:32:19', 'cf55a0ab-701c-4f79-ad6c-1e98c1273f2b'),
 ('37', NULL, 'm161108_000000_new_version_format', '2017-06-09 17:32:18', '2017-06-09 17:32:19', '2017-06-09 17:32:19', '5d5819c1-9eec-4613-ae47-bd189b3ad4fb'),
 ('38', NULL, 'm161109_000000_index_shuffle', '2017-06-09 17:32:18', '2017-06-09 17:32:19', '2017-06-09 17:32:19', 'f67717cf-c436-4df1-b65f-fe1b4ec275d0'),
 ('39', '1', 'm150901_144609_superTable_fixForContentTables', '2017-06-09 17:35:15', '2017-06-09 17:35:15', '2017-06-09 17:35:15', 'ae0f4e3b-f984-4fca-9ddb-cb8a5b0b2d3b'),
 ('40', '2', 'm151225_000000_seomatic_addHumansField', '2017-06-09 17:35:20', '2017-06-09 17:35:20', '2017-06-09 17:35:20', '473b7dd3-11a3-40b7-a6d7-44faae760233'),
 ('41', '2', 'm151226_000000_seomatic_addTwitterFacebookFields', '2017-06-09 17:35:20', '2017-06-09 17:35:20', '2017-06-09 17:35:20', '9eed508d-cc88-43e8-8850-bed49f83dd55'),
 ('42', '2', 'm160101_000000_seomatic_addRobotsFields', '2017-06-09 17:35:20', '2017-06-09 17:35:20', '2017-06-09 17:35:20', '2e48bb14-2792-4e30-bbd7-c5c380887e61'),
 ('43', '2', 'm160111_000000_seomatic_addTitleFields', '2017-06-09 17:35:20', '2017-06-09 17:35:20', '2017-06-09 17:35:20', 'f9958d31-6f2c-4b5a-8ed1-7080baa33559'),
 ('44', '2', 'm160122_000000_seomatic_addTypeFields', '2017-06-09 17:35:20', '2017-06-09 17:35:20', '2017-06-09 17:35:20', '4c4ce0d7-cd87-46ec-be52-e06bb7282d6d'),
 ('45', '2', 'm160123_000000_seomatic_addOpeningHours', '2017-06-09 17:35:20', '2017-06-09 17:35:20', '2017-06-09 17:35:20', '85255a8e-8cc8-49c7-8394-953ebefa4d6c'),
 ('46', '2', 'm160202_000000_seomatic_addSocialHandles', '2017-06-09 17:35:20', '2017-06-09 17:35:20', '2017-06-09 17:35:20', '3cccecc3-e073-4394-9723-4fd4747eb29f'),
 ('47', '2', 'm160204_000000_seomatic_addGoogleAnalytics', '2017-06-09 17:35:20', '2017-06-09 17:35:20', '2017-06-09 17:35:20', '81a4a934-ff91-4b70-8e9b-a8ec1085c599'),
 ('48', '2', 'm160205_000000_seomatic_addResturantMenu', '2017-06-09 17:35:20', '2017-06-09 17:35:20', '2017-06-09 17:35:20', '959b2dff-deac-4634-845d-d489af9915f5'),
 ('49', '2', 'm160206_000000_seomatic_addGoogleAnalyticsPlugins', '2017-06-09 17:35:20', '2017-06-09 17:35:20', '2017-06-09 17:35:20', 'a025fac0-7f02-43dc-af36-a18e9c9a81c5'),
 ('50', '2', 'm160206_000000_seomatic_addGoogleAnalyticsSendPageView', '2017-06-09 17:35:20', '2017-06-09 17:35:20', '2017-06-09 17:35:20', 'f1a64d29-5290-4088-b5a3-17b22d4c9c23'),
 ('51', '2', 'm160209_000000_seomatic_alterDescriptionsColumns', '2017-06-09 17:35:20', '2017-06-09 17:35:20', '2017-06-09 17:35:20', '5d05544f-8752-4889-b404-c1ebe4da7b72'),
 ('52', '2', 'm160209_000001_seomatic_addRobotsTxt', '2017-06-09 17:35:20', '2017-06-09 17:35:20', '2017-06-09 17:35:20', '34398a4e-7c93-4172-ad91-e4483e79f4bd'),
 ('53', '2', 'm160227_000000_seomatic_addFacebookAppId', '2017-06-09 17:35:20', '2017-06-09 17:35:20', '2017-06-09 17:35:20', '4b47effe-69a4-4045-9239-bc29a4fce0d1'),
 ('54', '2', 'm160416_000000_seomatic_addContactPoints', '2017-06-09 17:35:20', '2017-06-09 17:35:20', '2017-06-09 17:35:20', '3271863d-76bf-401e-a54c-b9b45712f377'),
 ('55', '2', 'm160509_000000_seomatic_addSiteLinksBing', '2017-06-09 17:35:20', '2017-06-09 17:35:20', '2017-06-09 17:35:20', '46d3f9be-38f5-4612-b36a-43658feeb4e4'),
 ('56', '2', 'm160707_000000_seomatic_addGoogleTagManager', '2017-06-09 17:35:20', '2017-06-09 17:35:20', '2017-06-09 17:35:20', 'ea2f27b8-4407-415f-bb41-0b39800f7aa5'),
 ('57', '2', 'm160715_000000_seomatic_addSeoImageTransforms', '2017-06-09 17:35:20', '2017-06-09 17:35:20', '2017-06-09 17:35:20', 'c1bd9d55-c8f6-4692-bd16-502a47150185'),
 ('58', '2', 'm160723_000000_seomatic_addSeoMainEntityOfPage', '2017-06-09 17:35:20', '2017-06-09 17:35:20', '2017-06-09 17:35:20', '3646e6a0-ab1a-41f4-8f9e-50e86604817d'),
 ('59', '2', 'm160724_000000_seomatic_addSeoMainEntityCategory', '2017-06-09 17:35:20', '2017-06-09 17:35:20', '2017-06-09 17:35:20', 'fb7df0f4-8939-4916-b5f7-b9fad6cdb5da'),
 ('60', '2', 'm160811_000000_seomatic_addVimeo', '2017-06-09 17:35:20', '2017-06-09 17:35:20', '2017-06-09 17:35:20', '8fdec446-670d-41a0-a808-88a42ee7c1b8'),
 ('61', '2', 'm160904_000000_seomatic_addTwitterFacebookImages', '2017-06-09 17:35:20', '2017-06-09 17:35:20', '2017-06-09 17:35:20', 'de4339bc-5c7e-47e6-a847-0801998a7cdc'),
 ('62', '2', 'm161220_000000_seomatic_addPriceRange', '2017-06-09 17:35:20', '2017-06-09 17:35:20', '2017-06-09 17:35:20', 'abbcb6b6-2208-4567-b177-794714c6bd57'),
 ('63', '2', 'm170212_000000_seomatic_addGoogleAnalyticsAnonymizeIp', '2017-06-09 17:35:20', '2017-06-09 17:35:20', '2017-06-09 17:35:20', 'b066ba49-a001-4979-9dfc-fbb66ab42e78'),
 ('64', '2', 'm170212_000000_seomatic_addWikipedia', '2017-06-09 17:35:20', '2017-06-09 17:35:20', '2017-06-09 17:35:20', '8a0f4ed6-fcad-42ab-9033-2aa76e712765'),
 ('65', '4', 'm161121_101534_freeform_AddCheckedAttributeToFieldModel', '2017-06-09 17:35:42', '2017-06-09 17:35:42', '2017-06-09 17:35:42', '9e6cd9ec-b05d-43e1-a578-1bf990105faa'),
 ('66', '4', 'm161129_134744_freeform_ChangingFieldDatabaseTypes', '2017-06-09 17:35:42', '2017-06-09 17:35:42', '2017-06-09 17:35:42', '5404f062-a7a6-415b-b56a-c3c419625a4d'),
 ('67', '4', 'm170127_083920_freeform_MakeFieldCheckedNullable', '2017-06-09 17:35:42', '2017-06-09 17:35:42', '2017-06-09 17:35:42', 'ce4b2442-f780-4a5e-b48b-0be49a45b276'),
 ('68', '4', 'm170127_095031_freeform_AddArrayTypeToIntegrationFields', '2017-06-09 17:35:42', '2017-06-09 17:35:42', '2017-06-09 17:35:42', '758c17e1-732b-47ef-b755-d1f3897c5484'),
 ('69', '4', 'm170207_111312_freeform_AddColorToForms', '2017-06-09 17:35:42', '2017-06-09 17:35:42', '2017-06-09 17:35:42', 'aa82168a-e5b8-4f00-a26f-fc7df45aa47a'),
 ('70', '5', 'm160922_150924_navee_AddRegexField', '2017-06-09 20:29:37', '2017-06-09 20:29:37', '2017-06-09 20:29:37', 'ae02cf62-89e0-47d6-a751-6a122d60fb0a');



DROP TABLE IF EXISTS `craft_navee_navigations`;


--
-- Schema for table `craft_navee_navigations`
--
CREATE TABLE `craft_navee_navigations` (
  `id` int(11) NOT NULL AUTO_INCREMENT,
  `creatorId` int(11) DEFAULT NULL,
  `name` varchar(255) COLLATE utf8_unicode_ci NOT NULL,
  `handle` varchar(255) COLLATE utf8_unicode_ci NOT NULL,
  `maxLevels` int(10) DEFAULT NULL,
  `fieldLayoutId` int(10) DEFAULT NULL,
  `structureId` int(10) DEFAULT NULL,
  `dateCreated` datetime NOT NULL,
  `dateUpdated` datetime NOT NULL,
  `uid` char(36) COLLATE utf8_unicode_ci NOT NULL DEFAULT '0',
  PRIMARY KEY (`id`),
  UNIQUE KEY `craft_navee_navigations_name_unq_idx` (`name`),
  UNIQUE KEY `craft_navee_navigations_handle_unq_idx` (`handle`),
  KEY `craft_navee_navigations_fieldLayoutId_fk` (`fieldLayoutId`),
  KEY `craft_navee_navigations_creatorId_fk` (`creatorId`)
) ENGINE=InnoDB AUTO_INCREMENT=2 DEFAULT CHARSET=utf8 COLLATE=utf8_unicode_ci;

--
-- Data for table `craft_navee_navigations`
--

INSERT INTO `craft_navee_navigations` (`id`, `creatorId`, `name`, `handle`, `maxLevels`, `fieldLayoutId`, `structureId`, `dateCreated`, `dateUpdated`, `uid`) VALUES
 ('1', '1', 'Primary Navigation', 'primaryNavigation', NULL, '20', '4', '2017-06-09 20:30:45', '2017-06-09 20:30:45', '25eab53d-ed48-4d6c-a89e-4ab28562288a');



DROP TABLE IF EXISTS `craft_navee_nodes`;


--
-- Schema for table `craft_navee_nodes`
--
CREATE TABLE `craft_navee_nodes` (
  `id` int(11) NOT NULL,
  `navigationId` int(11) NOT NULL,
  `linkType` enum('entryId','assetId','categoryId','customUri','none') COLLATE utf8_unicode_ci DEFAULT NULL,
  `entryId` int(10) DEFAULT NULL,
  `assetId` int(10) DEFAULT NULL,
  `categoryId` int(10) DEFAULT NULL,
  `customUri` varchar(255) COLLATE utf8_unicode_ci DEFAULT NULL,
  `class` varchar(255) COLLATE utf8_unicode_ci DEFAULT NULL,
  `idAttr` varchar(255) COLLATE utf8_unicode_ci DEFAULT NULL,
  `rel` varchar(255) COLLATE utf8_unicode_ci DEFAULT NULL,
  `name` varchar(255) COLLATE utf8_unicode_ci DEFAULT NULL,
  `titleAttr` varchar(255) COLLATE utf8_unicode_ci DEFAULT NULL,
  `accessKey` varchar(255) COLLATE utf8_unicode_ci DEFAULT NULL,
  `target` varchar(255) COLLATE utf8_unicode_ci DEFAULT NULL,
  `includeInNavigation` tinyint(1) unsigned NOT NULL DEFAULT '0',
  `passive` tinyint(1) unsigned NOT NULL DEFAULT '0',
  `userGroups` text COLLATE utf8_unicode_ci,
  `regex` varchar(255) COLLATE utf8_unicode_ci DEFAULT NULL,
  `dateCreated` datetime NOT NULL,
  `dateUpdated` datetime NOT NULL,
  `uid` char(36) COLLATE utf8_unicode_ci NOT NULL DEFAULT '0',
  PRIMARY KEY (`id`),
  KEY `craft_navee_nodes_navigationId_fk` (`navigationId`)
) ENGINE=InnoDB DEFAULT CHARSET=utf8 COLLATE=utf8_unicode_ci;

--
-- Data for table `craft_navee_nodes`
--

INSERT INTO `craft_navee_nodes` (`id`, `navigationId`, `linkType`, `entryId`, `assetId`, `categoryId`, `customUri`, `class`, `idAttr`, `rel`, `name`, `titleAttr`, `accessKey`, `target`, `includeInNavigation`, `passive`, `userGroups`, `regex`, `dateCreated`, `dateUpdated`, `uid`) VALUES
 ('27', '1', 'entryId', '2', NULL, NULL, '', '', '', '', '', '', '', '', '1', '0', '[]', '', '2017-06-09 20:32:02', '2017-06-09 20:32:02', '60c7b8be-07fe-458e-8a4b-a9014687eeab');



DROP TABLE IF EXISTS `craft_plugins`;


--
-- Schema for table `craft_plugins`
--
CREATE TABLE `craft_plugins` (
  `id` int(11) NOT NULL AUTO_INCREMENT,
  `class` varchar(150) COLLATE utf8_unicode_ci NOT NULL,
  `version` varchar(15) COLLATE utf8_unicode_ci NOT NULL,
  `schemaVersion` varchar(15) COLLATE utf8_unicode_ci DEFAULT NULL,
  `licenseKey` char(24) COLLATE utf8_unicode_ci DEFAULT NULL,
  `licenseKeyStatus` enum('valid','invalid','mismatched','unknown') COLLATE utf8_unicode_ci NOT NULL DEFAULT 'unknown',
  `enabled` tinyint(1) unsigned NOT NULL DEFAULT '0',
  `settings` text COLLATE utf8_unicode_ci,
  `installDate` datetime NOT NULL,
  `dateCreated` datetime NOT NULL,
  `dateUpdated` datetime NOT NULL,
  `uid` char(36) COLLATE utf8_unicode_ci NOT NULL DEFAULT '0',
  PRIMARY KEY (`id`)
) ENGINE=InnoDB AUTO_INCREMENT=6 DEFAULT CHARSET=utf8 COLLATE=utf8_unicode_ci;

--
-- Data for table `craft_plugins`
--

INSERT INTO `craft_plugins` (`id`, `class`, `version`, `schemaVersion`, `licenseKey`, `licenseKeyStatus`, `enabled`, `settings`, `installDate`, `dateCreated`, `dateUpdated`, `uid`) VALUES
 ('1', 'SuperTable', '1.0.4', '1.0.0', NULL, 'unknown', '1', NULL, '2017-06-09 17:35:15', '2017-06-09 17:35:15', '2017-06-12 20:07:35', 'bb9e441d-7865-48f3-90d9-d22711672bf2'),
 ('2', 'Seomatic', '1.1.47', '1.1.25', NULL, 'unknown', '1', NULL, '2017-06-09 17:35:20', '2017-06-09 17:35:20', '2017-06-12 20:07:35', 'bd05fa08-d301-4612-ad34-853fc004fa8f'),
 ('3', 'CacheBuster', '1.2.2', NULL, NULL, 'unknown', '1', NULL, '2017-06-09 17:35:38', '2017-06-09 17:35:38', '2017-06-12 20:07:35', '3dfe6a4c-849a-4898-8066-ca04160db0ec'),
 ('4', 'Freeform', '1.5.1', '1.0.5', NULL, 'unknown', '1', NULL, '2017-06-09 17:35:42', '2017-06-09 17:35:42', '2017-06-12 20:07:35', '3b8f971a-c762-4565-9980-e763e1999fed'),
 ('5', 'Navee', '1.3.0', NULL, NULL, 'unknown', '1', NULL, '2017-06-09 20:29:37', '2017-06-09 20:29:37', '2017-06-12 20:07:35', '43618da2-b5bc-4dff-b999-4c4d23ecf773');



DROP TABLE IF EXISTS `craft_rackspaceaccess`;


--
-- Schema for table `craft_rackspaceaccess`
--
CREATE TABLE `craft_rackspaceaccess` (
  `id` int(11) NOT NULL AUTO_INCREMENT,
  `connectionKey` varchar(255) COLLATE utf8_unicode_ci NOT NULL,
  `token` varchar(255) COLLATE utf8_unicode_ci NOT NULL,
  `storageUrl` varchar(255) COLLATE utf8_unicode_ci NOT NULL,
  `cdnUrl` varchar(255) COLLATE utf8_unicode_ci NOT NULL,
  `dateCreated` datetime NOT NULL,
  `dateUpdated` datetime NOT NULL,
  `uid` char(36) COLLATE utf8_unicode_ci NOT NULL DEFAULT '0',
  PRIMARY KEY (`id`),
  UNIQUE KEY `craft_rackspaceaccess_connectionKey_unq_idx` (`connectionKey`)
) ENGINE=InnoDB DEFAULT CHARSET=utf8 COLLATE=utf8_unicode_ci;

DROP TABLE IF EXISTS `craft_relations`;


--
-- Schema for table `craft_relations`
--
CREATE TABLE `craft_relations` (
  `id` int(11) NOT NULL AUTO_INCREMENT,
  `fieldId` int(11) NOT NULL,
  `sourceId` int(11) NOT NULL,
  `sourceLocale` char(12) COLLATE utf8_unicode_ci DEFAULT NULL,
  `targetId` int(11) NOT NULL,
  `sortOrder` smallint(6) DEFAULT NULL,
  `dateCreated` datetime NOT NULL,
  `dateUpdated` datetime NOT NULL,
  `uid` char(36) COLLATE utf8_unicode_ci NOT NULL DEFAULT '0',
  PRIMARY KEY (`id`),
  UNIQUE KEY `craft_relations_fieldId_sourceId_sourceLocale_targetId_unq_idx` (`fieldId`,`sourceId`,`sourceLocale`,`targetId`),
  KEY `craft_relations_sourceId_fk` (`sourceId`),
  KEY `craft_relations_sourceLocale_fk` (`sourceLocale`),
  KEY `craft_relations_targetId_fk` (`targetId`)
) ENGINE=InnoDB AUTO_INCREMENT=3 DEFAULT CHARSET=utf8 COLLATE=utf8_unicode_ci;

DROP TABLE IF EXISTS `craft_routes`;


--
-- Schema for table `craft_routes`
--
CREATE TABLE `craft_routes` (
  `id` int(11) NOT NULL AUTO_INCREMENT,
  `locale` char(12) COLLATE utf8_unicode_ci DEFAULT NULL,
  `urlParts` varchar(255) COLLATE utf8_unicode_ci NOT NULL,
  `urlPattern` varchar(255) COLLATE utf8_unicode_ci NOT NULL,
  `template` varchar(255) COLLATE utf8_unicode_ci NOT NULL,
  `sortOrder` smallint(6) unsigned DEFAULT NULL,
  `dateCreated` datetime NOT NULL,
  `dateUpdated` datetime NOT NULL,
  `uid` char(36) COLLATE utf8_unicode_ci NOT NULL DEFAULT '0',
  PRIMARY KEY (`id`),
  UNIQUE KEY `craft_routes_urlPattern_unq_idx` (`urlPattern`),
  KEY `craft_routes_locale_idx` (`locale`)
) ENGINE=InnoDB DEFAULT CHARSET=utf8 COLLATE=utf8_unicode_ci;

DROP TABLE IF EXISTS `craft_searchindex`;


--
-- Schema for table `craft_searchindex`
--
CREATE TABLE `craft_searchindex` (
  `elementId` int(11) NOT NULL,
  `attribute` varchar(25) COLLATE utf8_unicode_ci NOT NULL,
  `fieldId` int(11) NOT NULL,
  `locale` char(12) COLLATE utf8_unicode_ci NOT NULL,
  `keywords` text COLLATE utf8_unicode_ci NOT NULL,
  PRIMARY KEY (`elementId`,`attribute`,`fieldId`,`locale`),
  FULLTEXT KEY `craft_searchindex_keywords_idx` (`keywords`)
) ENGINE=MyISAM DEFAULT CHARSET=utf8 COLLATE=utf8_unicode_ci;

--
-- Data for table `craft_searchindex`
--

INSERT INTO `craft_searchindex` (`elementId`, `attribute`, `fieldId`, `locale`, `keywords`) VALUES
 ('1', 'username', '0', 'en_us', ' admin '),
 ('1', 'firstname', '0', 'en_us', ''),
 ('1', 'lastname', '0', 'en_us', ''),
 ('1', 'fullname', '0', 'en_us', ''),
 ('1', 'email', '0', 'en_us', ' adam soffer digitalsurgeons com '),
 ('1', 'slug', '0', 'en_us', ''),
 ('2', 'slug', '0', 'en_us', ' homepage '),
 ('2', 'title', '0', 'en_us', ' welcome to mmi ads dsdev '),
 ('2', 'field', '1', 'en_us', ' it s true this site doesn t have a whole lot of content yet but don t worry our web developers have just installed the cms and they re setting things up for the content editors this very moment soon mmi ads dsdev will be an oasis of fresh perspectives sharp analyses and astute opinions that will keep you coming back again and again '),
 ('3', 'field', '1', 'en_us', ' craft is the cms that s powering mmi ads dsdev it s beautiful powerful flexible and easy to use and it s made by pixel tonic we can t wait to dive in and see what it s capable of this is even more captivating content which you couldn t see on the news index page because it was entered after a page break and the news index template only likes to show the content on the first page craft a nice alternative to word if you re making a website '),
 ('3', 'field', '2', 'en_us', ''),
 ('3', 'slug', '0', 'en_us', ' we just installed craft '),
 ('3', 'title', '0', 'en_us', ' we just installed craft '),
 ('4', 'slug', '0', 'en_us', ' engineering '),
 ('4', 'title', '0', 'en_us', ' engineering '),
 ('5', 'slug', '0', 'en_us', ' civil engineering '),
 ('5', 'title', '0', 'en_us', ' civil engineering '),
 ('6', 'slug', '0', 'en_us', ' transportation engineering '),
 ('6', 'title', '0', 'en_us', ' transportation engineering '),
 ('7', 'slug', '0', 'en_us', ' water resources '),
 ('7', 'title', '0', 'en_us', ' water resources '),
 ('8', 'slug', '0', 'en_us', ' structural engineering '),
 ('8', 'title', '0', 'en_us', ' structural engineering '),
 ('9', 'slug', '0', 'en_us', ' geotechnical engineering '),
 ('9', 'title', '0', 'en_us', ' geotechnical engineering '),
 ('10', 'slug', '0', 'en_us', ' water wastewater '),
 ('10', 'title', '0', 'en_us', ' water wastewater '),
 ('11', 'slug', '0', 'en_us', ' utility '),
 ('11', 'title', '0', 'en_us', ' utility '),
 ('12', 'slug', '0', 'en_us', ' environmental science '),
 ('12', 'title', '0', 'en_us', ' environmental science '),
 ('13', 'slug', '0', 'en_us', ' natural resource management '),
 ('13', 'title', '0', 'en_us', ' natural resource management '),
 ('14', 'slug', '0', 'en_us', ' building sciences '),
 ('14', 'title', '0', 'en_us', ' building sciences '),
 ('15', 'slug', '0', 'en_us', ' remediation '),
 ('15', 'title', '0', 'en_us', ' remediation '),
 ('16', 'slug', '0', 'en_us', ' landscape architecture '),
 ('16', 'title', '0', 'en_us', ' landscape architecture '),
 ('17', 'slug', '0', 'en_us', ' planning '),
 ('17', 'title', '0', 'en_us', ' planning '),
 ('18', 'slug', '0', 'en_us', ' construction services '),
 ('18', 'title', '0', 'en_us', ' construction services '),
 ('19', 'slug', '0', 'en_us', ' land surveying '),
 ('19', 'title', '0', 'en_us', ' land surveying '),
 ('20', 'slug', '0', 'en_us', ' education '),
 ('20', 'title', '0', 'en_us', ' education '),
 ('21', 'slug', '0', 'en_us', ' development '),
 ('21', 'title', '0', 'en_us', ' development '),
 ('22', 'slug', '0', 'en_us', ' utilities '),
 ('22', 'title', '0', 'en_us', ' utilities '),
 ('23', 'slug', '0', 'en_us', ' transportation '),
 ('23', 'title', '0', 'en_us', ' transportation '),
 ('24', 'slug', '0', 'en_us', ' environment '),
 ('24', 'title', '0', 'en_us', ' environment '),
 ('25', 'slug', '0', 'en_us', ' community '),
 ('25', 'title', '0', 'en_us', ' community '),
 ('28', 'slug', '0', 'en_us', ' page '),
 ('27', 'title', '0', 'en_us', ' home '),
 ('27', 'slug', '0', 'en_us', ' home '),
 ('28', 'title', '0', 'en_us', ' pages ');



DROP TABLE IF EXISTS `craft_sections`;


--
-- Schema for table `craft_sections`
--
CREATE TABLE `craft_sections` (
  `id` int(11) NOT NULL AUTO_INCREMENT,
  `structureId` int(11) DEFAULT NULL,
  `name` varchar(255) COLLATE utf8_unicode_ci NOT NULL,
  `handle` varchar(255) COLLATE utf8_unicode_ci NOT NULL,
  `type` enum('single','channel','structure') COLLATE utf8_unicode_ci NOT NULL DEFAULT 'channel',
  `hasUrls` tinyint(1) unsigned NOT NULL DEFAULT '1',
  `template` varchar(500) COLLATE utf8_unicode_ci DEFAULT NULL,
  `enableVersioning` tinyint(1) unsigned NOT NULL DEFAULT '0',
  `dateCreated` datetime NOT NULL,
  `dateUpdated` datetime NOT NULL,
  `uid` char(36) COLLATE utf8_unicode_ci NOT NULL DEFAULT '0',
  PRIMARY KEY (`id`),
  UNIQUE KEY `craft_sections_name_unq_idx` (`name`),
  UNIQUE KEY `craft_sections_handle_unq_idx` (`handle`),
  KEY `craft_sections_structureId_fk` (`structureId`)
) ENGINE=InnoDB AUTO_INCREMENT=8 DEFAULT CHARSET=utf8 COLLATE=utf8_unicode_ci;

--
-- Data for table `craft_sections`
--

INSERT INTO `craft_sections` (`id`, `structureId`, `name`, `handle`, `type`, `hasUrls`, `template`, `enableVersioning`, `dateCreated`, `dateUpdated`, `uid`) VALUES
 ('1', NULL, 'Homepage', 'homepage', 'single', '1', 'index', '1', '2017-06-09 17:32:25', '2017-06-09 20:23:55', '937fae44-9370-408e-ae55-f7616b0399e7'),
 ('2', NULL, 'News', 'news', 'channel', '1', 'news/_entry', '1', '2017-06-09 17:32:25', '2017-06-09 17:55:35', '9ea24c96-cf8f-4a1b-b32b-78317fb66db9'),
 ('3', NULL, 'Work', 'work', 'channel', '1', 'work/_entry', '1', '2017-06-09 17:52:37', '2017-06-09 17:52:37', '06a8e8ec-4ef8-491f-ac07-7695495a452e'),
 ('4', NULL, 'Markets', 'market', 'channel', '1', 'market/_entry', '1', '2017-06-09 17:52:55', '2017-06-09 21:05:22', '8aafa439-1636-4864-8edf-9ccbf28e0a39'),
 ('5', NULL, 'Services', 'service', 'channel', '1', 'service/_entry', '1', '2017-06-09 17:53:25', '2017-06-09 21:05:34', 'b0290963-3fa2-47e7-a8d2-8438a972e6bf'),
 ('7', NULL, 'Pages', 'page', 'channel', '1', 'page', '1', '2017-06-09 20:34:58', '2017-06-09 21:05:29', '90a56e98-15b8-4d40-bec1-e30a85a7507e');



DROP TABLE IF EXISTS `craft_sections_i18n`;


--
-- Schema for table `craft_sections_i18n`
--
CREATE TABLE `craft_sections_i18n` (
  `id` int(11) NOT NULL AUTO_INCREMENT,
  `sectionId` int(11) NOT NULL,
  `locale` char(12) COLLATE utf8_unicode_ci NOT NULL,
  `enabledByDefault` tinyint(1) unsigned NOT NULL DEFAULT '1',
  `urlFormat` text COLLATE utf8_unicode_ci,
  `nestedUrlFormat` text COLLATE utf8_unicode_ci,
  `dateCreated` datetime NOT NULL,
  `dateUpdated` datetime NOT NULL,
  `uid` char(36) COLLATE utf8_unicode_ci NOT NULL DEFAULT '0',
  PRIMARY KEY (`id`),
  UNIQUE KEY `craft_sections_i18n_sectionId_locale_unq_idx` (`sectionId`,`locale`),
  KEY `craft_sections_i18n_locale_fk` (`locale`)
) ENGINE=InnoDB AUTO_INCREMENT=8 DEFAULT CHARSET=utf8 COLLATE=utf8_unicode_ci;

--
-- Data for table `craft_sections_i18n`
--

INSERT INTO `craft_sections_i18n` (`id`, `sectionId`, `locale`, `enabledByDefault`, `urlFormat`, `nestedUrlFormat`, `dateCreated`, `dateUpdated`, `uid`) VALUES
 ('1', '1', 'en_us', '1', '__home__', NULL, '2017-06-09 17:32:25', '2017-06-09 20:23:55', 'c4ad926a-ebd8-48d0-abde-db9db5b8785d'),
 ('2', '2', 'en_us', '1', 'news/{postDate.year}/{slug}', NULL, '2017-06-09 17:32:25', '2017-06-09 17:32:25', '4bde2e76-11e1-4218-ab67-2d072ace3a1e'),
 ('3', '3', 'en_us', '1', 'work/{slug}', NULL, '2017-06-09 17:52:37', '2017-06-09 17:52:37', '18c9c20f-1401-4541-9a42-77c866f35aa4'),
 ('4', '4', 'en_us', '1', 'market/{slug}', NULL, '2017-06-09 17:52:55', '2017-06-09 17:52:55', '86211fda-6d6f-4282-9afa-45e146c7469a'),
 ('5', '5', 'en_us', '1', 'service/{slug}', NULL, '2017-06-09 17:53:25', '2017-06-09 17:53:25', 'fd77a26d-d189-435b-b724-418347b045a8'),
 ('7', '7', 'en_us', '1', '{slug}', NULL, '2017-06-09 20:34:58', '2017-06-09 20:34:58', '14238e7f-355d-4f9f-8a7a-dfc1b8de4298');



DROP TABLE IF EXISTS `craft_seomatic_meta`;


--
-- Schema for table `craft_seomatic_meta`
--
CREATE TABLE `craft_seomatic_meta` (
  `id` int(11) NOT NULL,
  `seoImageId` int(11) DEFAULT NULL,
  `seoTwitterImageId` int(11) DEFAULT NULL,
  `seoFacebookImageId` int(11) DEFAULT NULL,
  `locale` varchar(255) COLLATE utf8_unicode_ci DEFAULT 'en_us',
  `elementId` int(10) DEFAULT '0',
  `metaType` enum('default','template') COLLATE utf8_unicode_ci DEFAULT 'template',
  `metaPath` varchar(255) COLLATE utf8_unicode_ci DEFAULT '',
  `seoMainEntityCategory` varchar(255) COLLATE utf8_unicode_ci DEFAULT '',
  `seoMainEntityOfPage` varchar(255) COLLATE utf8_unicode_ci DEFAULT '',
  `seoTitle` varchar(255) COLLATE utf8_unicode_ci DEFAULT '',
  `seoDescription` varchar(255) COLLATE utf8_unicode_ci DEFAULT '',
  `seoKeywords` varchar(255) COLLATE utf8_unicode_ci DEFAULT '',
  `seoImageTransform` varchar(255) COLLATE utf8_unicode_ci DEFAULT '',
  `seoFacebookImageTransform` varchar(255) COLLATE utf8_unicode_ci DEFAULT '',
  `seoTwitterImageTransform` varchar(255) COLLATE utf8_unicode_ci DEFAULT '',
  `twitterCardType` varchar(255) COLLATE utf8_unicode_ci DEFAULT 'summary',
  `openGraphType` varchar(255) COLLATE utf8_unicode_ci DEFAULT 'website',
  `robots` varchar(255) COLLATE utf8_unicode_ci DEFAULT '',
  `dateCreated` datetime NOT NULL,
  `dateUpdated` datetime NOT NULL,
  `uid` char(36) COLLATE utf8_unicode_ci NOT NULL DEFAULT '0',
  PRIMARY KEY (`id`),
  KEY `craft_seomatic_meta_seoImageId_fk` (`seoImageId`),
  KEY `craft_seomatic_meta_seoTwitterImageId_fk` (`seoTwitterImageId`),
  KEY `craft_seomatic_meta_seoFacebookImageId_fk` (`seoFacebookImageId`)
) ENGINE=InnoDB DEFAULT CHARSET=utf8 COLLATE=utf8_unicode_ci;

DROP TABLE IF EXISTS `craft_seomatic_settings`;


--
-- Schema for table `craft_seomatic_settings`
--
CREATE TABLE `craft_seomatic_settings` (
  `id` int(11) NOT NULL AUTO_INCREMENT,
  `siteSeoImageId` int(11) DEFAULT NULL,
  `siteSeoTwitterImageId` int(11) DEFAULT NULL,
  `siteSeoFacebookImageId` int(11) DEFAULT NULL,
  `genericOwnerImageId` int(11) DEFAULT NULL,
  `genericCreatorImageId` int(11) DEFAULT NULL,
  `locale` varchar(255) COLLATE utf8_unicode_ci DEFAULT '',
  `siteSeoName` varchar(255) COLLATE utf8_unicode_ci DEFAULT '',
  `siteSeoTitle` varchar(255) COLLATE utf8_unicode_ci DEFAULT '',
  `siteSeoTitleSeparator` varchar(10) COLLATE utf8_unicode_ci DEFAULT '|',
  `siteSeoTitlePlacement` enum('before','after','none') COLLATE utf8_unicode_ci DEFAULT 'after',
  `siteSeoDescription` varchar(255) COLLATE utf8_unicode_ci DEFAULT '',
  `siteSeoKeywords` varchar(255) COLLATE utf8_unicode_ci DEFAULT '',
  `siteSeoImageTransform` varchar(100) COLLATE utf8_unicode_ci DEFAULT '',
  `siteSeoFacebookImageTransform` varchar(100) COLLATE utf8_unicode_ci DEFAULT '',
  `siteSeoTwitterImageTransform` varchar(100) COLLATE utf8_unicode_ci DEFAULT '',
  `siteTwitterCardType` varchar(50) COLLATE utf8_unicode_ci DEFAULT '',
  `siteOpenGraphType` varchar(50) COLLATE utf8_unicode_ci DEFAULT '',
  `siteRobots` varchar(50) COLLATE utf8_unicode_ci DEFAULT '',
  `siteRobotsTxt` text COLLATE utf8_unicode_ci,
  `siteLinksSearchTargets` text COLLATE utf8_unicode_ci,
  `siteLinksQueryInput` varchar(50) COLLATE utf8_unicode_ci DEFAULT '',
  `googleSiteVerification` varchar(100) COLLATE utf8_unicode_ci DEFAULT '',
  `bingSiteVerification` varchar(100) COLLATE utf8_unicode_ci DEFAULT '',
  `googleAnalyticsUID` varchar(50) COLLATE utf8_unicode_ci DEFAULT '',
  `googleTagManagerID` varchar(50) COLLATE utf8_unicode_ci DEFAULT '',
  `googleAnalyticsSendPageview` tinyint(1) unsigned NOT NULL DEFAULT '1',
  `googleAnalyticsAdvertising` tinyint(1) unsigned NOT NULL DEFAULT '0',
  `googleAnalyticsEcommerce` tinyint(1) unsigned NOT NULL DEFAULT '0',
  `googleAnalyticsEEcommerce` tinyint(1) unsigned NOT NULL DEFAULT '0',
  `googleAnalyticsLinkAttribution` tinyint(1) unsigned NOT NULL DEFAULT '0',
  `googleAnalyticsLinker` tinyint(1) unsigned NOT NULL DEFAULT '0',
  `googleAnalyticsAnonymizeIp` tinyint(1) unsigned NOT NULL DEFAULT '0',
  `siteOwnerType` varchar(50) COLLATE utf8_unicode_ci DEFAULT '',
  `siteOwnerSubType` varchar(50) COLLATE utf8_unicode_ci DEFAULT '',
  `siteOwnerSpecificType` varchar(50) COLLATE utf8_unicode_ci DEFAULT '',
  `genericOwnerName` varchar(255) COLLATE utf8_unicode_ci DEFAULT '',
  `genericOwnerAlternateName` varchar(255) COLLATE utf8_unicode_ci DEFAULT '',
  `genericOwnerDescription` varchar(1024) COLLATE utf8_unicode_ci DEFAULT '',
  `genericOwnerUrl` varchar(255) COLLATE utf8_unicode_ci DEFAULT '',
  `genericOwnerTelephone` varchar(255) COLLATE utf8_unicode_ci DEFAULT '',
  `genericOwnerEmail` varchar(255) COLLATE utf8_unicode_ci DEFAULT '',
  `genericOwnerStreetAddress` varchar(255) COLLATE utf8_unicode_ci DEFAULT '',
  `genericOwnerAddressLocality` varchar(255) COLLATE utf8_unicode_ci DEFAULT '',
  `genericOwnerAddressRegion` varchar(255) COLLATE utf8_unicode_ci DEFAULT '',
  `genericOwnerPostalCode` varchar(255) COLLATE utf8_unicode_ci DEFAULT '',
  `genericOwnerAddressCountry` varchar(255) COLLATE utf8_unicode_ci DEFAULT '',
  `genericOwnerGeoLatitude` varchar(255) COLLATE utf8_unicode_ci DEFAULT '',
  `genericOwnerGeoLongitude` varchar(255) COLLATE utf8_unicode_ci DEFAULT '',
  `organizationOwnerDuns` varchar(255) COLLATE utf8_unicode_ci DEFAULT '',
  `organizationOwnerFounder` varchar(255) COLLATE utf8_unicode_ci DEFAULT '',
  `organizationOwnerFoundingDate` varchar(255) COLLATE utf8_unicode_ci DEFAULT '',
  `organizationOwnerFoundingLocation` varchar(255) COLLATE utf8_unicode_ci DEFAULT '',
  `organizationOwnerContactPoints` text COLLATE utf8_unicode_ci,
  `localBusinessPriceRange` varchar(10) COLLATE utf8_unicode_ci DEFAULT '$$$',
  `localBusinessOwnerOpeningHours` text COLLATE utf8_unicode_ci,
  `corporationOwnerTickerSymbol` varchar(255) COLLATE utf8_unicode_ci DEFAULT '',
  `restaurantOwnerServesCuisine` varchar(255) COLLATE utf8_unicode_ci DEFAULT '',
  `restaurantOwnerMenuUrl` varchar(255) COLLATE utf8_unicode_ci DEFAULT '',
  `restaurantOwnerReservationsUrl` varchar(255) COLLATE utf8_unicode_ci DEFAULT '',
  `personOwnerGender` varchar(255) COLLATE utf8_unicode_ci DEFAULT '',
  `personOwnerBirthPlace` varchar(255) COLLATE utf8_unicode_ci DEFAULT '',
  `twitterHandle` varchar(50) COLLATE utf8_unicode_ci DEFAULT '',
  `facebookHandle` varchar(50) COLLATE utf8_unicode_ci DEFAULT '',
  `facebookProfileId` varchar(50) COLLATE utf8_unicode_ci DEFAULT '',
  `facebookAppId` varchar(50) COLLATE utf8_unicode_ci DEFAULT '',
  `linkedInHandle` varchar(50) COLLATE utf8_unicode_ci DEFAULT '',
  `googlePlusHandle` varchar(50) COLLATE utf8_unicode_ci DEFAULT '',
  `youtubeHandle` varchar(50) COLLATE utf8_unicode_ci DEFAULT '',
  `youtubeChannelHandle` varchar(50) COLLATE utf8_unicode_ci DEFAULT '',
  `instagramHandle` varchar(50) COLLATE utf8_unicode_ci DEFAULT '',
  `pinterestHandle` varchar(50) COLLATE utf8_unicode_ci DEFAULT '',
  `githubHandle` varchar(50) COLLATE utf8_unicode_ci DEFAULT '',
  `vimeoHandle` varchar(50) COLLATE utf8_unicode_ci DEFAULT '',
  `wikipediaUrl` varchar(100) COLLATE utf8_unicode_ci DEFAULT '',
  `siteCreatorType` varchar(255) COLLATE utf8_unicode_ci DEFAULT '',
  `siteCreatorSubType` varchar(255) COLLATE utf8_unicode_ci DEFAULT '',
  `siteCreatorSpecificType` varchar(255) COLLATE utf8_unicode_ci DEFAULT '',
  `genericCreatorName` varchar(255) COLLATE utf8_unicode_ci DEFAULT '',
  `genericCreatorAlternateName` varchar(255) COLLATE utf8_unicode_ci DEFAULT '',
  `genericCreatorDescription` varchar(1024) COLLATE utf8_unicode_ci DEFAULT '',
  `genericCreatorUrl` varchar(255) COLLATE utf8_unicode_ci DEFAULT '',
  `genericCreatorTelephone` varchar(255) COLLATE utf8_unicode_ci DEFAULT '',
  `genericCreatorEmail` varchar(255) COLLATE utf8_unicode_ci DEFAULT '',
  `genericCreatorStreetAddress` varchar(255) COLLATE utf8_unicode_ci DEFAULT '',
  `genericCreatorAddressLocality` varchar(255) COLLATE utf8_unicode_ci DEFAULT '',
  `genericCreatorAddressRegion` varchar(255) COLLATE utf8_unicode_ci DEFAULT '',
  `genericCreatorPostalCode` varchar(255) COLLATE utf8_unicode_ci DEFAULT '',
  `genericCreatorAddressCountry` varchar(255) COLLATE utf8_unicode_ci DEFAULT '',
  `genericCreatorGeoLatitude` varchar(255) COLLATE utf8_unicode_ci DEFAULT '',
  `genericCreatorGeoLongitude` varchar(255) COLLATE utf8_unicode_ci DEFAULT '',
  `organizationCreatorDuns` varchar(255) COLLATE utf8_unicode_ci DEFAULT '',
  `organizationCreatorFounder` varchar(255) COLLATE utf8_unicode_ci DEFAULT '',
  `organizationCreatorFoundingDate` varchar(255) COLLATE utf8_unicode_ci DEFAULT '',
  `organizationCreatorFoundingLocation` varchar(255) COLLATE utf8_unicode_ci DEFAULT '',
  `organizationCreatorContactPoints` text COLLATE utf8_unicode_ci,
  `localBusinessCreatorOpeningHours` text COLLATE utf8_unicode_ci,
  `corporationCreatorTickerSymbol` varchar(255) COLLATE utf8_unicode_ci DEFAULT '',
  `restaurantCreatorServesCuisine` varchar(255) COLLATE utf8_unicode_ci DEFAULT '',
  `restaurantCreatorMenuUrl` varchar(255) COLLATE utf8_unicode_ci DEFAULT '',
  `restaurantCreatorReservationsUrl` varchar(255) COLLATE utf8_unicode_ci DEFAULT '',
  `personCreatorGender` varchar(255) COLLATE utf8_unicode_ci DEFAULT '',
  `personCreatorBirthPlace` varchar(255) COLLATE utf8_unicode_ci DEFAULT '',
  `genericCreatorHumansTxt` text COLLATE utf8_unicode_ci,
  `dateCreated` datetime NOT NULL,
  `dateUpdated` datetime NOT NULL,
  `uid` char(36) COLLATE utf8_unicode_ci NOT NULL DEFAULT '0',
  PRIMARY KEY (`id`),
  KEY `craft_seomatic_settings_siteSeoImageId_fk` (`siteSeoImageId`),
  KEY `craft_seomatic_settings_siteSeoTwitterImageId_fk` (`siteSeoTwitterImageId`),
  KEY `craft_seomatic_settings_siteSeoFacebookImageId_fk` (`siteSeoFacebookImageId`),
  KEY `craft_seomatic_settings_genericOwnerImageId_fk` (`genericOwnerImageId`),
  KEY `craft_seomatic_settings_genericCreatorImageId_fk` (`genericCreatorImageId`)
) ENGINE=InnoDB AUTO_INCREMENT=2 DEFAULT CHARSET=utf8 COLLATE=utf8_unicode_ci;

--
-- Data for table `craft_seomatic_settings`
--

INSERT INTO `craft_seomatic_settings` (`id`, `siteSeoImageId`, `siteSeoTwitterImageId`, `siteSeoFacebookImageId`, `genericOwnerImageId`, `genericCreatorImageId`, `locale`, `siteSeoName`, `siteSeoTitle`, `siteSeoTitleSeparator`, `siteSeoTitlePlacement`, `siteSeoDescription`, `siteSeoKeywords`, `siteSeoImageTransform`, `siteSeoFacebookImageTransform`, `siteSeoTwitterImageTransform`, `siteTwitterCardType`, `siteOpenGraphType`, `siteRobots`, `siteRobotsTxt`, `siteLinksSearchTargets`, `siteLinksQueryInput`, `googleSiteVerification`, `bingSiteVerification`, `googleAnalyticsUID`, `googleTagManagerID`, `googleAnalyticsSendPageview`, `googleAnalyticsAdvertising`, `googleAnalyticsEcommerce`, `googleAnalyticsEEcommerce`, `googleAnalyticsLinkAttribution`, `googleAnalyticsLinker`, `googleAnalyticsAnonymizeIp`, `siteOwnerType`, `siteOwnerSubType`, `siteOwnerSpecificType`, `genericOwnerName`, `genericOwnerAlternateName`, `genericOwnerDescription`, `genericOwnerUrl`, `genericOwnerTelephone`, `genericOwnerEmail`, `genericOwnerStreetAddress`, `genericOwnerAddressLocality`, `genericOwnerAddressRegion`, `genericOwnerPostalCode`, `genericOwnerAddressCountry`, `genericOwnerGeoLatitude`, `genericOwnerGeoLongitude`, `organizationOwnerDuns`, `organizationOwnerFounder`, `organizationOwnerFoundingDate`, `organizationOwnerFoundingLocation`, `organizationOwnerContactPoints`, `localBusinessPriceRange`, `localBusinessOwnerOpeningHours`, `corporationOwnerTickerSymbol`, `restaurantOwnerServesCuisine`, `restaurantOwnerMenuUrl`, `restaurantOwnerReservationsUrl`, `personOwnerGender`, `personOwnerBirthPlace`, `twitterHandle`, `facebookHandle`, `facebookProfileId`, `facebookAppId`, `linkedInHandle`, `googlePlusHandle`, `youtubeHandle`, `youtubeChannelHandle`, `instagramHandle`, `pinterestHandle`, `githubHandle`, `vimeoHandle`, `wikipediaUrl`, `siteCreatorType`, `siteCreatorSubType`, `siteCreatorSpecificType`, `genericCreatorName`, `genericCreatorAlternateName`, `genericCreatorDescription`, `genericCreatorUrl`, `genericCreatorTelephone`, `genericCreatorEmail`, `genericCreatorStreetAddress`, `genericCreatorAddressLocality`, `genericCreatorAddressRegion`, `genericCreatorPostalCode`, `genericCreatorAddressCountry`, `genericCreatorGeoLatitude`, `genericCreatorGeoLongitude`, `organizationCreatorDuns`, `organizationCreatorFounder`, `organizationCreatorFoundingDate`, `organizationCreatorFoundingLocation`, `organizationCreatorContactPoints`, `localBusinessCreatorOpeningHours`, `corporationCreatorTickerSymbol`, `restaurantCreatorServesCuisine`, `restaurantCreatorMenuUrl`, `restaurantCreatorReservationsUrl`, `personCreatorGender`, `personCreatorBirthPlace`, `genericCreatorHumansTxt`, `dateCreated`, `dateUpdated`, `uid`) VALUES
 ('1', NULL, NULL, NULL, NULL, NULL, 'en_us', 'Milone & MacBroom', 'This is the default global title of the site pages.', '|', 'after', 'This is the default global natural language description of the content on the site pages.', 'default,global,comma-separated,keywords', '', '', '', 'summary', 'website', '', '# robots.txt for {{ siteUrl }}\n\nSitemap: {{ siteUrl |trim(\'/\') }}/sitemap.xml\n\n# Don\'t allow web crawlers to index Craft\n\nUser-agent: *\nDisallow: /craft/\n', '', '', '', '', '', '', '1', '0', '0', '0', '0', '0', '0', 'Organization', 'Corporation', '', 'Milone & MacBroom', '', '', 'http://mmi.ads.dsdev/', '', '', '', '', '', '', '', '', '', '', '', '', '', '', '$$$', '', '', '', '', '', '', '', '', '', '', '', '', '', '', '', '', '', '', '', '', 'Organization', 'Corporation', '', '', '', '', '', '', '', '', '', '', '', '', '', '', '', '', '', '', '', '', '', '', '', '', '', '', '/* TEAM */\n\n{% if seomaticCreator.name is defined and seomaticCreator.name %}\nCreator: {{ seomaticCreator.name }}\n{% endif %}\n{% if seomaticCreator.url is defined and seomaticCreator.url %}\nURL: {{ seomaticCreator.url }}\n{% endif %}\n{% if seomaticCreator.description is defined and seomaticCreator.description %}\nDescription: {{ seomaticCreator.description }}\n{% endif %}\n\n/* THANKS */\n\nPixel & Tonic - https://pixelandtonic.com\n\n/* SITE */\n\nStandards: HTML5, CSS3\nComponents: Craft CMS, Yii, PHP, Javascript, SEOmatic', '2017-06-09 17:35:25', '2017-06-09 17:35:25', '67b03fb6-719c-4815-812e-e0caadc498f1');



DROP TABLE IF EXISTS `craft_sessions`;


--
-- Schema for table `craft_sessions`
--
CREATE TABLE `craft_sessions` (
  `id` int(11) NOT NULL AUTO_INCREMENT,
  `userId` int(11) NOT NULL,
  `token` char(100) COLLATE utf8_unicode_ci NOT NULL,
  `dateCreated` datetime NOT NULL,
  `dateUpdated` datetime NOT NULL,
  `uid` char(36) COLLATE utf8_unicode_ci NOT NULL DEFAULT '0',
  PRIMARY KEY (`id`),
  KEY `craft_sessions_uid_idx` (`uid`),
  KEY `craft_sessions_token_idx` (`token`),
  KEY `craft_sessions_dateUpdated_idx` (`dateUpdated`),
  KEY `craft_sessions_userId_fk` (`userId`)
) ENGINE=InnoDB AUTO_INCREMENT=3 DEFAULT CHARSET=utf8 COLLATE=utf8_unicode_ci;

DROP TABLE IF EXISTS `craft_shunnedmessages`;


--
-- Schema for table `craft_shunnedmessages`
--
CREATE TABLE `craft_shunnedmessages` (
  `id` int(11) NOT NULL AUTO_INCREMENT,
  `userId` int(11) NOT NULL,
  `message` varchar(255) COLLATE utf8_unicode_ci NOT NULL,
  `expiryDate` datetime DEFAULT NULL,
  `dateCreated` datetime NOT NULL,
  `dateUpdated` datetime NOT NULL,
  `uid` char(36) COLLATE utf8_unicode_ci NOT NULL DEFAULT '0',
  PRIMARY KEY (`id`),
  UNIQUE KEY `craft_shunnedmessages_userId_message_unq_idx` (`userId`,`message`)
) ENGINE=InnoDB DEFAULT CHARSET=utf8 COLLATE=utf8_unicode_ci;

DROP TABLE IF EXISTS `craft_structureelements`;


--
-- Schema for table `craft_structureelements`
--
CREATE TABLE `craft_structureelements` (
  `id` int(11) NOT NULL AUTO_INCREMENT,
  `structureId` int(11) NOT NULL,
  `elementId` int(11) DEFAULT NULL,
  `root` int(11) unsigned DEFAULT NULL,
  `lft` int(11) unsigned NOT NULL,
  `rgt` int(11) unsigned NOT NULL,
  `level` smallint(6) unsigned NOT NULL,
  `dateCreated` datetime NOT NULL,
  `dateUpdated` datetime NOT NULL,
  `uid` char(36) COLLATE utf8_unicode_ci NOT NULL DEFAULT '0',
  PRIMARY KEY (`id`),
  UNIQUE KEY `craft_structureelements_structureId_elementId_unq_idx` (`structureId`,`elementId`),
  KEY `craft_structureelements_root_idx` (`root`),
  KEY `craft_structureelements_lft_idx` (`lft`),
  KEY `craft_structureelements_rgt_idx` (`rgt`),
  KEY `craft_structureelements_level_idx` (`level`),
  KEY `craft_structureelements_elementId_fk` (`elementId`)
) ENGINE=InnoDB AUTO_INCREMENT=29 DEFAULT CHARSET=utf8 COLLATE=utf8_unicode_ci;

--
-- Data for table `craft_structureelements`
--

INSERT INTO `craft_structureelements` (`id`, `structureId`, `elementId`, `root`, `lft`, `rgt`, `level`, `dateCreated`, `dateUpdated`, `uid`) VALUES
 ('1', '2', NULL, '1', '1', '34', '0', '2017-06-09 19:41:56', '2017-06-09 19:41:56', '4f7ad8de-4deb-494d-8d50-8ab02992ff53'),
 ('2', '2', '4', '1', '2', '17', '1', '2017-06-09 19:41:56', '2017-06-09 19:41:56', '24b73d3d-2a70-4a63-8dda-1d43faf73f85'),
 ('3', '2', '5', '1', '3', '4', '2', '2017-06-09 19:42:28', '2017-06-09 19:42:28', '5e9079bc-24f3-463f-ad33-194f6819e040'),
 ('4', '2', '6', '1', '5', '6', '2', '2017-06-09 19:44:01', '2017-06-09 19:44:01', 'd532479a-e829-45e9-8a89-6356dc82db8f'),
 ('5', '2', '7', '1', '7', '8', '2', '2017-06-09 19:44:22', '2017-06-09 19:44:22', 'd1c25a80-479e-4aee-8260-60ff71c6a123'),
 ('6', '2', '8', '1', '9', '10', '2', '2017-06-09 19:44:31', '2017-06-09 19:44:31', '9a2d40cb-64db-4e38-9e71-0e83b19d2b06'),
 ('7', '2', '9', '1', '11', '12', '2', '2017-06-09 19:44:43', '2017-06-09 19:44:43', 'ab94888f-206a-4192-9480-eddc468343d0'),
 ('8', '2', '10', '1', '13', '14', '2', '2017-06-09 19:44:53', '2017-06-09 19:44:53', 'f5c6a48f-192c-4c4c-8d7a-3be8dfab5089'),
 ('9', '2', '11', '1', '15', '16', '2', '2017-06-09 19:45:00', '2017-06-09 19:45:00', '4f8743eb-c41d-4a73-b213-c72a02625b83'),
 ('10', '2', '12', '1', '18', '25', '1', '2017-06-09 19:45:26', '2017-06-09 19:45:26', '5720d007-f34b-435b-83ea-a452344557a7'),
 ('11', '2', '13', '1', '19', '20', '2', '2017-06-09 19:45:41', '2017-06-09 19:45:41', '3ef57c66-1c66-4bfc-b92d-c67a681be1a9'),
 ('12', '2', '14', '1', '21', '22', '2', '2017-06-09 19:46:01', '2017-06-09 19:46:01', 'e41c9a2d-1be1-4381-a1e9-950f2b81c0eb'),
 ('13', '2', '15', '1', '23', '24', '2', '2017-06-09 19:46:38', '2017-06-09 19:46:38', 'e8beb52b-3ebb-4af9-ae54-056d7bc53281'),
 ('14', '2', '16', '1', '26', '27', '1', '2017-06-09 19:47:07', '2017-06-09 19:47:07', 'ecfb3a10-159c-4177-9ce0-cd280f004d0a'),
 ('15', '2', '17', '1', '28', '29', '1', '2017-06-09 19:47:22', '2017-06-09 19:47:22', 'b27ea76b-7ed2-43bb-93b4-17a6be1cfea7'),
 ('16', '2', '18', '1', '30', '31', '1', '2017-06-09 19:47:32', '2017-06-09 19:47:32', 'f575f81f-cb69-4400-9dea-ca698d2b4ab8'),
 ('17', '2', '19', '1', '32', '33', '1', '2017-06-09 19:47:46', '2017-06-09 19:47:46', 'addcecf4-176c-4a1f-8dff-7c4295f14604'),
 ('18', '1', NULL, '18', '1', '14', '0', '2017-06-09 19:48:11', '2017-06-09 19:48:11', '6ef55089-ee95-4340-8ab3-6ca5c77bf03e'),
 ('19', '1', '20', '18', '2', '3', '1', '2017-06-09 19:48:11', '2017-06-09 19:48:11', 'eabf6ad1-7f20-49aa-b89b-adf8b48e6056'),
 ('20', '1', '21', '18', '4', '5', '1', '2017-06-09 19:48:22', '2017-06-09 19:48:22', 'f2d5001e-e8cb-4d46-a689-4f43387c1508'),
 ('21', '1', '22', '18', '6', '7', '1', '2017-06-09 19:48:34', '2017-06-09 19:48:34', '3988737f-3254-44c5-8449-9b1fd1cbae95'),
 ('22', '1', '23', '18', '8', '9', '1', '2017-06-09 19:48:55', '2017-06-09 19:48:55', 'e767dba5-282a-46d4-9eb3-43337ee78248'),
 ('23', '1', '24', '18', '10', '11', '1', '2017-06-09 19:49:34', '2017-06-09 19:49:34', '5502f007-1b72-4dd4-91f3-be786be9a217'),
 ('24', '1', '25', '18', '12', '13', '1', '2017-06-09 19:49:43', '2017-06-09 19:49:43', 'a48f3cb6-b683-412a-9988-9d2380357c85'),
 ('27', '4', NULL, '27', '1', '4', '0', '2017-06-09 20:32:02', '2017-06-09 20:32:02', 'dc651e77-8e50-48d7-8e47-9d86ae9c91dc'),
 ('28', '4', '27', '27', '2', '3', '1', '2017-06-09 20:32:02', '2017-06-09 20:32:02', '44697eec-dc27-4569-ac18-d81c298b07d6');



DROP TABLE IF EXISTS `craft_structures`;


--
-- Schema for table `craft_structures`
--
CREATE TABLE `craft_structures` (
  `id` int(11) NOT NULL AUTO_INCREMENT,
  `maxLevels` smallint(6) unsigned DEFAULT NULL,
  `dateCreated` datetime NOT NULL,
  `dateUpdated` datetime NOT NULL,
  `uid` char(36) COLLATE utf8_unicode_ci NOT NULL DEFAULT '0',
  PRIMARY KEY (`id`)
) ENGINE=InnoDB AUTO_INCREMENT=5 DEFAULT CHARSET=utf8 COLLATE=utf8_unicode_ci;

--
-- Data for table `craft_structures`
--

INSERT INTO `craft_structures` (`id`, `maxLevels`, `dateCreated`, `dateUpdated`, `uid`) VALUES
 ('1', NULL, '2017-06-09 18:05:04', '2017-06-09 18:05:04', 'd77d6d24-adcd-4adc-af7b-5d94eea8e1c1'),
 ('2', NULL, '2017-06-09 18:05:54', '2017-06-09 18:05:54', '63a6cdfc-56bc-4b58-9772-d28ad9cd8fe5'),
 ('4', NULL, '2017-06-09 20:30:45', '2017-06-09 20:30:45', '5fbff6b3-1013-47c5-838a-f1d7a5d1478b');



DROP TABLE IF EXISTS `craft_supertableblocks`;


--
-- Schema for table `craft_supertableblocks`
--
CREATE TABLE `craft_supertableblocks` (
  `id` int(11) NOT NULL,
  `ownerId` int(11) NOT NULL,
  `fieldId` int(11) NOT NULL,
  `typeId` int(11) DEFAULT NULL,
  `sortOrder` smallint(6) unsigned DEFAULT NULL,
  `ownerLocale` char(12) COLLATE utf8_unicode_ci DEFAULT NULL,
  `dateCreated` datetime NOT NULL,
  `dateUpdated` datetime NOT NULL,
  `uid` char(36) COLLATE utf8_unicode_ci NOT NULL DEFAULT '0',
  PRIMARY KEY (`id`),
  KEY `craft_supertableblocks_ownerId_idx` (`ownerId`),
  KEY `craft_supertableblocks_fieldId_idx` (`fieldId`),
  KEY `craft_supertableblocks_typeId_idx` (`typeId`),
  KEY `craft_supertableblocks_sortOrder_idx` (`sortOrder`),
  KEY `craft_supertableblocks_ownerLocale_fk` (`ownerLocale`)
) ENGINE=InnoDB DEFAULT CHARSET=utf8 COLLATE=utf8_unicode_ci;

DROP TABLE IF EXISTS `craft_supertableblocktypes`;


--
-- Schema for table `craft_supertableblocktypes`
--
CREATE TABLE `craft_supertableblocktypes` (
  `id` int(11) NOT NULL AUTO_INCREMENT,
  `fieldId` int(11) NOT NULL,
  `fieldLayoutId` int(11) DEFAULT NULL,
  `dateCreated` datetime NOT NULL,
  `dateUpdated` datetime NOT NULL,
  `uid` char(36) COLLATE utf8_unicode_ci NOT NULL DEFAULT '0',
  PRIMARY KEY (`id`),
  KEY `craft_supertableblocktypes_fieldId_fk` (`fieldId`),
  KEY `craft_supertableblocktypes_fieldLayoutId_fk` (`fieldLayoutId`)
) ENGINE=InnoDB AUTO_INCREMENT=4 DEFAULT CHARSET=utf8 COLLATE=utf8_unicode_ci;

--
-- Data for table `craft_supertableblocktypes`
--

INSERT INTO `craft_supertableblocktypes` (`id`, `fieldId`, `fieldLayoutId`, `dateCreated`, `dateUpdated`, `uid`) VALUES
 ('1', '4', '39', '2017-06-09 19:00:20', '2017-06-12 19:03:32', 'f54ed218-3446-435a-a87d-70dde2e2d21e'),
 ('3', '12', '41', '2017-06-12 19:03:17', '2017-06-12 19:03:33', '387655b6-e5ef-47fa-975f-678c076a2b49');



DROP TABLE IF EXISTS `craft_supertablecontent_1_image`;


--
-- Schema for table `craft_supertablecontent_1_image`
--
CREATE TABLE `craft_supertablecontent_1_image` (
  `id` int(11) NOT NULL AUTO_INCREMENT,
  `elementId` int(11) NOT NULL,
  `locale` char(12) COLLATE utf8_unicode_ci NOT NULL,
  `dateCreated` datetime NOT NULL,
  `dateUpdated` datetime NOT NULL,
  `uid` char(36) COLLATE utf8_unicode_ci NOT NULL DEFAULT '0',
  PRIMARY KEY (`id`),
  UNIQUE KEY `craft_supertablecontent_1_image_elementId_locale_unq_idx` (`elementId`,`locale`),
  KEY `craft_supertablecontent_1_image_locale_fk` (`locale`)
) ENGINE=InnoDB DEFAULT CHARSET=utf8 COLLATE=utf8_unicode_ci;

DROP TABLE IF EXISTS `craft_supertablecontent_2_videogallery`;


--
-- Schema for table `craft_supertablecontent_2_videogallery`
--
CREATE TABLE `craft_supertablecontent_2_videogallery` (
  `id` int(11) NOT NULL AUTO_INCREMENT,
  `elementId` int(11) NOT NULL,
  `locale` char(12) COLLATE utf8_unicode_ci NOT NULL,
  `field_caption` text COLLATE utf8_unicode_ci,
  `dateCreated` datetime NOT NULL,
  `dateUpdated` datetime NOT NULL,
  `uid` char(36) COLLATE utf8_unicode_ci NOT NULL DEFAULT '0',
  PRIMARY KEY (`id`),
  UNIQUE KEY `craft_supertablecontent_2_videogallery_elementId_locale_unq_idx` (`elementId`,`locale`),
  KEY `craft_supertablecontent_2_videogallery_locale_idx` (`locale`)
) ENGINE=InnoDB DEFAULT CHARSET=utf8 COLLATE=utf8_unicode_ci;

DROP TABLE IF EXISTS `craft_systemsettings`;


--
-- Schema for table `craft_systemsettings`
--
CREATE TABLE `craft_systemsettings` (
  `id` int(11) NOT NULL AUTO_INCREMENT,
  `category` varchar(15) COLLATE utf8_unicode_ci NOT NULL,
  `settings` text COLLATE utf8_unicode_ci,
  `dateCreated` datetime NOT NULL,
  `dateUpdated` datetime NOT NULL,
  `uid` char(36) COLLATE utf8_unicode_ci NOT NULL DEFAULT '0',
  PRIMARY KEY (`id`),
  UNIQUE KEY `craft_systemsettings_category_unq_idx` (`category`)
) ENGINE=InnoDB AUTO_INCREMENT=2 DEFAULT CHARSET=utf8 COLLATE=utf8_unicode_ci;

--
-- Data for table `craft_systemsettings`
--

INSERT INTO `craft_systemsettings` (`id`, `category`, `settings`, `dateCreated`, `dateUpdated`, `uid`) VALUES
 ('1', 'email', '{\"protocol\":\"php\",\"emailAddress\":\"adam.soffer@digitalsurgeons.com\",\"senderName\":\"Milone & MacBroom\"}', '2017-06-09 17:32:24', '2017-06-09 17:32:24', 'b163c16f-8a91-4c7d-98a2-1c80dec34e8d');



DROP TABLE IF EXISTS `craft_taggroups`;


--
-- Schema for table `craft_taggroups`
--
CREATE TABLE `craft_taggroups` (
  `id` int(11) NOT NULL AUTO_INCREMENT,
  `name` varchar(255) COLLATE utf8_unicode_ci NOT NULL,
  `handle` varchar(255) COLLATE utf8_unicode_ci NOT NULL,
  `fieldLayoutId` int(10) DEFAULT NULL,
  `dateCreated` datetime NOT NULL,
  `dateUpdated` datetime NOT NULL,
  `uid` char(36) COLLATE utf8_unicode_ci NOT NULL DEFAULT '0',
  PRIMARY KEY (`id`),
  UNIQUE KEY `craft_taggroups_name_unq_idx` (`name`),
  UNIQUE KEY `craft_taggroups_handle_unq_idx` (`handle`),
  KEY `craft_taggroups_fieldLayoutId_fk` (`fieldLayoutId`)
) ENGINE=InnoDB AUTO_INCREMENT=2 DEFAULT CHARSET=utf8 COLLATE=utf8_unicode_ci;

--
-- Data for table `craft_taggroups`
--

INSERT INTO `craft_taggroups` (`id`, `name`, `handle`, `fieldLayoutId`, `dateCreated`, `dateUpdated`, `uid`) VALUES
 ('1', 'Default', 'default', '1', '2017-06-09 17:32:24', '2017-06-09 17:32:24', 'f100b6ec-0637-4f3c-9a0a-c0317064ab7c');



DROP TABLE IF EXISTS `craft_tags`;


--
-- Schema for table `craft_tags`
--
CREATE TABLE `craft_tags` (
  `id` int(11) NOT NULL,
  `groupId` int(11) NOT NULL,
  `dateCreated` datetime NOT NULL,
  `dateUpdated` datetime NOT NULL,
  `uid` char(36) COLLATE utf8_unicode_ci NOT NULL DEFAULT '0',
  PRIMARY KEY (`id`),
  KEY `craft_tags_groupId_fk` (`groupId`)
) ENGINE=InnoDB DEFAULT CHARSET=utf8 COLLATE=utf8_unicode_ci;

DROP TABLE IF EXISTS `craft_tasks`;


--
-- Schema for table `craft_tasks`
--
CREATE TABLE `craft_tasks` (
  `id` int(11) NOT NULL AUTO_INCREMENT,
  `root` int(11) unsigned DEFAULT NULL,
  `lft` int(11) unsigned NOT NULL,
  `rgt` int(11) unsigned NOT NULL,
  `level` smallint(6) unsigned NOT NULL,
  `currentStep` int(11) unsigned DEFAULT NULL,
  `totalSteps` int(11) unsigned DEFAULT NULL,
  `status` enum('pending','error','running') COLLATE utf8_unicode_ci DEFAULT NULL,
  `type` varchar(150) COLLATE utf8_unicode_ci NOT NULL,
  `description` varchar(255) COLLATE utf8_unicode_ci DEFAULT NULL,
  `settings` mediumtext COLLATE utf8_unicode_ci,
  `dateCreated` datetime NOT NULL,
  `dateUpdated` datetime NOT NULL,
  `uid` char(36) COLLATE utf8_unicode_ci NOT NULL DEFAULT '0',
  PRIMARY KEY (`id`),
  KEY `craft_tasks_root_idx` (`root`),
  KEY `craft_tasks_lft_idx` (`lft`),
  KEY `craft_tasks_rgt_idx` (`rgt`),
  KEY `craft_tasks_level_idx` (`level`)
) ENGINE=InnoDB AUTO_INCREMENT=95 DEFAULT CHARSET=utf8 COLLATE=utf8_unicode_ci;

DROP TABLE IF EXISTS `craft_templatecachecriteria`;


--
-- Schema for table `craft_templatecachecriteria`
--
CREATE TABLE `craft_templatecachecriteria` (
  `id` int(11) NOT NULL AUTO_INCREMENT,
  `cacheId` int(11) NOT NULL,
  `type` varchar(150) COLLATE utf8_unicode_ci NOT NULL,
  `criteria` text COLLATE utf8_unicode_ci NOT NULL,
  PRIMARY KEY (`id`),
  KEY `craft_templatecachecriteria_cacheId_fk` (`cacheId`),
  KEY `craft_templatecachecriteria_type_idx` (`type`)
) ENGINE=InnoDB DEFAULT CHARSET=utf8 COLLATE=utf8_unicode_ci;

DROP TABLE IF EXISTS `craft_templatecacheelements`;


--
-- Schema for table `craft_templatecacheelements`
--
CREATE TABLE `craft_templatecacheelements` (
  `cacheId` int(11) NOT NULL,
  `elementId` int(11) NOT NULL,
  KEY `craft_templatecacheelements_cacheId_fk` (`cacheId`),
  KEY `craft_templatecacheelements_elementId_fk` (`elementId`)
) ENGINE=InnoDB DEFAULT CHARSET=utf8 COLLATE=utf8_unicode_ci;

DROP TABLE IF EXISTS `craft_templatecaches`;


--
-- Schema for table `craft_templatecaches`
--
CREATE TABLE `craft_templatecaches` (
  `id` int(11) NOT NULL AUTO_INCREMENT,
  `cacheKey` varchar(255) COLLATE utf8_unicode_ci NOT NULL,
  `locale` char(12) COLLATE utf8_unicode_ci NOT NULL,
  `path` varchar(255) COLLATE utf8_unicode_ci DEFAULT NULL,
  `expiryDate` datetime NOT NULL,
  `body` mediumtext COLLATE utf8_unicode_ci NOT NULL,
  PRIMARY KEY (`id`),
  KEY `craft_templatecaches_expiryDate_cacheKey_locale_path_idx` (`expiryDate`,`cacheKey`,`locale`,`path`),
  KEY `craft_templatecaches_locale_fk` (`locale`)
) ENGINE=InnoDB DEFAULT CHARSET=utf8 COLLATE=utf8_unicode_ci;

DROP TABLE IF EXISTS `craft_tokens`;


--
-- Schema for table `craft_tokens`
--
CREATE TABLE `craft_tokens` (
  `id` int(11) NOT NULL AUTO_INCREMENT,
  `token` char(32) COLLATE utf8_unicode_ci NOT NULL,
  `route` text COLLATE utf8_unicode_ci,
  `usageLimit` tinyint(3) unsigned DEFAULT NULL,
  `usageCount` tinyint(3) unsigned DEFAULT NULL,
  `expiryDate` datetime NOT NULL,
  `dateCreated` datetime NOT NULL,
  `dateUpdated` datetime NOT NULL,
  `uid` char(36) COLLATE utf8_unicode_ci NOT NULL DEFAULT '0',
  PRIMARY KEY (`id`),
  UNIQUE KEY `craft_tokens_token_unq_idx` (`token`),
  KEY `craft_tokens_expiryDate_idx` (`expiryDate`)
) ENGINE=InnoDB DEFAULT CHARSET=utf8 COLLATE=utf8_unicode_ci;

DROP TABLE IF EXISTS `craft_usergroups`;


--
-- Schema for table `craft_usergroups`
--
CREATE TABLE `craft_usergroups` (
  `id` int(11) NOT NULL AUTO_INCREMENT,
  `name` varchar(255) COLLATE utf8_unicode_ci NOT NULL,
  `handle` varchar(255) COLLATE utf8_unicode_ci NOT NULL,
  `dateCreated` datetime NOT NULL,
  `dateUpdated` datetime NOT NULL,
  `uid` char(36) COLLATE utf8_unicode_ci NOT NULL DEFAULT '0',
  PRIMARY KEY (`id`),
  UNIQUE KEY `craft_usergroups_name_unq_idx` (`name`),
  UNIQUE KEY `craft_usergroups_handle_unq_idx` (`handle`)
) ENGINE=InnoDB DEFAULT CHARSET=utf8 COLLATE=utf8_unicode_ci;

DROP TABLE IF EXISTS `craft_usergroups_users`;


--
-- Schema for table `craft_usergroups_users`
--
CREATE TABLE `craft_usergroups_users` (
  `id` int(11) NOT NULL AUTO_INCREMENT,
  `groupId` int(11) NOT NULL,
  `userId` int(11) NOT NULL,
  `dateCreated` datetime NOT NULL,
  `dateUpdated` datetime NOT NULL,
  `uid` char(36) COLLATE utf8_unicode_ci NOT NULL DEFAULT '0',
  PRIMARY KEY (`id`),
  UNIQUE KEY `craft_usergroups_users_groupId_userId_unq_idx` (`groupId`,`userId`),
  KEY `craft_usergroups_users_userId_fk` (`userId`)
) ENGINE=InnoDB DEFAULT CHARSET=utf8 COLLATE=utf8_unicode_ci;

DROP TABLE IF EXISTS `craft_userpermissions`;


--
-- Schema for table `craft_userpermissions`
--
CREATE TABLE `craft_userpermissions` (
  `id` int(11) NOT NULL AUTO_INCREMENT,
  `name` varchar(255) COLLATE utf8_unicode_ci NOT NULL,
  `dateCreated` datetime NOT NULL,
  `dateUpdated` datetime NOT NULL,
  `uid` char(36) COLLATE utf8_unicode_ci NOT NULL DEFAULT '0',
  PRIMARY KEY (`id`),
  UNIQUE KEY `craft_userpermissions_name_unq_idx` (`name`)
) ENGINE=InnoDB DEFAULT CHARSET=utf8 COLLATE=utf8_unicode_ci;

DROP TABLE IF EXISTS `craft_userpermissions_usergroups`;


--
-- Schema for table `craft_userpermissions_usergroups`
--
CREATE TABLE `craft_userpermissions_usergroups` (
  `id` int(11) NOT NULL AUTO_INCREMENT,
  `permissionId` int(11) NOT NULL,
  `groupId` int(11) NOT NULL,
  `dateCreated` datetime NOT NULL,
  `dateUpdated` datetime NOT NULL,
  `uid` char(36) COLLATE utf8_unicode_ci NOT NULL DEFAULT '0',
  PRIMARY KEY (`id`),
  UNIQUE KEY `craft_userpermissions_usergroups_permissionId_groupId_unq_idx` (`permissionId`,`groupId`),
  KEY `craft_userpermissions_usergroups_groupId_fk` (`groupId`)
) ENGINE=InnoDB DEFAULT CHARSET=utf8 COLLATE=utf8_unicode_ci;

DROP TABLE IF EXISTS `craft_userpermissions_users`;


--
-- Schema for table `craft_userpermissions_users`
--
CREATE TABLE `craft_userpermissions_users` (
  `id` int(11) NOT NULL AUTO_INCREMENT,
  `permissionId` int(11) NOT NULL,
  `userId` int(11) NOT NULL,
  `dateCreated` datetime NOT NULL,
  `dateUpdated` datetime NOT NULL,
  `uid` char(36) COLLATE utf8_unicode_ci NOT NULL DEFAULT '0',
  PRIMARY KEY (`id`),
  UNIQUE KEY `craft_userpermissions_users_permissionId_userId_unq_idx` (`permissionId`,`userId`),
  KEY `craft_userpermissions_users_userId_fk` (`userId`)
) ENGINE=InnoDB DEFAULT CHARSET=utf8 COLLATE=utf8_unicode_ci;

DROP TABLE IF EXISTS `craft_users`;


--
-- Schema for table `craft_users`
--
CREATE TABLE `craft_users` (
  `id` int(11) NOT NULL,
  `username` varchar(100) COLLATE utf8_unicode_ci NOT NULL,
  `photo` varchar(100) COLLATE utf8_unicode_ci DEFAULT NULL,
  `firstName` varchar(100) COLLATE utf8_unicode_ci DEFAULT NULL,
  `lastName` varchar(100) COLLATE utf8_unicode_ci DEFAULT NULL,
  `email` varchar(255) COLLATE utf8_unicode_ci NOT NULL,
  `password` char(255) COLLATE utf8_unicode_ci DEFAULT NULL,
  `preferredLocale` char(12) COLLATE utf8_unicode_ci DEFAULT NULL,
  `weekStartDay` tinyint(1) unsigned NOT NULL DEFAULT '0',
  `admin` tinyint(1) unsigned NOT NULL DEFAULT '0',
  `client` tinyint(1) unsigned NOT NULL DEFAULT '0',
  `locked` tinyint(1) unsigned NOT NULL DEFAULT '0',
  `suspended` tinyint(1) unsigned NOT NULL DEFAULT '0',
  `pending` tinyint(1) unsigned NOT NULL DEFAULT '0',
  `archived` tinyint(1) unsigned NOT NULL DEFAULT '0',
  `lastLoginDate` datetime DEFAULT NULL,
  `lastLoginAttemptIPAddress` varchar(45) COLLATE utf8_unicode_ci DEFAULT NULL,
  `invalidLoginWindowStart` datetime DEFAULT NULL,
  `invalidLoginCount` tinyint(4) unsigned DEFAULT NULL,
  `lastInvalidLoginDate` datetime DEFAULT NULL,
  `lockoutDate` datetime DEFAULT NULL,
  `verificationCode` char(100) COLLATE utf8_unicode_ci DEFAULT NULL,
  `verificationCodeIssuedDate` datetime DEFAULT NULL,
  `unverifiedEmail` varchar(255) COLLATE utf8_unicode_ci DEFAULT NULL,
  `passwordResetRequired` tinyint(1) unsigned NOT NULL DEFAULT '0',
  `lastPasswordChangeDate` datetime DEFAULT NULL,
  `dateCreated` datetime NOT NULL,
  `dateUpdated` datetime NOT NULL,
  `uid` char(36) COLLATE utf8_unicode_ci NOT NULL DEFAULT '0',
  PRIMARY KEY (`id`),
  UNIQUE KEY `craft_users_username_unq_idx` (`username`),
  UNIQUE KEY `craft_users_email_unq_idx` (`email`),
  KEY `craft_users_verificationCode_idx` (`verificationCode`),
  KEY `craft_users_uid_idx` (`uid`),
  KEY `craft_users_preferredLocale_fk` (`preferredLocale`)
) ENGINE=InnoDB DEFAULT CHARSET=utf8 COLLATE=utf8_unicode_ci;

--
-- Data for table `craft_users`
--

INSERT INTO `craft_users` (`id`, `username`, `photo`, `firstName`, `lastName`, `email`, `password`, `preferredLocale`, `weekStartDay`, `admin`, `client`, `locked`, `suspended`, `pending`, `archived`, `lastLoginDate`, `lastLoginAttemptIPAddress`, `invalidLoginWindowStart`, `invalidLoginCount`, `lastInvalidLoginDate`, `lockoutDate`, `verificationCode`, `verificationCodeIssuedDate`, `unverifiedEmail`, `passwordResetRequired`, `lastPasswordChangeDate`, `dateCreated`, `dateUpdated`, `uid`) VALUES
 ('1', 'admin', NULL, NULL, NULL, 'adam.soffer@digitalsurgeons.com', '$2y$13$cLnOhTWmkIlkJ4UuBwQtj.UZ4pMaQqVtrJBfAzCTEnfSUcI4sVbwe', NULL, '0', '1', '0', '0', '0', '0', '0', '2017-06-12 18:42:48', '::1', NULL, NULL, NULL, NULL, NULL, NULL, NULL, '0', '2017-06-09 17:32:21', '2017-06-09 17:32:22', '2017-06-12 18:42:48', '22c3d7d7-2a31-4b83-8d1f-ac1df8efa8a9');



DROP TABLE IF EXISTS `craft_widgets`;


--
-- Schema for table `craft_widgets`
--
CREATE TABLE `craft_widgets` (
  `id` int(11) NOT NULL AUTO_INCREMENT,
  `userId` int(11) NOT NULL,
  `type` varchar(150) COLLATE utf8_unicode_ci NOT NULL,
  `sortOrder` smallint(6) unsigned DEFAULT NULL,
  `colspan` tinyint(4) unsigned DEFAULT NULL,
  `settings` text COLLATE utf8_unicode_ci,
  `enabled` tinyint(1) unsigned NOT NULL DEFAULT '1',
  `dateCreated` datetime NOT NULL,
  `dateUpdated` datetime NOT NULL,
  `uid` char(36) COLLATE utf8_unicode_ci NOT NULL DEFAULT '0',
  PRIMARY KEY (`id`),
  KEY `craft_widgets_userId_fk` (`userId`)
) ENGINE=InnoDB AUTO_INCREMENT=5 DEFAULT CHARSET=utf8 COLLATE=utf8_unicode_ci;

--
-- Data for table `craft_widgets`
--

INSERT INTO `craft_widgets` (`id`, `userId`, `type`, `sortOrder`, `colspan`, `settings`, `enabled`, `dateCreated`, `dateUpdated`, `uid`) VALUES
 ('1', '1', 'RecentEntries', '1', NULL, NULL, '1', '2017-06-09 17:32:32', '2017-06-09 17:32:32', '8b0a3f84-5450-4821-b47e-2d3c61c03da7'),
 ('2', '1', 'GetHelp', '2', NULL, NULL, '1', '2017-06-09 17:32:32', '2017-06-09 17:32:32', 'cfca1b08-f5f8-4ce6-9803-a28bbfec90ad'),
 ('3', '1', 'Updates', '3', NULL, NULL, '1', '2017-06-09 17:32:32', '2017-06-09 17:32:32', '7756979f-72a1-43bf-a5ab-76dc89752333'),
 ('4', '1', 'Feed', '4', NULL, '{\"url\":\"https:\\/\\/craftcms.com\\/news.rss\",\"title\":\"Craft News\"}', '1', '2017-06-09 17:32:32', '2017-06-09 17:32:32', '65980cf8-b911-454f-beb4-187229ffadb3');


--
-- Constraints for tables
--


--
-- Constraints for table `craft_assetfiles`
--
ALTER TABLE `craft_assetfiles`
	ADD CONSTRAINT `craft_assetfiles_folderId_fk` FOREIGN KEY (`folderId`) REFERENCES `craft_assetfolders` (`id`) ON DELETE CASCADE,
	ADD CONSTRAINT `craft_assetfiles_id_fk` FOREIGN KEY (`id`) REFERENCES `craft_elements` (`id`) ON DELETE CASCADE,
	ADD CONSTRAINT `craft_assetfiles_sourceId_fk` FOREIGN KEY (`sourceId`) REFERENCES `craft_assetsources` (`id`) ON DELETE CASCADE;

--
-- Constraints for table `craft_assetfolders`
--
ALTER TABLE `craft_assetfolders`
	ADD CONSTRAINT `craft_assetfolders_parentId_fk` FOREIGN KEY (`parentId`) REFERENCES `craft_assetfolders` (`id`) ON DELETE CASCADE,
	ADD CONSTRAINT `craft_assetfolders_sourceId_fk` FOREIGN KEY (`sourceId`) REFERENCES `craft_assetsources` (`id`) ON DELETE CASCADE;

--
-- Constraints for table `craft_assetindexdata`
--
ALTER TABLE `craft_assetindexdata`
	ADD CONSTRAINT `craft_assetindexdata_sourceId_fk` FOREIGN KEY (`sourceId`) REFERENCES `craft_assetsources` (`id`) ON DELETE CASCADE;

--
-- Constraints for table `craft_assetsources`
--
ALTER TABLE `craft_assetsources`
	ADD CONSTRAINT `craft_assetsources_fieldLayoutId_fk` FOREIGN KEY (`fieldLayoutId`) REFERENCES `craft_fieldlayouts` (`id`) ON DELETE SET NULL;

--
-- Constraints for table `craft_categories`
--
ALTER TABLE `craft_categories`
	ADD CONSTRAINT `craft_categories_groupId_fk` FOREIGN KEY (`groupId`) REFERENCES `craft_categorygroups` (`id`) ON DELETE CASCADE,
	ADD CONSTRAINT `craft_categories_id_fk` FOREIGN KEY (`id`) REFERENCES `craft_elements` (`id`) ON DELETE CASCADE;

--
-- Constraints for table `craft_categorygroups`
--
ALTER TABLE `craft_categorygroups`
	ADD CONSTRAINT `craft_categorygroups_fieldLayoutId_fk` FOREIGN KEY (`fieldLayoutId`) REFERENCES `craft_fieldlayouts` (`id`) ON DELETE SET NULL,
	ADD CONSTRAINT `craft_categorygroups_structureId_fk` FOREIGN KEY (`structureId`) REFERENCES `craft_structures` (`id`) ON DELETE CASCADE;

--
-- Constraints for table `craft_categorygroups_i18n`
--
ALTER TABLE `craft_categorygroups_i18n`
	ADD CONSTRAINT `craft_categorygroups_i18n_groupId_fk` FOREIGN KEY (`groupId`) REFERENCES `craft_categorygroups` (`id`) ON DELETE CASCADE,
	ADD CONSTRAINT `craft_categorygroups_i18n_locale_fk` FOREIGN KEY (`locale`) REFERENCES `craft_locales` (`locale`) ON DELETE CASCADE ON UPDATE CASCADE;

--
-- Constraints for table `craft_content`
--
ALTER TABLE `craft_content`
	ADD CONSTRAINT `craft_content_elementId_fk` FOREIGN KEY (`elementId`) REFERENCES `craft_elements` (`id`) ON DELETE CASCADE,
	ADD CONSTRAINT `craft_content_locale_fk` FOREIGN KEY (`locale`) REFERENCES `craft_locales` (`locale`) ON DELETE CASCADE ON UPDATE CASCADE;

--
-- Constraints for table `craft_elements_i18n`
--
ALTER TABLE `craft_elements_i18n`
	ADD CONSTRAINT `craft_elements_i18n_elementId_fk` FOREIGN KEY (`elementId`) REFERENCES `craft_elements` (`id`) ON DELETE CASCADE,
	ADD CONSTRAINT `craft_elements_i18n_locale_fk` FOREIGN KEY (`locale`) REFERENCES `craft_locales` (`locale`) ON DELETE CASCADE ON UPDATE CASCADE;

--
-- Constraints for table `craft_emailmessages`
--
ALTER TABLE `craft_emailmessages`
	ADD CONSTRAINT `craft_emailmessages_locale_fk` FOREIGN KEY (`locale`) REFERENCES `craft_locales` (`locale`) ON DELETE CASCADE ON UPDATE CASCADE;

--
-- Constraints for table `craft_entries`
--
ALTER TABLE `craft_entries`
	ADD CONSTRAINT `craft_entries_authorId_fk` FOREIGN KEY (`authorId`) REFERENCES `craft_users` (`id`) ON DELETE CASCADE,
	ADD CONSTRAINT `craft_entries_id_fk` FOREIGN KEY (`id`) REFERENCES `craft_elements` (`id`) ON DELETE CASCADE,
	ADD CONSTRAINT `craft_entries_sectionId_fk` FOREIGN KEY (`sectionId`) REFERENCES `craft_sections` (`id`) ON DELETE CASCADE,
	ADD CONSTRAINT `craft_entries_typeId_fk` FOREIGN KEY (`typeId`) REFERENCES `craft_entrytypes` (`id`) ON DELETE CASCADE;

--
-- Constraints for table `craft_entrydrafts`
--
ALTER TABLE `craft_entrydrafts`
	ADD CONSTRAINT `craft_entrydrafts_creatorId_fk` FOREIGN KEY (`creatorId`) REFERENCES `craft_users` (`id`) ON DELETE CASCADE,
	ADD CONSTRAINT `craft_entrydrafts_entryId_fk` FOREIGN KEY (`entryId`) REFERENCES `craft_entries` (`id`) ON DELETE CASCADE,
	ADD CONSTRAINT `craft_entrydrafts_locale_fk` FOREIGN KEY (`locale`) REFERENCES `craft_locales` (`locale`) ON DELETE CASCADE ON UPDATE CASCADE,
	ADD CONSTRAINT `craft_entrydrafts_sectionId_fk` FOREIGN KEY (`sectionId`) REFERENCES `craft_sections` (`id`) ON DELETE CASCADE;

--
-- Constraints for table `craft_entrytypes`
--
ALTER TABLE `craft_entrytypes`
	ADD CONSTRAINT `craft_entrytypes_fieldLayoutId_fk` FOREIGN KEY (`fieldLayoutId`) REFERENCES `craft_fieldlayouts` (`id`) ON DELETE SET NULL,
	ADD CONSTRAINT `craft_entrytypes_sectionId_fk` FOREIGN KEY (`sectionId`) REFERENCES `craft_sections` (`id`) ON DELETE CASCADE;

--
-- Constraints for table `craft_entryversions`
--
ALTER TABLE `craft_entryversions`
	ADD CONSTRAINT `craft_entryversions_creatorId_fk` FOREIGN KEY (`creatorId`) REFERENCES `craft_users` (`id`) ON DELETE SET NULL,
	ADD CONSTRAINT `craft_entryversions_entryId_fk` FOREIGN KEY (`entryId`) REFERENCES `craft_entries` (`id`) ON DELETE CASCADE,
	ADD CONSTRAINT `craft_entryversions_locale_fk` FOREIGN KEY (`locale`) REFERENCES `craft_locales` (`locale`) ON DELETE CASCADE ON UPDATE CASCADE,
	ADD CONSTRAINT `craft_entryversions_sectionId_fk` FOREIGN KEY (`sectionId`) REFERENCES `craft_sections` (`id`) ON DELETE CASCADE;

--
-- Constraints for table `craft_fieldlayoutfields`
--
ALTER TABLE `craft_fieldlayoutfields`
	ADD CONSTRAINT `craft_fieldlayoutfields_fieldId_fk` FOREIGN KEY (`fieldId`) REFERENCES `craft_fields` (`id`) ON DELETE CASCADE,
	ADD CONSTRAINT `craft_fieldlayoutfields_layoutId_fk` FOREIGN KEY (`layoutId`) REFERENCES `craft_fieldlayouts` (`id`) ON DELETE CASCADE,
	ADD CONSTRAINT `craft_fieldlayoutfields_tabId_fk` FOREIGN KEY (`tabId`) REFERENCES `craft_fieldlayouttabs` (`id`) ON DELETE CASCADE;

--
-- Constraints for table `craft_fieldlayouttabs`
--
ALTER TABLE `craft_fieldlayouttabs`
	ADD CONSTRAINT `craft_fieldlayouttabs_layoutId_fk` FOREIGN KEY (`layoutId`) REFERENCES `craft_fieldlayouts` (`id`) ON DELETE CASCADE;

--
-- Constraints for table `craft_fields`
--
ALTER TABLE `craft_fields`
	ADD CONSTRAINT `craft_fields_groupId_fk` FOREIGN KEY (`groupId`) REFERENCES `craft_fieldgroups` (`id`) ON DELETE CASCADE;

--
-- Constraints for table `craft_freeform_crm_fields`
--
ALTER TABLE `craft_freeform_crm_fields`
	ADD CONSTRAINT `craft_freeform_crm_fields_integrationId_fk` FOREIGN KEY (`integrationId`) REFERENCES `craft_freeform_integrations` (`id`) ON DELETE CASCADE;

--
-- Constraints for table `craft_freeform_fields`
--
ALTER TABLE `craft_freeform_fields`
	ADD CONSTRAINT `craft_freeform_fields_assetSourceId_fk` FOREIGN KEY (`assetSourceId`) REFERENCES `craft_assetsources` (`id`) ON DELETE SET NULL,
	ADD CONSTRAINT `craft_freeform_fields_notificationId_fk` FOREIGN KEY (`notificationId`) REFERENCES `craft_freeform_notifications` (`id`) ON DELETE SET NULL;

--
-- Constraints for table `craft_freeform_mailing_list_fields`
--
ALTER TABLE `craft_freeform_mailing_list_fields`
	ADD CONSTRAINT `craft_freeform_mailing_list_fields_mailingListId_fk` FOREIGN KEY (`mailingListId`) REFERENCES `craft_freeform_mailing_lists` (`id`) ON DELETE CASCADE;

--
-- Constraints for table `craft_freeform_mailing_lists`
--
ALTER TABLE `craft_freeform_mailing_lists`
	ADD CONSTRAINT `craft_freeform_mailing_lists_integrationId_fk` FOREIGN KEY (`integrationId`) REFERENCES `craft_freeform_integrations` (`id`) ON DELETE CASCADE;

--
-- Constraints for table `craft_freeform_submissions`
--
ALTER TABLE `craft_freeform_submissions`
	ADD CONSTRAINT `craft_freeform_submissions_formId_fk` FOREIGN KEY (`formId`) REFERENCES `craft_freeform_forms` (`id`) ON DELETE CASCADE,
	ADD CONSTRAINT `craft_freeform_submissions_id_fk` FOREIGN KEY (`id`) REFERENCES `craft_elements` (`id`) ON DELETE CASCADE,
	ADD CONSTRAINT `craft_freeform_submissions_statusId_fk` FOREIGN KEY (`statusId`) REFERENCES `craft_freeform_statuses` (`id`) ON DELETE SET NULL;

--
-- Constraints for table `craft_freeform_unfinalized_files`
--
ALTER TABLE `craft_freeform_unfinalized_files`
	ADD CONSTRAINT `craft_freeform_unfinalized_files_assetId_fk` FOREIGN KEY (`assetId`) REFERENCES `craft_assetfiles` (`id`) ON DELETE CASCADE;

--
-- Constraints for table `craft_globalsets`
--
ALTER TABLE `craft_globalsets`
	ADD CONSTRAINT `craft_globalsets_fieldLayoutId_fk` FOREIGN KEY (`fieldLayoutId`) REFERENCES `craft_fieldlayouts` (`id`) ON DELETE SET NULL,
	ADD CONSTRAINT `craft_globalsets_id_fk` FOREIGN KEY (`id`) REFERENCES `craft_elements` (`id`) ON DELETE CASCADE;

--
-- Constraints for table `craft_matrixblocks`
--
ALTER TABLE `craft_matrixblocks`
	ADD CONSTRAINT `craft_matrixblocks_fieldId_fk` FOREIGN KEY (`fieldId`) REFERENCES `craft_fields` (`id`) ON DELETE CASCADE,
	ADD CONSTRAINT `craft_matrixblocks_id_fk` FOREIGN KEY (`id`) REFERENCES `craft_elements` (`id`) ON DELETE CASCADE,
	ADD CONSTRAINT `craft_matrixblocks_ownerId_fk` FOREIGN KEY (`ownerId`) REFERENCES `craft_elements` (`id`) ON DELETE CASCADE,
	ADD CONSTRAINT `craft_matrixblocks_ownerLocale_fk` FOREIGN KEY (`ownerLocale`) REFERENCES `craft_locales` (`locale`) ON DELETE CASCADE ON UPDATE CASCADE,
	ADD CONSTRAINT `craft_matrixblocks_typeId_fk` FOREIGN KEY (`typeId`) REFERENCES `craft_matrixblocktypes` (`id`) ON DELETE CASCADE;

--
-- Constraints for table `craft_matrixblocktypes`
--
ALTER TABLE `craft_matrixblocktypes`
	ADD CONSTRAINT `craft_matrixblocktypes_fieldId_fk` FOREIGN KEY (`fieldId`) REFERENCES `craft_fields` (`id`) ON DELETE CASCADE,
	ADD CONSTRAINT `craft_matrixblocktypes_fieldLayoutId_fk` FOREIGN KEY (`fieldLayoutId`) REFERENCES `craft_fieldlayouts` (`id`) ON DELETE SET NULL;

--
-- Constraints for table `craft_matrixcontent_components`
--
ALTER TABLE `craft_matrixcontent_components`
	ADD CONSTRAINT `craft_matrixcontent_components_elementId_fk` FOREIGN KEY (`elementId`) REFERENCES `craft_elements` (`id`) ON DELETE CASCADE,
	ADD CONSTRAINT `craft_matrixcontent_components_locale_fk` FOREIGN KEY (`locale`) REFERENCES `craft_locales` (`locale`) ON DELETE CASCADE ON UPDATE CASCADE;

--
-- Constraints for table `craft_migrations`
--
ALTER TABLE `craft_migrations`
	ADD CONSTRAINT `craft_migrations_pluginId_fk` FOREIGN KEY (`pluginId`) REFERENCES `craft_plugins` (`id`) ON DELETE CASCADE;

--
-- Constraints for table `craft_navee_navigations`
--
ALTER TABLE `craft_navee_navigations`
	ADD CONSTRAINT `craft_navee_navigations_creatorId_fk` FOREIGN KEY (`creatorId`) REFERENCES `craft_users` (`id`) ON DELETE SET NULL,
	ADD CONSTRAINT `craft_navee_navigations_fieldLayoutId_fk` FOREIGN KEY (`fieldLayoutId`) REFERENCES `craft_fieldlayouts` (`id`) ON DELETE SET NULL;

--
-- Constraints for table `craft_navee_nodes`
--
ALTER TABLE `craft_navee_nodes`
	ADD CONSTRAINT `craft_navee_nodes_id_fk` FOREIGN KEY (`id`) REFERENCES `craft_elements` (`id`) ON DELETE CASCADE,
	ADD CONSTRAINT `craft_navee_nodes_navigationId_fk` FOREIGN KEY (`navigationId`) REFERENCES `craft_navee_navigations` (`id`) ON DELETE CASCADE;

--
-- Constraints for table `craft_relations`
--
ALTER TABLE `craft_relations`
	ADD CONSTRAINT `craft_relations_fieldId_fk` FOREIGN KEY (`fieldId`) REFERENCES `craft_fields` (`id`) ON DELETE CASCADE,
	ADD CONSTRAINT `craft_relations_sourceId_fk` FOREIGN KEY (`sourceId`) REFERENCES `craft_elements` (`id`) ON DELETE CASCADE,
	ADD CONSTRAINT `craft_relations_sourceLocale_fk` FOREIGN KEY (`sourceLocale`) REFERENCES `craft_locales` (`locale`) ON DELETE CASCADE ON UPDATE CASCADE,
	ADD CONSTRAINT `craft_relations_targetId_fk` FOREIGN KEY (`targetId`) REFERENCES `craft_elements` (`id`) ON DELETE CASCADE;

--
-- Constraints for table `craft_routes`
--
ALTER TABLE `craft_routes`
	ADD CONSTRAINT `craft_routes_locale_fk` FOREIGN KEY (`locale`) REFERENCES `craft_locales` (`locale`) ON DELETE CASCADE ON UPDATE CASCADE;

--
-- Constraints for table `craft_sections`
--
ALTER TABLE `craft_sections`
	ADD CONSTRAINT `craft_sections_structureId_fk` FOREIGN KEY (`structureId`) REFERENCES `craft_structures` (`id`) ON DELETE SET NULL;

--
-- Constraints for table `craft_sections_i18n`
--
ALTER TABLE `craft_sections_i18n`
	ADD CONSTRAINT `craft_sections_i18n_locale_fk` FOREIGN KEY (`locale`) REFERENCES `craft_locales` (`locale`) ON DELETE CASCADE ON UPDATE CASCADE,
	ADD CONSTRAINT `craft_sections_i18n_sectionId_fk` FOREIGN KEY (`sectionId`) REFERENCES `craft_sections` (`id`) ON DELETE CASCADE;

--
-- Constraints for table `craft_seomatic_meta`
--
ALTER TABLE `craft_seomatic_meta`
	ADD CONSTRAINT `craft_seomatic_meta_id_fk` FOREIGN KEY (`id`) REFERENCES `craft_elements` (`id`) ON DELETE CASCADE,
	ADD CONSTRAINT `craft_seomatic_meta_seoFacebookImageId_fk` FOREIGN KEY (`seoFacebookImageId`) REFERENCES `craft_assetfiles` (`id`) ON DELETE SET NULL,
	ADD CONSTRAINT `craft_seomatic_meta_seoImageId_fk` FOREIGN KEY (`seoImageId`) REFERENCES `craft_assetfiles` (`id`) ON DELETE SET NULL,
	ADD CONSTRAINT `craft_seomatic_meta_seoTwitterImageId_fk` FOREIGN KEY (`seoTwitterImageId`) REFERENCES `craft_assetfiles` (`id`) ON DELETE SET NULL;

--
-- Constraints for table `craft_seomatic_settings`
--
ALTER TABLE `craft_seomatic_settings`
	ADD CONSTRAINT `craft_seomatic_settings_genericCreatorImageId_fk` FOREIGN KEY (`genericCreatorImageId`) REFERENCES `craft_assetfiles` (`id`) ON DELETE SET NULL,
	ADD CONSTRAINT `craft_seomatic_settings_genericOwnerImageId_fk` FOREIGN KEY (`genericOwnerImageId`) REFERENCES `craft_assetfiles` (`id`) ON DELETE SET NULL,
	ADD CONSTRAINT `craft_seomatic_settings_siteSeoFacebookImageId_fk` FOREIGN KEY (`siteSeoFacebookImageId`) REFERENCES `craft_assetfiles` (`id`) ON DELETE SET NULL,
	ADD CONSTRAINT `craft_seomatic_settings_siteSeoImageId_fk` FOREIGN KEY (`siteSeoImageId`) REFERENCES `craft_assetfiles` (`id`) ON DELETE SET NULL,
	ADD CONSTRAINT `craft_seomatic_settings_siteSeoTwitterImageId_fk` FOREIGN KEY (`siteSeoTwitterImageId`) REFERENCES `craft_assetfiles` (`id`) ON DELETE SET NULL;

--
-- Constraints for table `craft_sessions`
--
ALTER TABLE `craft_sessions`
	ADD CONSTRAINT `craft_sessions_userId_fk` FOREIGN KEY (`userId`) REFERENCES `craft_users` (`id`) ON DELETE CASCADE;

--
-- Constraints for table `craft_shunnedmessages`
--
ALTER TABLE `craft_shunnedmessages`
	ADD CONSTRAINT `craft_shunnedmessages_userId_fk` FOREIGN KEY (`userId`) REFERENCES `craft_users` (`id`) ON DELETE CASCADE;

--
-- Constraints for table `craft_structureelements`
--
ALTER TABLE `craft_structureelements`
	ADD CONSTRAINT `craft_structureelements_elementId_fk` FOREIGN KEY (`elementId`) REFERENCES `craft_elements` (`id`) ON DELETE CASCADE,
	ADD CONSTRAINT `craft_structureelements_structureId_fk` FOREIGN KEY (`structureId`) REFERENCES `craft_structures` (`id`) ON DELETE CASCADE;

--
-- Constraints for table `craft_supertableblocks`
--
ALTER TABLE `craft_supertableblocks`
	ADD CONSTRAINT `craft_supertableblocks_fieldId_fk` FOREIGN KEY (`fieldId`) REFERENCES `craft_fields` (`id`) ON DELETE CASCADE,
	ADD CONSTRAINT `craft_supertableblocks_id_fk` FOREIGN KEY (`id`) REFERENCES `craft_elements` (`id`) ON DELETE CASCADE,
	ADD CONSTRAINT `craft_supertableblocks_ownerId_fk` FOREIGN KEY (`ownerId`) REFERENCES `craft_elements` (`id`) ON DELETE CASCADE,
	ADD CONSTRAINT `craft_supertableblocks_ownerLocale_fk` FOREIGN KEY (`ownerLocale`) REFERENCES `craft_locales` (`locale`) ON DELETE CASCADE ON UPDATE CASCADE,
	ADD CONSTRAINT `craft_supertableblocks_typeId_fk` FOREIGN KEY (`typeId`) REFERENCES `craft_supertableblocktypes` (`id`) ON DELETE CASCADE;

--
-- Constraints for table `craft_supertableblocktypes`
--
ALTER TABLE `craft_supertableblocktypes`
	ADD CONSTRAINT `craft_supertableblocktypes_fieldId_fk` FOREIGN KEY (`fieldId`) REFERENCES `craft_fields` (`id`) ON DELETE CASCADE,
	ADD CONSTRAINT `craft_supertableblocktypes_fieldLayoutId_fk` FOREIGN KEY (`fieldLayoutId`) REFERENCES `craft_fieldlayouts` (`id`) ON DELETE SET NULL;

--
-- Constraints for table `craft_supertablecontent_1_image`
--
ALTER TABLE `craft_supertablecontent_1_image`
	ADD CONSTRAINT `craft_supertablecontent_1_image_elementId_fk` FOREIGN KEY (`elementId`) REFERENCES `craft_elements` (`id`) ON DELETE CASCADE,
	ADD CONSTRAINT `craft_supertablecontent_1_image_locale_fk` FOREIGN KEY (`locale`) REFERENCES `craft_locales` (`locale`) ON DELETE CASCADE ON UPDATE CASCADE;

--
-- Constraints for table `craft_supertablecontent_2_videogallery`
--
ALTER TABLE `craft_supertablecontent_2_videogallery`
	ADD CONSTRAINT `craft_supertablecontent_2_videogallery_elementId_fk` FOREIGN KEY (`elementId`) REFERENCES `craft_elements` (`id`) ON DELETE CASCADE,
	ADD CONSTRAINT `craft_supertablecontent_2_videogallery_locale_fk` FOREIGN KEY (`locale`) REFERENCES `craft_locales` (`locale`) ON DELETE CASCADE ON UPDATE CASCADE;

--
-- Constraints for table `craft_taggroups`
--
ALTER TABLE `craft_taggroups`
	ADD CONSTRAINT `craft_taggroups_fieldLayoutId_fk` FOREIGN KEY (`fieldLayoutId`) REFERENCES `craft_fieldlayouts` (`id`) ON DELETE SET NULL;

--
-- Constraints for table `craft_tags`
--
ALTER TABLE `craft_tags`
	ADD CONSTRAINT `craft_tags_groupId_fk` FOREIGN KEY (`groupId`) REFERENCES `craft_taggroups` (`id`) ON DELETE CASCADE,
	ADD CONSTRAINT `craft_tags_id_fk` FOREIGN KEY (`id`) REFERENCES `craft_elements` (`id`) ON DELETE CASCADE;

--
-- Constraints for table `craft_templatecachecriteria`
--
ALTER TABLE `craft_templatecachecriteria`
	ADD CONSTRAINT `craft_templatecachecriteria_cacheId_fk` FOREIGN KEY (`cacheId`) REFERENCES `craft_templatecaches` (`id`) ON DELETE CASCADE;

--
-- Constraints for table `craft_templatecacheelements`
--
ALTER TABLE `craft_templatecacheelements`
	ADD CONSTRAINT `craft_templatecacheelements_cacheId_fk` FOREIGN KEY (`cacheId`) REFERENCES `craft_templatecaches` (`id`) ON DELETE CASCADE,
	ADD CONSTRAINT `craft_templatecacheelements_elementId_fk` FOREIGN KEY (`elementId`) REFERENCES `craft_elements` (`id`) ON DELETE CASCADE;

--
-- Constraints for table `craft_templatecaches`
--
ALTER TABLE `craft_templatecaches`
	ADD CONSTRAINT `craft_templatecaches_locale_fk` FOREIGN KEY (`locale`) REFERENCES `craft_locales` (`locale`) ON DELETE CASCADE ON UPDATE CASCADE;

--
-- Constraints for table `craft_usergroups_users`
--
ALTER TABLE `craft_usergroups_users`
	ADD CONSTRAINT `craft_usergroups_users_groupId_fk` FOREIGN KEY (`groupId`) REFERENCES `craft_usergroups` (`id`) ON DELETE CASCADE,
	ADD CONSTRAINT `craft_usergroups_users_userId_fk` FOREIGN KEY (`userId`) REFERENCES `craft_users` (`id`) ON DELETE CASCADE;

--
-- Constraints for table `craft_userpermissions_usergroups`
--
ALTER TABLE `craft_userpermissions_usergroups`
	ADD CONSTRAINT `craft_userpermissions_usergroups_groupId_fk` FOREIGN KEY (`groupId`) REFERENCES `craft_usergroups` (`id`) ON DELETE CASCADE,
	ADD CONSTRAINT `craft_userpermissions_usergroups_permissionId_fk` FOREIGN KEY (`permissionId`) REFERENCES `craft_userpermissions` (`id`) ON DELETE CASCADE;

--
-- Constraints for table `craft_userpermissions_users`
--
ALTER TABLE `craft_userpermissions_users`
	ADD CONSTRAINT `craft_userpermissions_users_permissionId_fk` FOREIGN KEY (`permissionId`) REFERENCES `craft_userpermissions` (`id`) ON DELETE CASCADE,
	ADD CONSTRAINT `craft_userpermissions_users_userId_fk` FOREIGN KEY (`userId`) REFERENCES `craft_users` (`id`) ON DELETE CASCADE;

--
-- Constraints for table `craft_users`
--
ALTER TABLE `craft_users`
	ADD CONSTRAINT `craft_users_id_fk` FOREIGN KEY (`id`) REFERENCES `craft_elements` (`id`) ON DELETE CASCADE,
	ADD CONSTRAINT `craft_users_preferredLocale_fk` FOREIGN KEY (`preferredLocale`) REFERENCES `craft_locales` (`locale`) ON DELETE SET NULL ON UPDATE CASCADE;

--
-- Constraints for table `craft_widgets`
--
ALTER TABLE `craft_widgets`
	ADD CONSTRAINT `craft_widgets_userId_fk` FOREIGN KEY (`userId`) REFERENCES `craft_users` (`id`) ON DELETE CASCADE;

SET FOREIGN_KEY_CHECKS = 1;
